solid OpenSCAD_Model
  facet normal 0 0 -1
    outer loop
      vertex 107.11188730597496 -31.164599776268005 0
      vertex 106.98900669813156 -30.995469145476818 0
      vertex 112.40397558361292 -25.30448616296053 0
    endloop
  endfacet
  facet normal 0 0 -1
    outer loop
      vertex 107.11188730597496 -31.164599776268005 0
      vertex 112.40397558361292 -25.30448616296053 0
      vertex 107.26724684983492 -31.304486125707626 0
    endloop
  endfacet
  facet normal 0 0 -1
    outer loop
      vertex 106.98900669813156 -30.995469145476818 0
      vertex 106.90397558361292 -30.80448616296053 0
      vertex 112.40397558361292 -25.30448616296053 0
    endloop
  endfacet
  facet normal 0 0 -1
    outer loop
      vertex 106.90397558361292 -30.80448616296053 0
      vertex 106.86051017791033 -30.59999756515026 0
      vertex 112.40397558361292 -25.30448616296053 0
    endloop
  endfacet
  facet normal 0 0 -1
    outer loop
      vertex 106.86051017791033 -30.59999756515026 0
      vertex 106.85547813028097 -30.552120871841908 0
      vertex 112.40397558361292 -25.30448616296053 0
    endloop
  endfacet
  facet normal 0 0 -1
    outer loop
      vertex 107.26724684983492 -31.304486125707626 0
      vertex 112.40397558361292 -25.30448616296053 0
      vertex 107.44829547405243 -31.409014582633972 0
    endloop
  endfacet
  facet normal 0 0 -1
    outer loop
      vertex 107.44829547405243 -31.409014582633972 0
      vertex 112.40397558361292 -25.30448616296053 0
      vertex 107.64712040871382 -31.47361671924591 0
    endloop
  endfacet
  facet normal 0 0 -1
    outer loop
      vertex 107.64712040871382 -31.47361671924591 0
      vertex 112.40397558361292 -25.30448616296053 0
      vertex 107.66843657940626 -31.478147603571415 0
    endloop
  endfacet
  facet normal 0 0 -1
    outer loop
      vertex 107.66843657940626 -31.478147603571415 0
      vertex 112.40397558361292 -25.30448616296053 0
      vertex 107.87634818255901 -31.5 0
    endloop
  endfacet
  facet normal 0 0 -1
    outer loop
      vertex 106.85547813028097 -30.552120871841908 0
      vertex 106.85000000149012 -30.447592191398144 0
      vertex 112.40397558361292 -25.30448616296053 0
    endloop
  endfacet
  facet normal 0 0 -1
    outer loop
      vertex 107.87634818255901 -31.5 0
      vertex 112.48900669813156 -25.495469145476818 0
      vertex 112.61188730597496 -25.664599776268005 0
    endloop
  endfacet
  facet normal 0 0 -1
    outer loop
      vertex 107.87634818255901 -31.5 0
      vertex 112.61188730597496 -25.664599776268005 0
      vertex 112.76724684983492 -25.804486125707626 0
    endloop
  endfacet
  facet normal 0 0 -1
    outer loop
      vertex 107.87634818255901 -31.5 0
      vertex 112.40397558361292 -25.30448616296053 0
      vertex 112.48900669813156 -25.495469145476818 0
    endloop
  endfacet
  facet normal 0 0 -1
    outer loop
      vertex 107.87634818255901 -31.5 0
      vertex 113.14712040871382 -25.97361671924591 0
      vertex 113.16843657940626 -25.978147603571415 0
    endloop
  endfacet
  facet normal 0 0 -1
    outer loop
      vertex 107.87634818255901 -31.5 0
      vertex 113.16843657940626 -25.978147603571415 0
      vertex 113.37634818255901 -26 0
    endloop
  endfacet
  facet normal 0 0 -1
    outer loop
      vertex 107.87634818255901 -31.5 0
      vertex 112.76724684983492 -25.804486125707626 0
      vertex 112.94829547405243 -25.909014582633972 0
    endloop
  endfacet
  facet normal 0 0 -1
    outer loop
      vertex 107.87634818255901 -31.5 0
      vertex 112.94829547405243 -25.909014582633972 0
      vertex 113.14712040871382 -25.97361671924591 0
    endloop
  endfacet
  facet normal -0.6691305742037571 -0.7431448544299761 0
    outer loop
      vertex 107.11188730597496 -31.164599776268005 0
      vertex 107.26724684983492 -31.304486125707626 0
      vertex 107.11188730597496 -31.164599776268005 4.2
    endloop
  endfacet
  facet normal -0.8090169675678549 -0.5877852891892689 0
    outer loop
      vertex 107.11188730597496 -31.164599776268005 0
      vertex 106.98900669813156 -30.995469145476818 4.2
      vertex 106.98900669813156 -30.995469145476818 0
    endloop
  endfacet
  facet normal -0.913545435786915 -0.4067366921644709 0
    outer loop
      vertex 106.98900669813156 -30.995469145476818 0
      vertex 106.90397558361292 -30.80448616296053 4.2
      vertex 106.90397558361292 -30.80448616296053 0
    endloop
  endfacet
  facet normal -0.49999994617957094 -0.8660254348576757 0
    outer loop
      vertex 107.26724684983492 -31.304486125707626 0
      vertex 107.44829547405243 -31.409014582633972 0
      vertex 107.26724684983492 -31.304486125707626 4.2
    endloop
  endfacet
  facet normal -0.30901699107907454 -0.9510565173660476 0
    outer loop
      vertex 107.44829547405243 -31.409014582633972 0
      vertex 107.64712040871382 -31.47361671924591 0
      vertex 107.44829547405243 -31.409014582633972 4.2
    endloop
  endfacet
  facet normal -0.978147588621302 -0.20791174780260047 0
    outer loop
      vertex 106.90397558361292 -30.80448616296053 0
      vertex 106.86051017791033 -30.59999756515026 4.2
      vertex 106.86051017791033 -30.59999756515026 0
    endloop
  endfacet
  facet normal -0.9945218858837669 -0.10452855350666579 0
    outer loop
      vertex 106.86051017791033 -30.59999756515026 0
      vertex 106.85547813028097 -30.552120871841908 4.2
      vertex 106.85547813028097 -30.552120871841908 0
    endloop
  endfacet
  facet normal -0.9986295283746297 -0.05233607797938864 0
    outer loop
      vertex 106.85547813028097 -30.552120871841908 0
      vertex 106.85000000149012 -30.447592191398144 4.2
      vertex 106.85000000149012 -30.447592191398144 0
    endloop
  endfacet
  facet normal -0.20791135605625777 -0.9781476718894996 0
    outer loop
      vertex 107.64712040871382 -31.47361671924591 0
      vertex 107.66843657940626 -31.478147603571415 0
      vertex 107.64712040871382 -31.47361671924591 4.2
    endloop
  endfacet
  facet normal -0.1045284934349752 -0.9945218921975596 0
    outer loop
      vertex 107.66843657940626 -31.478147603571415 0
      vertex 107.87634818255901 -31.5 0
      vertex 107.66843657940626 -31.478147603571415 4.2
    endloop
  endfacet
  facet normal 0 -1 0
    outer loop
      vertex 107.87634818255901 -31.5 0
      vertex 118.94759225845337 -31.5 0
      vertex 107.87634818255901 -31.5 4.2
    endloop
  endfacet
  facet normal 0 0 -1
    outer loop
      vertex 106.85000000149012 -30.447592191398144 0
      vertex 106.85000000149012 -21.02634820342064 0
      vertex 112.40397558361292 -25.30448616296053 0
    endloop
  endfacet
  facet normal 0 0 -1
    outer loop
      vertex 106.85000000149012 -21.02634820342064 0
      vertex 106.87185240536928 -20.818436540663242 0
      vertex 112.35000000149012 -24.947592191398144 0
    endloop
  endfacet
  facet normal 0 0 -1
    outer loop
      vertex 106.87638331949711 -20.79712024331093 0
      vertex 112.35000000149012 -24.947592191398144 0
      vertex 106.87185240536928 -20.818436540663242 0
    endloop
  endfacet
  facet normal 0 0 -1
    outer loop
      vertex 106.87638331949711 -20.79712024331093 0
      vertex 106.94098547846079 -20.59829530119896 0
      vertex 112.35000000149012 -24.947592191398144 0
    endloop
  endfacet
  facet normal 0 0 -1
    outer loop
      vertex 112.35000000149012 -24.947592191398144 0
      vertex 106.94098547846079 -20.59829530119896 0
      vertex 107.0455139502883 -20.417246729135513 0
    endloop
  endfacet
  facet normal 0 0 -1
    outer loop
      vertex 112.35000000149012 -24.947592191398144 0
      vertex 107.0455139502883 -20.417246729135513 0
      vertex 107.18540033698082 -20.261887185275555 0
    endloop
  endfacet
  facet normal 0 0 -1
    outer loop
      vertex 112.35000000149012 -24.947592191398144 0
      vertex 107.18540033698082 -20.261887185275555 0
      vertex 107.35453100502491 -20.139006599783897 0
    endloop
  endfacet
  facet normal 0 0 -1
    outer loop
      vertex 112.35000000149012 -24.947592191398144 0
      vertex 107.35453100502491 -20.139006599783897 0
      vertex 107.54551399499178 -20.053975500166416 0
    endloop
  endfacet
  facet normal 0 0 -1
    outer loop
      vertex 112.35000000149012 -24.947592191398144 0
      vertex 107.54551399499178 -20.053975500166416 0
      vertex 107.7500024959445 -20.01051015406847 0
    endloop
  endfacet
  facet normal 0 0 -1
    outer loop
      vertex 112.35000000149012 -24.947592191398144 0
      vertex 107.7500024959445 -20.01051015406847 0
      vertex 107.79787938296795 -20.005478091537952 0
    endloop
  endfacet
  facet normal 0 0 -1
    outer loop
      vertex 112.35000000149012 -24.947592191398144 0
      vertex 107.79787938296795 -20.005478091537952 0
      vertex 107.9024078398943 -20 0
    endloop
  endfacet
  facet normal 0 0 -1
    outer loop
      vertex 106.85000000149012 -21.02634820342064 0
      vertex 112.36051017791033 -25.09999756515026 0
      vertex 112.40397558361292 -25.30448616296053 0
    endloop
  endfacet
  facet normal 0 0 -1
    outer loop
      vertex 106.85000000149012 -21.02634820342064 0
      vertex 112.35547813028097 -25.052120871841908 0
      vertex 112.36051017791033 -25.09999756515026 0
    endloop
  endfacet
  facet normal 0 0 -1
    outer loop
      vertex 106.85000000149012 -21.02634820342064 0
      vertex 112.35000000149012 -24.947592191398144 0
      vertex 112.35547813028097 -25.052120871841908 0
    endloop
  endfacet
  facet normal 0 0 -1
    outer loop
      vertex 112.35000000149012 -24.947592191398144 0
      vertex 107.9024078398943 -20 0
      vertex 112.35000000149012 -20 0
    endloop
  endfacet
  facet normal -1 0 0
    outer loop
      vertex 106.85000000149012 -30.447592191398144 0
      vertex 106.85000000149012 -21.02634820342064 4.2
      vertex 106.85000000149012 -21.02634820342064 0
    endloop
  endfacet
  facet normal -0.9945218916078684 0.10452849904551002 0
    outer loop
      vertex 106.85000000149012 -21.02634820342064 0
      vertex 106.87185240536928 -20.818436540663242 4.2
      vertex 106.87185240536928 -20.818436540663242 0
    endloop
  endfacet
  facet normal -0.9781476450134727 0.20791148249819497 0
    outer loop
      vertex 106.87638331949711 -20.79712024331093 0
      vertex 106.87185240536928 -20.818436540663242 0
      vertex 106.87638331949711 -20.79712024331093 4.2
    endloop
  endfacet
  facet normal 0.8090169675678549 0.5877852891892689 0
    outer loop
      vertex 112.61188730597496 -25.664599776268005 0
      vertex 112.48900669813156 -25.495469145476818 0
      vertex 112.61188730597496 -25.664599776268005 4.2
    endloop
  endfacet
  facet normal 0.978147588621302 0.20791174780260047 0
    outer loop
      vertex 112.40397558361292 -25.30448616296053 0
      vertex 112.36051017791033 -25.09999756515026 0
      vertex 112.40397558361292 -25.30448616296053 4.2
    endloop
  endfacet
  facet normal 0.913545435786915 0.4067366921644709 0
    outer loop
      vertex 112.48900669813156 -25.495469145476818 0
      vertex 112.40397558361292 -25.30448616296053 0
      vertex 112.48900669813156 -25.495469145476818 4.2
    endloop
  endfacet
  facet normal 0.9945218858837669 0.10452855350666579 0
    outer loop
      vertex 112.36051017791033 -25.09999756515026 0
      vertex 112.35547813028097 -25.052120871841908 0
      vertex 112.36051017791033 -25.09999756515026 4.2
    endloop
  endfacet
  facet normal 0.9986295283746297 0.05233607797938864 0
    outer loop
      vertex 112.35547813028097 -25.052120871841908 0
      vertex 112.35000000149012 -24.947592191398144 0
      vertex 112.35547813028097 -25.052120871841908 4.2
    endloop
  endfacet
  facet normal 1 0 0
    outer loop
      vertex 112.35000000149012 -24.947592191398144 0
      vertex 112.35000000149012 -20 0
      vertex 112.35000000149012 -24.947592191398144 4.2
    endloop
  endfacet
  facet normal 0 0 -1
    outer loop
      vertex 107.87634818255901 -31.5 0
      vertex 113.37634818255901 -26 0
      vertex 118.94759225845337 -31.5 0
    endloop
  endfacet
  facet normal 0 0 -1
    outer loop
      vertex 113.37634818255901 -26 0
      vertex 119.05212070792913 -31.494521886110306 0
      vertex 118.94759225845337 -31.5 0
    endloop
  endfacet
  facet normal 0 0 -1
    outer loop
      vertex 113.37634818255901 -26 0
      vertex 119.0999976247549 -31.489489816129208 0
      vertex 119.05212070792913 -31.494521886110306 0
    endloop
  endfacet
  facet normal 0 0 -1
    outer loop
      vertex 113.37634818255901 -26 0
      vertex 119.30448616296053 -31.44602443277836 0
      vertex 119.0999976247549 -31.489489816129208 0
    endloop
  endfacet
  facet normal 0 0 -1
    outer loop
      vertex 113.37634818255901 -26 0
      vertex 119.49546918272972 -31.360993295907974 0
      vertex 119.30448616296053 -31.44602443277836 0
    endloop
  endfacet
  facet normal 0 0 -1
    outer loop
      vertex 113.37634818255901 -26 0
      vertex 119.66459974646568 -31.23811274021864 0
      vertex 119.49546918272972 -31.360993295907974 0
    endloop
  endfacet
  facet normal 0 0 -1
    outer loop
      vertex 113.37634818255901 -26 0
      vertex 119.80448614060879 -31.082753144204617 0
      vertex 119.66459974646568 -31.23811274021864 0
    endloop
  endfacet
  facet normal 0 0 -1
    outer loop
      vertex 113.37634818255901 -26 0
      vertex 119.90901460498571 -30.901704512536526 0
      vertex 119.80448614060879 -31.082753144204617 0
    endloop
  endfacet
  facet normal 0 0 -1
    outer loop
      vertex 113.37634818255901 -26 0
      vertex 119.97361674159765 -30.702879562973976 0
      vertex 119.90901460498571 -30.901704512536526 0
    endloop
  endfacet
  facet normal 0 0 -1
    outer loop
      vertex 113.37634818255901 -26 0
      vertex 119.97814767807722 -30.681563138961792 0
      vertex 119.97361674159765 -30.702879562973976 0
    endloop
  endfacet
  facet normal 0 0 -1
    outer loop
      vertex 113.37634818255901 -26 0
      vertex 120 -30.473651736974716 0
      vertex 119.97814767807722 -30.681563138961792 0
    endloop
  endfacet
  facet normal 0 0 -1
    outer loop
      vertex 113.37634818255901 -26 0
      vertex 120 -26 0
      vertex 120 -30.473651736974716 0
    endloop
  endfacet
  facet normal 0.49999994617957094 0.8660254348576757 0
    outer loop
      vertex 112.76724684983492 -25.804486125707626 0
      vertex 112.94829547405243 -25.909014582633972 4.2
      vertex 112.94829547405243 -25.909014582633972 0
    endloop
  endfacet
  facet normal 0.6691305742037571 0.7431448544299761 0
    outer loop
      vertex 112.61188730597496 -25.664599776268005 0
      vertex 112.76724684983492 -25.804486125707626 4.2
      vertex 112.76724684983492 -25.804486125707626 0
    endloop
  endfacet
  facet normal 0.20791135605625777 0.9781476718894996 0
    outer loop
      vertex 113.16843657940626 -25.978147603571415 0
      vertex 113.14712040871382 -25.97361671924591 0
      vertex 113.16843657940626 -25.978147603571415 4.2
    endloop
  endfacet
  facet normal 0.30901699107907454 0.9510565173660476 0
    outer loop
      vertex 112.94829547405243 -25.909014582633972 0
      vertex 113.14712040871382 -25.97361671924591 4.2
      vertex 113.14712040871382 -25.97361671924591 0
    endloop
  endfacet
  facet normal 0.1045284934349752 0.9945218921975596 0
    outer loop
      vertex 113.16843657940626 -25.978147603571415 0
      vertex 113.37634818255901 -26 4.2
      vertex 113.37634818255901 -26 0
    endloop
  endfacet
  facet normal 0 1 0
    outer loop
      vertex 113.37634818255901 -26 0
      vertex 120 -26 4.2
      vertex 120 -26 0
    endloop
  endfacet
  facet normal -0.913545435786915 -0.4067366921644709 0
    outer loop
      vertex 106.98900669813156 -30.995469145476818 0
      vertex 106.98900669813156 -30.995469145476818 4.2
      vertex 106.90397558361292 -30.80448616296053 4.2
    endloop
  endfacet
  facet normal -0.8090169675678549 -0.5877852891892689 0
    outer loop
      vertex 107.11188730597496 -31.164599776268005 0
      vertex 107.11188730597496 -31.164599776268005 4.2
      vertex 106.98900669813156 -30.995469145476818 4.2
    endloop
  endfacet
  facet normal -0.49999994617957094 -0.8660254348576757 0
    outer loop
      vertex 107.44829547405243 -31.409014582633972 0
      vertex 107.44829547405243 -31.409014582633972 4.2
      vertex 107.26724684983492 -31.304486125707626 4.2
    endloop
  endfacet
  facet normal -0.6691305742037571 -0.7431448544299761 0
    outer loop
      vertex 107.26724684983492 -31.304486125707626 0
      vertex 107.26724684983492 -31.304486125707626 4.2
      vertex 107.11188730597496 -31.164599776268005 4.2
    endloop
  endfacet
  facet normal -0.978147588621302 -0.20791174780260047 0
    outer loop
      vertex 106.90397558361292 -30.80448616296053 0
      vertex 106.90397558361292 -30.80448616296053 4.2
      vertex 106.86051017791033 -30.59999756515026 4.2
    endloop
  endfacet
  facet normal -0.9945218858837669 -0.10452855350666579 0
    outer loop
      vertex 106.86051017791033 -30.59999756515026 0
      vertex 106.86051017791033 -30.59999756515026 4.2
      vertex 106.85547813028097 -30.552120871841908 4.2
    endloop
  endfacet
  facet normal -0.9986295283746297 -0.05233607797938864 0
    outer loop
      vertex 106.85547813028097 -30.552120871841908 0
      vertex 106.85547813028097 -30.552120871841908 4.2
      vertex 106.85000000149012 -30.447592191398144 4.2
    endloop
  endfacet
  facet normal -0.30901699107907454 -0.9510565173660476 0
    outer loop
      vertex 107.64712040871382 -31.47361671924591 0
      vertex 107.64712040871382 -31.47361671924591 4.2
      vertex 107.44829547405243 -31.409014582633972 4.2
    endloop
  endfacet
  facet normal -0.20791135605625777 -0.9781476718894996 0
    outer loop
      vertex 107.66843657940626 -31.478147603571415 0
      vertex 107.66843657940626 -31.478147603571415 4.2
      vertex 107.64712040871382 -31.47361671924591 4.2
    endloop
  endfacet
  facet normal -0.1045284934349752 -0.9945218921975596 0
    outer loop
      vertex 107.87634818255901 -31.5 0
      vertex 107.87634818255901 -31.5 4.2
      vertex 107.66843657940626 -31.478147603571415 4.2
    endloop
  endfacet
  facet normal -1 0 0
    outer loop
      vertex 106.85000000149012 -30.447592191398144 0
      vertex 106.85000000149012 -30.447592191398144 4.2
      vertex 106.85000000149012 -21.02634820342064 4.2
    endloop
  endfacet
  facet normal -0.9945218916078684 0.10452849904551002 0
    outer loop
      vertex 106.85000000149012 -21.02634820342064 0
      vertex 106.85000000149012 -21.02634820342064 4.2
      vertex 106.87185240536928 -20.818436540663242 4.2
    endloop
  endfacet
  facet normal -0.9781476450134727 0.20791148249819497 0
    outer loop
      vertex 106.87185240536928 -20.818436540663242 0
      vertex 106.87185240536928 -20.818436540663242 4.2
      vertex 106.87638331949711 -20.79712024331093 4.2
    endloop
  endfacet
  facet normal 0.8090169675678549 0.5877852891892689 0
    outer loop
      vertex 112.48900669813156 -25.495469145476818 0
      vertex 112.48900669813156 -25.495469145476818 4.2
      vertex 112.61188730597496 -25.664599776268005 4.2
    endloop
  endfacet
  facet normal 0.913545435786915 0.4067366921644709 0
    outer loop
      vertex 112.40397558361292 -25.30448616296053 0
      vertex 112.40397558361292 -25.30448616296053 4.2
      vertex 112.48900669813156 -25.495469145476818 4.2
    endloop
  endfacet
  facet normal 0.978147588621302 0.20791174780260047 0
    outer loop
      vertex 112.36051017791033 -25.09999756515026 0
      vertex 112.36051017791033 -25.09999756515026 4.2
      vertex 112.40397558361292 -25.30448616296053 4.2
    endloop
  endfacet
  facet normal 0.9945218858837669 0.10452855350666579 0
    outer loop
      vertex 112.35547813028097 -25.052120871841908 0
      vertex 112.35547813028097 -25.052120871841908 4.2
      vertex 112.36051017791033 -25.09999756515026 4.2
    endloop
  endfacet
  facet normal 0.9986295283746297 0.05233607797938864 0
    outer loop
      vertex 112.35000000149012 -24.947592191398144 0
      vertex 112.35000000149012 -24.947592191398144 4.2
      vertex 112.35547813028097 -25.052120871841908 4.2
    endloop
  endfacet
  facet normal 1 0 0
    outer loop
      vertex 112.35000000149012 -20 0
      vertex 112.35000000149012 -20 4.2
      vertex 112.35000000149012 -24.947592191398144 4.2
    endloop
  endfacet
  facet normal 0 -1 0
    outer loop
      vertex 118.94759225845337 -31.5 0
      vertex 118.94759225845337 -31.5 4.2
      vertex 107.87634818255901 -31.5 4.2
    endloop
  endfacet
  facet normal 0.49999994617957094 0.8660254348576757 0
    outer loop
      vertex 112.76724684983492 -25.804486125707626 0
      vertex 112.76724684983492 -25.804486125707626 4.2
      vertex 112.94829547405243 -25.909014582633972 4.2
    endloop
  endfacet
  facet normal 0.6691305742037571 0.7431448544299761 0
    outer loop
      vertex 112.61188730597496 -25.664599776268005 0
      vertex 112.61188730597496 -25.664599776268005 4.2
      vertex 112.76724684983492 -25.804486125707626 4.2
    endloop
  endfacet
  facet normal 0.20791135605625777 0.9781476718894996 0
    outer loop
      vertex 113.14712040871382 -25.97361671924591 0
      vertex 113.14712040871382 -25.97361671924591 4.2
      vertex 113.16843657940626 -25.978147603571415 4.2
    endloop
  endfacet
  facet normal 0.30901699107907454 0.9510565173660476 0
    outer loop
      vertex 112.94829547405243 -25.909014582633972 0
      vertex 112.94829547405243 -25.909014582633972 4.2
      vertex 113.14712040871382 -25.97361671924591 4.2
    endloop
  endfacet
  facet normal 0.1045284934349752 0.9945218921975596 0
    outer loop
      vertex 113.16843657940626 -25.978147603571415 0
      vertex 113.16843657940626 -25.978147603571415 4.2
      vertex 113.37634818255901 -26 4.2
    endloop
  endfacet
  facet normal 0 1 0
    outer loop
      vertex 113.37634818255901 -26 0
      vertex 113.37634818255901 -26 4.2
      vertex 120 -26 4.2
    endloop
  endfacet
  facet normal -0.9510564893471442 0.30901707731238043 0
    outer loop
      vertex 106.87638331949711 -20.79712024331093 0
      vertex 106.94098547846079 -20.59829530119896 4.2
      vertex 106.94098547846079 -20.59829530119896 0
    endloop
  endfacet
  facet normal -0.8660253416251246 0.5000001076630748 0
    outer loop
      vertex 106.94098547846079 -20.59829530119896 0
      vertex 107.0455139502883 -20.417246729135513 4.2
      vertex 107.0455139502883 -20.417246729135513 0
    endloop
  endfacet
  facet normal -0.7431447658205368 0.6691306726145048 0
    outer loop
      vertex 107.0455139502883 -20.417246729135513 0
      vertex 107.18540033698082 -20.261887185275555 4.2
      vertex 107.18540033698082 -20.261887185275555 0
    endloop
  endfacet
  facet normal -0.5877851344744409 0.8090170799747453 0
    outer loop
      vertex 107.18540033698082 -20.261887185275555 0
      vertex 107.35453100502491 -20.139006599783897 4.2
      vertex 107.35453100502491 -20.139006599783897 0
    endloop
  endfacet
  facet normal -0.4067366194358418 0.9135454681677883 0
    outer loop
      vertex 107.35453100502491 -20.139006599783897 0
      vertex 107.54551399499178 -20.053975500166416 4.2
      vertex 107.54551399499178 -20.053975500166416 0
    endloop
  endfacet
  facet normal -0.20791156923715903 0.9781476265765521 0
    outer loop
      vertex 107.54551399499178 -20.053975500166416 0
      vertex 107.7500024959445 -20.01051015406847 4.2
      vertex 107.7500024959445 -20.01051015406847 0
    endloop
  endfacet
  facet normal -0.10452844134592823 0.9945218976723393 0
    outer loop
      vertex 107.7500024959445 -20.01051015406847 0
      vertex 107.79787938296795 -20.005478091537952 4.2
      vertex 107.79787938296795 -20.005478091537952 0
    endloop
  endfacet
  facet normal -0.05233583465839715 0.9986295411265426 0
    outer loop
      vertex 107.79787938296795 -20.005478091537952 0
      vertex 107.9024078398943 -20 4.2
      vertex 107.9024078398943 -20 0
    endloop
  endfacet
  facet normal 0 1 0
    outer loop
      vertex 107.9024078398943 -20 0
      vertex 112.35000000149012 -20 4.2
      vertex 112.35000000149012 -20 0
    endloop
  endfacet
  facet normal -0.9510564893471442 0.30901707731238043 0
    outer loop
      vertex 106.87638331949711 -20.79712024331093 0
      vertex 106.87638331949711 -20.79712024331093 4.2
      vertex 106.94098547846079 -20.59829530119896 4.2
    endloop
  endfacet
  facet normal -0.8660253416251246 0.5000001076630748 0
    outer loop
      vertex 106.94098547846079 -20.59829530119896 0
      vertex 106.94098547846079 -20.59829530119896 4.2
      vertex 107.0455139502883 -20.417246729135513 4.2
    endloop
  endfacet
  facet normal -0.7431447658205368 0.6691306726145048 0
    outer loop
      vertex 107.0455139502883 -20.417246729135513 0
      vertex 107.0455139502883 -20.417246729135513 4.2
      vertex 107.18540033698082 -20.261887185275555 4.2
    endloop
  endfacet
  facet normal -0.5877851344744409 0.8090170799747453 0
    outer loop
      vertex 107.18540033698082 -20.261887185275555 0
      vertex 107.18540033698082 -20.261887185275555 4.2
      vertex 107.35453100502491 -20.139006599783897 4.2
    endloop
  endfacet
  facet normal -0.4067366194358418 0.9135454681677883 0
    outer loop
      vertex 107.35453100502491 -20.139006599783897 0
      vertex 107.35453100502491 -20.139006599783897 4.2
      vertex 107.54551399499178 -20.053975500166416 4.2
    endloop
  endfacet
  facet normal -0.20791156923715903 0.9781476265765521 0
    outer loop
      vertex 107.54551399499178 -20.053975500166416 0
      vertex 107.54551399499178 -20.053975500166416 4.2
      vertex 107.7500024959445 -20.01051015406847 4.2
    endloop
  endfacet
  facet normal -0.10452844134592823 0.9945218976723393 0
    outer loop
      vertex 107.7500024959445 -20.01051015406847 0
      vertex 107.7500024959445 -20.01051015406847 4.2
      vertex 107.79787938296795 -20.005478091537952 4.2
    endloop
  endfacet
  facet normal -0.05233583465839715 0.9986295411265426 0
    outer loop
      vertex 107.79787938296795 -20.005478091537952 0
      vertex 107.79787938296795 -20.005478091537952 4.2
      vertex 107.9024078398943 -20 4.2
    endloop
  endfacet
  facet normal 0 1 0
    outer loop
      vertex 107.9024078398943 -20 0
      vertex 107.9024078398943 -20 4.2
      vertex 108 -20 4.2
    endloop
  endfacet
  facet normal 0 1 0
    outer loop
      vertex 107.9024078398943 -20 0
      vertex 108 -20 4.2
      vertex 112.35000000149012 -20 4.2
    endloop
  endfacet
  facet normal 0.05233605133467319 -0.9986295297710229 0
    outer loop
      vertex 118.94759225845337 -31.5 0
      vertex 119.05212070792913 -31.494521886110306 0
      vertex 118.94759225845337 -31.5 4.2
    endloop
  endfacet
  facet normal 0.10452853006617382 -0.9945218883474636 0
    outer loop
      vertex 119.05212070792913 -31.494521886110306 0
      vertex 119.0999976247549 -31.489489816129208 0
      vertex 119.05212070792913 -31.494521886110306 4.2
    endloop
  endfacet
  facet normal 0.20791170349009394 -0.9781475980402177 0
    outer loop
      vertex 119.0999976247549 -31.489489816129208 0
      vertex 119.30448616296053 -31.44602443277836 0
      vertex 119.0999976247549 -31.489489816129208 4.2
    endloop
  endfacet
  facet normal 0.4067367151813325 -0.9135454255391461 0
    outer loop
      vertex 119.30448616296053 -31.44602443277836 0
      vertex 119.49546918272972 -31.360993295907974 0
      vertex 119.30448616296053 -31.44602443277836 4.2
    endloop
  endfacet
  facet normal 0.5877852784332465 -0.8090169753825632 0
    outer loop
      vertex 119.49546918272972 -31.360993295907974 0
      vertex 119.66459974646568 -31.23811274021864 0
      vertex 119.49546918272972 -31.360993295907974 4.2
    endloop
  endfacet
  facet normal 0.7431448597966543 -0.6691305682434566 0
    outer loop
      vertex 119.66459974646568 -31.23811274021864 0
      vertex 119.80448614060879 -31.082753144204617 0
      vertex 119.66459974646568 -31.23811274021864 4.2
    endloop
  endfacet
  facet normal 0.8660254283352851 -0.4999999574766843 0
    outer loop
      vertex 119.80448614060879 -31.082753144204617 0
      vertex 119.90901460498571 -30.901704512536526 0
      vertex 119.80448614060879 -31.082753144204617 4.2
    endloop
  endfacet
  facet normal 0.9510565241724915 -0.3090169701309934 0
    outer loop
      vertex 119.90901460498571 -30.901704512536526 0
      vertex 119.97361674159765 -30.702879562973976 0
      vertex 119.90901460498571 -30.901704512536526 4.2
    endloop
  endfacet
  facet normal 0.9781476876662729 -0.2079112818322366 0
    outer loop
      vertex 119.97361674159765 -30.702879562973976 0
      vertex 119.97814767807722 -30.681563138961792 0
      vertex 119.97361674159765 -30.702879562973976 4.2
    endloop
  endfacet
  facet normal 0.9945219187326277 -0.10452824097043155 0
    outer loop
      vertex 119.97814767807722 -30.681563138961792 0
      vertex 120 -30.473651736974716 0
      vertex 119.97814767807722 -30.681563138961792 4.2
    endloop
  endfacet
  facet normal 1 0 0
    outer loop
      vertex 120 -30.473651736974716 0
      vertex 120 -26 0
      vertex 120 -30.473651736974716 4.2
    endloop
  endfacet
  facet normal 0.05233605133467319 -0.9986295297710229 0
    outer loop
      vertex 119.05212070792913 -31.494521886110306 0
      vertex 119.05212070792913 -31.494521886110306 4.2
      vertex 118.94759225845337 -31.5 4.2
    endloop
  endfacet
  facet normal 0.10452853006617382 -0.9945218883474636 0
    outer loop
      vertex 119.0999976247549 -31.489489816129208 0
      vertex 119.0999976247549 -31.489489816129208 4.2
      vertex 119.05212070792913 -31.494521886110306 4.2
    endloop
  endfacet
  facet normal 0.20791170349009394 -0.9781475980402177 0
    outer loop
      vertex 119.30448616296053 -31.44602443277836 0
      vertex 119.30448616296053 -31.44602443277836 4.2
      vertex 119.0999976247549 -31.489489816129208 4.2
    endloop
  endfacet
  facet normal 0.4067367151813325 -0.9135454255391461 0
    outer loop
      vertex 119.49546918272972 -31.360993295907974 0
      vertex 119.49546918272972 -31.360993295907974 4.2
      vertex 119.30448616296053 -31.44602443277836 4.2
    endloop
  endfacet
  facet normal 0.5877852784332465 -0.8090169753825632 0
    outer loop
      vertex 119.66459974646568 -31.23811274021864 0
      vertex 119.66459974646568 -31.23811274021864 4.2
      vertex 119.49546918272972 -31.360993295907974 4.2
    endloop
  endfacet
  facet normal 0.7431448597966543 -0.6691305682434566 0
    outer loop
      vertex 119.80448614060879 -31.082753144204617 0
      vertex 119.80448614060879 -31.082753144204617 4.2
      vertex 119.66459974646568 -31.23811274021864 4.2
    endloop
  endfacet
  facet normal 0.8660254283352851 -0.4999999574766843 0
    outer loop
      vertex 119.90901460498571 -30.901704512536526 0
      vertex 119.90901460498571 -30.901704512536526 4.2
      vertex 119.80448614060879 -31.082753144204617 4.2
    endloop
  endfacet
  facet normal 0.9510565241724915 -0.3090169701309934 0
    outer loop
      vertex 119.97361674159765 -30.702879562973976 0
      vertex 119.97361674159765 -30.702879562973976 4.2
      vertex 119.90901460498571 -30.901704512536526 4.2
    endloop
  endfacet
  facet normal 0.9781476876662729 -0.2079112818322366 0
    outer loop
      vertex 119.97814767807722 -30.681563138961792 0
      vertex 119.97814767807722 -30.681563138961792 4.2
      vertex 119.97361674159765 -30.702879562973976 4.2
    endloop
  endfacet
  facet normal 0.9945219187326277 -0.10452824097043155 0
    outer loop
      vertex 120 -30.473651736974716 0
      vertex 120 -30.473651736974716 4.2
      vertex 119.97814767807722 -30.681563138961792 4.2
    endloop
  endfacet
  facet normal 1 0 0
    outer loop
      vertex 120 -26 0
      vertex 120 -30.350000001490116 4.2
      vertex 120 -30.473651736974716 4.2
    endloop
  endfacet
  facet normal 1 0 0
    outer loop
      vertex 120 -26 0
      vertex 120 -26 4.2
      vertex 120 -30.350000001490116 4.2
    endloop
  endfacet
  facet normal 0 0 1
    outer loop
      vertex 112.40397558361292 -25.30448616296053 4.2
      vertex 108.26188730448484 -30.01459977775812 4.2
      vertex 108.4172468483448 -30.154486127197742 4.2
    endloop
  endfacet
  facet normal 0 0 1
    outer loop
      vertex 112.40397558361292 -25.30448616296053 4.2
      vertex 108.0539755821228 -29.654486164450645 4.2
      vertex 108.13900669664145 -29.845469146966934 4.2
    endloop
  endfacet
  facet normal 0 0 1
    outer loop
      vertex 112.40397558361292 -25.30448616296053 4.2
      vertex 108.13900669664145 -29.845469146966934 4.2
      vertex 108.26188730448484 -30.01459977775812 4.2
    endloop
  endfacet
  facet normal 0 0 1
    outer loop
      vertex 112.40397558361292 -25.30448616296053 4.2
      vertex 108 -29.29759219288826 4.2
      vertex 108.00547812879086 -29.402120873332024 4.2
    endloop
  endfacet
  facet normal 0 0 1
    outer loop
      vertex 112.40397558361292 -25.30448616296053 4.2
      vertex 108.01051017642021 -29.449997566640377 4.2
      vertex 108.0539755821228 -29.654486164450645 4.2
    endloop
  endfacet
  facet normal 0 0 1
    outer loop
      vertex 112.40397558361292 -25.30448616296053 4.2
      vertex 108.00547812879086 -29.402120873332024 4.2
      vertex 108.01051017642021 -29.449997566640377 4.2
    endloop
  endfacet
  facet normal 0 0 1
    outer loop
      vertex 112.40397558361292 -25.30448616296053 4.2
      vertex 108.4172468483448 -30.154486127197742 4.2
      vertex 108.59829547256231 -30.25901458412409 4.2
    endloop
  endfacet
  facet normal 0 0 1
    outer loop
      vertex 112.61188730597496 -25.664599776268005 4.2
      vertex 108.7971204072237 -30.323616720736027 4.2
      vertex 108.81843657791615 -30.32814760506153 4.2
    endloop
  endfacet
  facet normal 0 0 1
    outer loop
      vertex 112.40397558361292 -25.30448616296053 4.2
      vertex 108.59829547256231 -30.25901458412409 4.2
      vertex 108.7971204072237 -30.323616720736027 4.2
    endloop
  endfacet
  facet normal 0 0 1
    outer loop
      vertex 112.61188730597496 -25.664599776268005 4.2
      vertex 108.81843657791615 -30.32814760506153 4.2
      vertex 109.0263481810689 -30.350000001490116 4.2
    endloop
  endfacet
  facet normal 0 0 1
    outer loop
      vertex 112.36051017791033 -25.09999756515026 4.2
      vertex 112.35547813028097 -25.052120871841908 4.2
      vertex 108 -29.29759219288826 4.2
    endloop
  endfacet
  facet normal 0 0 1
    outer loop
      vertex 112.40397558361292 -25.30448616296053 4.2
      vertex 112.36051017791033 -25.09999756515026 4.2
      vertex 108 -29.29759219288826 4.2
    endloop
  endfacet
  facet normal 0 0 1
    outer loop
      vertex 112.35547813028097 -25.052120871841908 4.2
      vertex 112.35000000149012 -24.947592191398144 4.2
      vertex 108 -29.29759219288826 4.2
    endloop
  endfacet
  facet normal 0 0 1
    outer loop
      vertex 112.61188730597496 -25.664599776268005 4.2
      vertex 112.48900669813156 -25.495469145476818 4.2
      vertex 108.7971204072237 -30.323616720736027 4.2
    endloop
  endfacet
  facet normal 0 0 1
    outer loop
      vertex 112.61188730597496 -25.664599776268005 4.2
      vertex 109.0263481810689 -30.350000001490116 4.2
      vertex 112.76724684983492 -25.804486125707626 4.2
    endloop
  endfacet
  facet normal 0 0 1
    outer loop
      vertex 112.48900669813156 -25.495469145476818 4.2
      vertex 112.40397558361292 -25.30448616296053 4.2
      vertex 108.7971204072237 -30.323616720736027 4.2
    endloop
  endfacet
  facet normal 0 0 1
    outer loop
      vertex 112.76724684983492 -25.804486125707626 4.2
      vertex 109.0263481810689 -30.350000001490116 4.2
      vertex 112.94829547405243 -25.909014582633972 4.2
    endloop
  endfacet
  facet normal 0 0 1
    outer loop
      vertex 112.94829547405243 -25.909014582633972 4.2
      vertex 109.0263481810689 -30.350000001490116 4.2
      vertex 113.14712040871382 -25.97361671924591 4.2
    endloop
  endfacet
  facet normal 0 0 1
    outer loop
      vertex 113.16843657940626 -25.978147603571415 4.2
      vertex 113.14712040871382 -25.97361671924591 4.2
      vertex 109.0263481810689 -30.350000001490116 4.2
    endloop
  endfacet
  facet normal 0 0 1
    outer loop
      vertex 113.16843657940626 -25.978147603571415 4.2
      vertex 109.0263481810689 -30.350000001490116 4.2
      vertex 113.37634818255901 -26 4.2
    endloop
  endfacet
  facet normal 0 0 1
    outer loop
      vertex 112.35000000149012 -20 4.2
      vertex 108 -20 4.2
      vertex 108 -29.29759219288826 4.2
    endloop
  endfacet
  facet normal 0 0 1
    outer loop
      vertex 112.35000000149012 -24.947592191398144 4.2
      vertex 112.35000000149012 -20 4.2
      vertex 108 -29.29759219288826 4.2
    endloop
  endfacet
  facet normal 0 0 1
    outer loop
      vertex 113.37634818255901 -26 4.2
      vertex 109.0263481810689 -30.350000001490116 4.2
      vertex 120 -30.350000001490116 4.2
    endloop
  endfacet
  facet normal 0 0 1
    outer loop
      vertex 113.37634818255901 -26 4.2
      vertex 120 -30.350000001490116 4.2
      vertex 120 -26 4.2
    endloop
  endfacet
  facet normal -0.669130574203757 -0.7431448544299761 0
    outer loop
      vertex 107.11188730597496 -31.164599776268005 6.2
      vertex 107.11188730597496 -31.164599776268005 4.2
      vertex 107.26724684983492 -31.304486125707626 4.2
    endloop
  endfacet
  facet normal -0.8090169675678549 -0.5877852891892688 0
    outer loop
      vertex 106.98900669813156 -30.995469145476818 6.2
      vertex 106.98900669813156 -30.995469145476818 4.2
      vertex 107.11188730597496 -31.164599776268005 4.2
    endloop
  endfacet
  facet normal -0.913545435786915 -0.4067366921644709 0
    outer loop
      vertex 106.90397558361292 -30.80448616296053 6.2
      vertex 106.90397558361292 -30.80448616296053 4.2
      vertex 106.98900669813156 -30.995469145476818 4.2
    endloop
  endfacet
  facet normal -0.4999999461795709 -0.8660254348576757 0
    outer loop
      vertex 107.26724684983492 -31.304486125707626 6.2
      vertex 107.26724684983492 -31.304486125707626 4.2
      vertex 107.44829547405243 -31.409014582633972 4.2
    endloop
  endfacet
  facet normal -0.30901699107907454 -0.9510565173660476 0
    outer loop
      vertex 107.44829547405243 -31.409014582633972 6.2
      vertex 107.44829547405243 -31.409014582633972 4.2
      vertex 107.64712040871382 -31.47361671924591 4.2
    endloop
  endfacet
  facet normal -0.978147588621302 -0.20791174780260047 0
    outer loop
      vertex 106.86051017791033 -30.59999756515026 6.2
      vertex 106.86051017791033 -30.59999756515026 4.2
      vertex 106.90397558361292 -30.80448616296053 4.2
    endloop
  endfacet
  facet normal -0.9945218858837668 -0.10452855350666579 0
    outer loop
      vertex 106.85547813028097 -30.552120871841908 6.2
      vertex 106.85547813028097 -30.552120871841908 4.2
      vertex 106.86051017791033 -30.59999756515026 4.2
    endloop
  endfacet
  facet normal -0.9986295283746297 -0.052336077979388655 0
    outer loop
      vertex 106.85000000149012 -30.447592191398144 4.2
      vertex 106.85547813028097 -30.552120871841908 4.2
      vertex 106.85000000149012 -30.447592191398144 6.2
    endloop
  endfacet
  facet normal -0.20791135605625777 -0.9781476718894996 0
    outer loop
      vertex 107.64712040871382 -31.47361671924591 6.2
      vertex 107.64712040871382 -31.47361671924591 4.2
      vertex 107.66843657940626 -31.478147603571415 4.2
    endloop
  endfacet
  facet normal -0.10452849343497521 -0.9945218921975596 0
    outer loop
      vertex 107.66843657940626 -31.478147603571415 6.2
      vertex 107.66843657940626 -31.478147603571415 4.2
      vertex 107.87634818255901 -31.5 4.2
    endloop
  endfacet
  facet normal 0.8090169675678549 0.5877852891892688 0
    outer loop
      vertex 108.13900669664145 -29.845469146966934 6.2
      vertex 108.26188730448484 -30.01459977775812 4.2
      vertex 108.13900669664145 -29.845469146966934 4.2
    endloop
  endfacet
  facet normal 0.913545435786915 0.4067366921644709 0
    outer loop
      vertex 108.0539755821228 -29.654486164450645 6.2
      vertex 108.13900669664145 -29.845469146966934 4.2
      vertex 108.0539755821228 -29.654486164450645 4.2
    endloop
  endfacet
  facet normal 0.978147588621302 0.20791174780260047 0
    outer loop
      vertex 108.01051017642021 -29.449997566640377 6.2
      vertex 108.0539755821228 -29.654486164450645 4.2
      vertex 108.01051017642021 -29.449997566640377 4.2
    endloop
  endfacet
  facet normal 0.9945218858837668 0.10452855350666579 0
    outer loop
      vertex 108.00547812879086 -29.402120873332024 6.2
      vertex 108.01051017642021 -29.449997566640377 4.2
      vertex 108.00547812879086 -29.402120873332024 4.2
    endloop
  endfacet
  facet normal 0.9986295283746297 0.052336077979388655 0
    outer loop
      vertex 108 -29.29759219288826 6.2
      vertex 108.00547812879086 -29.402120873332024 4.2
      vertex 108 -29.29759219288826 4.2
    endloop
  endfacet
  facet normal 0.4999999461795709 0.8660254348576757 0
    outer loop
      vertex 108.4172468483448 -30.154486127197742 6.2
      vertex 108.59829547256231 -30.25901458412409 4.2
      vertex 108.4172468483448 -30.154486127197742 4.2
    endloop
  endfacet
  facet normal 0.20791135605625777 0.9781476718894996 0
    outer loop
      vertex 108.7971204072237 -30.323616720736027 6.2
      vertex 108.81843657791615 -30.32814760506153 4.2
      vertex 108.7971204072237 -30.323616720736027 4.2
    endloop
  endfacet
  facet normal 0.30901699107907454 0.9510565173660476 0
    outer loop
      vertex 108.59829547256231 -30.25901458412409 6.2
      vertex 108.7971204072237 -30.323616720736027 4.2
      vertex 108.59829547256231 -30.25901458412409 4.2
    endloop
  endfacet
  facet normal 0.10452849343497521 0.9945218921975596 0
    outer loop
      vertex 108.81843657791615 -30.32814760506153 6.2
      vertex 109.0263481810689 -30.350000001490116 4.2
      vertex 108.81843657791615 -30.32814760506153 4.2
    endloop
  endfacet
  facet normal 0.669130574203757 0.7431448544299761 0
    outer loop
      vertex 108.26188730448484 -30.01459977775812 6.2
      vertex 108.4172468483448 -30.154486127197742 4.2
      vertex 108.26188730448484 -30.01459977775812 4.2
    endloop
  endfacet
  facet normal 0 -1 0
    outer loop
      vertex 107.87634818255901 -31.5 4.2
      vertex 118.94759225845337 -31.5 4.2
      vertex 107.87634818255901 -31.5 6.2
    endloop
  endfacet
  facet normal -0.913545435786915 -0.4067366921644709 0
    outer loop
      vertex 106.98900669813156 -30.995469145476818 6.2
      vertex 106.90397558361292 -30.80448616296053 6.2
      vertex 106.98900669813156 -30.995469145476818 4.2
    endloop
  endfacet
  facet normal -0.8090169675678549 -0.5877852891892688 0
    outer loop
      vertex 107.11188730597496 -31.164599776268005 6.2
      vertex 106.98900669813156 -30.995469145476818 6.2
      vertex 107.11188730597496 -31.164599776268005 4.2
    endloop
  endfacet
  facet normal -0.4999999461795709 -0.8660254348576757 0
    outer loop
      vertex 107.26724684983492 -31.304486125707626 6.2
      vertex 107.44829547405243 -31.409014582633972 4.2
      vertex 107.44829547405243 -31.409014582633972 6.2
    endloop
  endfacet
  facet normal -0.669130574203757 -0.7431448544299761 0
    outer loop
      vertex 107.11188730597496 -31.164599776268005 6.2
      vertex 107.26724684983492 -31.304486125707626 4.2
      vertex 107.26724684983492 -31.304486125707626 6.2
    endloop
  endfacet
  facet normal -0.978147588621302 -0.20791174780260047 0
    outer loop
      vertex 106.90397558361292 -30.80448616296053 6.2
      vertex 106.86051017791033 -30.59999756515026 6.2
      vertex 106.90397558361292 -30.80448616296053 4.2
    endloop
  endfacet
  facet normal -0.9945218858837668 -0.10452855350666579 0
    outer loop
      vertex 106.86051017791033 -30.59999756515026 6.2
      vertex 106.85547813028097 -30.552120871841908 6.2
      vertex 106.86051017791033 -30.59999756515026 4.2
    endloop
  endfacet
  facet normal -0.9986295283746297 -0.052336077979388655 0
    outer loop
      vertex 106.85547813028097 -30.552120871841908 6.2
      vertex 106.85000000149012 -30.447592191398144 6.2
      vertex 106.85547813028097 -30.552120871841908 4.2
    endloop
  endfacet
  facet normal -0.30901699107907454 -0.9510565173660476 0
    outer loop
      vertex 107.44829547405243 -31.409014582633972 6.2
      vertex 107.64712040871382 -31.47361671924591 4.2
      vertex 107.64712040871382 -31.47361671924591 6.2
    endloop
  endfacet
  facet normal -0.20791135605625777 -0.9781476718894996 0
    outer loop
      vertex 107.64712040871382 -31.47361671924591 6.2
      vertex 107.66843657940626 -31.478147603571415 4.2
      vertex 107.66843657940626 -31.478147603571415 6.2
    endloop
  endfacet
  facet normal -0.10452849343497521 -0.9945218921975596 0
    outer loop
      vertex 107.66843657940626 -31.478147603571415 6.2
      vertex 107.87634818255901 -31.5 4.2
      vertex 107.87634818255901 -31.5 6.2
    endloop
  endfacet
  facet normal 0.8090169675678549 0.5877852891892688 0
    outer loop
      vertex 108.26188730448484 -30.01459977775812 6.2
      vertex 108.26188730448484 -30.01459977775812 4.2
      vertex 108.13900669664145 -29.845469146966934 6.2
    endloop
  endfacet
  facet normal 0.913545435786915 0.4067366921644709 0
    outer loop
      vertex 108.13900669664145 -29.845469146966934 6.2
      vertex 108.13900669664145 -29.845469146966934 4.2
      vertex 108.0539755821228 -29.654486164450645 6.2
    endloop
  endfacet
  facet normal 0.978147588621302 0.20791174780260047 0
    outer loop
      vertex 108.0539755821228 -29.654486164450645 6.2
      vertex 108.0539755821228 -29.654486164450645 4.2
      vertex 108.01051017642021 -29.449997566640377 6.2
    endloop
  endfacet
  facet normal 0.9945218858837668 0.10452855350666579 0
    outer loop
      vertex 108.01051017642021 -29.449997566640377 6.2
      vertex 108.01051017642021 -29.449997566640377 4.2
      vertex 108.00547812879086 -29.402120873332024 6.2
    endloop
  endfacet
  facet normal 0.9986295283746297 0.052336077979388655 0
    outer loop
      vertex 108.00547812879086 -29.402120873332024 6.2
      vertex 108.00547812879086 -29.402120873332024 4.2
      vertex 108 -29.29759219288826 6.2
    endloop
  endfacet
  facet normal 0.4999999461795709 0.8660254348576757 0
    outer loop
      vertex 108.59829547256231 -30.25901458412409 6.2
      vertex 108.59829547256231 -30.25901458412409 4.2
      vertex 108.4172468483448 -30.154486127197742 6.2
    endloop
  endfacet
  facet normal 0.20791135605625777 0.9781476718894996 0
    outer loop
      vertex 108.81843657791615 -30.32814760506153 6.2
      vertex 108.81843657791615 -30.32814760506153 4.2
      vertex 108.7971204072237 -30.323616720736027 6.2
    endloop
  endfacet
  facet normal 0.30901699107907454 0.9510565173660476 0
    outer loop
      vertex 108.59829547256231 -30.25901458412409 6.2
      vertex 108.7971204072237 -30.323616720736027 6.2
      vertex 108.7971204072237 -30.323616720736027 4.2
    endloop
  endfacet
  facet normal 0.10452849343497521 0.9945218921975596 0
    outer loop
      vertex 108.81843657791615 -30.32814760506153 6.2
      vertex 109.0263481810689 -30.350000001490116 6.2
      vertex 109.0263481810689 -30.350000001490116 4.2
    endloop
  endfacet
  facet normal 0.669130574203757 0.7431448544299761 0
    outer loop
      vertex 108.26188730448484 -30.01459977775812 6.2
      vertex 108.4172468483448 -30.154486127197742 6.2
      vertex 108.4172468483448 -30.154486127197742 4.2
    endloop
  endfacet
  facet normal 0 0 1
    outer loop
      vertex 106.98900669813156 -30.995469145476818 6.2
      vertex 108.26188730448484 -30.01459977775812 6.2
      vertex 106.90397558361292 -30.80448616296053 6.2
    endloop
  endfacet
  facet normal 0 0 1
    outer loop
      vertex 107.11188730597496 -31.164599776268005 6.2
      vertex 108.26188730448484 -30.01459977775812 6.2
      vertex 106.98900669813156 -30.995469145476818 6.2
    endloop
  endfacet
  facet normal 0 0 1
    outer loop
      vertex 107.11188730597496 -31.164599776268005 6.2
      vertex 107.26724684983492 -31.304486125707626 6.2
      vertex 108.26188730448484 -30.01459977775812 6.2
    endloop
  endfacet
  facet normal 0 0 1
    outer loop
      vertex 106.90397558361292 -30.80448616296053 6.2
      vertex 108.26188730448484 -30.01459977775812 6.2
      vertex 106.86051017791033 -30.59999756515026 6.2
    endloop
  endfacet
  facet normal 0 0 1
    outer loop
      vertex 106.86051017791033 -30.59999756515026 6.2
      vertex 108.26188730448484 -30.01459977775812 6.2
      vertex 106.85547813028097 -30.552120871841908 6.2
    endloop
  endfacet
  facet normal 0 0 1
    outer loop
      vertex 106.85547813028097 -30.552120871841908 6.2
      vertex 108.26188730448484 -30.01459977775812 6.2
      vertex 106.85000000149012 -30.447592191398144 6.2
    endloop
  endfacet
  facet normal 0 0 1
    outer loop
      vertex 107.26724684983492 -31.304486125707626 6.2
      vertex 107.44829547405243 -31.409014582633972 6.2
      vertex 108.26188730448484 -30.01459977775812 6.2
    endloop
  endfacet
  facet normal 0 0 1
    outer loop
      vertex 107.44829547405243 -31.409014582633972 6.2
      vertex 107.64712040871382 -31.47361671924591 6.2
      vertex 108.26188730448484 -30.01459977775812 6.2
    endloop
  endfacet
  facet normal 0 0 1
    outer loop
      vertex 107.64712040871382 -31.47361671924591 6.2
      vertex 107.66843657940626 -31.478147603571415 6.2
      vertex 108.26188730448484 -30.01459977775812 6.2
    endloop
  endfacet
  facet normal 0 0 1
    outer loop
      vertex 107.66843657940626 -31.478147603571415 6.2
      vertex 107.87634818255901 -31.5 6.2
      vertex 108.4172468483448 -30.154486127197742 6.2
    endloop
  endfacet
  facet normal 0 0 1
    outer loop
      vertex 107.66843657940626 -31.478147603571415 6.2
      vertex 108.4172468483448 -30.154486127197742 6.2
      vertex 108.26188730448484 -30.01459977775812 6.2
    endloop
  endfacet
  facet normal 0 0 1
    outer loop
      vertex 106.85000000149012 -30.447592191398144 6.2
      vertex 108.26188730448484 -30.01459977775812 6.2
      vertex 108.13900669664145 -29.845469146966934 6.2
    endloop
  endfacet
  facet normal 0 0 1
    outer loop
      vertex 106.85000000149012 -30.447592191398144 6.2
      vertex 108.0539755821228 -29.654486164450645 6.2
      vertex 108.01051017642021 -29.449997566640377 6.2
    endloop
  endfacet
  facet normal 0 0 1
    outer loop
      vertex 106.85000000149012 -30.447592191398144 6.2
      vertex 108.13900669664145 -29.845469146966934 6.2
      vertex 108.0539755821228 -29.654486164450645 6.2
    endloop
  endfacet
  facet normal 0 0 1
    outer loop
      vertex 106.85000000149012 -30.447592191398144 6.2
      vertex 108.01051017642021 -29.449997566640377 6.2
      vertex 108.00547812879086 -29.402120873332024 6.2
    endloop
  endfacet
  facet normal 0 0 1
    outer loop
      vertex 106.85000000149012 -30.447592191398144 6.2
      vertex 108.00547812879086 -29.402120873332024 6.2
      vertex 108 -29.29759219288826 6.2
    endloop
  endfacet
  facet normal 0 0 1
    outer loop
      vertex 107.87634818255901 -31.5 6.2
      vertex 108.7971204072237 -30.323616720736027 6.2
      vertex 108.59829547256231 -30.25901458412409 6.2
    endloop
  endfacet
  facet normal 0 0 1
    outer loop
      vertex 107.87634818255901 -31.5 6.2
      vertex 108.59829547256231 -30.25901458412409 6.2
      vertex 108.4172468483448 -30.154486127197742 6.2
    endloop
  endfacet
  facet normal 0 0 1
    outer loop
      vertex 107.87634818255901 -31.5 6.2
      vertex 108.81843657791615 -30.32814760506153 6.2
      vertex 108.7971204072237 -30.323616720736027 6.2
    endloop
  endfacet
  facet normal 0 0 1
    outer loop
      vertex 107.87634818255901 -31.5 6.2
      vertex 109.0263481810689 -30.350000001490116 6.2
      vertex 108.81843657791615 -30.32814760506153 6.2
    endloop
  endfacet
  facet normal 0 1 0
    outer loop
      vertex 109.0263481810689 -30.350000001490116 6.2
      vertex 120 -30.350000001490116 4.2
      vertex 109.0263481810689 -30.350000001490116 4.2
    endloop
  endfacet
  facet normal 0 0 -1
    outer loop
      vertex 106.87185240536928 -20.818436540663242 4.2
      vertex 106.85000000149012 -21.02634820342064 4.2
      vertex 106.90397558361292 0.6955138146877289 4.2
    endloop
  endfacet
  facet normal 0 0 -1
    outer loop
      vertex 106.87185240536928 -20.818436540663242 4.2
      vertex 106.98900669813156 0.5045308321714401 4.2
      vertex 106.87638331949711 -20.79712024331093 4.2
    endloop
  endfacet
  facet normal 0 0 -1
    outer loop
      vertex 106.87638331949711 -20.79712024331093 4.2
      vertex 106.98900669813156 0.5045308321714401 4.2
      vertex 106.94098547846079 -20.59829530119896 4.2
    endloop
  endfacet
  facet normal 0 0 -1
    outer loop
      vertex 106.94098547846079 -20.59829530119896 4.2
      vertex 107.26724683493376 0.19551385939121246 4.2
      vertex 107.0455139502883 -20.417246729135513 4.2
    endloop
  endfacet
  facet normal 0 0 -1
    outer loop
      vertex 107.0455139502883 -20.417246729135513 4.2
      vertex 107.44829545915127 0.09098540991544724 4.2
      vertex 107.18540033698082 -20.261887185275555 4.2
    endloop
  endfacet
  facet normal 0 0 -1
    outer loop
      vertex 107.18540033698082 -20.261887185275555 4.2
      vertex 107.66843681782484 0.021852336823940277 4.2
      vertex 107.35453100502491 -20.139006599783897 4.2
    endloop
  endfacet
  facet normal 0 0 -1
    outer loop
      vertex 107.35453100502491 -20.139006599783897 4.2
      vertex 107.66843681782484 0.021852336823940277 4.2
      vertex 107.54551399499178 -20.053975500166416 4.2
    endloop
  endfacet
  facet normal 0 0 -1
    outer loop
      vertex 107.54551399499178 -20.053975500166416 4.2
      vertex 107.66843681782484 0.021852336823940277 4.2
      vertex 107.7500024959445 -20.01051015406847 4.2
    endloop
  endfacet
  facet normal 0 0 -1
    outer loop
      vertex 107.7500024959445 -20.01051015406847 4.2
      vertex 107.87634829431772 0 4.2
      vertex 107.79787938296795 -20.005478091537952 4.2
    endloop
  endfacet
  facet normal 0 0 -1
    outer loop
      vertex 107.79787938296795 -20.005478091537952 4.2
      vertex 107.87634829431772 0 4.2
      vertex 107.9024078398943 -20 4.2
    endloop
  endfacet
  facet normal 0 0 -1
    outer loop
      vertex 107.9024078398943 -20 4.2
      vertex 108 0 4.2
      vertex 108 -20 4.2
    endloop
  endfacet
  facet normal -1 0 0
    outer loop
      vertex 106.85000000149012 -30.447592191398144 4.2
      vertex 106.85000000149012 -30.447592191398144 6.2
      vertex 106.85000000149012 10.473651818931103 6.2
    endloop
  endfacet
  facet normal 1 0 0
    outer loop
      vertex 108 -29.29759219288826 6.2
      vertex 108 -29.29759219288826 4.2
      vertex 108 9.323651820421219 6.2
    endloop
  endfacet
  facet normal 0 0 1
    outer loop
      vertex 106.85000000149012 -30.447592191398144 6.2
      vertex 108 -29.29759219288826 6.2
      vertex 108 9.323651820421219 6.2
    endloop
  endfacet
  facet normal -1 0 0
    outer loop
      vertex 106.85000000149012 -30.447592191398144 4.2
      vertex 106.85000000149012 10.473651818931103 6.2
      vertex 106.85000000149012 -21.02634820342064 4.2
    endloop
  endfacet
  facet normal 1 0 0
    outer loop
      vertex 108 9.323651820421219 6.2
      vertex 108 -29.29759219288826 4.2
      vertex 108 -20 4.2
    endloop
  endfacet
  facet normal 0 0 -1
    outer loop
      vertex 118.94759225845337 -31.5 4.2
      vertex 119.05212070792913 -31.494521886110306 4.2
      vertex 141.0263482183218 -31.5 4.2
    endloop
  endfacet
  facet normal 0 0 -1
    outer loop
      vertex 119.05212070792913 -31.494521886110306 4.2
      vertex 119.0999976247549 -31.489489816129208 4.2
      vertex 141.0263482183218 -31.5 4.2
    endloop
  endfacet
  facet normal 0 0 -1
    outer loop
      vertex 119.0999976247549 -31.489489816129208 4.2
      vertex 119.30448616296053 -31.44602443277836 4.2
      vertex 141.0263482183218 -31.5 4.2
    endloop
  endfacet
  facet normal 0 0 -1
    outer loop
      vertex 119.30448616296053 -31.44602443277836 4.2
      vertex 119.49546918272972 -31.360993295907974 4.2
      vertex 140.8184365928173 -31.478147611021996 4.2
    endloop
  endfacet
  facet normal 0 0 -1
    outer loop
      vertex 119.49546918272972 -31.360993295907974 4.2
      vertex 119.66459974646568 -31.23811274021864 4.2
      vertex 140.59829531610012 -31.409014523029327 4.2
    endloop
  endfacet
  facet normal 0 0 -1
    outer loop
      vertex 119.66459974646568 -31.23811274021864 4.2
      vertex 119.80448614060879 -31.082753144204617 4.2
      vertex 140.41724671423435 -31.30448603630066 4.2
    endloop
  endfacet
  facet normal 0 0 -1
    outer loop
      vertex 119.80448614060879 -31.082753144204617 4.2
      vertex 119.90901460498571 -30.901704512536526 4.2
      vertex 140.41724671423435 -31.30448603630066 4.2
    endloop
  endfacet
  facet normal 0 0 -1
    outer loop
      vertex 119.90901460498571 -30.901704512536526 4.2
      vertex 119.97361674159765 -30.702879562973976 4.2
      vertex 140.26188718527555 -31.164599664509296 4.2
    endloop
  endfacet
  facet normal 0 0 -1
    outer loop
      vertex 119.97361674159765 -30.702879562973976 4.2
      vertex 119.97814767807722 -30.681563138961792 4.2
      vertex 140.26188718527555 -31.164599664509296 4.2
    endloop
  endfacet
  facet normal 0 0 -1
    outer loop
      vertex 120 -30.473651736974716 4.2
      vertex 140.01051015406847 -30.599997505545616 4.2
      vertex 119.97814767807722 -30.681563138961792 4.2
    endloop
  endfacet
  facet normal 0 0 -1
    outer loop
      vertex 120 -30.473651736974716 4.2
      vertex 120 -30.350000001490116 4.2
      vertex 140 -30.44759215414524 4.2
    endloop
  endfacet
  facet normal 0 -1 0
    outer loop
      vertex 141.0263482183218 -31.5 4.2
      vertex 107.87634818255901 -31.5 6.2
      vertex 118.94759225845337 -31.5 4.2
    endloop
  endfacet
  facet normal 0 1 0
    outer loop
      vertex 109.0263481810689 -30.350000001490116 6.2
      vertex 140 -30.350000001490116 4.2
      vertex 120 -30.350000001490116 4.2
    endloop
  endfacet
  facet normal 0 0 1
    outer loop
      vertex 107.87634818255901 -31.5 6.2
      vertex 152.09759218990803 -31.5 6.2
      vertex 109.0263481810689 -30.350000001490116 6.2
    endloop
  endfacet
  facet normal 0 0 -1
    outer loop
      vertex 107.64712047576904 0.026383258402347565 0
      vertex 111.09999748319387 0.010510139167308807 0
      vertex 107.66843681782484 0.021852336823940277 0
    endloop
  endfacet
  facet normal 0 0 -1
    outer loop
      vertex 107.44829545915127 0.09098540991544724 0
      vertex 111.30448599159718 0.05397549271583557 0
      vertex 107.64712047576904 0.026383258402347565 0
    endloop
  endfacet
  facet normal 0 0 -1
    outer loop
      vertex 107.66843681782484 0.021852336823940277 0
      vertex 111.09999748319387 0.010510139167308807 0
      vertex 107.87634829431772 0 0
    endloop
  endfacet
  facet normal 0 0 -1
    outer loop
      vertex 107.11188730597496 0.33540020138025284 0
      vertex 106.98900669813156 0.5045308321714401 0
      vertex 111.80448604375124 0.4172466993331909 0
    endloop
  endfacet
  facet normal 0 0 -1
    outer loop
      vertex 106.90397558361292 0.6955138146877289 0
      vertex 106.86051017791033 0.9000024124979973 0
      vertex 111.90901453793049 0.5982953011989594 0
    endloop
  endfacet
  facet normal 0 0 -1
    outer loop
      vertex 106.98900669813156 0.5045308321714401 0
      vertex 106.90397558361292 0.6955138146877289 0
      vertex 111.90901453793049 0.5982953011989594 0
    endloop
  endfacet
  facet normal 0 0 -1
    outer loop
      vertex 107.26724683493376 0.19551385939121246 0
      vertex 111.49546901136637 0.1390065774321556 0
      vertex 107.44829545915127 0.09098540991544724 0
    endloop
  endfacet
  facet normal 0 0 -1
    outer loop
      vertex 107.11188730597496 0.33540020138025284 0
      vertex 111.66459967195988 0.26188716292381287 0
      vertex 107.26724683493376 0.19551385939121246 0
    endloop
  endfacet
  facet normal 0 0 -1
    outer loop
      vertex 107.87634829431772 0 0
      vertex 111.0521207228303 0.005478091537952423 0
      vertex 110.9475922062993 0 0
    endloop
  endfacet
  facet normal 0 0 -1
    outer loop
      vertex 107.87634829431772 0 0
      vertex 111.09999748319387 0.010510139167308807 0
      vertex 111.0521207228303 0.005478091537952423 0
    endloop
  endfacet
  facet normal 0 0 -1
    outer loop
      vertex 107.64712047576904 0.026383258402347565 0
      vertex 111.30448599159718 0.05397549271583557 0
      vertex 111.09999748319387 0.010510139167308807 0
    endloop
  endfacet
  facet normal 0 0 -1
    outer loop
      vertex 107.44829545915127 0.09098540991544724 0
      vertex 111.49546901136637 0.1390065774321556 0
      vertex 111.30448599159718 0.05397549271583557 0
    endloop
  endfacet
  facet normal 0 0 -1
    outer loop
      vertex 107.26724683493376 0.19551385939121246 0
      vertex 111.66459967195988 0.26188716292381287 0
      vertex 111.49546901136637 0.1390065774321556 0
    endloop
  endfacet
  facet normal 0 0 -1
    outer loop
      vertex 107.11188730597496 0.33540020138025284 0
      vertex 111.80448604375124 0.4172466993331909 0
      vertex 111.66459967195988 0.26188716292381287 0
    endloop
  endfacet
  facet normal 0 0 -1
    outer loop
      vertex 106.98900669813156 0.5045308321714401 0
      vertex 111.90901453793049 0.5982953011989594 0
      vertex 111.80448604375124 0.4172466993331909 0
    endloop
  endfacet
  facet normal -0.3090169403362098 -0.951056533853402 0
    outer loop
      vertex 107.44829545915127 0.09098540991544724 0
      vertex 107.64712047576904 0.026383258402347565 0
      vertex 107.44829545915127 0.09098540991544724 4.2
    endloop
  endfacet
  facet normal -0.6691305899653824 -0.743144840238146 0
    outer loop
      vertex 107.11188730597496 0.33540020138025284 0
      vertex 107.26724683493376 0.19551385939121246 0
      vertex 107.11188730597496 0.33540020138025284 4.2
    endloop
  endfacet
  facet normal -0.8090169675678549 -0.5877852891892689 0
    outer loop
      vertex 107.11188730597496 0.33540020138025284 0
      vertex 106.98900669813156 0.5045308321714401 4.2
      vertex 106.98900669813156 0.5045308321714401 0
    endloop
  endfacet
  facet normal -0.913545435786915 -0.4067366921644709 0
    outer loop
      vertex 106.98900669813156 0.5045308321714401 0
      vertex 106.90397558361292 0.6955138146877289 4.2
      vertex 106.90397558361292 0.6955138146877289 0
    endloop
  endfacet
  facet normal -0.4999999194503167 -0.866025450289815 0
    outer loop
      vertex 107.26724683493376 0.19551385939121246 0
      vertex 107.44829545915127 0.09098540991544724 0
      vertex 107.26724683493376 0.19551385939121246 4.2
    endloop
  endfacet
  facet normal -0.2079113924330198 -0.9781476641573924 0
    outer loop
      vertex 107.64712047576904 0.026383258402347565 0
      vertex 107.66843681782484 0.021852336823940277 0
      vertex 107.64712047576904 0.026383258402347565 4.2
    endloop
  endfacet
  facet normal -0.10452827442093002 -0.9945219152168456 0
    outer loop
      vertex 107.66843681782484 0.021852336823940277 0
      vertex 107.87634829431772 0 0
      vertex 107.66843681782484 0.021852336823940277 4.2
    endloop
  endfacet
  facet normal 0 -1 0
    outer loop
      vertex 107.87634829431772 0 0
      vertex 110.9475922062993 0 0
      vertex 107.87634829431772 0 4.2
    endloop
  endfacet
  facet normal 0.05233580489700167 -0.998629542686267 0
    outer loop
      vertex 110.9475922062993 0 0
      vertex 111.0521207228303 0.005478091537952423 0
      vertex 110.9475922062993 0 4.2
    endloop
  endfacet
  facet normal 0.1045284087056825 -0.9945219011029661 0
    outer loop
      vertex 111.0521207228303 0.005478091537952423 0
      vertex 111.09999748319387 0.010510139167308807 0
      vertex 111.0521207228303 0.005478091537952423 4.2
    endloop
  endfacet
  facet normal 0.20791159608775087 -0.9781476208692857 0
    outer loop
      vertex 111.09999748319387 0.010510139167308807 0
      vertex 111.30448599159718 0.05397549271583557 0
      vertex 111.09999748319387 0.010510139167308807 4.2
    endloop
  endfacet
  facet normal 0.4067365069798061 -0.9135455182364292 0
    outer loop
      vertex 111.30448599159718 0.05397549271583557 0
      vertex 111.49546901136637 0.1390065774321556 0
      vertex 111.30448599159718 0.05397549271583557 4.2
    endloop
  endfacet
  facet normal 0.5877851514217886 -0.8090170676617799 0
    outer loop
      vertex 111.49546901136637 0.1390065774321556 0
      vertex 111.66459967195988 0.26188716292381287 0
      vertex 111.49546901136637 0.1390065774321556 4.2
    endloop
  endfacet
  facet normal 0.7431447853074504 -0.6691306509720979 0
    outer loop
      vertex 111.66459967195988 0.26188716292381287 0
      vertex 111.80448604375124 0.4172466993331909 0
      vertex 111.66459967195988 0.26188716292381287 4.2
    endloop
  endfacet
  facet normal 0.8660253309677133 -0.5000001261222468 0
    outer loop
      vertex 111.80448604375124 0.4172466993331909 0
      vertex 111.90901453793049 0.5982953011989594 0
      vertex 111.80448604375124 0.4172466993331909 4.2
    endloop
  endfacet
  facet normal 0.9510564822763249 -0.30901709907411684 0
    outer loop
      vertex 111.90901453793049 0.5982953011989594 0
      vertex 111.97361670434475 0.7971202507615089 0
      vertex 111.90901453793049 0.5982953011989594 4.2
    endloop
  endfacet
  facet normal -0.8090169675678549 -0.5877852891892689 0
    outer loop
      vertex 107.11188730597496 0.33540020138025284 0
      vertex 107.11188730597496 0.33540020138025284 4.2
      vertex 106.98900669813156 0.5045308321714401 4.2
    endloop
  endfacet
  facet normal -0.913545435786915 -0.4067366921644709 0
    outer loop
      vertex 106.98900669813156 0.5045308321714401 0
      vertex 106.98900669813156 0.5045308321714401 4.2
      vertex 106.90397558361292 0.6955138146877289 4.2
    endloop
  endfacet
  facet normal -0.6691305899653824 -0.743144840238146 0
    outer loop
      vertex 107.26724683493376 0.19551385939121246 0
      vertex 107.26724683493376 0.19551385939121246 4.2
      vertex 107.11188730597496 0.33540020138025284 4.2
    endloop
  endfacet
  facet normal -0.4999999194503167 -0.866025450289815 0
    outer loop
      vertex 107.44829545915127 0.09098540991544724 0
      vertex 107.44829545915127 0.09098540991544724 4.2
      vertex 107.26724683493376 0.19551385939121246 4.2
    endloop
  endfacet
  facet normal -0.3090169403362098 -0.951056533853402 0
    outer loop
      vertex 107.64712047576904 0.026383258402347565 0
      vertex 107.64712047576904 0.026383258402347565 4.2
      vertex 107.44829545915127 0.09098540991544724 4.2
    endloop
  endfacet
  facet normal -0.2079113924330198 -0.9781476641573924 0
    outer loop
      vertex 107.66843681782484 0.021852336823940277 0
      vertex 107.66843681782484 0.021852336823940277 4.2
      vertex 107.64712047576904 0.026383258402347565 4.2
    endloop
  endfacet
  facet normal -0.10452827442093002 -0.9945219152168456 0
    outer loop
      vertex 107.87634829431772 0 0
      vertex 107.87634829431772 0 4.2
      vertex 107.66843681782484 0.021852336823940277 4.2
    endloop
  endfacet
  facet normal 0 -1 0
    outer loop
      vertex 110.9475922062993 0 0
      vertex 108 0 4.2
      vertex 107.87634829431772 0 4.2
    endloop
  endfacet
  facet normal 0 -1 0
    outer loop
      vertex 110.9475922062993 0 0
      vertex 110.9475922062993 0 4.2
      vertex 108 0 4.2
    endloop
  endfacet
  facet normal 0.05233580489700167 -0.998629542686267 0
    outer loop
      vertex 111.0521207228303 0.005478091537952423 0
      vertex 111.0521207228303 0.005478091537952423 4.2
      vertex 110.9475922062993 0 4.2
    endloop
  endfacet
  facet normal 0.1045284087056825 -0.9945219011029661 0
    outer loop
      vertex 111.09999748319387 0.010510139167308807 0
      vertex 111.09999748319387 0.010510139167308807 4.2
      vertex 111.0521207228303 0.005478091537952423 4.2
    endloop
  endfacet
  facet normal 0.20791159608775087 -0.9781476208692857 0
    outer loop
      vertex 111.30448599159718 0.05397549271583557 0
      vertex 111.30448599159718 0.05397549271583557 4.2
      vertex 111.09999748319387 0.010510139167308807 4.2
    endloop
  endfacet
  facet normal 0.4067365069798061 -0.9135455182364292 0
    outer loop
      vertex 111.49546901136637 0.1390065774321556 0
      vertex 111.49546901136637 0.1390065774321556 4.2
      vertex 111.30448599159718 0.05397549271583557 4.2
    endloop
  endfacet
  facet normal 0.5877851514217886 -0.8090170676617799 0
    outer loop
      vertex 111.66459967195988 0.26188716292381287 0
      vertex 111.66459967195988 0.26188716292381287 4.2
      vertex 111.49546901136637 0.1390065774321556 4.2
    endloop
  endfacet
  facet normal 0.7431447853074504 -0.6691306509720979 0
    outer loop
      vertex 111.80448604375124 0.4172466993331909 0
      vertex 111.80448604375124 0.4172466993331909 4.2
      vertex 111.66459967195988 0.26188716292381287 4.2
    endloop
  endfacet
  facet normal 0.8660253309677133 -0.5000001261222468 0
    outer loop
      vertex 111.90901453793049 0.5982953011989594 0
      vertex 111.90901453793049 0.5982953011989594 4.2
      vertex 111.80448604375124 0.4172466993331909 4.2
    endloop
  endfacet
  facet normal 0.9510564822763249 -0.30901709907411684 0
    outer loop
      vertex 111.97361670434475 0.7971202507615089 0
      vertex 111.97361670434475 0.7971202507615089 4.2
      vertex 111.90901453793049 0.5982953011989594 4.2
    endloop
  endfacet
  facet normal 0 0 -1
    outer loop
      vertex 106.86051017791033 0.9000024124979973 0
      vertex 106.85547813028097 0.9478791058063507 0
      vertex 112 1.0263482257723808 0
    endloop
  endfacet
  facet normal 0 0 -1
    outer loop
      vertex 106.85547813028097 0.9478791058063507 0
      vertex 106.85000000149012 1.0524077862501144 0
      vertex 112 1.0263482257723808 0
    endloop
  endfacet
  facet normal 0 0 -1
    outer loop
      vertex 106.85000000149012 1.0524077862501144 0
      vertex 106.85000000149012 10.473651818931103 0
      vertex 112 1.0263482257723808 0
    endloop
  endfacet
  facet normal 0 0 -1
    outer loop
      vertex 111.90901453793049 0.5982953011989594 0
      vertex 106.86051017791033 0.9000024124979973 0
      vertex 111.97361670434475 0.7971202507615089 0
    endloop
  endfacet
  facet normal 0 0 -1
    outer loop
      vertex 106.86051017791033 0.9000024124979973 0
      vertex 111.97814767062664 0.8184368461370468 0
      vertex 111.97361670434475 0.7971202507615089 0
    endloop
  endfacet
  facet normal 0 0 -1
    outer loop
      vertex 106.86051017791033 0.9000024124979973 0
      vertex 112 1.0263482257723808 0
      vertex 111.97814767062664 0.8184368461370468 0
    endloop
  endfacet
  facet normal -0.978147588621302 -0.20791174780260047 0
    outer loop
      vertex 106.90397558361292 0.6955138146877289 0
      vertex 106.86051017791033 0.9000024124979973 4.2
      vertex 106.86051017791033 0.9000024124979973 0
    endloop
  endfacet
  facet normal -0.9945218858837669 -0.10452855350666579 0
    outer loop
      vertex 106.86051017791033 0.9000024124979973 0
      vertex 106.85547813028097 0.9478791058063507 4.2
      vertex 106.85547813028097 0.9478791058063507 0
    endloop
  endfacet
  facet normal -0.9986295283746297 -0.05233607797938864 0
    outer loop
      vertex 106.85547813028097 0.9478791058063507 0
      vertex 106.85000000149012 1.0524077862501144 4.2
      vertex 106.85000000149012 1.0524077862501144 0
    endloop
  endfacet
  facet normal 0.978147749462008 -0.20791099110534983 0
    outer loop
      vertex 111.97361670434475 0.7971202507615089 0
      vertex 111.97814767062664 0.8184368461370468 0
      vertex 111.97361670434475 0.7971202507615089 4.2
    endloop
  endfacet
  facet normal 0.9945219138595527 -0.10452828733473318 0
    outer loop
      vertex 111.97814767062664 0.8184368461370468 0
      vertex 112 1.0263482257723808 0
      vertex 111.97814767062664 0.8184368461370468 4.2
    endloop
  endfacet
  facet normal 1 0 0
    outer loop
      vertex 112 1.0263482257723808 0
      vertex 112 10.44759215414524 0
      vertex 112 1.0263482257723808 4.2
    endloop
  endfacet
  facet normal 0 0 -1
    outer loop
      vertex 112 1.0263482257723808 0
      vertex 106.85000000149012 10.473651818931103 0
      vertex 106.8718523979187 10.681563422083855 0
    endloop
  endfacet
  facet normal 0 0 -1
    outer loop
      vertex 112 1.0263482257723808 0
      vertex 106.8718523979187 10.681563422083855 0
      vertex 106.8763832822442 10.702879592776299 0
    endloop
  endfacet
  facet normal 0 0 -1
    outer loop
      vertex 112 1.0263482257723808 0
      vertex 106.8763832822442 10.702879592776299 0
      vertex 106.94098541885614 10.901704527437687 0
    endloop
  endfacet
  facet normal 0 0 -1
    outer loop
      vertex 112 1.0263482257723808 0
      vertex 106.94098541885614 10.901704527437687 0
      vertex 107.04551387578249 11.082753151655197 0
    endloop
  endfacet
  facet normal 0 0 -1
    outer loop
      vertex 112 1.0263482257723808 0
      vertex 107.04551387578249 11.082753151655197 0
      vertex 107.18540022522211 11.238112695515156 0
    endloop
  endfacet
  facet normal 0 0 -1
    outer loop
      vertex 112 1.0263482257723808 0
      vertex 107.18540022522211 11.238112695515156 0
      vertex 107.3545308560133 11.360993303358555 0
    endloop
  endfacet
  facet normal 0 0 -1
    outer loop
      vertex 112 1.0263482257723808 0
      vertex 107.3545308560133 11.360993303358555 0
      vertex 107.54551383852959 11.446024417877197 0
    endloop
  endfacet
  facet normal 0 0 -1
    outer loop
      vertex 112 1.0263482257723808 0
      vertex 107.54551383852959 11.446024417877197 0
      vertex 107.75000243633986 11.489489823579788 0
    endloop
  endfacet
  facet normal 0 0 -1
    outer loop
      vertex 112 1.0263482257723808 0
      vertex 107.75000243633986 11.489489823579788 0
      vertex 107.79787912219763 11.494521871209145 0
    endloop
  endfacet
  facet normal 0 0 -1
    outer loop
      vertex 112 1.0263482257723808 0
      vertex 107.79787912219763 11.494521871209145 0
      vertex 107.90240781009197 11.5 0
    endloop
  endfacet
  facet normal 0 0 -1
    outer loop
      vertex 112 1.0263482257723808 0
      vertex 107.90240781009197 11.5 0
      vertex 112 10.44759215414524 0
    endloop
  endfacet
  facet normal 0 0 -1
    outer loop
      vertex 107.90240781009197 11.5 0
      vertex 110.9736517816782 11.5 0
      vertex 112 10.44759215414524 0
    endloop
  endfacet
  facet normal 0 0 -1
    outer loop
      vertex 111.20287970453501 11.473616689443588 0
      vertex 111.99452190846205 10.552120618522167 0
      vertex 112 10.44759215414524 0
    endloop
  endfacet
  facet normal 0 0 -1
    outer loop
      vertex 110.9736517816782 11.5 0
      vertex 111.1815634071827 11.478147611021996 0
      vertex 112 10.44759215414524 0
    endloop
  endfacet
  facet normal 0 0 -1
    outer loop
      vertex 111.1815634071827 11.478147611021996 0
      vertex 111.20287970453501 11.473616689443588 0
      vertex 112 10.44759215414524 0
    endloop
  endfacet
  facet normal 0 0 -1
    outer loop
      vertex 111.20287970453501 11.473616689443588 0
      vertex 111.40170468389988 11.409014523029327 0
      vertex 111.98948984593153 10.599997505545616 0
    endloop
  endfacet
  facet normal 0 0 -1
    outer loop
      vertex 111.20287970453501 11.473616689443588 0
      vertex 111.98948984593153 10.599997505545616 0
      vertex 111.99452190846205 10.552120618522167 0
    endloop
  endfacet
  facet normal 0 0 -1
    outer loop
      vertex 111.40170468389988 11.409014523029327 0
      vertex 111.58275328576565 11.30448603630066 0
      vertex 111.98948984593153 10.599997505545616 0
    endloop
  endfacet
  facet normal 0 0 -1
    outer loop
      vertex 111.8609934002161 10.995468996465206 0
      vertex 111.98948984593153 10.599997505545616 0
      vertex 111.73811281472445 11.164599664509296 0
    endloop
  endfacet
  facet normal 0 0 -1
    outer loop
      vertex 111.58275328576565 11.30448603630066 0
      vertex 111.73811281472445 11.164599664509296 0
      vertex 111.98948984593153 10.599997505545616 0
    endloop
  endfacet
  facet normal 0 0 -1
    outer loop
      vertex 111.8609934002161 10.995468996465206 0
      vertex 111.94602449983358 10.804486006498337 0
      vertex 111.98948984593153 10.599997505545616 0
    endloop
  endfacet
  facet normal -1 0 0
    outer loop
      vertex 106.85000000149012 1.0524077862501144 0
      vertex 106.85000000149012 10.473651818931103 4.2
      vertex 106.85000000149012 10.473651818931103 0
    endloop
  endfacet
  facet normal -0.9945218921975596 0.1045284934349752 0
    outer loop
      vertex 106.85000000149012 10.473651818931103 0
      vertex 106.8718523979187 10.681563422083855 4.2
      vertex 106.8718523979187 10.681563422083855 0
    endloop
  endfacet
  facet normal -0.9781476718894996 0.20791135605625777 0
    outer loop
      vertex 106.8718523979187 10.681563422083855 0
      vertex 106.8763832822442 10.702879592776299 4.2
      vertex 106.8763832822442 10.702879592776299 0
    endloop
  endfacet
  facet normal -0.9510565173660476 0.30901699107907454 0
    outer loop
      vertex 106.8763832822442 10.702879592776299 0
      vertex 106.94098541885614 10.901704527437687 4.2
      vertex 106.94098541885614 10.901704527437687 0
    endloop
  endfacet
  facet normal -0.8660254348576757 0.49999994617957094 0
    outer loop
      vertex 106.94098541885614 10.901704527437687 0
      vertex 107.04551387578249 11.082753151655197 4.2
      vertex 107.04551387578249 11.082753151655197 0
    endloop
  endfacet
  facet normal -0.7431448544299761 0.6691305742037571 0
    outer loop
      vertex 107.04551387578249 11.082753151655197 0
      vertex 107.18540022522211 11.238112695515156 4.2
      vertex 107.18540022522211 11.238112695515156 0
    endloop
  endfacet
  facet normal -0.5877852891892689 0.8090169675678549 0
    outer loop
      vertex 107.18540022522211 11.238112695515156 0
      vertex 107.3545308560133 11.360993303358555 4.2
      vertex 107.3545308560133 11.360993303358555 0
    endloop
  endfacet
  facet normal -0.4067366921644709 0.913545435786915 0
    outer loop
      vertex 107.3545308560133 11.360993303358555 0
      vertex 107.54551383852959 11.446024417877197 4.2
      vertex 107.54551383852959 11.446024417877197 0
    endloop
  endfacet
  facet normal -0.20791174780260047 0.978147588621302 0
    outer loop
      vertex 107.54551383852959 11.446024417877197 0
      vertex 107.75000243633986 11.489489823579788 4.2
      vertex 107.75000243633986 11.489489823579788 0
    endloop
  endfacet
  facet normal -0.10452856959568857 0.9945218841927407 0
    outer loop
      vertex 107.75000243633986 11.489489823579788 0
      vertex 107.79787912219763 11.494521871209145 4.2
      vertex 107.79787912219763 11.494521871209145 0
    endloop
  endfacet
  facet normal -0.05233607425920312 0.9986295285695969 0
    outer loop
      vertex 107.79787912219763 11.494521871209145 0
      vertex 107.90240781009197 11.5 4.2
      vertex 107.90240781009197 11.5 0
    endloop
  endfacet
  facet normal 0 1 0
    outer loop
      vertex 107.90240781009197 11.5 0
      vertex 110.9736517816782 11.5 4.2
      vertex 110.9736517816782 11.5 0
    endloop
  endfacet
  facet normal 0.10452844707070427 0.9945218970706412 0
    outer loop
      vertex 110.9736517816782 11.5 0
      vertex 111.1815634071827 11.478147611021996 4.2
      vertex 111.1815634071827 11.478147611021996 0
    endloop
  endfacet
  facet normal 0.20791180960647831 0.9781475754844764 0
    outer loop
      vertex 111.1815634071827 11.478147611021996 0
      vertex 111.20287970453501 11.473616689443588 4.2
      vertex 111.20287970453501 11.473616689443588 0
    endloop
  endfacet
  facet normal 0.30901705717794886 0.9510564958892191 0
    outer loop
      vertex 111.20287970453501 11.473616689443588 0
      vertex 111.40170468389988 11.409014523029327 4.2
      vertex 111.40170468389988 11.409014523029327 0
    endloop
  endfacet
  facet normal 0.5000000993929988 0.8660253463998565 0
    outer loop
      vertex 111.40170468389988 11.409014523029327 0
      vertex 111.58275328576565 11.30448603630066 4.2
      vertex 111.58275328576565 11.30448603630066 0
    endloop
  endfacet
  facet normal 0.8090170799747453 0.5877851344744409 0
    outer loop
      vertex 111.8609934002161 10.995468996465206 0
      vertex 111.73811281472445 11.164599664509296 0
      vertex 111.8609934002161 10.995468996465206 4.2
    endloop
  endfacet
  facet normal 0.6691306686939863 0.743144769350588 0
    outer loop
      vertex 111.58275328576565 11.30448603630066 0
      vertex 111.73811281472445 11.164599664509296 4.2
      vertex 111.73811281472445 11.164599664509296 0
    endloop
  endfacet
  facet normal 0.9986295413215083 0.05233583093822087 0
    outer loop
      vertex 112 10.44759215414524 0
      vertex 111.99452190846205 10.552120618522167 0
      vertex 112 10.44759215414524 4.2
    endloop
  endfacet
  facet normal 0.9945218976723393 0.10452844134592823 0
    outer loop
      vertex 111.99452190846205 10.552120618522167 0
      vertex 111.98948984593153 10.599997505545616 0
      vertex 111.99452190846205 10.552120618522167 4.2
    endloop
  endfacet
  facet normal 0.9781476265765521 0.20791156923715903 0
    outer loop
      vertex 111.98948984593153 10.599997505545616 0
      vertex 111.94602449983358 10.804486006498337 0
      vertex 111.98948984593153 10.599997505545616 4.2
    endloop
  endfacet
  facet normal 0.9135454681677883 0.4067366194358418 0
    outer loop
      vertex 111.8609934002161 10.995468996465206 0
      vertex 111.94602449983358 10.804486006498337 4.2
      vertex 111.94602449983358 10.804486006498337 0
    endloop
  endfacet
  facet normal -0.978147588621302 -0.20791174780260047 0
    outer loop
      vertex 106.90397558361292 0.6955138146877289 0
      vertex 106.90397558361292 0.6955138146877289 4.2
      vertex 106.86051017791033 0.9000024124979973 4.2
    endloop
  endfacet
  facet normal -0.9945218858837669 -0.10452855350666579 0
    outer loop
      vertex 106.86051017791033 0.9000024124979973 0
      vertex 106.86051017791033 0.9000024124979973 4.2
      vertex 106.85547813028097 0.9478791058063507 4.2
    endloop
  endfacet
  facet normal -0.9986295283746297 -0.05233607797938864 0
    outer loop
      vertex 106.85547813028097 0.9478791058063507 0
      vertex 106.85547813028097 0.9478791058063507 4.2
      vertex 106.85000000149012 1.0524077862501144 4.2
    endloop
  endfacet
  facet normal -1 0 0
    outer loop
      vertex 106.85000000149012 1.0524077862501144 0
      vertex 106.85000000149012 1.0524077862501144 4.2
      vertex 106.85000000149012 10.473651818931103 4.2
    endloop
  endfacet
  facet normal 0.978147749462008 -0.20791099110534983 0
    outer loop
      vertex 111.97814767062664 0.8184368461370468 0
      vertex 111.97814767062664 0.8184368461370468 4.2
      vertex 111.97361670434475 0.7971202507615089 4.2
    endloop
  endfacet
  facet normal 0.9945219138595527 -0.10452828733473318 0
    outer loop
      vertex 112 1.0263482257723808 0
      vertex 112 1.0263482257723808 4.2
      vertex 111.97814767062664 0.8184368461370468 4.2
    endloop
  endfacet
  facet normal -0.9945218921975596 0.1045284934349752 0
    outer loop
      vertex 106.85000000149012 10.473651818931103 0
      vertex 106.85000000149012 10.473651818931103 4.2
      vertex 106.8718523979187 10.681563422083855 4.2
    endloop
  endfacet
  facet normal -0.9781476718894996 0.20791135605625777 0
    outer loop
      vertex 106.8718523979187 10.681563422083855 0
      vertex 106.8718523979187 10.681563422083855 4.2
      vertex 106.8763832822442 10.702879592776299 4.2
    endloop
  endfacet
  facet normal -0.9510565173660476 0.30901699107907454 0
    outer loop
      vertex 106.8763832822442 10.702879592776299 0
      vertex 106.8763832822442 10.702879592776299 4.2
      vertex 106.94098541885614 10.901704527437687 4.2
    endloop
  endfacet
  facet normal -0.8660254348576757 0.49999994617957094 0
    outer loop
      vertex 106.94098541885614 10.901704527437687 0
      vertex 106.94098541885614 10.901704527437687 4.2
      vertex 107.04551387578249 11.082753151655197 4.2
    endloop
  endfacet
  facet normal -0.7431448544299761 0.6691305742037571 0
    outer loop
      vertex 107.04551387578249 11.082753151655197 0
      vertex 107.04551387578249 11.082753151655197 4.2
      vertex 107.18540022522211 11.238112695515156 4.2
    endloop
  endfacet
  facet normal -0.5877852891892689 0.8090169675678549 0
    outer loop
      vertex 107.18540022522211 11.238112695515156 0
      vertex 107.18540022522211 11.238112695515156 4.2
      vertex 107.3545308560133 11.360993303358555 4.2
    endloop
  endfacet
  facet normal -0.4067366921644709 0.913545435786915 0
    outer loop
      vertex 107.3545308560133 11.360993303358555 0
      vertex 107.3545308560133 11.360993303358555 4.2
      vertex 107.54551383852959 11.446024417877197 4.2
    endloop
  endfacet
  facet normal -0.20791174780260047 0.978147588621302 0
    outer loop
      vertex 107.54551383852959 11.446024417877197 0
      vertex 107.54551383852959 11.446024417877197 4.2
      vertex 107.75000243633986 11.489489823579788 4.2
    endloop
  endfacet
  facet normal -0.10452856959568857 0.9945218841927407 0
    outer loop
      vertex 107.75000243633986 11.489489823579788 0
      vertex 107.75000243633986 11.489489823579788 4.2
      vertex 107.79787912219763 11.494521871209145 4.2
    endloop
  endfacet
  facet normal -0.05233607425920312 0.9986295285695969 0
    outer loop
      vertex 107.79787912219763 11.494521871209145 0
      vertex 107.79787912219763 11.494521871209145 4.2
      vertex 107.90240781009197 11.5 4.2
    endloop
  endfacet
  facet normal 0 1 0
    outer loop
      vertex 107.90240781009197 11.5 0
      vertex 107.90240781009197 11.5 4.2
      vertex 110.9736517816782 11.5 4.2
    endloop
  endfacet
  facet normal 1 0 0
    outer loop
      vertex 112 10.44759215414524 0
      vertex 112 10.350000001490116 4.2
      vertex 112 1.0263482257723808 4.2
    endloop
  endfacet
  facet normal 0.10452844707070427 0.9945218970706412 0
    outer loop
      vertex 110.9736517816782 11.5 0
      vertex 110.9736517816782 11.5 4.2
      vertex 111.1815634071827 11.478147611021996 4.2
    endloop
  endfacet
  facet normal 0.20791180960647831 0.9781475754844764 0
    outer loop
      vertex 111.1815634071827 11.478147611021996 0
      vertex 111.1815634071827 11.478147611021996 4.2
      vertex 111.20287970453501 11.473616689443588 4.2
    endloop
  endfacet
  facet normal 0.30901705717794886 0.9510564958892191 0
    outer loop
      vertex 111.20287970453501 11.473616689443588 0
      vertex 111.20287970453501 11.473616689443588 4.2
      vertex 111.40170468389988 11.409014523029327 4.2
    endloop
  endfacet
  facet normal 0.5000000993929988 0.8660253463998565 0
    outer loop
      vertex 111.40170468389988 11.409014523029327 0
      vertex 111.40170468389988 11.409014523029327 4.2
      vertex 111.58275328576565 11.30448603630066 4.2
    endloop
  endfacet
  facet normal 0.9135454681677883 0.4067366194358418 0
    outer loop
      vertex 111.8609934002161 10.995468996465206 0
      vertex 111.8609934002161 10.995468996465206 4.2
      vertex 111.94602449983358 10.804486006498337 4.2
    endloop
  endfacet
  facet normal 0.8090170799747453 0.5877851344744409 0
    outer loop
      vertex 111.73811281472445 11.164599664509296 0
      vertex 111.73811281472445 11.164599664509296 4.2
      vertex 111.8609934002161 10.995468996465206 4.2
    endloop
  endfacet
  facet normal 0.6691306686939863 0.743144769350588 0
    outer loop
      vertex 111.58275328576565 11.30448603630066 0
      vertex 111.58275328576565 11.30448603630066 4.2
      vertex 111.73811281472445 11.164599664509296 4.2
    endloop
  endfacet
  facet normal 1 0 0
    outer loop
      vertex 112 10.44759215414524 0
      vertex 112 10.44759215414524 4.2
      vertex 112 10.350000001490116 4.2
    endloop
  endfacet
  facet normal 0.9986295413215083 0.05233583093822087 0
    outer loop
      vertex 111.99452190846205 10.552120618522167 0
      vertex 111.99452190846205 10.552120618522167 4.2
      vertex 112 10.44759215414524 4.2
    endloop
  endfacet
  facet normal 0.9945218976723393 0.10452844134592823 0
    outer loop
      vertex 111.98948984593153 10.599997505545616 0
      vertex 111.98948984593153 10.599997505545616 4.2
      vertex 111.99452190846205 10.552120618522167 4.2
    endloop
  endfacet
  facet normal 0.9781476265765521 0.20791156923715903 0
    outer loop
      vertex 111.94602449983358 10.804486006498337 0
      vertex 111.94602449983358 10.804486006498337 4.2
      vertex 111.98948984593153 10.599997505545616 4.2
    endloop
  endfacet
  facet normal 0 0 -1
    outer loop
      vertex 106.94098547846079 -20.59829530119896 4.2
      vertex 107.11188730597496 0.33540020138025284 4.2
      vertex 107.26724683493376 0.19551385939121246 4.2
    endloop
  endfacet
  facet normal 0 0 -1
    outer loop
      vertex 107.0455139502883 -20.417246729135513 4.2
      vertex 107.26724683493376 0.19551385939121246 4.2
      vertex 107.44829545915127 0.09098540991544724 4.2
    endloop
  endfacet
  facet normal 0 0 -1
    outer loop
      vertex 107.44829545915127 0.09098540991544724 4.2
      vertex 107.64712047576904 0.026383258402347565 4.2
      vertex 107.18540033698082 -20.261887185275555 4.2
    endloop
  endfacet
  facet normal 0 0 -1
    outer loop
      vertex 107.64712047576904 0.026383258402347565 4.2
      vertex 107.66843681782484 0.021852336823940277 4.2
      vertex 107.18540033698082 -20.261887185275555 4.2
    endloop
  endfacet
  facet normal 0 0 -1
    outer loop
      vertex 106.90397558361292 0.6955138146877289 4.2
      vertex 106.85000000149012 -21.02634820342064 4.2
      vertex 106.86051017791033 0.9000024124979973 4.2
    endloop
  endfacet
  facet normal 0 0 -1
    outer loop
      vertex 106.87185240536928 -20.818436540663242 4.2
      vertex 106.90397558361292 0.6955138146877289 4.2
      vertex 106.98900669813156 0.5045308321714401 4.2
    endloop
  endfacet
  facet normal 0 0 -1
    outer loop
      vertex 106.94098547846079 -20.59829530119896 4.2
      vertex 106.98900669813156 0.5045308321714401 4.2
      vertex 107.11188730597496 0.33540020138025284 4.2
    endloop
  endfacet
  facet normal 0 0 -1
    outer loop
      vertex 106.86051017791033 0.9000024124979973 4.2
      vertex 106.85000000149012 -21.02634820342064 4.2
      vertex 106.85547813028097 0.9478791058063507 4.2
    endloop
  endfacet
  facet normal 0 0 -1
    outer loop
      vertex 106.85547813028097 0.9478791058063507 4.2
      vertex 106.85000000149012 -21.02634820342064 4.2
      vertex 106.85000000149012 1.0524077862501144 4.2
    endloop
  endfacet
  facet normal 0 0 -1
    outer loop
      vertex 107.7500024959445 -20.01051015406847 4.2
      vertex 107.66843681782484 0.021852336823940277 4.2
      vertex 107.87634829431772 0 4.2
    endloop
  endfacet
  facet normal 0 0 -1
    outer loop
      vertex 107.9024078398943 -20 4.2
      vertex 107.87634829431772 0 4.2
      vertex 108 0 4.2
    endloop
  endfacet
  facet normal 0 0 1
    outer loop
      vertex 110.9475922062993 0 4.2
      vertex 111.0521207228303 0.005478091537952423 4.2
      vertex 108 0 4.2
    endloop
  endfacet
  facet normal 0 0 1
    outer loop
      vertex 111.0521207228303 0.005478091537952423 4.2
      vertex 111.09999748319387 0.010510139167308807 4.2
      vertex 108 0 4.2
    endloop
  endfacet
  facet normal 0 0 1
    outer loop
      vertex 111.09999748319387 0.010510139167308807 4.2
      vertex 111.30448599159718 0.05397549271583557 4.2
      vertex 108 0 4.2
    endloop
  endfacet
  facet normal 0 0 1
    outer loop
      vertex 111.30448599159718 0.05397549271583557 4.2
      vertex 111.49546901136637 0.1390065774321556 4.2
      vertex 108 0 4.2
    endloop
  endfacet
  facet normal 0 0 1
    outer loop
      vertex 111.49546901136637 0.1390065774321556 4.2
      vertex 111.66459967195988 0.26188716292381287 4.2
      vertex 108 0 4.2
    endloop
  endfacet
  facet normal 0 0 1
    outer loop
      vertex 111.66459967195988 0.26188716292381287 4.2
      vertex 111.80448604375124 0.4172466993331909 4.2
      vertex 108 0 4.2
    endloop
  endfacet
  facet normal 0 0 1
    outer loop
      vertex 111.80448604375124 0.4172466993331909 4.2
      vertex 111.90901453793049 0.5982953011989594 4.2
      vertex 108 0 4.2
    endloop
  endfacet
  facet normal 0 0 1
    outer loop
      vertex 111.90901453793049 0.5982953011989594 4.2
      vertex 111.97361670434475 0.7971202507615089 4.2
      vertex 108 0 4.2
    endloop
  endfacet
  facet normal 0 0 1
    outer loop
      vertex 111.97361670434475 0.7971202507615089 4.2
      vertex 111.97814767062664 0.8184368461370468 4.2
      vertex 108 0 4.2
    endloop
  endfacet
  facet normal 0 0 1
    outer loop
      vertex 111.97814767062664 0.8184368461370468 4.2
      vertex 112 1.0263482257723808 4.2
      vertex 108 0 4.2
    endloop
  endfacet
  facet normal 1 0 0
    outer loop
      vertex 108 9.323651820421219 6.2
      vertex 108 -20 4.2
      vertex 108 0 4.2
    endloop
  endfacet
  facet normal -1 0 0
    outer loop
      vertex 106.85000000149012 1.0524077862501144 4.2
      vertex 106.85000000149012 -21.02634820342064 4.2
      vertex 106.85000000149012 10.473651818931103 6.2
    endloop
  endfacet
  facet normal 0 0 1
    outer loop
      vertex 106.85000000149012 -30.447592191398144 6.2
      vertex 108 9.323651820421219 6.2
      vertex 106.85000000149012 10.473651818931103 6.2
    endloop
  endfacet
  facet normal 0 0 1
    outer loop
      vertex 112 1.0263482257723808 4.2
      vertex 108 9.323651820421219 4.2
      vertex 108 0 4.2
    endloop
  endfacet
  facet normal 0 0 1
    outer loop
      vertex 112 1.0263482257723808 4.2
      vertex 108.02185239642859 9.53156342357397 4.2
      vertex 108 9.323651820421219 4.2
    endloop
  endfacet
  facet normal 0 0 1
    outer loop
      vertex 112 1.0263482257723808 4.2
      vertex 108.02638328075409 9.552879594266415 4.2
      vertex 108.02185239642859 9.53156342357397 4.2
    endloop
  endfacet
  facet normal 0 0 1
    outer loop
      vertex 112 1.0263482257723808 4.2
      vertex 108.09098541736603 9.751704528927803 4.2
      vertex 108.02638328075409 9.552879594266415 4.2
    endloop
  endfacet
  facet normal 0 0 1
    outer loop
      vertex 112 1.0263482257723808 4.2
      vertex 108.19551387429237 9.932753153145313 4.2
      vertex 108.09098541736603 9.751704528927803 4.2
    endloop
  endfacet
  facet normal 0 0 1
    outer loop
      vertex 112 1.0263482257723808 4.2
      vertex 108.335400223732 10.088112697005272 4.2
      vertex 108.19551387429237 9.932753153145313 4.2
    endloop
  endfacet
  facet normal 0 0 1
    outer loop
      vertex 112 1.0263482257723808 4.2
      vertex 108.50453085452318 10.210993304848671 4.2
      vertex 108.335400223732 10.088112697005272 4.2
    endloop
  endfacet
  facet normal 0 0 1
    outer loop
      vertex 112 1.0263482257723808 4.2
      vertex 108.69551383703947 10.296024419367313 4.2
      vertex 108.50453085452318 10.210993304848671 4.2
    endloop
  endfacet
  facet normal 0 0 1
    outer loop
      vertex 112 1.0263482257723808 4.2
      vertex 108.90000243484974 10.339489825069904 4.2
      vertex 108.69551383703947 10.296024419367313 4.2
    endloop
  endfacet
  facet normal 0 0 1
    outer loop
      vertex 112 1.0263482257723808 4.2
      vertex 108.94787912070751 10.34452187269926 4.2
      vertex 108.90000243484974 10.339489825069904 4.2
    endloop
  endfacet
  facet normal 0 0 1
    outer loop
      vertex 112 1.0263482257723808 4.2
      vertex 109.05240780860186 10.350000001490116 4.2
      vertex 108.94787912070751 10.34452187269926 4.2
    endloop
  endfacet
  facet normal 0 0 1
    outer loop
      vertex 112 1.0263482257723808 4.2
      vertex 112 10.350000001490116 4.2
      vertex 109.05240780860186 10.350000001490116 4.2
    endloop
  endfacet
  facet normal -1 0 0
    outer loop
      vertex 106.85000000149012 10.473651818931103 4.2
      vertex 106.85000000149012 1.0524077862501144 4.2
      vertex 106.85000000149012 10.473651818931103 6.2
    endloop
  endfacet
  facet normal 1 0 0
    outer loop
      vertex 108 9.323651820421219 6.2
      vertex 108 0 4.2
      vertex 108 9.323651820421219 4.2
    endloop
  endfacet
  facet normal 0.9945218921975596 -0.10452849343497521 0
    outer loop
      vertex 108.02185239642859 9.53156342357397 6.2
      vertex 108 9.323651820421219 4.2
      vertex 108.02185239642859 9.53156342357397 4.2
    endloop
  endfacet
  facet normal 0.9781476718894996 -0.20791135605625777 0
    outer loop
      vertex 108.02638328075409 9.552879594266415 6.2
      vertex 108.02185239642859 9.53156342357397 4.2
      vertex 108.02638328075409 9.552879594266415 4.2
    endloop
  endfacet
  facet normal 0.9510565173660476 -0.30901699107907454 0
    outer loop
      vertex 108.09098541736603 9.751704528927803 6.2
      vertex 108.02638328075409 9.552879594266415 4.2
      vertex 108.09098541736603 9.751704528927803 4.2
    endloop
  endfacet
  facet normal 0.8660254348576757 -0.4999999461795709 0
    outer loop
      vertex 108.19551387429237 9.932753153145313 6.2
      vertex 108.09098541736603 9.751704528927803 4.2
      vertex 108.19551387429237 9.932753153145313 4.2
    endloop
  endfacet
  facet normal 0.7431448544299761 -0.669130574203757 0
    outer loop
      vertex 108.335400223732 10.088112697005272 6.2
      vertex 108.19551387429237 9.932753153145313 4.2
      vertex 108.335400223732 10.088112697005272 4.2
    endloop
  endfacet
  facet normal -0.9945218921975596 0.10452849343497521 0
    outer loop
      vertex 106.85000000149012 10.473651818931103 4.2
      vertex 106.8718523979187 10.681563422083855 6.2
      vertex 106.8718523979187 10.681563422083855 4.2
    endloop
  endfacet
  facet normal -0.9781476718894996 0.20791135605625777 0
    outer loop
      vertex 106.8763832822442 10.702879592776299 6.2
      vertex 106.8763832822442 10.702879592776299 4.2
      vertex 106.8718523979187 10.681563422083855 4.2
    endloop
  endfacet
  facet normal -0.9510565173660476 0.30901699107907454 0
    outer loop
      vertex 106.94098541885614 10.901704527437687 6.2
      vertex 106.94098541885614 10.901704527437687 4.2
      vertex 106.8763832822442 10.702879592776299 4.2
    endloop
  endfacet
  facet normal -0.8660254348576757 0.4999999461795709 0
    outer loop
      vertex 107.04551387578249 11.082753151655197 6.2
      vertex 107.04551387578249 11.082753151655197 4.2
      vertex 106.94098541885614 10.901704527437687 4.2
    endloop
  endfacet
  facet normal -0.7431448544299761 0.669130574203757 0
    outer loop
      vertex 107.18540022522211 11.238112695515156 6.2
      vertex 107.18540022522211 11.238112695515156 4.2
      vertex 107.04551387578249 11.082753151655197 4.2
    endloop
  endfacet
  facet normal -0.5877852891892688 0.8090169675678549 0
    outer loop
      vertex 107.3545308560133 11.360993303358555 6.2
      vertex 107.3545308560133 11.360993303358555 4.2
      vertex 107.18540022522211 11.238112695515156 4.2
    endloop
  endfacet
  facet normal -0.4067366921644709 0.913545435786915 0
    outer loop
      vertex 107.54551383852959 11.446024417877197 6.2
      vertex 107.54551383852959 11.446024417877197 4.2
      vertex 107.3545308560133 11.360993303358555 4.2
    endloop
  endfacet
  facet normal -0.20791174780260047 0.978147588621302 0
    outer loop
      vertex 107.75000243633986 11.489489823579788 6.2
      vertex 107.75000243633986 11.489489823579788 4.2
      vertex 107.54551383852959 11.446024417877197 4.2
    endloop
  endfacet
  facet normal -0.10452856959568857 0.9945218841927408 0
    outer loop
      vertex 107.79787912219763 11.494521871209145 6.2
      vertex 107.79787912219763 11.494521871209145 4.2
      vertex 107.75000243633986 11.489489823579788 4.2
    endloop
  endfacet
  facet normal -0.05233607425920312 0.9986295285695969 0
    outer loop
      vertex 107.90240781009197 11.5 6.2
      vertex 107.90240781009197 11.5 4.2
      vertex 107.79787912219763 11.494521871209145 4.2
    endloop
  endfacet
  facet normal 0.5877852891892688 -0.8090169675678549 0
    outer loop
      vertex 108.50453085452318 10.210993304848671 6.2
      vertex 108.335400223732 10.088112697005272 4.2
      vertex 108.50453085452318 10.210993304848671 4.2
    endloop
  endfacet
  facet normal 0.4067366921644709 -0.913545435786915 0
    outer loop
      vertex 108.69551383703947 10.296024419367313 6.2
      vertex 108.50453085452318 10.210993304848671 4.2
      vertex 108.69551383703947 10.296024419367313 4.2
    endloop
  endfacet
  facet normal 0.20791174780260047 -0.978147588621302 0
    outer loop
      vertex 108.90000243484974 10.339489825069904 6.2
      vertex 108.69551383703947 10.296024419367313 4.2
      vertex 108.90000243484974 10.339489825069904 4.2
    endloop
  endfacet
  facet normal 0.10452856959568857 -0.9945218841927408 0
    outer loop
      vertex 108.94787912070751 10.34452187269926 6.2
      vertex 108.90000243484974 10.339489825069904 4.2
      vertex 108.94787912070751 10.34452187269926 4.2
    endloop
  endfacet
  facet normal 0.05233607425920312 -0.9986295285695969 0
    outer loop
      vertex 109.05240780860186 10.350000001490116 6.2
      vertex 108.94787912070751 10.34452187269926 4.2
      vertex 109.05240780860186 10.350000001490116 4.2
    endloop
  endfacet
  facet normal 0.9945218921975596 -0.10452849343497521 0
    outer loop
      vertex 108 9.323651820421219 6.2
      vertex 108 9.323651820421219 4.2
      vertex 108.02185239642859 9.53156342357397 6.2
    endloop
  endfacet
  facet normal 0.9781476718894996 -0.20791135605625777 0
    outer loop
      vertex 108.02185239642859 9.53156342357397 6.2
      vertex 108.02185239642859 9.53156342357397 4.2
      vertex 108.02638328075409 9.552879594266415 6.2
    endloop
  endfacet
  facet normal 0.9510565173660476 -0.30901699107907454 0
    outer loop
      vertex 108.02638328075409 9.552879594266415 6.2
      vertex 108.02638328075409 9.552879594266415 4.2
      vertex 108.09098541736603 9.751704528927803 6.2
    endloop
  endfacet
  facet normal 0.8660254348576757 -0.4999999461795709 0
    outer loop
      vertex 108.09098541736603 9.751704528927803 6.2
      vertex 108.09098541736603 9.751704528927803 4.2
      vertex 108.19551387429237 9.932753153145313 6.2
    endloop
  endfacet
  facet normal 0.7431448544299761 -0.669130574203757 0
    outer loop
      vertex 108.19551387429237 9.932753153145313 6.2
      vertex 108.19551387429237 9.932753153145313 4.2
      vertex 108.335400223732 10.088112697005272 6.2
    endloop
  endfacet
  facet normal -0.9945218921975596 0.10452849343497521 0
    outer loop
      vertex 106.85000000149012 10.473651818931103 4.2
      vertex 106.85000000149012 10.473651818931103 6.2
      vertex 106.8718523979187 10.681563422083855 6.2
    endloop
  endfacet
  facet normal -0.9781476718894996 0.20791135605625777 0
    outer loop
      vertex 106.8718523979187 10.681563422083855 6.2
      vertex 106.8763832822442 10.702879592776299 6.2
      vertex 106.8718523979187 10.681563422083855 4.2
    endloop
  endfacet
  facet normal -0.9510565173660476 0.30901699107907454 0
    outer loop
      vertex 106.8763832822442 10.702879592776299 6.2
      vertex 106.94098541885614 10.901704527437687 6.2
      vertex 106.8763832822442 10.702879592776299 4.2
    endloop
  endfacet
  facet normal -0.8660254348576757 0.4999999461795709 0
    outer loop
      vertex 106.94098541885614 10.901704527437687 6.2
      vertex 107.04551387578249 11.082753151655197 6.2
      vertex 106.94098541885614 10.901704527437687 4.2
    endloop
  endfacet
  facet normal -0.7431448544299761 0.669130574203757 0
    outer loop
      vertex 107.04551387578249 11.082753151655197 6.2
      vertex 107.18540022522211 11.238112695515156 6.2
      vertex 107.04551387578249 11.082753151655197 4.2
    endloop
  endfacet
  facet normal -0.5877852891892688 0.8090169675678549 0
    outer loop
      vertex 107.18540022522211 11.238112695515156 6.2
      vertex 107.3545308560133 11.360993303358555 6.2
      vertex 107.18540022522211 11.238112695515156 4.2
    endloop
  endfacet
  facet normal -0.4067366921644709 0.913545435786915 0
    outer loop
      vertex 107.3545308560133 11.360993303358555 6.2
      vertex 107.54551383852959 11.446024417877197 6.2
      vertex 107.3545308560133 11.360993303358555 4.2
    endloop
  endfacet
  facet normal -0.20791174780260047 0.978147588621302 0
    outer loop
      vertex 107.54551383852959 11.446024417877197 6.2
      vertex 107.75000243633986 11.489489823579788 6.2
      vertex 107.54551383852959 11.446024417877197 4.2
    endloop
  endfacet
  facet normal -0.10452856959568857 0.9945218841927408 0
    outer loop
      vertex 107.75000243633986 11.489489823579788 6.2
      vertex 107.79787912219763 11.494521871209145 6.2
      vertex 107.75000243633986 11.489489823579788 4.2
    endloop
  endfacet
  facet normal -0.05233607425920312 0.9986295285695969 0
    outer loop
      vertex 107.79787912219763 11.494521871209145 6.2
      vertex 107.90240781009197 11.5 6.2
      vertex 107.79787912219763 11.494521871209145 4.2
    endloop
  endfacet
  facet normal 0.5877852891892688 -0.8090169675678549 0
    outer loop
      vertex 108.335400223732 10.088112697005272 6.2
      vertex 108.335400223732 10.088112697005272 4.2
      vertex 108.50453085452318 10.210993304848671 6.2
    endloop
  endfacet
  facet normal 0.4067366921644709 -0.913545435786915 0
    outer loop
      vertex 108.50453085452318 10.210993304848671 6.2
      vertex 108.50453085452318 10.210993304848671 4.2
      vertex 108.69551383703947 10.296024419367313 6.2
    endloop
  endfacet
  facet normal 0.20791174780260047 -0.978147588621302 0
    outer loop
      vertex 108.69551383703947 10.296024419367313 6.2
      vertex 108.69551383703947 10.296024419367313 4.2
      vertex 108.90000243484974 10.339489825069904 6.2
    endloop
  endfacet
  facet normal 0.10452856959568857 -0.9945218841927408 0
    outer loop
      vertex 108.90000243484974 10.339489825069904 6.2
      vertex 108.90000243484974 10.339489825069904 4.2
      vertex 108.94787912070751 10.34452187269926 6.2
    endloop
  endfacet
  facet normal 0.05233607425920312 -0.9986295285695969 0
    outer loop
      vertex 108.94787912070751 10.34452187269926 6.2
      vertex 108.94787912070751 10.34452187269926 4.2
      vertex 109.05240780860186 10.350000001490116 6.2
    endloop
  endfacet
  facet normal 0 0 1
    outer loop
      vertex 108 9.323651820421219 6.2
      vertex 108.02185239642859 9.53156342357397 6.2
      vertex 106.85000000149012 10.473651818931103 6.2
    endloop
  endfacet
  facet normal 0 0 1
    outer loop
      vertex 108.02185239642859 9.53156342357397 6.2
      vertex 108.02638328075409 9.552879594266415 6.2
      vertex 106.85000000149012 10.473651818931103 6.2
    endloop
  endfacet
  facet normal 0 0 1
    outer loop
      vertex 108.02638328075409 9.552879594266415 6.2
      vertex 108.09098541736603 9.751704528927803 6.2
      vertex 106.85000000149012 10.473651818931103 6.2
    endloop
  endfacet
  facet normal 0 0 1
    outer loop
      vertex 108.09098541736603 9.751704528927803 6.2
      vertex 108.19551387429237 9.932753153145313 6.2
      vertex 106.85000000149012 10.473651818931103 6.2
    endloop
  endfacet
  facet normal 0 0 1
    outer loop
      vertex 108.19551387429237 9.932753153145313 6.2
      vertex 106.8718523979187 10.681563422083855 6.2
      vertex 106.85000000149012 10.473651818931103 6.2
    endloop
  endfacet
  facet normal 0 0 1
    outer loop
      vertex 106.8718523979187 10.681563422083855 6.2
      vertex 108.335400223732 10.088112697005272 6.2
      vertex 106.8763832822442 10.702879592776299 6.2
    endloop
  endfacet
  facet normal 0 0 1
    outer loop
      vertex 106.8763832822442 10.702879592776299 6.2
      vertex 108.335400223732 10.088112697005272 6.2
      vertex 106.94098541885614 10.901704527437687 6.2
    endloop
  endfacet
  facet normal 0 0 1
    outer loop
      vertex 106.94098541885614 10.901704527437687 6.2
      vertex 108.335400223732 10.088112697005272 6.2
      vertex 107.04551387578249 11.082753151655197 6.2
    endloop
  endfacet
  facet normal 0 0 1
    outer loop
      vertex 107.04551387578249 11.082753151655197 6.2
      vertex 108.335400223732 10.088112697005272 6.2
      vertex 107.18540022522211 11.238112695515156 6.2
    endloop
  endfacet
  facet normal 0 0 1
    outer loop
      vertex 108.19551387429237 9.932753153145313 6.2
      vertex 108.335400223732 10.088112697005272 6.2
      vertex 106.8718523979187 10.681563422083855 6.2
    endloop
  endfacet
  facet normal 0 0 1
    outer loop
      vertex 107.90240781009197 11.5 6.2
      vertex 108.335400223732 10.088112697005272 6.2
      vertex 108.50453085452318 10.210993304848671 6.2
    endloop
  endfacet
  facet normal 0 0 1
    outer loop
      vertex 107.18540022522211 11.238112695515156 6.2
      vertex 108.335400223732 10.088112697005272 6.2
      vertex 107.3545308560133 11.360993303358555 6.2
    endloop
  endfacet
  facet normal 0 0 1
    outer loop
      vertex 107.3545308560133 11.360993303358555 6.2
      vertex 108.335400223732 10.088112697005272 6.2
      vertex 107.54551383852959 11.446024417877197 6.2
    endloop
  endfacet
  facet normal 0 0 1
    outer loop
      vertex 107.54551383852959 11.446024417877197 6.2
      vertex 108.335400223732 10.088112697005272 6.2
      vertex 107.75000243633986 11.489489823579788 6.2
    endloop
  endfacet
  facet normal 0 0 1
    outer loop
      vertex 107.75000243633986 11.489489823579788 6.2
      vertex 108.335400223732 10.088112697005272 6.2
      vertex 107.79787912219763 11.494521871209145 6.2
    endloop
  endfacet
  facet normal 0 0 1
    outer loop
      vertex 107.79787912219763 11.494521871209145 6.2
      vertex 108.335400223732 10.088112697005272 6.2
      vertex 107.90240781009197 11.5 6.2
    endloop
  endfacet
  facet normal 0 0 1
    outer loop
      vertex 107.90240781009197 11.5 6.2
      vertex 108.50453085452318 10.210993304848671 6.2
      vertex 108.69551383703947 10.296024419367313 6.2
    endloop
  endfacet
  facet normal 0 0 1
    outer loop
      vertex 107.90240781009197 11.5 6.2
      vertex 108.69551383703947 10.296024419367313 6.2
      vertex 108.90000243484974 10.339489825069904 6.2
    endloop
  endfacet
  facet normal 0 0 1
    outer loop
      vertex 107.90240781009197 11.5 6.2
      vertex 108.90000243484974 10.339489825069904 6.2
      vertex 108.94787912070751 10.34452187269926 6.2
    endloop
  endfacet
  facet normal 0 0 1
    outer loop
      vertex 107.90240781009197 11.5 6.2
      vertex 108.94787912070751 10.34452187269926 6.2
      vertex 109.05240780860186 10.350000001490116 6.2
    endloop
  endfacet
  facet normal 0 0 -1
    outer loop
      vertex 112 10.44759215414524 4.2
      vertex 148 10.473651736974716 4.2
      vertex 112 10.350000001490116 4.2
    endloop
  endfacet
  facet normal 0 0 -1
    outer loop
      vertex 112 10.44759215414524 4.2
      vertex 111.99452190846205 10.552120618522167 4.2
      vertex 148 10.473651736974716 4.2
    endloop
  endfacet
  facet normal 0 0 -1
    outer loop
      vertex 111.99452190846205 10.552120618522167 4.2
      vertex 111.98948984593153 10.599997505545616 4.2
      vertex 148 10.473651736974716 4.2
    endloop
  endfacet
  facet normal 0 0 -1
    outer loop
      vertex 111.98948984593153 10.599997505545616 4.2
      vertex 111.94602449983358 10.804486006498337 4.2
      vertex 148 10.473651736974716 4.2
    endloop
  endfacet
  facet normal 0 0 -1
    outer loop
      vertex 111.8609934002161 10.995468996465206 4.2
      vertex 148 10.473651736974716 4.2
      vertex 111.94602449983358 10.804486006498337 4.2
    endloop
  endfacet
  facet normal 0 0 -1
    outer loop
      vertex 111.58275328576565 11.30448603630066 4.2
      vertex 148 10.473651736974716 4.2
      vertex 111.73811281472445 11.164599664509296 4.2
    endloop
  endfacet
  facet normal 0 0 -1
    outer loop
      vertex 111.40170468389988 11.409014523029327 4.2
      vertex 148.02638325840235 10.702879562973976 4.2
      vertex 111.58275328576565 11.30448603630066 4.2
    endloop
  endfacet
  facet normal 0 0 -1
    outer loop
      vertex 111.20287970453501 11.473616689443588 4.2
      vertex 148.1955138593912 11.082753144204617 4.2
      vertex 111.40170468389988 11.409014523029327 4.2
    endloop
  endfacet
  facet normal 0 0 -1
    outer loop
      vertex 111.1815634071827 11.478147611021996 4.2
      vertex 148.1955138593912 11.082753144204617 4.2
      vertex 111.20287970453501 11.473616689443588 4.2
    endloop
  endfacet
  facet normal 0 0 -1
    outer loop
      vertex 110.9736517816782 11.5 4.2
      vertex 148.33540025353432 11.23811274021864 4.2
      vertex 111.1815634071827 11.478147611021996 4.2
    endloop
  endfacet
  facet normal 0 0 -1
    outer loop
      vertex 111.8609934002161 10.995468996465206 4.2
      vertex 111.73811281472445 11.164599664509296 4.2
      vertex 148 10.473651736974716 4.2
    endloop
  endfacet
  facet normal 0 -1 0
    outer loop
      vertex 150.9736518189311 10.350000001490116 6.2
      vertex 109.05240780860186 10.350000001490116 4.2
      vertex 112 10.350000001490116 4.2
    endloop
  endfacet
  facet normal 0 1 0
    outer loop
      vertex 152.123651817441 11.5 6.2
      vertex 110.9736517816782 11.5 4.2
      vertex 107.90240781009197 11.5 4.2
    endloop
  endfacet
  facet normal 0 1 0
    outer loop
      vertex 107.90240781009197 11.5 6.2
      vertex 152.123651817441 11.5 6.2
      vertex 107.90240781009197 11.5 4.2
    endloop
  endfacet
  facet normal 0 -1 0
    outer loop
      vertex 109.05240780860186 10.350000001490116 6.2
      vertex 109.05240780860186 10.350000001490116 4.2
      vertex 150.9736518189311 10.350000001490116 6.2
    endloop
  endfacet
  facet normal 0 0 1
    outer loop
      vertex 107.90240781009197 11.5 6.2
      vertex 109.05240780860186 10.350000001490116 6.2
      vertex 150.9736518189311 10.350000001490116 6.2
    endloop
  endfacet
  facet normal -0.9135454681677883 -0.4067366194358418 0
    outer loop
      vertex 140.05397550016642 -30.804486006498337 0
      vertex 140.1390065997839 -30.995468996465206 0
      vertex 140.05397550016642 -30.804486006498337 4.2
    endloop
  endfacet
  facet normal -0.9781476265765521 -0.20791156923715903 0
    outer loop
      vertex 140.05397550016642 -30.804486006498337 0
      vertex 140.01051015406847 -30.599997505545616 4.2
      vertex 140.01051015406847 -30.599997505545616 0
    endloop
  endfacet
  facet normal -0.9945218976723393 -0.10452844134592823 0
    outer loop
      vertex 140.01051015406847 -30.599997505545616 0
      vertex 140.00547809153795 -30.552120618522167 4.2
      vertex 140.00547809153795 -30.552120618522167 0
    endloop
  endfacet
  facet normal -0.9986295413215083 -0.05233583093822087 0
    outer loop
      vertex 140.00547809153795 -30.552120618522167 0
      vertex 140 -30.44759215414524 4.2
      vertex 140 -30.44759215414524 0
    endloop
  endfacet
  facet normal -0.5000000993929988 -0.8660253463998565 0
    outer loop
      vertex 140.41724671423435 -31.30448603630066 0
      vertex 140.59829531610012 -31.409014523029327 0
      vertex 140.41724671423435 -31.30448603630066 4.2
    endloop
  endfacet
  facet normal -0.6691306686939863 -0.743144769350588 0
    outer loop
      vertex 140.26188718527555 -31.164599664509296 0
      vertex 140.41724671423435 -31.30448603630066 0
      vertex 140.26188718527555 -31.164599664509296 4.2
    endloop
  endfacet
  facet normal -0.8090170799747453 -0.5877851344744409 0
    outer loop
      vertex 140.26188718527555 -31.164599664509296 0
      vertex 140.1390065997839 -30.995468996465206 4.2
      vertex 140.1390065997839 -30.995468996465206 0
    endloop
  endfacet
  facet normal -0.30901705717794886 -0.9510564958892191 0
    outer loop
      vertex 140.59829531610012 -31.409014523029327 0
      vertex 140.797120295465 -31.47361668944359 0
      vertex 140.59829531610012 -31.409014523029327 4.2
    endloop
  endfacet
  facet normal -0.20791180960647831 -0.9781475754844764 0
    outer loop
      vertex 140.797120295465 -31.47361668944359 0
      vertex 140.8184365928173 -31.478147611021996 0
      vertex 140.797120295465 -31.47361668944359 4.2
    endloop
  endfacet
  facet normal -0.10452844707070427 -0.9945218970706412 0
    outer loop
      vertex 140.8184365928173 -31.478147611021996 0
      vertex 141.0263482183218 -31.5 0
      vertex 140.8184365928173 -31.478147611021996 4.2
    endloop
  endfacet
  facet normal -1 0 0
    outer loop
      vertex 140 -30.44759215414524 0
      vertex 140 -26 4.2
      vertex 140 -26 0
    endloop
  endfacet
  facet normal -0.9135454681677883 -0.4067366194358418 0
    outer loop
      vertex 140.1390065997839 -30.995468996465206 0
      vertex 140.1390065997839 -30.995468996465206 4.2
      vertex 140.05397550016642 -30.804486006498337 4.2
    endloop
  endfacet
  facet normal -0.9781476265765521 -0.20791156923715903 0
    outer loop
      vertex 140.05397550016642 -30.804486006498337 0
      vertex 140.05397550016642 -30.804486006498337 4.2
      vertex 140.01051015406847 -30.599997505545616 4.2
    endloop
  endfacet
  facet normal -0.9945218976723393 -0.10452844134592823 0
    outer loop
      vertex 140.01051015406847 -30.599997505545616 0
      vertex 140.01051015406847 -30.599997505545616 4.2
      vertex 140.00547809153795 -30.552120618522167 4.2
    endloop
  endfacet
  facet normal -0.9986295413215083 -0.05233583093822087 0
    outer loop
      vertex 140.00547809153795 -30.552120618522167 0
      vertex 140.00547809153795 -30.552120618522167 4.2
      vertex 140 -30.44759215414524 4.2
    endloop
  endfacet
  facet normal -1 0 0
    outer loop
      vertex 140 -30.44759215414524 0
      vertex 140 -30.44759215414524 4.2
      vertex 140 -30.350000001490116 4.2
    endloop
  endfacet
  facet normal -1 0 0
    outer loop
      vertex 140 -30.44759215414524 0
      vertex 140 -30.350000001490116 4.2
      vertex 140 -26 4.2
    endloop
  endfacet
  facet normal -0.6691306686939863 -0.743144769350588 0
    outer loop
      vertex 140.41724671423435 -31.30448603630066 0
      vertex 140.41724671423435 -31.30448603630066 4.2
      vertex 140.26188718527555 -31.164599664509296 4.2
    endloop
  endfacet
  facet normal -0.8090170799747453 -0.5877851344744409 0
    outer loop
      vertex 140.26188718527555 -31.164599664509296 0
      vertex 140.26188718527555 -31.164599664509296 4.2
      vertex 140.1390065997839 -30.995468996465206 4.2
    endloop
  endfacet
  facet normal -0.5000000993929988 -0.8660253463998565 0
    outer loop
      vertex 140.59829531610012 -31.409014523029327 0
      vertex 140.59829531610012 -31.409014523029327 4.2
      vertex 140.41724671423435 -31.30448603630066 4.2
    endloop
  endfacet
  facet normal -0.30901705717794886 -0.9510564958892191 0
    outer loop
      vertex 140.797120295465 -31.47361668944359 0
      vertex 140.797120295465 -31.47361668944359 4.2
      vertex 140.59829531610012 -31.409014523029327 4.2
    endloop
  endfacet
  facet normal -0.20791180960647831 -0.9781475754844764 0
    outer loop
      vertex 140.8184365928173 -31.478147611021996 0
      vertex 140.8184365928173 -31.478147611021996 4.2
      vertex 140.797120295465 -31.47361668944359 4.2
    endloop
  endfacet
  facet normal -0.10452844707070427 -0.9945218970706412 0
    outer loop
      vertex 141.0263482183218 -31.5 0
      vertex 141.0263482183218 -31.5 4.2
      vertex 140.8184365928173 -31.478147611021996 4.2
    endloop
  endfacet
  facet normal 0 0 -1
    outer loop
      vertex 140.05397550016642 -30.804486006498337 0
      vertex 146.59759218990803 -26 0
      vertex 140.1390065997839 -30.995468996465206 0
    endloop
  endfacet
  facet normal 0 0 -1
    outer loop
      vertex 140.01051015406847 -30.599997505545616 0
      vertex 140.00547809153795 -30.552120618522167 0
      vertex 146.59759218990803 -26 0
    endloop
  endfacet
  facet normal 0 0 -1
    outer loop
      vertex 140.00547809153795 -30.552120618522167 0
      vertex 140 -30.44759215414524 0
      vertex 146.59759218990803 -26 0
    endloop
  endfacet
  facet normal 0 0 -1
    outer loop
      vertex 140.05397550016642 -30.804486006498337 0
      vertex 140.01051015406847 -30.599997505545616 0
      vertex 146.59759218990803 -26 0
    endloop
  endfacet
  facet normal 0 0 -1
    outer loop
      vertex 140.26188718527555 -31.164599664509296 0
      vertex 146.59759218990803 -26 0
      vertex 140.41724671423435 -31.30448603630066 0
    endloop
  endfacet
  facet normal 0 0 -1
    outer loop
      vertex 140.41724671423435 -31.30448603630066 0
      vertex 146.59759218990803 -26 0
      vertex 140.59829531610012 -31.409014523029327 0
    endloop
  endfacet
  facet normal 0 0 -1
    outer loop
      vertex 140.8184365928173 -31.478147611021996 0
      vertex 146.59759218990803 -26 0
      vertex 141.0263482183218 -31.5 0
    endloop
  endfacet
  facet normal 0 0 -1
    outer loop
      vertex 140.59829531610012 -31.409014523029327 0
      vertex 146.59759218990803 -26 0
      vertex 140.797120295465 -31.47361668944359 0
    endloop
  endfacet
  facet normal 0 0 -1
    outer loop
      vertex 140.797120295465 -31.47361668944359 0
      vertex 146.59759218990803 -26 0
      vertex 140.8184365928173 -31.478147611021996 0
    endloop
  endfacet
  facet normal 0 0 -1
    outer loop
      vertex 140.26188718527555 -31.164599664509296 0
      vertex 140.1390065997839 -30.995468996465206 0
      vertex 146.59759218990803 -26 0
    endloop
  endfacet
  facet normal 0 0 -1
    outer loop
      vertex 140 -30.44759215414524 0
      vertex 140 -26 0
      vertex 146.59759218990803 -26 0
    endloop
  endfacet
  facet normal 0 0 -1
    outer loop
      vertex 141.0263482183218 -31.5 0
      vertex 146.59759218990803 -26 0
      vertex 152.09759218990803 -31.5 0
    endloop
  endfacet
  facet normal 0 -1 0
    outer loop
      vertex 141.0263482183218 -31.5 0
      vertex 152.09759218990803 -31.5 0
      vertex 141.0263482183218 -31.5 4.2
    endloop
  endfacet
  facet normal 0 1 0
    outer loop
      vertex 140 -26 0
      vertex 146.59759218990803 -26 4.2
      vertex 146.59759218990803 -26 0
    endloop
  endfacet
  facet normal -0.05233607425920312 0.9986295285695969 0
    outer loop
      vertex 146.59759218990803 -26 0
      vertex 146.70212087780237 -25.994521871209145 4.2
      vertex 146.70212087780237 -25.994521871209145 0
    endloop
  endfacet
  facet normal -0.10452856959568857 0.9945218841927407 0
    outer loop
      vertex 146.70212087780237 -25.994521871209145 0
      vertex 146.74999756366014 -25.989489823579788 4.2
      vertex 146.74999756366014 -25.989489823579788 0
    endloop
  endfacet
  facet normal -0.20791174780260047 0.978147588621302 0
    outer loop
      vertex 146.74999756366014 -25.989489823579788 0
      vertex 146.9544861614704 -25.946024417877197 4.2
      vertex 146.9544861614704 -25.946024417877197 0
    endloop
  endfacet
  facet normal -0.4067366921644709 0.913545435786915 0
    outer loop
      vertex 146.9544861614704 -25.946024417877197 0
      vertex 147.1454691439867 -25.860993303358555 4.2
      vertex 147.1454691439867 -25.860993303358555 0
    endloop
  endfacet
  facet normal -0.5877852891892689 0.8090169675678549 0
    outer loop
      vertex 147.1454691439867 -25.860993303358555 0
      vertex 147.3145997747779 -25.738112695515156 4.2
      vertex 147.3145997747779 -25.738112695515156 0
    endloop
  endfacet
  facet normal 0 0 -1
    outer loop
      vertex 146.59759218990803 -26 0
      vertex 146.70212087780237 -25.994521871209145 0
      vertex 152.09759218990803 -31.5 0
    endloop
  endfacet
  facet normal 0 0 -1
    outer loop
      vertex 146.70212087780237 -25.994521871209145 0
      vertex 146.74999756366014 -25.989489823579788 0
      vertex 152.09759218990803 -31.5 0
    endloop
  endfacet
  facet normal 0 0 -1
    outer loop
      vertex 146.74999756366014 -25.989489823579788 0
      vertex 146.9544861614704 -25.946024417877197 0
      vertex 152.09759218990803 -31.5 0
    endloop
  endfacet
  facet normal 0 0 -1
    outer loop
      vertex 146.9544861614704 -25.946024417877197 0
      vertex 147.1454691439867 -25.860993303358555 0
      vertex 152.09759218990803 -31.5 0
    endloop
  endfacet
  facet normal 0 0 -1
    outer loop
      vertex 147.1454691439867 -25.860993303358555 0
      vertex 147.3145997747779 -25.738112695515156 0
      vertex 152.09759218990803 -31.5 0
    endloop
  endfacet
  facet normal 0 0 -1
    outer loop
      vertex 147.3145997747779 -25.738112695515156 0
      vertex 147.4544861242175 -25.582753151655197 0
      vertex 152.09759218990803 -31.5 0
    endloop
  endfacet
  facet normal 0 0 -1
    outer loop
      vertex 152.09759218990803 -31.5 0
      vertex 147.4544861242175 -25.582753151655197 0
      vertex 147.55901458114386 -25.401704527437687 0
    endloop
  endfacet
  facet normal 0 0 -1
    outer loop
      vertex 152.09759218990803 -31.5 0
      vertex 147.55901458114386 -25.401704527437687 0
      vertex 152.20212087780237 -31.494521871209145 0
    endloop
  endfacet
  facet normal 0 0 -1
    outer loop
      vertex 152.20212087780237 -31.494521871209145 0
      vertex 147.55901458114386 -25.401704527437687 0
      vertex 152.24999756366014 -31.489489823579788 0
    endloop
  endfacet
  facet normal 0 0 -1
    outer loop
      vertex 152.24999756366014 -31.489489823579788 0
      vertex 147.55901458114386 -25.401704527437687 0
      vertex 152.4544861614704 -31.446024417877197 0
    endloop
  endfacet
  facet normal 0 0 -1
    outer loop
      vertex 152.4544861614704 -31.446024417877197 0
      vertex 147.55901458114386 -25.401704527437687 0
      vertex 152.6454691439867 -31.360993303358555 0
    endloop
  endfacet
  facet normal 0 0 -1
    outer loop
      vertex 152.6454691439867 -31.360993303358555 0
      vertex 147.55901458114386 -25.401704527437687 0
      vertex 152.8145997747779 -31.238112695515156 0
    endloop
  endfacet
  facet normal 0 0 -1
    outer loop
      vertex 152.8145997747779 -31.238112695515156 0
      vertex 147.55901458114386 -25.401704527437687 0
      vertex 152.9544861242175 -31.082753151655197 0
    endloop
  endfacet
  facet normal 0 0 -1
    outer loop
      vertex 152.9544861242175 -31.082753151655197 0
      vertex 147.55901458114386 -25.401704527437687 0
      vertex 153.05901458114386 -30.901704527437687 0
    endloop
  endfacet
  facet normal 0 0 -1
    outer loop
      vertex 153.05901458114386 -30.901704527437687 0
      vertex 147.55901458114386 -25.401704527437687 0
      vertex 153.1236167177558 -30.7028795927763 0
    endloop
  endfacet
  facet normal 0 0 -1
    outer loop
      vertex 153.1236167177558 -30.7028795927763 0
      vertex 147.55901458114386 -25.401704527437687 0
      vertex 153.1281476020813 -30.681563422083855 0
    endloop
  endfacet
  facet normal 0 0 -1
    outer loop
      vertex 153.1281476020813 -30.681563422083855 0
      vertex 147.55901458114386 -25.401704527437687 0
      vertex 153.14999999850988 -30.473651818931103 0
    endloop
  endfacet
  facet normal 0.05233607425920312 -0.9986295285695969 0
    outer loop
      vertex 152.09759218990803 -31.5 0
      vertex 152.20212087780237 -31.494521871209145 0
      vertex 152.09759218990803 -31.5 4.2
    endloop
  endfacet
  facet normal 0.10452856959568857 -0.9945218841927407 0
    outer loop
      vertex 152.20212087780237 -31.494521871209145 0
      vertex 152.24999756366014 -31.489489823579788 0
      vertex 152.20212087780237 -31.494521871209145 4.2
    endloop
  endfacet
  facet normal 0.20791174780260047 -0.978147588621302 0
    outer loop
      vertex 152.24999756366014 -31.489489823579788 0
      vertex 152.4544861614704 -31.446024417877197 0
      vertex 152.24999756366014 -31.489489823579788 4.2
    endloop
  endfacet
  facet normal 0.4067366921644709 -0.913545435786915 0
    outer loop
      vertex 152.4544861614704 -31.446024417877197 0
      vertex 152.6454691439867 -31.360993303358555 0
      vertex 152.4544861614704 -31.446024417877197 4.2
    endloop
  endfacet
  facet normal 0.5877852891892689 -0.8090169675678549 0
    outer loop
      vertex 152.6454691439867 -31.360993303358555 0
      vertex 152.8145997747779 -31.238112695515156 0
      vertex 152.6454691439867 -31.360993303358555 4.2
    endloop
  endfacet
  facet normal 0.7431448544299761 -0.6691305742037571 0
    outer loop
      vertex 152.8145997747779 -31.238112695515156 0
      vertex 152.9544861242175 -31.082753151655197 0
      vertex 152.8145997747779 -31.238112695515156 4.2
    endloop
  endfacet
  facet normal 0.8660254348576757 -0.49999994617957094 0
    outer loop
      vertex 152.9544861242175 -31.082753151655197 0
      vertex 153.05901458114386 -30.901704527437687 0
      vertex 152.9544861242175 -31.082753151655197 4.2
    endloop
  endfacet
  facet normal 0.9510565173660476 -0.30901699107907454 0
    outer loop
      vertex 153.05901458114386 -30.901704527437687 0
      vertex 153.1236167177558 -30.7028795927763 0
      vertex 153.05901458114386 -30.901704527437687 4.2
    endloop
  endfacet
  facet normal 0.9781476718894996 -0.20791135605625777 0
    outer loop
      vertex 153.1236167177558 -30.7028795927763 0
      vertex 153.1281476020813 -30.681563422083855 0
      vertex 153.1236167177558 -30.7028795927763 4.2
    endloop
  endfacet
  facet normal 0.9945218921975596 -0.1045284934349752 0
    outer loop
      vertex 153.1281476020813 -30.681563422083855 0
      vertex 153.14999999850988 -30.473651818931103 0
      vertex 153.1281476020813 -30.681563422083855 4.2
    endloop
  endfacet
  facet normal 1 0 0
    outer loop
      vertex 153.14999999850988 -30.473651818931103 0
      vertex 153.14999999850988 -21.052407786250114 0
      vertex 153.14999999850988 -30.473651818931103 4.2
    endloop
  endfacet
  facet normal 0 0 -1
    outer loop
      vertex 147.55901458114386 -25.401704527437687 0
      vertex 147.6236167177558 -25.2028795927763 0
      vertex 153.14999999850988 -21.052407786250114 0
    endloop
  endfacet
  facet normal 0 0 -1
    outer loop
      vertex 147.6236167177558 -25.2028795927763 0
      vertex 147.6281476020813 -25.181563422083855 0
      vertex 153.14999999850988 -21.052407786250114 0
    endloop
  endfacet
  facet normal 0 0 -1
    outer loop
      vertex 147.6281476020813 -25.181563422083855 0
      vertex 147.64999999850988 -24.973651818931103 0
      vertex 153.14999999850988 -21.052407786250114 0
    endloop
  endfacet
  facet normal 0 0 -1
    outer loop
      vertex 147.64999999850988 -24.973651818931103 0
      vertex 147.64999999850988 -20 0
      vertex 152.12365170568228 -20 0
    endloop
  endfacet
  facet normal 0 0 -1
    outer loop
      vertex 153.14999999850988 -30.473651818931103 0
      vertex 147.55901458114386 -25.401704527437687 0
      vertex 153.14999999850988 -21.052407786250114 0
    endloop
  endfacet
  facet normal 0 0 -1
    outer loop
      vertex 147.64999999850988 -24.973651818931103 0
      vertex 153.14452186971903 -20.94787910580635 0
      vertex 153.14999999850988 -21.052407786250114 0
    endloop
  endfacet
  facet normal 0 0 -1
    outer loop
      vertex 147.64999999850988 -24.973651818931103 0
      vertex 153.13948982208967 -20.900002412497997 0
      vertex 153.14452186971903 -20.94787910580635 0
    endloop
  endfacet
  facet normal 0 0 -1
    outer loop
      vertex 147.64999999850988 -24.973651818931103 0
      vertex 153.09602441638708 -20.69551381468773 0
      vertex 153.13948982208967 -20.900002412497997 0
    endloop
  endfacet
  facet normal 0 0 -1
    outer loop
      vertex 147.64999999850988 -24.973651818931103 0
      vertex 152.12365170568228 -20 0
      vertex 152.33156318217516 -20.02185233682394 0
    endloop
  endfacet
  facet normal 0 0 -1
    outer loop
      vertex 147.64999999850988 -24.973651818931103 0
      vertex 152.33156318217516 -20.02185233682394 0
      vertex 152.35287952423096 -20.026383258402348 0
    endloop
  endfacet
  facet normal 0 0 -1
    outer loop
      vertex 147.64999999850988 -24.973651818931103 0
      vertex 152.35287952423096 -20.026383258402348 0
      vertex 152.55170454084873 -20.090985409915447 0
    endloop
  endfacet
  facet normal 0 0 -1
    outer loop
      vertex 147.64999999850988 -24.973651818931103 0
      vertex 152.55170454084873 -20.090985409915447 0
      vertex 152.73275316506624 -20.195513859391212 0
    endloop
  endfacet
  facet normal 0 0 -1
    outer loop
      vertex 147.64999999850988 -24.973651818931103 0
      vertex 152.73275316506624 -20.195513859391212 0
      vertex 152.88811269402504 -20.335400201380253 0
    endloop
  endfacet
  facet normal 0 0 -1
    outer loop
      vertex 147.64999999850988 -24.973651818931103 0
      vertex 152.88811269402504 -20.335400201380253 0
      vertex 153.01099330186844 -20.50453083217144 0
    endloop
  endfacet
  facet normal 0 0 -1
    outer loop
      vertex 147.64999999850988 -24.973651818931103 0
      vertex 153.01099330186844 -20.50453083217144 0
      vertex 153.09602441638708 -20.69551381468773 0
    endloop
  endfacet
  facet normal -0.7431448544299761 0.6691305742037571 0
    outer loop
      vertex 147.3145997747779 -25.738112695515156 0
      vertex 147.4544861242175 -25.582753151655197 4.2
      vertex 147.4544861242175 -25.582753151655197 0
    endloop
  endfacet
  facet normal -0.8660254348576757 0.49999994617957094 0
    outer loop
      vertex 147.4544861242175 -25.582753151655197 0
      vertex 147.55901458114386 -25.401704527437687 4.2
      vertex 147.55901458114386 -25.401704527437687 0
    endloop
  endfacet
  facet normal -0.9510565173660476 0.30901699107907454 0
    outer loop
      vertex 147.55901458114386 -25.401704527437687 0
      vertex 147.6236167177558 -25.2028795927763 4.2
      vertex 147.6236167177558 -25.2028795927763 0
    endloop
  endfacet
  facet normal -0.9781476718894996 0.20791135605625777 0
    outer loop
      vertex 147.6236167177558 -25.2028795927763 0
      vertex 147.6281476020813 -25.181563422083855 4.2
      vertex 147.6281476020813 -25.181563422083855 0
    endloop
  endfacet
  facet normal -0.9945218921975596 0.1045284934349752 0
    outer loop
      vertex 147.6281476020813 -25.181563422083855 0
      vertex 147.64999999850988 -24.973651818931103 4.2
      vertex 147.64999999850988 -24.973651818931103 0
    endloop
  endfacet
  facet normal -1 0 0
    outer loop
      vertex 147.64999999850988 -24.973651818931103 0
      vertex 147.64999999850988 -20 4.2
      vertex 147.64999999850988 -20 0
    endloop
  endfacet
  facet normal 0.9986295283746297 0.05233607797938864 0
    outer loop
      vertex 153.14999999850988 -21.052407786250114 0
      vertex 153.14452186971903 -20.94787910580635 0
      vertex 153.14999999850988 -21.052407786250114 4.2
    endloop
  endfacet
  facet normal 0.9945218858837669 0.10452855350666579 0
    outer loop
      vertex 153.14452186971903 -20.94787910580635 0
      vertex 153.13948982208967 -20.900002412497997 0
      vertex 153.14452186971903 -20.94787910580635 4.2
    endloop
  endfacet
  facet normal 0.978147588621302 0.20791174780260047 0
    outer loop
      vertex 153.13948982208967 -20.900002412497997 0
      vertex 153.09602441638708 -20.69551381468773 0
      vertex 153.13948982208967 -20.900002412497997 4.2
    endloop
  endfacet
  facet normal 0 1 0
    outer loop
      vertex 140 -26 0
      vertex 140 -26 4.2
      vertex 146.59759218990803 -26 4.2
    endloop
  endfacet
  facet normal -0.05233607425920312 0.9986295285695969 0
    outer loop
      vertex 146.59759218990803 -26 0
      vertex 146.59759218990803 -26 4.2
      vertex 146.70212087780237 -25.994521871209145 4.2
    endloop
  endfacet
  facet normal -0.10452856959568857 0.9945218841927407 0
    outer loop
      vertex 146.70212087780237 -25.994521871209145 0
      vertex 146.70212087780237 -25.994521871209145 4.2
      vertex 146.74999756366014 -25.989489823579788 4.2
    endloop
  endfacet
  facet normal -0.20791174780260047 0.978147588621302 0
    outer loop
      vertex 146.74999756366014 -25.989489823579788 0
      vertex 146.74999756366014 -25.989489823579788 4.2
      vertex 146.9544861614704 -25.946024417877197 4.2
    endloop
  endfacet
  facet normal -0.4067366921644709 0.913545435786915 0
    outer loop
      vertex 146.9544861614704 -25.946024417877197 0
      vertex 146.9544861614704 -25.946024417877197 4.2
      vertex 147.1454691439867 -25.860993303358555 4.2
    endloop
  endfacet
  facet normal -0.5877852891892689 0.8090169675678549 0
    outer loop
      vertex 147.1454691439867 -25.860993303358555 0
      vertex 147.1454691439867 -25.860993303358555 4.2
      vertex 147.3145997747779 -25.738112695515156 4.2
    endloop
  endfacet
  facet normal -0.7431448544299761 0.6691305742037571 0
    outer loop
      vertex 147.3145997747779 -25.738112695515156 0
      vertex 147.3145997747779 -25.738112695515156 4.2
      vertex 147.4544861242175 -25.582753151655197 4.2
    endloop
  endfacet
  facet normal 0 -1 0
    outer loop
      vertex 152.09759218990803 -31.5 0
      vertex 152.09759218990803 -31.5 4.2
      vertex 141.0263482183218 -31.5 4.2
    endloop
  endfacet
  facet normal 0.05233607425920312 -0.9986295285695969 0
    outer loop
      vertex 152.20212087780237 -31.494521871209145 0
      vertex 152.20212087780237 -31.494521871209145 4.2
      vertex 152.09759218990803 -31.5 4.2
    endloop
  endfacet
  facet normal 0.10452856959568857 -0.9945218841927407 0
    outer loop
      vertex 152.24999756366014 -31.489489823579788 0
      vertex 152.24999756366014 -31.489489823579788 4.2
      vertex 152.20212087780237 -31.494521871209145 4.2
    endloop
  endfacet
  facet normal 0.20791174780260047 -0.978147588621302 0
    outer loop
      vertex 152.4544861614704 -31.446024417877197 0
      vertex 152.4544861614704 -31.446024417877197 4.2
      vertex 152.24999756366014 -31.489489823579788 4.2
    endloop
  endfacet
  facet normal 0.4067366921644709 -0.913545435786915 0
    outer loop
      vertex 152.6454691439867 -31.360993303358555 0
      vertex 152.6454691439867 -31.360993303358555 4.2
      vertex 152.4544861614704 -31.446024417877197 4.2
    endloop
  endfacet
  facet normal 0.5877852891892689 -0.8090169675678549 0
    outer loop
      vertex 152.8145997747779 -31.238112695515156 0
      vertex 152.8145997747779 -31.238112695515156 4.2
      vertex 152.6454691439867 -31.360993303358555 4.2
    endloop
  endfacet
  facet normal 0.7431448544299761 -0.6691305742037571 0
    outer loop
      vertex 152.9544861242175 -31.082753151655197 0
      vertex 152.9544861242175 -31.082753151655197 4.2
      vertex 152.8145997747779 -31.238112695515156 4.2
    endloop
  endfacet
  facet normal 0.8660254348576757 -0.49999994617957094 0
    outer loop
      vertex 153.05901458114386 -30.901704527437687 0
      vertex 153.05901458114386 -30.901704527437687 4.2
      vertex 152.9544861242175 -31.082753151655197 4.2
    endloop
  endfacet
  facet normal 0.9510565173660476 -0.30901699107907454 0
    outer loop
      vertex 153.1236167177558 -30.7028795927763 0
      vertex 153.1236167177558 -30.7028795927763 4.2
      vertex 153.05901458114386 -30.901704527437687 4.2
    endloop
  endfacet
  facet normal 0.9781476718894996 -0.20791135605625777 0
    outer loop
      vertex 153.1281476020813 -30.681563422083855 0
      vertex 153.1281476020813 -30.681563422083855 4.2
      vertex 153.1236167177558 -30.7028795927763 4.2
    endloop
  endfacet
  facet normal 0.9945218921975596 -0.1045284934349752 0
    outer loop
      vertex 153.14999999850988 -30.473651818931103 0
      vertex 153.14999999850988 -30.473651818931103 4.2
      vertex 153.1281476020813 -30.681563422083855 4.2
    endloop
  endfacet
  facet normal -0.8660254348576757 0.49999994617957094 0
    outer loop
      vertex 147.4544861242175 -25.582753151655197 0
      vertex 147.4544861242175 -25.582753151655197 4.2
      vertex 147.55901458114386 -25.401704527437687 4.2
    endloop
  endfacet
  facet normal -0.9510565173660476 0.30901699107907454 0
    outer loop
      vertex 147.55901458114386 -25.401704527437687 0
      vertex 147.55901458114386 -25.401704527437687 4.2
      vertex 147.6236167177558 -25.2028795927763 4.2
    endloop
  endfacet
  facet normal -0.9781476718894996 0.20791135605625777 0
    outer loop
      vertex 147.6236167177558 -25.2028795927763 0
      vertex 147.6236167177558 -25.2028795927763 4.2
      vertex 147.6281476020813 -25.181563422083855 4.2
    endloop
  endfacet
  facet normal -0.9945218921975596 0.1045284934349752 0
    outer loop
      vertex 147.6281476020813 -25.181563422083855 0
      vertex 147.6281476020813 -25.181563422083855 4.2
      vertex 147.64999999850988 -24.973651818931103 4.2
    endloop
  endfacet
  facet normal -1 0 0
    outer loop
      vertex 147.64999999850988 -24.973651818931103 0
      vertex 147.64999999850988 -24.973651818931103 4.2
      vertex 147.64999999850988 -20 4.2
    endloop
  endfacet
  facet normal 1 0 0
    outer loop
      vertex 153.14999999850988 -21.052407786250114 0
      vertex 153.14999999850988 -21.052407786250114 4.2
      vertex 153.14999999850988 -30.473651818931103 4.2
    endloop
  endfacet
  facet normal 0.9986295283746297 0.05233607797938864 0
    outer loop
      vertex 153.14452186971903 -20.94787910580635 0
      vertex 153.14452186971903 -20.94787910580635 4.2
      vertex 153.14999999850988 -21.052407786250114 4.2
    endloop
  endfacet
  facet normal 0.9945218858837669 0.10452855350666579 0
    outer loop
      vertex 153.13948982208967 -20.900002412497997 0
      vertex 153.13948982208967 -20.900002412497997 4.2
      vertex 153.14452186971903 -20.94787910580635 4.2
    endloop
  endfacet
  facet normal 0.978147588621302 0.20791174780260047 0
    outer loop
      vertex 153.09602441638708 -20.69551381468773 0
      vertex 153.09602441638708 -20.69551381468773 4.2
      vertex 153.13948982208967 -20.900002412497997 4.2
    endloop
  endfacet
  facet normal 0 1 0
    outer loop
      vertex 147.64999999850988 -20 0
      vertex 152.12365170568228 -20 4.2
      vertex 152.12365170568228 -20 0
    endloop
  endfacet
  facet normal 0.10452827442093002 0.9945219152168456 0
    outer loop
      vertex 152.12365170568228 -20 0
      vertex 152.33156318217516 -20.02185233682394 4.2
      vertex 152.33156318217516 -20.02185233682394 0
    endloop
  endfacet
  facet normal 0.2079113924330198 0.9781476641573924 0
    outer loop
      vertex 152.33156318217516 -20.02185233682394 0
      vertex 152.35287952423096 -20.026383258402348 4.2
      vertex 152.35287952423096 -20.026383258402348 0
    endloop
  endfacet
  facet normal 0.4999999194503167 0.866025450289815 0
    outer loop
      vertex 152.55170454084873 -20.090985409915447 0
      vertex 152.73275316506624 -20.195513859391212 4.2
      vertex 152.73275316506624 -20.195513859391212 0
    endloop
  endfacet
  facet normal 0.913545435786915 0.4067366921644709 0
    outer loop
      vertex 153.09602441638708 -20.69551381468773 0
      vertex 153.01099330186844 -20.50453083217144 0
      vertex 153.09602441638708 -20.69551381468773 4.2
    endloop
  endfacet
  facet normal 0.8090169675678549 0.5877852891892689 0
    outer loop
      vertex 153.01099330186844 -20.50453083217144 0
      vertex 152.88811269402504 -20.335400201380253 0
      vertex 153.01099330186844 -20.50453083217144 4.2
    endloop
  endfacet
  facet normal 0.6691305899653824 0.743144840238146 0
    outer loop
      vertex 152.73275316506624 -20.195513859391212 0
      vertex 152.88811269402504 -20.335400201380253 4.2
      vertex 152.88811269402504 -20.335400201380253 0
    endloop
  endfacet
  facet normal 0.3090169403362098 0.951056533853402 0
    outer loop
      vertex 152.35287952423096 -20.026383258402348 0
      vertex 152.55170454084873 -20.090985409915447 4.2
      vertex 152.55170454084873 -20.090985409915447 0
    endloop
  endfacet
  facet normal 0 1 0
    outer loop
      vertex 147.64999999850988 -20 0
      vertex 147.64999999850988 -20 4.2
      vertex 152 -20 4.2
    endloop
  endfacet
  facet normal 0 1 0
    outer loop
      vertex 147.64999999850988 -20 0
      vertex 152 -20 4.2
      vertex 152.12365170568228 -20 4.2
    endloop
  endfacet
  facet normal 0.10452827442093002 0.9945219152168456 0
    outer loop
      vertex 152.12365170568228 -20 0
      vertex 152.12365170568228 -20 4.2
      vertex 152.33156318217516 -20.02185233682394 4.2
    endloop
  endfacet
  facet normal 0.2079113924330198 0.9781476641573924 0
    outer loop
      vertex 152.33156318217516 -20.02185233682394 0
      vertex 152.33156318217516 -20.02185233682394 4.2
      vertex 152.35287952423096 -20.026383258402348 4.2
    endloop
  endfacet
  facet normal 0.3090169403362098 0.951056533853402 0
    outer loop
      vertex 152.35287952423096 -20.026383258402348 0
      vertex 152.35287952423096 -20.026383258402348 4.2
      vertex 152.55170454084873 -20.090985409915447 4.2
    endloop
  endfacet
  facet normal 0.4999999194503167 0.866025450289815 0
    outer loop
      vertex 152.55170454084873 -20.090985409915447 0
      vertex 152.55170454084873 -20.090985409915447 4.2
      vertex 152.73275316506624 -20.195513859391212 4.2
    endloop
  endfacet
  facet normal 0.6691305899653824 0.743144840238146 0
    outer loop
      vertex 152.73275316506624 -20.195513859391212 0
      vertex 152.73275316506624 -20.195513859391212 4.2
      vertex 152.88811269402504 -20.335400201380253 4.2
    endloop
  endfacet
  facet normal 0.913545435786915 0.4067366921644709 0
    outer loop
      vertex 153.01099330186844 -20.50453083217144 0
      vertex 153.01099330186844 -20.50453083217144 4.2
      vertex 153.09602441638708 -20.69551381468773 4.2
    endloop
  endfacet
  facet normal 0.8090169675678549 0.5877852891892689 0
    outer loop
      vertex 152.88811269402504 -20.335400201380253 0
      vertex 152.88811269402504 -20.335400201380253 4.2
      vertex 153.01099330186844 -20.50453083217144 4.2
    endloop
  endfacet
  facet normal 0 0 -1
    outer loop
      vertex 119.66459974646568 -31.23811274021864 4.2
      vertex 140.41724671423435 -31.30448603630066 4.2
      vertex 140.59829531610012 -31.409014523029327 4.2
    endloop
  endfacet
  facet normal 0 0 -1
    outer loop
      vertex 119.90901460498571 -30.901704512536526 4.2
      vertex 140.26188718527555 -31.164599664509296 4.2
      vertex 140.41724671423435 -31.30448603630066 4.2
    endloop
  endfacet
  facet normal 0 0 -1
    outer loop
      vertex 140.26188718527555 -31.164599664509296 4.2
      vertex 119.97814767807722 -30.681563138961792 4.2
      vertex 140.1390065997839 -30.995468996465206 4.2
    endloop
  endfacet
  facet normal 0 0 -1
    outer loop
      vertex 140.05397550016642 -30.804486006498337 4.2
      vertex 140.1390065997839 -30.995468996465206 4.2
      vertex 119.97814767807722 -30.681563138961792 4.2
    endloop
  endfacet
  facet normal 0 0 -1
    outer loop
      vertex 140.05397550016642 -30.804486006498337 4.2
      vertex 119.97814767807722 -30.681563138961792 4.2
      vertex 140.01051015406847 -30.599997505545616 4.2
    endloop
  endfacet
  facet normal 0 0 -1
    outer loop
      vertex 120 -30.473651736974716 4.2
      vertex 140.00547809153795 -30.552120618522167 4.2
      vertex 140.01051015406847 -30.599997505545616 4.2
    endloop
  endfacet
  facet normal 0 0 -1
    outer loop
      vertex 120 -30.473651736974716 4.2
      vertex 140 -30.44759215414524 4.2
      vertex 140.00547809153795 -30.552120618522167 4.2
    endloop
  endfacet
  facet normal 0 0 -1
    outer loop
      vertex 140 -30.44759215414524 4.2
      vertex 120 -30.350000001490116 4.2
      vertex 140 -30.350000001490116 4.2
    endloop
  endfacet
  facet normal 0 0 -1
    outer loop
      vertex 119.49546918272972 -31.360993295907974 4.2
      vertex 140.797120295465 -31.47361668944359 4.2
      vertex 140.8184365928173 -31.478147611021996 4.2
    endloop
  endfacet
  facet normal 0 0 -1
    outer loop
      vertex 119.49546918272972 -31.360993295907974 4.2
      vertex 140.59829531610012 -31.409014523029327 4.2
      vertex 140.797120295465 -31.47361668944359 4.2
    endloop
  endfacet
  facet normal 0 0 -1
    outer loop
      vertex 119.30448616296053 -31.44602443277836 4.2
      vertex 140.8184365928173 -31.478147611021996 4.2
      vertex 141.0263482183218 -31.5 4.2
    endloop
  endfacet
  facet normal 0 1 0
    outer loop
      vertex 109.0263481810689 -30.350000001490116 6.2
      vertex 150.94759219139814 -30.350000001490116 4.2
      vertex 140 -30.350000001490116 4.2
    endloop
  endfacet
  facet normal 0 -1 0
    outer loop
      vertex 107.87634818255901 -31.5 6.2
      vertex 141.0263482183218 -31.5 4.2
      vertex 152.09759218990803 -31.5 4.2
    endloop
  endfacet
  facet normal 0 1 0
    outer loop
      vertex 109.0263481810689 -30.350000001490116 6.2
      vertex 150.94759219139814 -30.350000001490116 6.2
      vertex 150.94759219139814 -30.350000001490116 4.2
    endloop
  endfacet
  facet normal 0 -1 0
    outer loop
      vertex 107.87634818255901 -31.5 6.2
      vertex 152.09759218990803 -31.5 4.2
      vertex 152.09759218990803 -31.5 6.2
    endloop
  endfacet
  facet normal 0 0 1
    outer loop
      vertex 109.0263481810689 -30.350000001490116 6.2
      vertex 152.09759218990803 -31.5 6.2
      vertex 150.94759219139814 -30.350000001490116 6.2
    endloop
  endfacet
  facet normal 0 0 1
    outer loop
      vertex 140 -26 4.2
      vertex 140 -30.350000001490116 4.2
      vertex 150.94759219139814 -30.350000001490116 4.2
    endloop
  endfacet
  facet normal 0 0 1
    outer loop
      vertex 140 -26 4.2
      vertex 150.94759219139814 -30.350000001490116 4.2
      vertex 146.59759218990803 -26 4.2
    endloop
  endfacet
  facet normal 0 0 1
    outer loop
      vertex 146.70212087780237 -25.994521871209145 4.2
      vertex 150.94759219139814 -30.350000001490116 4.2
      vertex 151.0521208792925 -30.34452187269926 4.2
    endloop
  endfacet
  facet normal 0 0 1
    outer loop
      vertex 147.1454691439867 -25.860993303358555 4.2
      vertex 151.0521208792925 -30.34452187269926 4.2
      vertex 151.09999756515026 -30.339489825069904 4.2
    endloop
  endfacet
  facet normal 0 0 1
    outer loop
      vertex 146.59759218990803 -26 4.2
      vertex 150.94759219139814 -30.350000001490116 4.2
      vertex 146.70212087780237 -25.994521871209145 4.2
    endloop
  endfacet
  facet normal 0 0 1
    outer loop
      vertex 146.70212087780237 -25.994521871209145 4.2
      vertex 151.0521208792925 -30.34452187269926 4.2
      vertex 146.74999756366014 -25.989489823579788 4.2
    endloop
  endfacet
  facet normal 0 0 1
    outer loop
      vertex 146.74999756366014 -25.989489823579788 4.2
      vertex 151.0521208792925 -30.34452187269926 4.2
      vertex 146.9544861614704 -25.946024417877197 4.2
    endloop
  endfacet
  facet normal 0 0 1
    outer loop
      vertex 146.9544861614704 -25.946024417877197 4.2
      vertex 151.0521208792925 -30.34452187269926 4.2
      vertex 147.1454691439867 -25.860993303358555 4.2
    endloop
  endfacet
  facet normal 0 0 1
    outer loop
      vertex 147.1454691439867 -25.860993303358555 4.2
      vertex 151.09999756515026 -30.339489825069904 4.2
      vertex 147.3145997747779 -25.738112695515156 4.2
    endloop
  endfacet
  facet normal 0 0 1
    outer loop
      vertex 147.3145997747779 -25.738112695515156 4.2
      vertex 151.30448616296053 -30.296024419367313 4.2
      vertex 147.4544861242175 -25.582753151655197 4.2
    endloop
  endfacet
  facet normal 0 0 1
    outer loop
      vertex 147.4544861242175 -25.582753151655197 4.2
      vertex 151.30448616296053 -30.296024419367313 4.2
      vertex 147.55901458114386 -25.401704527437687 4.2
    endloop
  endfacet
  facet normal 0 0 1
    outer loop
      vertex 147.3145997747779 -25.738112695515156 4.2
      vertex 151.09999756515026 -30.339489825069904 4.2
      vertex 151.30448616296053 -30.296024419367313 4.2
    endloop
  endfacet
  facet normal 0 0 1
    outer loop
      vertex 147.55901458114386 -25.401704527437687 4.2
      vertex 151.30448616296053 -30.296024419367313 4.2
      vertex 151.49546914547682 -30.21099330484867 4.2
    endloop
  endfacet
  facet normal 0 0 1
    outer loop
      vertex 147.55901458114386 -25.401704527437687 4.2
      vertex 151.49546914547682 -30.21099330484867 4.2
      vertex 151.664599776268 -30.088112697005272 4.2
    endloop
  endfacet
  facet normal 0 0 1
    outer loop
      vertex 147.55901458114386 -25.401704527437687 4.2
      vertex 151.664599776268 -30.088112697005272 4.2
      vertex 151.80448612570763 -29.932753153145313 4.2
    endloop
  endfacet
  facet normal 0 0 1
    outer loop
      vertex 147.55901458114386 -25.401704527437687 4.2
      vertex 151.80448612570763 -29.932753153145313 4.2
      vertex 151.90901458263397 -29.751704528927803 4.2
    endloop
  endfacet
  facet normal 0 0 1
    outer loop
      vertex 147.55901458114386 -25.401704527437687 4.2
      vertex 151.90901458263397 -29.751704528927803 4.2
      vertex 151.9736167192459 -29.552879594266415 4.2
    endloop
  endfacet
  facet normal 0 0 1
    outer loop
      vertex 147.55901458114386 -25.401704527437687 4.2
      vertex 151.9736167192459 -29.552879594266415 4.2
      vertex 151.97814760357141 -29.53156342357397 4.2
    endloop
  endfacet
  facet normal 0 0 1
    outer loop
      vertex 147.55901458114386 -25.401704527437687 4.2
      vertex 151.97814760357141 -29.53156342357397 4.2
      vertex 152 -29.32365182042122 4.2
    endloop
  endfacet
  facet normal 0 0 1
    outer loop
      vertex 147.55901458114386 -25.401704527437687 4.2
      vertex 152 -20 4.2
      vertex 147.6236167177558 -25.2028795927763 4.2
    endloop
  endfacet
  facet normal 0 0 1
    outer loop
      vertex 147.6236167177558 -25.2028795927763 4.2
      vertex 152 -20 4.2
      vertex 147.6281476020813 -25.181563422083855 4.2
    endloop
  endfacet
  facet normal 0 0 1
    outer loop
      vertex 147.6281476020813 -25.181563422083855 4.2
      vertex 152 -20 4.2
      vertex 147.64999999850988 -24.973651818931103 4.2
    endloop
  endfacet
  facet normal 0 0 1
    outer loop
      vertex 147.64999999850988 -24.973651818931103 4.2
      vertex 152 -20 4.2
      vertex 147.64999999850988 -20 4.2
    endloop
  endfacet
  facet normal 0 0 1
    outer loop
      vertex 147.55901458114386 -25.401704527437687 4.2
      vertex 152 -29.32365182042122 4.2
      vertex 152 -20 4.2
    endloop
  endfacet
  facet normal -0.05233607425920312 0.9986295285695969 0
    outer loop
      vertex 150.94759219139814 -30.350000001490116 6.2
      vertex 151.0521208792925 -30.34452187269926 4.2
      vertex 150.94759219139814 -30.350000001490116 4.2
    endloop
  endfacet
  facet normal -0.10452856959568857 0.9945218841927408 0
    outer loop
      vertex 151.0521208792925 -30.34452187269926 6.2
      vertex 151.09999756515026 -30.339489825069904 4.2
      vertex 151.0521208792925 -30.34452187269926 4.2
    endloop
  endfacet
  facet normal -0.20791174780260047 0.978147588621302 0
    outer loop
      vertex 151.09999756515026 -30.339489825069904 6.2
      vertex 151.30448616296053 -30.296024419367313 4.2
      vertex 151.09999756515026 -30.339489825069904 4.2
    endloop
  endfacet
  facet normal -0.4067366921644709 0.913545435786915 0
    outer loop
      vertex 151.30448616296053 -30.296024419367313 6.2
      vertex 151.49546914547682 -30.21099330484867 4.2
      vertex 151.30448616296053 -30.296024419367313 4.2
    endloop
  endfacet
  facet normal -0.5877852891892688 0.8090169675678549 0
    outer loop
      vertex 151.49546914547682 -30.21099330484867 6.2
      vertex 151.664599776268 -30.088112697005272 4.2
      vertex 151.49546914547682 -30.21099330484867 4.2
    endloop
  endfacet
  facet normal 0.05233607425920312 -0.9986295285695969 0
    outer loop
      vertex 152.09759218990803 -31.5 6.2
      vertex 152.09759218990803 -31.5 4.2
      vertex 152.20212087780237 -31.494521871209145 4.2
    endloop
  endfacet
  facet normal 0.10452856959568857 -0.9945218841927408 0
    outer loop
      vertex 152.20212087780237 -31.494521871209145 6.2
      vertex 152.20212087780237 -31.494521871209145 4.2
      vertex 152.24999756366014 -31.489489823579788 4.2
    endloop
  endfacet
  facet normal 0.20791174780260047 -0.978147588621302 0
    outer loop
      vertex 152.24999756366014 -31.489489823579788 6.2
      vertex 152.24999756366014 -31.489489823579788 4.2
      vertex 152.4544861614704 -31.446024417877197 4.2
    endloop
  endfacet
  facet normal 0.4067366921644709 -0.913545435786915 0
    outer loop
      vertex 152.4544861614704 -31.446024417877197 6.2
      vertex 152.4544861614704 -31.446024417877197 4.2
      vertex 152.6454691439867 -31.360993303358555 4.2
    endloop
  endfacet
  facet normal 0.5877852891892688 -0.8090169675678549 0
    outer loop
      vertex 152.6454691439867 -31.360993303358555 6.2
      vertex 152.6454691439867 -31.360993303358555 4.2
      vertex 152.8145997747779 -31.238112695515156 4.2
    endloop
  endfacet
  facet normal 0.7431448544299761 -0.669130574203757 0
    outer loop
      vertex 152.8145997747779 -31.238112695515156 6.2
      vertex 152.8145997747779 -31.238112695515156 4.2
      vertex 152.9544861242175 -31.082753151655197 4.2
    endloop
  endfacet
  facet normal 0.8660254348576757 -0.4999999461795709 0
    outer loop
      vertex 152.9544861242175 -31.082753151655197 6.2
      vertex 152.9544861242175 -31.082753151655197 4.2
      vertex 153.05901458114386 -30.901704527437687 4.2
    endloop
  endfacet
  facet normal 0.9510565173660476 -0.30901699107907454 0
    outer loop
      vertex 153.05901458114386 -30.901704527437687 6.2
      vertex 153.05901458114386 -30.901704527437687 4.2
      vertex 153.1236167177558 -30.7028795927763 4.2
    endloop
  endfacet
  facet normal 0.9781476718894996 -0.20791135605625777 0
    outer loop
      vertex 153.1236167177558 -30.7028795927763 6.2
      vertex 153.1236167177558 -30.7028795927763 4.2
      vertex 153.1281476020813 -30.681563422083855 4.2
    endloop
  endfacet
  facet normal 0.9945218921975596 -0.10452849343497521 0
    outer loop
      vertex 153.14999999850988 -30.473651818931103 4.2
      vertex 153.1281476020813 -30.681563422083855 6.2
      vertex 153.1281476020813 -30.681563422083855 4.2
    endloop
  endfacet
  facet normal -0.7431448544299761 0.669130574203757 0
    outer loop
      vertex 151.664599776268 -30.088112697005272 6.2
      vertex 151.80448612570763 -29.932753153145313 4.2
      vertex 151.664599776268 -30.088112697005272 4.2
    endloop
  endfacet
  facet normal -0.8660254348576757 0.4999999461795709 0
    outer loop
      vertex 151.80448612570763 -29.932753153145313 6.2
      vertex 151.90901458263397 -29.751704528927803 4.2
      vertex 151.80448612570763 -29.932753153145313 4.2
    endloop
  endfacet
  facet normal -0.9510565173660476 0.30901699107907454 0
    outer loop
      vertex 151.90901458263397 -29.751704528927803 6.2
      vertex 151.9736167192459 -29.552879594266415 4.2
      vertex 151.90901458263397 -29.751704528927803 4.2
    endloop
  endfacet
  facet normal -0.9781476718894996 0.20791135605625777 0
    outer loop
      vertex 151.9736167192459 -29.552879594266415 6.2
      vertex 151.97814760357141 -29.53156342357397 4.2
      vertex 151.9736167192459 -29.552879594266415 4.2
    endloop
  endfacet
  facet normal -0.9945218921975596 0.10452849343497521 0
    outer loop
      vertex 151.97814760357141 -29.53156342357397 6.2
      vertex 152 -29.32365182042122 4.2
      vertex 151.97814760357141 -29.53156342357397 4.2
    endloop
  endfacet
  facet normal -1 0 0
    outer loop
      vertex 152 -29.32365182042122 6.2
      vertex 152 -20 4.2
      vertex 152 -29.32365182042122 4.2
    endloop
  endfacet
  facet normal 1 0 0
    outer loop
      vertex 153.14999999850988 -30.473651818931103 4.2
      vertex 153.14999999850988 -21.052407786250114 4.2
      vertex 153.14999999850988 -30.473651818931103 6.2
    endloop
  endfacet
  facet normal -0.05233607425920312 0.9986295285695969 0
    outer loop
      vertex 150.94759219139814 -30.350000001490116 6.2
      vertex 151.0521208792925 -30.34452187269926 6.2
      vertex 151.0521208792925 -30.34452187269926 4.2
    endloop
  endfacet
  facet normal -0.10452856959568857 0.9945218841927408 0
    outer loop
      vertex 151.0521208792925 -30.34452187269926 6.2
      vertex 151.09999756515026 -30.339489825069904 6.2
      vertex 151.09999756515026 -30.339489825069904 4.2
    endloop
  endfacet
  facet normal -0.20791174780260047 0.978147588621302 0
    outer loop
      vertex 151.09999756515026 -30.339489825069904 6.2
      vertex 151.30448616296053 -30.296024419367313 6.2
      vertex 151.30448616296053 -30.296024419367313 4.2
    endloop
  endfacet
  facet normal -0.4067366921644709 0.913545435786915 0
    outer loop
      vertex 151.30448616296053 -30.296024419367313 6.2
      vertex 151.49546914547682 -30.21099330484867 6.2
      vertex 151.49546914547682 -30.21099330484867 4.2
    endloop
  endfacet
  facet normal -0.5877852891892688 0.8090169675678549 0
    outer loop
      vertex 151.49546914547682 -30.21099330484867 6.2
      vertex 151.664599776268 -30.088112697005272 6.2
      vertex 151.664599776268 -30.088112697005272 4.2
    endloop
  endfacet
  facet normal 0.05233607425920312 -0.9986295285695969 0
    outer loop
      vertex 152.09759218990803 -31.5 6.2
      vertex 152.20212087780237 -31.494521871209145 4.2
      vertex 152.20212087780237 -31.494521871209145 6.2
    endloop
  endfacet
  facet normal 0.10452856959568857 -0.9945218841927408 0
    outer loop
      vertex 152.20212087780237 -31.494521871209145 6.2
      vertex 152.24999756366014 -31.489489823579788 4.2
      vertex 152.24999756366014 -31.489489823579788 6.2
    endloop
  endfacet
  facet normal 0.20791174780260047 -0.978147588621302 0
    outer loop
      vertex 152.24999756366014 -31.489489823579788 6.2
      vertex 152.4544861614704 -31.446024417877197 4.2
      vertex 152.4544861614704 -31.446024417877197 6.2
    endloop
  endfacet
  facet normal 0.4067366921644709 -0.913545435786915 0
    outer loop
      vertex 152.4544861614704 -31.446024417877197 6.2
      vertex 152.6454691439867 -31.360993303358555 4.2
      vertex 152.6454691439867 -31.360993303358555 6.2
    endloop
  endfacet
  facet normal 0.5877852891892688 -0.8090169675678549 0
    outer loop
      vertex 152.6454691439867 -31.360993303358555 6.2
      vertex 152.8145997747779 -31.238112695515156 4.2
      vertex 152.8145997747779 -31.238112695515156 6.2
    endloop
  endfacet
  facet normal 0.7431448544299761 -0.669130574203757 0
    outer loop
      vertex 152.8145997747779 -31.238112695515156 6.2
      vertex 152.9544861242175 -31.082753151655197 4.2
      vertex 152.9544861242175 -31.082753151655197 6.2
    endloop
  endfacet
  facet normal 0.8660254348576757 -0.4999999461795709 0
    outer loop
      vertex 152.9544861242175 -31.082753151655197 6.2
      vertex 153.05901458114386 -30.901704527437687 4.2
      vertex 153.05901458114386 -30.901704527437687 6.2
    endloop
  endfacet
  facet normal 0.9510565173660476 -0.30901699107907454 0
    outer loop
      vertex 153.05901458114386 -30.901704527437687 6.2
      vertex 153.1236167177558 -30.7028795927763 4.2
      vertex 153.1236167177558 -30.7028795927763 6.2
    endloop
  endfacet
  facet normal 0.9781476718894996 -0.20791135605625777 0
    outer loop
      vertex 153.1236167177558 -30.7028795927763 6.2
      vertex 153.1281476020813 -30.681563422083855 4.2
      vertex 153.1281476020813 -30.681563422083855 6.2
    endloop
  endfacet
  facet normal 0.9945218921975596 -0.10452849343497521 0
    outer loop
      vertex 153.14999999850988 -30.473651818931103 4.2
      vertex 153.14999999850988 -30.473651818931103 6.2
      vertex 153.1281476020813 -30.681563422083855 6.2
    endloop
  endfacet
  facet normal -0.7431448544299761 0.669130574203757 0
    outer loop
      vertex 151.664599776268 -30.088112697005272 6.2
      vertex 151.80448612570763 -29.932753153145313 6.2
      vertex 151.80448612570763 -29.932753153145313 4.2
    endloop
  endfacet
  facet normal -0.8660254348576757 0.4999999461795709 0
    outer loop
      vertex 151.80448612570763 -29.932753153145313 6.2
      vertex 151.90901458263397 -29.751704528927803 6.2
      vertex 151.90901458263397 -29.751704528927803 4.2
    endloop
  endfacet
  facet normal -0.9510565173660476 0.30901699107907454 0
    outer loop
      vertex 151.90901458263397 -29.751704528927803 6.2
      vertex 151.9736167192459 -29.552879594266415 6.2
      vertex 151.9736167192459 -29.552879594266415 4.2
    endloop
  endfacet
  facet normal -0.9781476718894996 0.20791135605625777 0
    outer loop
      vertex 151.9736167192459 -29.552879594266415 6.2
      vertex 151.97814760357141 -29.53156342357397 6.2
      vertex 151.97814760357141 -29.53156342357397 4.2
    endloop
  endfacet
  facet normal -0.9945218921975596 0.10452849343497521 0
    outer loop
      vertex 151.97814760357141 -29.53156342357397 6.2
      vertex 152 -29.32365182042122 6.2
      vertex 152 -29.32365182042122 4.2
    endloop
  endfacet
  facet normal 0 0 1
    outer loop
      vertex 150.94759219139814 -30.350000001490116 6.2
      vertex 152.09759218990803 -31.5 6.2
      vertex 151.0521208792925 -30.34452187269926 6.2
    endloop
  endfacet
  facet normal 0 0 1
    outer loop
      vertex 151.0521208792925 -30.34452187269926 6.2
      vertex 152.09759218990803 -31.5 6.2
      vertex 151.09999756515026 -30.339489825069904 6.2
    endloop
  endfacet
  facet normal 0 0 1
    outer loop
      vertex 151.09999756515026 -30.339489825069904 6.2
      vertex 152.09759218990803 -31.5 6.2
      vertex 151.30448616296053 -30.296024419367313 6.2
    endloop
  endfacet
  facet normal 0 0 1
    outer loop
      vertex 151.30448616296053 -30.296024419367313 6.2
      vertex 152.09759218990803 -31.5 6.2
      vertex 151.49546914547682 -30.21099330484867 6.2
    endloop
  endfacet
  facet normal 0 0 1
    outer loop
      vertex 151.664599776268 -30.088112697005272 6.2
      vertex 152.09759218990803 -31.5 6.2
      vertex 152.20212087780237 -31.494521871209145 6.2
    endloop
  endfacet
  facet normal 0 0 1
    outer loop
      vertex 151.664599776268 -30.088112697005272 6.2
      vertex 152.20212087780237 -31.494521871209145 6.2
      vertex 152.24999756366014 -31.489489823579788 6.2
    endloop
  endfacet
  facet normal 0 0 1
    outer loop
      vertex 151.664599776268 -30.088112697005272 6.2
      vertex 152.24999756366014 -31.489489823579788 6.2
      vertex 152.4544861614704 -31.446024417877197 6.2
    endloop
  endfacet
  facet normal 0 0 1
    outer loop
      vertex 151.664599776268 -30.088112697005272 6.2
      vertex 152.4544861614704 -31.446024417877197 6.2
      vertex 152.6454691439867 -31.360993303358555 6.2
    endloop
  endfacet
  facet normal 0 0 1
    outer loop
      vertex 151.664599776268 -30.088112697005272 6.2
      vertex 152.6454691439867 -31.360993303358555 6.2
      vertex 152.8145997747779 -31.238112695515156 6.2
    endloop
  endfacet
  facet normal 0 0 1
    outer loop
      vertex 151.49546914547682 -30.21099330484867 6.2
      vertex 152.09759218990803 -31.5 6.2
      vertex 151.664599776268 -30.088112697005272 6.2
    endloop
  endfacet
  facet normal 0 0 1
    outer loop
      vertex 151.664599776268 -30.088112697005272 6.2
      vertex 153.1281476020813 -30.681563422083855 6.2
      vertex 151.80448612570763 -29.932753153145313 6.2
    endloop
  endfacet
  facet normal 0 0 1
    outer loop
      vertex 151.664599776268 -30.088112697005272 6.2
      vertex 152.8145997747779 -31.238112695515156 6.2
      vertex 152.9544861242175 -31.082753151655197 6.2
    endloop
  endfacet
  facet normal 0 0 1
    outer loop
      vertex 151.664599776268 -30.088112697005272 6.2
      vertex 152.9544861242175 -31.082753151655197 6.2
      vertex 153.05901458114386 -30.901704527437687 6.2
    endloop
  endfacet
  facet normal 0 0 1
    outer loop
      vertex 151.664599776268 -30.088112697005272 6.2
      vertex 153.05901458114386 -30.901704527437687 6.2
      vertex 153.1236167177558 -30.7028795927763 6.2
    endloop
  endfacet
  facet normal 0 0 1
    outer loop
      vertex 151.664599776268 -30.088112697005272 6.2
      vertex 153.1236167177558 -30.7028795927763 6.2
      vertex 153.1281476020813 -30.681563422083855 6.2
    endloop
  endfacet
  facet normal 0 0 1
    outer loop
      vertex 153.1281476020813 -30.681563422083855 6.2
      vertex 153.14999999850988 -30.473651818931103 6.2
      vertex 151.80448612570763 -29.932753153145313 6.2
    endloop
  endfacet
  facet normal 0 0 1
    outer loop
      vertex 153.14999999850988 -30.473651818931103 6.2
      vertex 151.90901458263397 -29.751704528927803 6.2
      vertex 151.80448612570763 -29.932753153145313 6.2
    endloop
  endfacet
  facet normal 0 0 1
    outer loop
      vertex 153.14999999850988 -30.473651818931103 6.2
      vertex 151.9736167192459 -29.552879594266415 6.2
      vertex 151.90901458263397 -29.751704528927803 6.2
    endloop
  endfacet
  facet normal 0 0 1
    outer loop
      vertex 153.14999999850988 -30.473651818931103 6.2
      vertex 151.97814760357141 -29.53156342357397 6.2
      vertex 151.9736167192459 -29.552879594266415 6.2
    endloop
  endfacet
  facet normal 0 0 1
    outer loop
      vertex 153.14999999850988 -30.473651818931103 6.2
      vertex 152 -29.32365182042122 6.2
      vertex 151.97814760357141 -29.53156342357397 6.2
    endloop
  endfacet
  facet normal 0 0 -1
    outer loop
      vertex 152.35287952423096 -20.026383258402348 4.2
      vertex 152.2499975040555 0.010510154068470001 4.2
      vertex 152.55170454084873 -20.090985409915447 4.2
    endloop
  endfacet
  facet normal 0 0 -1
    outer loop
      vertex 152.12365170568228 -20 4.2
      vertex 152 -20 4.2
      vertex 152.0975921601057 0 4.2
    endloop
  endfacet
  facet normal 0 0 -1
    outer loop
      vertex 152.12365170568228 -20 4.2
      vertex 152.2499975040555 0.010510154068470001 4.2
      vertex 152.33156318217516 -20.02185233682394 4.2
    endloop
  endfacet
  facet normal 0 0 -1
    outer loop
      vertex 152.33156318217516 -20.02185233682394 4.2
      vertex 152.2499975040555 0.010510154068470001 4.2
      vertex 152.35287952423096 -20.026383258402348 4.2
    endloop
  endfacet
  facet normal 0 0 -1
    outer loop
      vertex 152.73275316506624 -20.195513859391212 4.2
      vertex 152.55170454084873 -20.090985409915447 4.2
      vertex 152.2499975040555 0.010510154068470001 4.2
    endloop
  endfacet
  facet normal 0 0 -1
    outer loop
      vertex 152.73275316506624 -20.195513859391212 4.2
      vertex 152.2499975040555 0.010510154068470001 4.2
      vertex 152.88811269402504 -20.335400201380253 4.2
    endloop
  endfacet
  facet normal 0 0 -1
    outer loop
      vertex 153.14452186971903 -20.94787910580635 4.2
      vertex 153.13948982208967 -20.900002412497997 4.2
      vertex 153.0590145215392 0.5982953011989594 4.2
    endloop
  endfacet
  facet normal 0 0 -1
    outer loop
      vertex 153.14999999850988 -21.052407786250114 4.2
      vertex 153.14452186971903 -20.94787910580635 4.2
      vertex 153.1236166805029 0.7971202433109283 4.2
    endloop
  endfacet
  facet normal 0 0 -1
    outer loop
      vertex 153.01099330186844 -20.50453083217144 4.2
      vertex 152.88811269402504 -20.335400201380253 4.2
      vertex 152.6454689949751 0.1390065997838974 4.2
    endloop
  endfacet
  facet normal 0 0 -1
    outer loop
      vertex 153.09602441638708 -20.69551381468773 4.2
      vertex 153.01099330186844 -20.50453083217144 4.2
      vertex 152.9544860497117 0.4172467291355133 4.2
    endloop
  endfacet
  facet normal 0 0 -1
    outer loop
      vertex 153.13948982208967 -20.900002412497997 4.2
      vertex 153.09602441638708 -20.69551381468773 4.2
      vertex 153.0590145215392 0.5982953011989594 4.2
    endloop
  endfacet
  facet normal 1 0 0
    outer loop
      vertex 153.14999999850988 -21.052407786250114 4.2
      vertex 153.14999999850988 1.026348203420639 4.2
      vertex 153.14999999850988 -30.473651818931103 6.2
    endloop
  endfacet
  facet normal -1 0 0
    outer loop
      vertex 152 -29.32365182042122 6.2
      vertex 152 0 4.2
      vertex 152 -20 4.2
    endloop
  endfacet
  facet normal 0 0 1
    outer loop
      vertex 153.14999999850988 -30.473651818931103 6.2
      vertex 152 9.29759219288826 6.2
      vertex 152 -29.32365182042122 6.2
    endloop
  endfacet
  facet normal 0 0 -1
    outer loop
      vertex 152.2499975040555 0.010510154068470001 0
      vertex 152.6454689949751 0.1390065997838974 0
      vertex 152.45448600500822 0.05397550016641617 0
    endloop
  endfacet
  facet normal 0 0 -1
    outer loop
      vertex 152.2499975040555 0.010510154068470001 0
      vertex 152.81459966301918 0.26188718527555466 0
      vertex 152.6454689949751 0.1390065997838974 0
    endloop
  endfacet
  facet normal 0 0 -1
    outer loop
      vertex 152.0975921601057 0 0
      vertex 153.14999999850988 1.026348203420639 0
      vertex 152.20212061703205 0.005478091537952423 0
    endloop
  endfacet
  facet normal 0 0 -1
    outer loop
      vertex 152.20212061703205 0.005478091537952423 0
      vertex 153.14999999850988 1.026348203420639 0
      vertex 152.2499975040555 0.010510154068470001 0
    endloop
  endfacet
  facet normal 0 0 -1
    outer loop
      vertex 152.2499975040555 0.010510154068470001 0
      vertex 152.9544860497117 0.4172467291355133 0
      vertex 152.81459966301918 0.26188718527555466 0
    endloop
  endfacet
  facet normal 0 0 -1
    outer loop
      vertex 152.2499975040555 0.010510154068470001 0
      vertex 153.0590145215392 0.5982953011989594 0
      vertex 152.9544860497117 0.4172467291355133 0
    endloop
  endfacet
  facet normal 0 0 -1
    outer loop
      vertex 152.2499975040555 0.010510154068470001 0
      vertex 153.1236166805029 0.7971202433109283 0
      vertex 153.0590145215392 0.5982953011989594 0
    endloop
  endfacet
  facet normal 0 0 -1
    outer loop
      vertex 152.2499975040555 0.010510154068470001 0
      vertex 153.12814759463072 0.8184365406632423 0
      vertex 153.1236166805029 0.7971202433109283 0
    endloop
  endfacet
  facet normal 0 0 -1
    outer loop
      vertex 152.2499975040555 0.010510154068470001 0
      vertex 153.14999999850988 1.026348203420639 0
      vertex 153.12814759463072 0.8184365406632423 0
    endloop
  endfacet
  facet normal -0.9135454681677883 -0.4067366194358418 0
    outer loop
      vertex 148.05397550016642 0.6955139711499214 0
      vertex 148.1390065997839 0.5045309811830521 0
      vertex 148.05397550016642 0.6955139711499214 4.2
    endloop
  endfacet
  facet normal -0.3090170346025573 -0.9510565032244099 0
    outer loop
      vertex 148.7971202582121 0.026383303105831146 0
      vertex 148.59829530864954 0.09098545461893082 4.2
      vertex 148.59829530864954 0.09098545461893082 0
    endloop
  endfacet
  facet normal -0.20791155524866206 -0.978147629549897 0
    outer loop
      vertex 148.7971202582121 0.026383303105831146 0
      vertex 148.8184368982911 0.021852314472198486 0
      vertex 148.7971202582121 0.026383303105831146 4.2
    endloop
  endfacet
  facet normal -0.6691306726145048 -0.7431447658205368 0
    outer loop
      vertex 148.26188718527555 0.3354003131389618 0
      vertex 148.4172467291355 0.19551392644643784 0
      vertex 148.26188718527555 0.3354003131389618 4.2
    endloop
  endfacet
  facet normal -0.8090170799747453 -0.5877851344744409 0
    outer loop
      vertex 148.26188718527555 0.3354003131389618 0
      vertex 148.1390065997839 0.5045309811830521 4.2
      vertex 148.1390065997839 0.5045309811830521 0
    endloop
  endfacet
  facet normal -0.5000000922309296 -0.8660253505348801 0
    outer loop
      vertex 148.4172467291355 0.19551392644643784 0
      vertex 148.59829530864954 0.09098545461893082 0
      vertex 148.4172467291355 0.19551392644643784 4.2
    endloop
  endfacet
  facet normal -0.10452823535981522 -0.9945219193223259 0
    outer loop
      vertex 148.8184368982911 0.021852314472198486 0
      vertex 149.02634824067354 0 0
      vertex 148.8184368982911 0.021852314472198486 4.2
    endloop
  endfacet
  facet normal 0 -1 0
    outer loop
      vertex 149.02634824067354 0 0
      vertex 152.0975921601057 0 0
      vertex 149.02634824067354 0 4.2
    endloop
  endfacet
  facet normal 0.05233583465839715 -0.9986295411265426 0
    outer loop
      vertex 152.0975921601057 0 0
      vertex 152.20212061703205 0.005478091537952423 0
      vertex 152.0975921601057 0 4.2
    endloop
  endfacet
  facet normal 0.10452844134592823 -0.9945218976723393 0
    outer loop
      vertex 152.20212061703205 0.005478091537952423 0
      vertex 152.2499975040555 0.010510154068470001 0
      vertex 152.20212061703205 0.005478091537952423 4.2
    endloop
  endfacet
  facet normal 0.20791156923715903 -0.9781476265765521 0
    outer loop
      vertex 152.2499975040555 0.010510154068470001 0
      vertex 152.45448600500822 0.05397550016641617 0
      vertex 152.2499975040555 0.010510154068470001 4.2
    endloop
  endfacet
  facet normal 0.4067366194358418 -0.9135454681677883 0
    outer loop
      vertex 152.45448600500822 0.05397550016641617 0
      vertex 152.6454689949751 0.1390065997838974 0
      vertex 152.45448600500822 0.05397550016641617 4.2
    endloop
  endfacet
  facet normal 0.5877851344744409 -0.8090170799747453 0
    outer loop
      vertex 152.6454689949751 0.1390065997838974 0
      vertex 152.81459966301918 0.26188718527555466 0
      vertex 152.6454689949751 0.1390065997838974 4.2
    endloop
  endfacet
  facet normal 0.7431447658205368 -0.6691306726145048 0
    outer loop
      vertex 152.81459966301918 0.26188718527555466 0
      vertex 152.9544860497117 0.4172467291355133 0
      vertex 152.81459966301918 0.26188718527555466 4.2
    endloop
  endfacet
  facet normal 0.8660253416251246 -0.5000001076630748 0
    outer loop
      vertex 152.9544860497117 0.4172467291355133 0
      vertex 153.0590145215392 0.5982953011989594 0
      vertex 152.9544860497117 0.4172467291355133 4.2
    endloop
  endfacet
  facet normal 0.9510564893471442 -0.30901707731238043 0
    outer loop
      vertex 153.0590145215392 0.5982953011989594 0
      vertex 153.1236166805029 0.7971202433109283 0
      vertex 153.0590145215392 0.5982953011989594 4.2
    endloop
  endfacet
  facet normal -0.3090170346025573 -0.9510565032244099 0
    outer loop
      vertex 148.7971202582121 0.026383303105831146 0
      vertex 148.7971202582121 0.026383303105831146 4.2
      vertex 148.59829530864954 0.09098545461893082 4.2
    endloop
  endfacet
  facet normal -0.8090170799747453 -0.5877851344744409 0
    outer loop
      vertex 148.26188718527555 0.3354003131389618 0
      vertex 148.26188718527555 0.3354003131389618 4.2
      vertex 148.1390065997839 0.5045309811830521 4.2
    endloop
  endfacet
  facet normal -0.6691306726145048 -0.7431447658205368 0
    outer loop
      vertex 148.4172467291355 0.19551392644643784 0
      vertex 148.4172467291355 0.19551392644643784 4.2
      vertex 148.26188718527555 0.3354003131389618 4.2
    endloop
  endfacet
  facet normal -0.9135454681677883 -0.4067366194358418 0
    outer loop
      vertex 148.1390065997839 0.5045309811830521 0
      vertex 148.1390065997839 0.5045309811830521 4.2
      vertex 148.05397550016642 0.6955139711499214 4.2
    endloop
  endfacet
  facet normal -0.5000000922309296 -0.8660253505348801 0
    outer loop
      vertex 148.59829530864954 0.09098545461893082 0
      vertex 148.59829530864954 0.09098545461893082 4.2
      vertex 148.4172467291355 0.19551392644643784 4.2
    endloop
  endfacet
  facet normal -0.20791155524866206 -0.978147629549897 0
    outer loop
      vertex 148.8184368982911 0.021852314472198486 0
      vertex 148.8184368982911 0.021852314472198486 4.2
      vertex 148.7971202582121 0.026383303105831146 4.2
    endloop
  endfacet
  facet normal -0.10452823535981522 -0.9945219193223259 0
    outer loop
      vertex 149.02634824067354 0 0
      vertex 149.02634824067354 0 4.2
      vertex 148.8184368982911 0.021852314472198486 4.2
    endloop
  endfacet
  facet normal 0 -1 0
    outer loop
      vertex 152.0975921601057 0 0
      vertex 152 0 4.2
      vertex 149.02634824067354 0 4.2
    endloop
  endfacet
  facet normal 0 -1 0
    outer loop
      vertex 152.0975921601057 0 0
      vertex 152.0975921601057 0 4.2
      vertex 152 0 4.2
    endloop
  endfacet
  facet normal 0.05233583465839715 -0.9986295411265426 0
    outer loop
      vertex 152.20212061703205 0.005478091537952423 0
      vertex 152.20212061703205 0.005478091537952423 4.2
      vertex 152.0975921601057 0 4.2
    endloop
  endfacet
  facet normal 0.10452844134592823 -0.9945218976723393 0
    outer loop
      vertex 152.2499975040555 0.010510154068470001 0
      vertex 152.2499975040555 0.010510154068470001 4.2
      vertex 152.20212061703205 0.005478091537952423 4.2
    endloop
  endfacet
  facet normal 0.20791156923715903 -0.9781476265765521 0
    outer loop
      vertex 152.45448600500822 0.05397550016641617 0
      vertex 152.45448600500822 0.05397550016641617 4.2
      vertex 152.2499975040555 0.010510154068470001 4.2
    endloop
  endfacet
  facet normal 0.4067366194358418 -0.9135454681677883 0
    outer loop
      vertex 152.6454689949751 0.1390065997838974 0
      vertex 152.6454689949751 0.1390065997838974 4.2
      vertex 152.45448600500822 0.05397550016641617 4.2
    endloop
  endfacet
  facet normal 0.5877851344744409 -0.8090170799747453 0
    outer loop
      vertex 152.81459966301918 0.26188718527555466 0
      vertex 152.81459966301918 0.26188718527555466 4.2
      vertex 152.6454689949751 0.1390065997838974 4.2
    endloop
  endfacet
  facet normal 0.7431447658205368 -0.6691306726145048 0
    outer loop
      vertex 152.9544860497117 0.4172467291355133 0
      vertex 152.9544860497117 0.4172467291355133 4.2
      vertex 152.81459966301918 0.26188718527555466 4.2
    endloop
  endfacet
  facet normal 0.8660253416251246 -0.5000001076630748 0
    outer loop
      vertex 153.0590145215392 0.5982953011989594 0
      vertex 153.0590145215392 0.5982953011989594 4.2
      vertex 152.9544860497117 0.4172467291355133 4.2
    endloop
  endfacet
  facet normal 0.9510564893471442 -0.30901707731238043 0
    outer loop
      vertex 153.1236166805029 0.7971202433109283 0
      vertex 153.1236166805029 0.7971202433109283 4.2
      vertex 153.0590145215392 0.5982953011989594 4.2
    endloop
  endfacet
  facet normal 0 0 -1
    outer loop
      vertex 148.26188718527555 0.3354003131389618 0
      vertex 148.1390065997839 0.5045309811830521 0
      vertex 153.14999999850988 10.447592191398144 0
    endloop
  endfacet
  facet normal 0 0 -1
    outer loop
      vertex 148.05397550016642 0.6955139711499214 0
      vertex 153.14999999850988 10.447592191398144 0
      vertex 148.1390065997839 0.5045309811830521 0
    endloop
  endfacet
  facet normal 0 0 -1
    outer loop
      vertex 148.05397550016642 0.6955139711499214 0
      vertex 148.01051015406847 0.9000024721026421 0
      vertex 153.14999999850988 10.447592191398144 0
    endloop
  endfacet
  facet normal 0 0 -1
    outer loop
      vertex 148.01051015406847 0.9000024721026421 0
      vertex 148.00547809153795 0.947879359126091 0
      vertex 153.14999999850988 10.447592191398144 0
    endloop
  endfacet
  facet normal 0 0 -1
    outer loop
      vertex 148.4172467291355 0.19551392644643784 0
      vertex 153.14999999850988 10.447592191398144 0
      vertex 148.59829530864954 0.09098545461893082 0
    endloop
  endfacet
  facet normal 0 0 -1
    outer loop
      vertex 148.26188718527555 0.3354003131389618 0
      vertex 153.14999999850988 10.447592191398144 0
      vertex 148.4172467291355 0.19551392644643784 0
    endloop
  endfacet
  facet normal 0 0 -1
    outer loop
      vertex 148.7971202582121 0.026383303105831146 0
      vertex 153.14999999850988 10.447592191398144 0
      vertex 148.8184368982911 0.021852314472198486 0
    endloop
  endfacet
  facet normal 0 0 -1
    outer loop
      vertex 148.7971202582121 0.026383303105831146 0
      vertex 148.59829530864954 0.09098545461893082 0
      vertex 153.14999999850988 10.447592191398144 0
    endloop
  endfacet
  facet normal 0 0 -1
    outer loop
      vertex 148.00547809153795 0.947879359126091 0
      vertex 148 1.0524078235030174 0
      vertex 153.14999999850988 10.447592191398144 0
    endloop
  endfacet
  facet normal 0 0 -1
    outer loop
      vertex 148.8184368982911 0.021852314472198486 0
      vertex 153.14999999850988 10.447592191398144 0
      vertex 149.02634824067354 0 0
    endloop
  endfacet
  facet normal 0 0 -1
    outer loop
      vertex 149.02634824067354 0 0
      vertex 153.14999999850988 10.447592191398144 0
      vertex 152.0975921601057 0 0
    endloop
  endfacet
  facet normal 0 0 -1
    outer loop
      vertex 152.0975921601057 0 0
      vertex 153.14999999850988 10.447592191398144 0
      vertex 153.14999999850988 1.026348203420639 0
    endloop
  endfacet
  facet normal -0.9781476265765521 -0.20791156923715903 0
    outer loop
      vertex 148.05397550016642 0.6955139711499214 0
      vertex 148.01051015406847 0.9000024721026421 4.2
      vertex 148.01051015406847 0.9000024721026421 0
    endloop
  endfacet
  facet normal -0.9945218976723393 -0.10452844134592823 0
    outer loop
      vertex 148.01051015406847 0.9000024721026421 0
      vertex 148.00547809153795 0.947879359126091 4.2
      vertex 148.00547809153795 0.947879359126091 0
    endloop
  endfacet
  facet normal -0.9986295413215083 -0.05233583093822087 0
    outer loop
      vertex 148.00547809153795 0.947879359126091 0
      vertex 148 1.0524078235030174 4.2
      vertex 148 1.0524078235030174 0
    endloop
  endfacet
  facet normal 0.9781476450134727 -0.20791148249819497 0
    outer loop
      vertex 153.1236166805029 0.7971202433109283 0
      vertex 153.12814759463072 0.8184365406632423 0
      vertex 153.1236166805029 0.7971202433109283 4.2
    endloop
  endfacet
  facet normal 0.9945218916078684 -0.10452849904551002 0
    outer loop
      vertex 153.12814759463072 0.8184365406632423 0
      vertex 153.14999999850988 1.026348203420639 0
      vertex 153.12814759463072 0.8184365406632423 4.2
    endloop
  endfacet
  facet normal 1 0 0
    outer loop
      vertex 153.14999999850988 1.026348203420639 0
      vertex 153.14999999850988 10.447592191398144 0
      vertex 153.14999999850988 1.026348203420639 4.2
    endloop
  endfacet
  facet normal 0 0 -1
    outer loop
      vertex 148 1.0524078235030174 0
      vertex 148 10.473651736974716 0
      vertex 153.14999999850988 10.447592191398144 0
    endloop
  endfacet
  facet normal 0 0 -1
    outer loop
      vertex 148 10.473651736974716 0
      vertex 148.02185232192278 10.681563138961792 0
      vertex 153.13948982208967 10.599997565150261 0
    endloop
  endfacet
  facet normal 0 0 -1
    outer loop
      vertex 148.02185232192278 10.681563138961792 0
      vertex 148.02638325840235 10.702879562973976 0
      vertex 153.13948982208967 10.599997565150261 0
    endloop
  endfacet
  facet normal 0 0 -1
    outer loop
      vertex 148.02638325840235 10.702879562973976 0
      vertex 148.0909853950143 10.901704512536526 0
      vertex 153.13948982208967 10.599997565150261 0
    endloop
  endfacet
  facet normal 0 0 -1
    outer loop
      vertex 148.0909853950143 10.901704512536526 0
      vertex 148.1955138593912 11.082753144204617 0
      vertex 153.01099330186844 10.995469145476818 0
    endloop
  endfacet
  facet normal 0 0 -1
    outer loop
      vertex 148.1955138593912 11.082753144204617 0
      vertex 148.33540025353432 11.23811274021864 0
      vertex 152.88811269402504 11.164599776268005 0
    endloop
  endfacet
  facet normal 0 0 -1
    outer loop
      vertex 148.33540025353432 11.23811274021864 0
      vertex 148.50453081727028 11.360993295907974 0
      vertex 152.73275315016508 11.304486125707626 0
    endloop
  endfacet
  facet normal 0 0 -1
    outer loop
      vertex 148.50453081727028 11.360993295907974 0
      vertex 148.69551383703947 11.446024432778358 0
      vertex 152.55170452594757 11.409014582633972 0
    endloop
  endfacet
  facet normal 0 0 -1
    outer loop
      vertex 148.69551383703947 11.446024432778358 0
      vertex 148.9000023752451 11.489489816129208 0
      vertex 152.35287959128618 11.47361671924591 0
    endloop
  endfacet
  facet normal 0 0 -1
    outer loop
      vertex 148.9000023752451 11.489489816129208 0
      vertex 148.94787929207087 11.494521886110306 0
      vertex 152.123651817441 11.5 0
    endloop
  endfacet
  facet normal 0 0 -1
    outer loop
      vertex 148.94787929207087 11.494521886110306 0
      vertex 149.05240774154663 11.5 0
      vertex 152.123651817441 11.5 0
    endloop
  endfacet
  facet normal 0 0 -1
    outer loop
      vertex 148 10.473651736974716 0
      vertex 153.14452186971903 10.552120871841908 0
      vertex 153.14999999850988 10.447592191398144 0
    endloop
  endfacet
  facet normal 0 0 -1
    outer loop
      vertex 148 10.473651736974716 0
      vertex 153.13948982208967 10.599997565150261 0
      vertex 153.14452186971903 10.552120871841908 0
    endloop
  endfacet
  facet normal 0 0 -1
    outer loop
      vertex 148.0909853950143 10.901704512536526 0
      vertex 153.09602441638708 10.80448616296053 0
      vertex 153.13948982208967 10.599997565150261 0
    endloop
  endfacet
  facet normal 0 0 -1
    outer loop
      vertex 148.9000023752451 11.489489816129208 0
      vertex 152.123651817441 11.5 0
      vertex 152.33156342059374 11.478147603571415 0
    endloop
  endfacet
  facet normal 0 0 -1
    outer loop
      vertex 148.33540025353432 11.23811274021864 0
      vertex 152.73275315016508 11.304486125707626 0
      vertex 152.88811269402504 11.164599776268005 0
    endloop
  endfacet
  facet normal 0 0 -1
    outer loop
      vertex 148.69551383703947 11.446024432778358 0
      vertex 152.35287959128618 11.47361671924591 0
      vertex 152.55170452594757 11.409014582633972 0
    endloop
  endfacet
  facet normal 0 0 -1
    outer loop
      vertex 148.9000023752451 11.489489816129208 0
      vertex 152.33156342059374 11.478147603571415 0
      vertex 152.35287959128618 11.47361671924591 0
    endloop
  endfacet
  facet normal 0 0 -1
    outer loop
      vertex 148.50453081727028 11.360993295907974 0
      vertex 152.55170452594757 11.409014582633972 0
      vertex 152.73275315016508 11.304486125707626 0
    endloop
  endfacet
  facet normal 0 0 -1
    outer loop
      vertex 148.0909853950143 10.901704512536526 0
      vertex 153.01099330186844 10.995469145476818 0
      vertex 153.09602441638708 10.80448616296053 0
    endloop
  endfacet
  facet normal 0 0 -1
    outer loop
      vertex 148.1955138593912 11.082753144204617 0
      vertex 152.88811269402504 11.164599776268005 0
      vertex 153.01099330186844 10.995469145476818 0
    endloop
  endfacet
  facet normal -1 0 0
    outer loop
      vertex 148 1.0524078235030174 0
      vertex 148 10.473651736974716 4.2
      vertex 148 10.473651736974716 0
    endloop
  endfacet
  facet normal -0.9945219187326277 0.10452824097043155 0
    outer loop
      vertex 148 10.473651736974716 0
      vertex 148.02185232192278 10.681563138961792 4.2
      vertex 148.02185232192278 10.681563138961792 0
    endloop
  endfacet
  facet normal -0.9781476876662729 0.2079112818322366 0
    outer loop
      vertex 148.02185232192278 10.681563138961792 0
      vertex 148.02638325840235 10.702879562973976 4.2
      vertex 148.02638325840235 10.702879562973976 0
    endloop
  endfacet
  facet normal -0.9510565241724915 0.3090169701309934 0
    outer loop
      vertex 148.02638325840235 10.702879562973976 0
      vertex 148.0909853950143 10.901704512536526 4.2
      vertex 148.0909853950143 10.901704512536526 0
    endloop
  endfacet
  facet normal -0.8660254283352851 0.4999999574766843 0
    outer loop
      vertex 148.0909853950143 10.901704512536526 0
      vertex 148.1955138593912 11.082753144204617 4.2
      vertex 148.1955138593912 11.082753144204617 0
    endloop
  endfacet
  facet normal -0.7431448597966543 0.6691305682434566 0
    outer loop
      vertex 148.1955138593912 11.082753144204617 0
      vertex 148.33540025353432 11.23811274021864 4.2
      vertex 148.33540025353432 11.23811274021864 0
    endloop
  endfacet
  facet normal -0.5877852784332465 0.8090169753825632 0
    outer loop
      vertex 148.33540025353432 11.23811274021864 0
      vertex 148.50453081727028 11.360993295907974 4.2
      vertex 148.50453081727028 11.360993295907974 0
    endloop
  endfacet
  facet normal -0.4067367151813325 0.9135454255391461 0
    outer loop
      vertex 148.50453081727028 11.360993295907974 0
      vertex 148.69551383703947 11.446024432778358 4.2
      vertex 148.69551383703947 11.446024432778358 0
    endloop
  endfacet
  facet normal -0.20791170349009394 0.9781475980402177 0
    outer loop
      vertex 148.69551383703947 11.446024432778358 0
      vertex 148.9000023752451 11.489489816129208 4.2
      vertex 148.9000023752451 11.489489816129208 0
    endloop
  endfacet
  facet normal -0.10452853006617382 0.9945218883474636 0
    outer loop
      vertex 148.9000023752451 11.489489816129208 0
      vertex 148.94787929207087 11.494521886110306 4.2
      vertex 148.94787929207087 11.494521886110306 0
    endloop
  endfacet
  facet normal -0.05233605133467319 0.9986295297710229 0
    outer loop
      vertex 148.94787929207087 11.494521886110306 0
      vertex 149.05240774154663 11.5 4.2
      vertex 149.05240774154663 11.5 0
    endloop
  endfacet
  facet normal 0 1 0
    outer loop
      vertex 149.05240774154663 11.5 0
      vertex 152.123651817441 11.5 4.2
      vertex 152.123651817441 11.5 0
    endloop
  endfacet
  facet normal 0.1045284934349752 0.9945218921975596 0
    outer loop
      vertex 152.123651817441 11.5 0
      vertex 152.33156342059374 11.478147603571415 4.2
      vertex 152.33156342059374 11.478147603571415 0
    endloop
  endfacet
  facet normal 0.20791135605625777 0.9781476718894996 0
    outer loop
      vertex 152.33156342059374 11.478147603571415 0
      vertex 152.35287959128618 11.47361671924591 4.2
      vertex 152.35287959128618 11.47361671924591 0
    endloop
  endfacet
  facet normal 0.9986295283746297 0.05233607797938864 0
    outer loop
      vertex 153.14999999850988 10.447592191398144 0
      vertex 153.14452186971903 10.552120871841908 0
      vertex 153.14999999850988 10.447592191398144 4.2
    endloop
  endfacet
  facet normal 0.9945218858837669 0.10452855350666579 0
    outer loop
      vertex 153.14452186971903 10.552120871841908 0
      vertex 153.13948982208967 10.599997565150261 0
      vertex 153.14452186971903 10.552120871841908 4.2
    endloop
  endfacet
  facet normal 0.978147588621302 0.20791174780260047 0
    outer loop
      vertex 153.13948982208967 10.599997565150261 0
      vertex 153.09602441638708 10.80448616296053 0
      vertex 153.13948982208967 10.599997565150261 4.2
    endloop
  endfacet
  facet normal 0.30901699107907454 0.9510565173660476 0
    outer loop
      vertex 152.35287959128618 11.47361671924591 0
      vertex 152.55170452594757 11.409014582633972 4.2
      vertex 152.55170452594757 11.409014582633972 0
    endloop
  endfacet
  facet normal 0.49999994617957094 0.8660254348576757 0
    outer loop
      vertex 152.55170452594757 11.409014582633972 0
      vertex 152.73275315016508 11.304486125707626 4.2
      vertex 152.73275315016508 11.304486125707626 0
    endloop
  endfacet
  facet normal 0.913545435786915 0.4067366921644709 0
    outer loop
      vertex 153.09602441638708 10.80448616296053 0
      vertex 153.01099330186844 10.995469145476818 0
      vertex 153.09602441638708 10.80448616296053 4.2
    endloop
  endfacet
  facet normal 0.8090169675678549 0.5877852891892689 0
    outer loop
      vertex 153.01099330186844 10.995469145476818 0
      vertex 152.88811269402504 11.164599776268005 0
      vertex 153.01099330186844 10.995469145476818 4.2
    endloop
  endfacet
  facet normal 0.6691305742037571 0.7431448544299761 0
    outer loop
      vertex 152.73275315016508 11.304486125707626 0
      vertex 152.88811269402504 11.164599776268005 4.2
      vertex 152.88811269402504 11.164599776268005 0
    endloop
  endfacet
  facet normal -0.9781476265765521 -0.20791156923715903 0
    outer loop
      vertex 148.05397550016642 0.6955139711499214 0
      vertex 148.05397550016642 0.6955139711499214 4.2
      vertex 148.01051015406847 0.9000024721026421 4.2
    endloop
  endfacet
  facet normal -0.9945218976723393 -0.10452844134592823 0
    outer loop
      vertex 148.01051015406847 0.9000024721026421 0
      vertex 148.01051015406847 0.9000024721026421 4.2
      vertex 148.00547809153795 0.947879359126091 4.2
    endloop
  endfacet
  facet normal -0.9986295413215083 -0.05233583093822087 0
    outer loop
      vertex 148.00547809153795 0.947879359126091 0
      vertex 148.00547809153795 0.947879359126091 4.2
      vertex 148 1.0524078235030174 4.2
    endloop
  endfacet
  facet normal -1 0 0
    outer loop
      vertex 148 1.0524078235030174 0
      vertex 148 1.0524078235030174 4.2
      vertex 148 10.350000001490116 4.2
    endloop
  endfacet
  facet normal 0.9781476450134727 -0.20791148249819497 0
    outer loop
      vertex 153.12814759463072 0.8184365406632423 0
      vertex 153.12814759463072 0.8184365406632423 4.2
      vertex 153.1236166805029 0.7971202433109283 4.2
    endloop
  endfacet
  facet normal 0.9945218916078684 -0.10452849904551002 0
    outer loop
      vertex 153.14999999850988 1.026348203420639 0
      vertex 153.14999999850988 1.026348203420639 4.2
      vertex 153.12814759463072 0.8184365406632423 4.2
    endloop
  endfacet
  facet normal -1 0 0
    outer loop
      vertex 148 1.0524078235030174 0
      vertex 148 10.350000001490116 4.2
      vertex 148 10.473651736974716 4.2
    endloop
  endfacet
  facet normal -0.9945219187326277 0.10452824097043155 0
    outer loop
      vertex 148 10.473651736974716 0
      vertex 148 10.473651736974716 4.2
      vertex 148.02185232192278 10.681563138961792 4.2
    endloop
  endfacet
  facet normal -0.9781476876662729 0.2079112818322366 0
    outer loop
      vertex 148.02185232192278 10.681563138961792 0
      vertex 148.02185232192278 10.681563138961792 4.2
      vertex 148.02638325840235 10.702879562973976 4.2
    endloop
  endfacet
  facet normal -0.9510565241724915 0.3090169701309934 0
    outer loop
      vertex 148.02638325840235 10.702879562973976 0
      vertex 148.02638325840235 10.702879562973976 4.2
      vertex 148.0909853950143 10.901704512536526 4.2
    endloop
  endfacet
  facet normal -0.8660254283352851 0.4999999574766843 0
    outer loop
      vertex 148.0909853950143 10.901704512536526 0
      vertex 148.0909853950143 10.901704512536526 4.2
      vertex 148.1955138593912 11.082753144204617 4.2
    endloop
  endfacet
  facet normal -0.7431448597966543 0.6691305682434566 0
    outer loop
      vertex 148.1955138593912 11.082753144204617 0
      vertex 148.1955138593912 11.082753144204617 4.2
      vertex 148.33540025353432 11.23811274021864 4.2
    endloop
  endfacet
  facet normal -0.5877852784332465 0.8090169753825632 0
    outer loop
      vertex 148.33540025353432 11.23811274021864 0
      vertex 148.33540025353432 11.23811274021864 4.2
      vertex 148.50453081727028 11.360993295907974 4.2
    endloop
  endfacet
  facet normal -0.4067367151813325 0.9135454255391461 0
    outer loop
      vertex 148.50453081727028 11.360993295907974 0
      vertex 148.50453081727028 11.360993295907974 4.2
      vertex 148.69551383703947 11.446024432778358 4.2
    endloop
  endfacet
  facet normal -0.20791170349009394 0.9781475980402177 0
    outer loop
      vertex 148.69551383703947 11.446024432778358 0
      vertex 148.69551383703947 11.446024432778358 4.2
      vertex 148.9000023752451 11.489489816129208 4.2
    endloop
  endfacet
  facet normal -0.10452853006617382 0.9945218883474636 0
    outer loop
      vertex 148.9000023752451 11.489489816129208 0
      vertex 148.9000023752451 11.489489816129208 4.2
      vertex 148.94787929207087 11.494521886110306 4.2
    endloop
  endfacet
  facet normal -0.05233605133467319 0.9986295297710229 0
    outer loop
      vertex 148.94787929207087 11.494521886110306 0
      vertex 148.94787929207087 11.494521886110306 4.2
      vertex 149.05240774154663 11.5 4.2
    endloop
  endfacet
  facet normal 0 1 0
    outer loop
      vertex 149.05240774154663 11.5 0
      vertex 149.05240774154663 11.5 4.2
      vertex 152.123651817441 11.5 4.2
    endloop
  endfacet
  facet normal 1 0 0
    outer loop
      vertex 153.14999999850988 10.447592191398144 0
      vertex 153.14999999850988 10.447592191398144 4.2
      vertex 153.14999999850988 1.026348203420639 4.2
    endloop
  endfacet
  facet normal 0.1045284934349752 0.9945218921975596 0
    outer loop
      vertex 152.123651817441 11.5 0
      vertex 152.123651817441 11.5 4.2
      vertex 152.33156342059374 11.478147603571415 4.2
    endloop
  endfacet
  facet normal 0.20791135605625777 0.9781476718894996 0
    outer loop
      vertex 152.33156342059374 11.478147603571415 0
      vertex 152.33156342059374 11.478147603571415 4.2
      vertex 152.35287959128618 11.47361671924591 4.2
    endloop
  endfacet
  facet normal 0.30901699107907454 0.9510565173660476 0
    outer loop
      vertex 152.35287959128618 11.47361671924591 0
      vertex 152.35287959128618 11.47361671924591 4.2
      vertex 152.55170452594757 11.409014582633972 4.2
    endloop
  endfacet
  facet normal 0.9986295283746297 0.05233607797938864 0
    outer loop
      vertex 153.14452186971903 10.552120871841908 0
      vertex 153.14452186971903 10.552120871841908 4.2
      vertex 153.14999999850988 10.447592191398144 4.2
    endloop
  endfacet
  facet normal 0.9945218858837669 0.10452855350666579 0
    outer loop
      vertex 153.13948982208967 10.599997565150261 0
      vertex 153.13948982208967 10.599997565150261 4.2
      vertex 153.14452186971903 10.552120871841908 4.2
    endloop
  endfacet
  facet normal 0.978147588621302 0.20791174780260047 0
    outer loop
      vertex 153.09602441638708 10.80448616296053 0
      vertex 153.09602441638708 10.80448616296053 4.2
      vertex 153.13948982208967 10.599997565150261 4.2
    endloop
  endfacet
  facet normal 0.6691305742037571 0.7431448544299761 0
    outer loop
      vertex 152.73275315016508 11.304486125707626 0
      vertex 152.73275315016508 11.304486125707626 4.2
      vertex 152.88811269402504 11.164599776268005 4.2
    endloop
  endfacet
  facet normal 0.49999994617957094 0.8660254348576757 0
    outer loop
      vertex 152.55170452594757 11.409014582633972 0
      vertex 152.55170452594757 11.409014582633972 4.2
      vertex 152.73275315016508 11.304486125707626 4.2
    endloop
  endfacet
  facet normal 0.8090169675678549 0.5877852891892689 0
    outer loop
      vertex 152.88811269402504 11.164599776268005 0
      vertex 152.88811269402504 11.164599776268005 4.2
      vertex 153.01099330186844 10.995469145476818 4.2
    endloop
  endfacet
  facet normal 0.913545435786915 0.4067366921644709 0
    outer loop
      vertex 153.01099330186844 10.995469145476818 0
      vertex 153.01099330186844 10.995469145476818 4.2
      vertex 153.09602441638708 10.80448616296053 4.2
    endloop
  endfacet
  facet normal 0 0 -1
    outer loop
      vertex 148 10.473651736974716 4.2
      vertex 148 10.350000001490116 4.2
      vertex 112 10.350000001490116 4.2
    endloop
  endfacet
  facet normal 0 0 -1
    outer loop
      vertex 148 10.473651736974716 4.2
      vertex 111.58275328576565 11.30448603630066 4.2
      vertex 148.02185232192278 10.681563138961792 4.2
    endloop
  endfacet
  facet normal 0 0 -1
    outer loop
      vertex 148.02185232192278 10.681563138961792 4.2
      vertex 111.58275328576565 11.30448603630066 4.2
      vertex 148.02638325840235 10.702879562973976 4.2
    endloop
  endfacet
  facet normal 0 0 -1
    outer loop
      vertex 111.40170468389988 11.409014523029327 4.2
      vertex 148.0909853950143 10.901704512536526 4.2
      vertex 148.02638325840235 10.702879562973976 4.2
    endloop
  endfacet
  facet normal 0 0 -1
    outer loop
      vertex 111.40170468389988 11.409014523029327 4.2
      vertex 148.1955138593912 11.082753144204617 4.2
      vertex 148.0909853950143 10.901704512536526 4.2
    endloop
  endfacet
  facet normal 0 0 -1
    outer loop
      vertex 111.1815634071827 11.478147611021996 4.2
      vertex 148.33540025353432 11.23811274021864 4.2
      vertex 148.1955138593912 11.082753144204617 4.2
    endloop
  endfacet
  facet normal 0 0 -1
    outer loop
      vertex 110.9736517816782 11.5 4.2
      vertex 148.50453081727028 11.360993295907974 4.2
      vertex 148.33540025353432 11.23811274021864 4.2
    endloop
  endfacet
  facet normal 0 0 -1
    outer loop
      vertex 110.9736517816782 11.5 4.2
      vertex 148.69551383703947 11.446024432778358 4.2
      vertex 148.50453081727028 11.360993295907974 4.2
    endloop
  endfacet
  facet normal 0 0 -1
    outer loop
      vertex 110.9736517816782 11.5 4.2
      vertex 148.9000023752451 11.489489816129208 4.2
      vertex 148.69551383703947 11.446024432778358 4.2
    endloop
  endfacet
  facet normal 0 0 -1
    outer loop
      vertex 110.9736517816782 11.5 4.2
      vertex 148.94787929207087 11.494521886110306 4.2
      vertex 148.9000023752451 11.489489816129208 4.2
    endloop
  endfacet
  facet normal 0 0 -1
    outer loop
      vertex 110.9736517816782 11.5 4.2
      vertex 149.05240774154663 11.5 4.2
      vertex 148.94787929207087 11.494521886110306 4.2
    endloop
  endfacet
  facet normal 0 -1 0
    outer loop
      vertex 150.9736518189311 10.350000001490116 6.2
      vertex 112 10.350000001490116 4.2
      vertex 148 10.350000001490116 4.2
    endloop
  endfacet
  facet normal 0 1 0
    outer loop
      vertex 110.9736517816782 11.5 4.2
      vertex 152.123651817441 11.5 6.2
      vertex 149.05240774154663 11.5 4.2
    endloop
  endfacet
  facet normal 0 0 1
    outer loop
      vertex 107.90240781009197 11.5 6.2
      vertex 150.9736518189311 10.350000001490116 6.2
      vertex 152.123651817441 11.5 6.2
    endloop
  endfacet
  facet normal 0 0 -1
    outer loop
      vertex 152.0975921601057 0 4.2
      vertex 152 -20 4.2
      vertex 152 0 4.2
    endloop
  endfacet
  facet normal 0 0 -1
    outer loop
      vertex 152.12365170568228 -20 4.2
      vertex 152.0975921601057 0 4.2
      vertex 152.20212061703205 0.005478091537952423 4.2
    endloop
  endfacet
  facet normal 0 0 -1
    outer loop
      vertex 152.12365170568228 -20 4.2
      vertex 152.20212061703205 0.005478091537952423 4.2
      vertex 152.2499975040555 0.010510154068470001 4.2
    endloop
  endfacet
  facet normal 0 0 -1
    outer loop
      vertex 152.88811269402504 -20.335400201380253 4.2
      vertex 152.2499975040555 0.010510154068470001 4.2
      vertex 152.45448600500822 0.05397550016641617 4.2
    endloop
  endfacet
  facet normal 0 0 -1
    outer loop
      vertex 152.88811269402504 -20.335400201380253 4.2
      vertex 152.45448600500822 0.05397550016641617 4.2
      vertex 152.6454689949751 0.1390065997838974 4.2
    endloop
  endfacet
  facet normal 0 0 -1
    outer loop
      vertex 153.01099330186844 -20.50453083217144 4.2
      vertex 152.6454689949751 0.1390065997838974 4.2
      vertex 152.81459966301918 0.26188718527555466 4.2
    endloop
  endfacet
  facet normal 0 0 -1
    outer loop
      vertex 153.01099330186844 -20.50453083217144 4.2
      vertex 152.81459966301918 0.26188718527555466 4.2
      vertex 152.9544860497117 0.4172467291355133 4.2
    endloop
  endfacet
  facet normal 0 0 -1
    outer loop
      vertex 153.09602441638708 -20.69551381468773 4.2
      vertex 152.9544860497117 0.4172467291355133 4.2
      vertex 153.0590145215392 0.5982953011989594 4.2
    endloop
  endfacet
  facet normal 0 0 -1
    outer loop
      vertex 153.14452186971903 -20.94787910580635 4.2
      vertex 153.0590145215392 0.5982953011989594 4.2
      vertex 153.1236166805029 0.7971202433109283 4.2
    endloop
  endfacet
  facet normal 0 0 -1
    outer loop
      vertex 153.14999999850988 -21.052407786250114 4.2
      vertex 153.1236166805029 0.7971202433109283 4.2
      vertex 153.12814759463072 0.8184365406632423 4.2
    endloop
  endfacet
  facet normal 0 0 -1
    outer loop
      vertex 153.14999999850988 -21.052407786250114 4.2
      vertex 153.12814759463072 0.8184365406632423 4.2
      vertex 153.14999999850988 1.026348203420639 4.2
    endloop
  endfacet
  facet normal -1 0 0
    outer loop
      vertex 152 -29.32365182042122 6.2
      vertex 152 9.29759219288826 4.2
      vertex 152 0 4.2
    endloop
  endfacet
  facet normal 1 0 0
    outer loop
      vertex 153.14999999850988 -30.473651818931103 6.2
      vertex 153.14999999850988 1.026348203420639 4.2
      vertex 153.14999999850988 10.447592191398144 4.2
    endloop
  endfacet
  facet normal -1 0 0
    outer loop
      vertex 152 -29.32365182042122 6.2
      vertex 152 9.29759219288826 6.2
      vertex 152 9.29759219288826 4.2
    endloop
  endfacet
  facet normal 1 0 0
    outer loop
      vertex 153.14999999850988 -30.473651818931103 6.2
      vertex 153.14999999850988 10.447592191398144 4.2
      vertex 153.14999999850988 10.447592191398144 6.2
    endloop
  endfacet
  facet normal 0 0 1
    outer loop
      vertex 153.14999999850988 -30.473651818931103 6.2
      vertex 153.14999999850988 10.447592191398144 6.2
      vertex 152 9.29759219288826 6.2
    endloop
  endfacet
  facet normal 0 0 1
    outer loop
      vertex 148.26188718527555 0.3354003131389618 4.2
      vertex 152 9.29759219288826 4.2
      vertex 148.1390065997839 0.5045309811830521 4.2
    endloop
  endfacet
  facet normal 0 0 1
    outer loop
      vertex 148.4172467291355 0.19551392644643784 4.2
      vertex 148.59829530864954 0.09098545461893082 4.2
      vertex 152 9.29759219288826 4.2
    endloop
  endfacet
  facet normal 0 0 1
    outer loop
      vertex 148.26188718527555 0.3354003131389618 4.2
      vertex 148.4172467291355 0.19551392644643784 4.2
      vertex 152 9.29759219288826 4.2
    endloop
  endfacet
  facet normal 0 0 1
    outer loop
      vertex 148.7971202582121 0.026383303105831146 4.2
      vertex 152 9.29759219288826 4.2
      vertex 148.59829530864954 0.09098545461893082 4.2
    endloop
  endfacet
  facet normal 0 0 1
    outer loop
      vertex 148.7971202582121 0.026383303105831146 4.2
      vertex 148.8184368982911 0.021852314472198486 4.2
      vertex 152 9.29759219288826 4.2
    endloop
  endfacet
  facet normal 0 0 1
    outer loop
      vertex 148.8184368982911 0.021852314472198486 4.2
      vertex 149.02634824067354 0 4.2
      vertex 152 9.29759219288826 4.2
    endloop
  endfacet
  facet normal 0 0 1
    outer loop
      vertex 148.01051015406847 0.9000024721026421 4.2
      vertex 152 9.29759219288826 4.2
      vertex 148.00547809153795 0.947879359126091 4.2
    endloop
  endfacet
  facet normal 0 0 1
    outer loop
      vertex 148.00547809153795 0.947879359126091 4.2
      vertex 152 9.29759219288826 4.2
      vertex 148 1.0524078235030174 4.2
    endloop
  endfacet
  facet normal 0 0 1
    outer loop
      vertex 148.05397550016642 0.6955139711499214 4.2
      vertex 148.1390065997839 0.5045309811830521 4.2
      vertex 152 9.29759219288826 4.2
    endloop
  endfacet
  facet normal 0 0 1
    outer loop
      vertex 148.05397550016642 0.6955139711499214 4.2
      vertex 152 9.29759219288826 4.2
      vertex 148.01051015406847 0.9000024721026421 4.2
    endloop
  endfacet
  facet normal 0 0 1
    outer loop
      vertex 149.02634824067354 0 4.2
      vertex 152 0 4.2
      vertex 152 9.29759219288826 4.2
    endloop
  endfacet
  facet normal 0 0 1
    outer loop
      vertex 148 1.0524078235030174 4.2
      vertex 150.9736518189311 10.350000001490116 4.2
      vertex 148 10.350000001490116 4.2
    endloop
  endfacet
  facet normal 0 0 1
    outer loop
      vertex 148 1.0524078235030174 4.2
      vertex 151.18156342208385 10.328147605061531 4.2
      vertex 150.9736518189311 10.350000001490116 4.2
    endloop
  endfacet
  facet normal 0 0 1
    outer loop
      vertex 148 1.0524078235030174 4.2
      vertex 151.2028795927763 10.323616720736027 4.2
      vertex 151.18156342208385 10.328147605061531 4.2
    endloop
  endfacet
  facet normal 0 0 1
    outer loop
      vertex 148 1.0524078235030174 4.2
      vertex 151.4017045274377 10.259014584124088 4.2
      vertex 151.2028795927763 10.323616720736027 4.2
    endloop
  endfacet
  facet normal 0 0 1
    outer loop
      vertex 148 1.0524078235030174 4.2
      vertex 152 9.29759219288826 4.2
      vertex 151.99452187120914 9.402120873332024 4.2
    endloop
  endfacet
  facet normal 0 0 1
    outer loop
      vertex 148 1.0524078235030174 4.2
      vertex 151.99452187120914 9.402120873332024 4.2
      vertex 151.9894898235798 9.449997566640377 4.2
    endloop
  endfacet
  facet normal 0 0 1
    outer loop
      vertex 148 1.0524078235030174 4.2
      vertex 151.9894898235798 9.449997566640377 4.2
      vertex 151.9460244178772 9.654486164450645 4.2
    endloop
  endfacet
  facet normal 0 0 1
    outer loop
      vertex 148 1.0524078235030174 4.2
      vertex 151.9460244178772 9.654486164450645 4.2
      vertex 151.86099330335855 9.845469146966934 4.2
    endloop
  endfacet
  facet normal 0 0 1
    outer loop
      vertex 148 1.0524078235030174 4.2
      vertex 151.73811269551516 10.014599777758121 4.2
      vertex 151.5827531516552 10.154486127197742 4.2
    endloop
  endfacet
  facet normal 0 0 1
    outer loop
      vertex 148 1.0524078235030174 4.2
      vertex 151.86099330335855 9.845469146966934 4.2
      vertex 151.73811269551516 10.014599777758121 4.2
    endloop
  endfacet
  facet normal 0 0 1
    outer loop
      vertex 148 1.0524078235030174 4.2
      vertex 151.5827531516552 10.154486127197742 4.2
      vertex 151.4017045274377 10.259014584124088 4.2
    endloop
  endfacet
  facet normal 0 -1 0
    outer loop
      vertex 150.9736518189311 10.350000001490116 6.2
      vertex 148 10.350000001490116 4.2
      vertex 150.9736518189311 10.350000001490116 4.2
    endloop
  endfacet
  facet normal -0.669130574203757 -0.7431448544299761 0
    outer loop
      vertex 151.73811269551516 10.014599777758121 6.2
      vertex 151.5827531516552 10.154486127197742 4.2
      vertex 151.73811269551516 10.014599777758121 4.2
    endloop
  endfacet
  facet normal -0.10452849343497521 -0.9945218921975596 0
    outer loop
      vertex 151.18156342208385 10.328147605061531 6.2
      vertex 150.9736518189311 10.350000001490116 4.2
      vertex 151.18156342208385 10.328147605061531 4.2
    endloop
  endfacet
  facet normal -0.30901699107907454 -0.9510565173660476 0
    outer loop
      vertex 151.4017045274377 10.259014584124088 6.2
      vertex 151.2028795927763 10.323616720736027 4.2
      vertex 151.4017045274377 10.259014584124088 4.2
    endloop
  endfacet
  facet normal -0.20791135605625777 -0.9781476718894996 0
    outer loop
      vertex 151.2028795927763 10.323616720736027 6.2
      vertex 151.18156342208385 10.328147605061531 4.2
      vertex 151.2028795927763 10.323616720736027 4.2
    endloop
  endfacet
  facet normal -0.4999999461795709 -0.8660254348576757 0
    outer loop
      vertex 151.5827531516552 10.154486127197742 6.2
      vertex 151.4017045274377 10.259014584124088 4.2
      vertex 151.5827531516552 10.154486127197742 4.2
    endloop
  endfacet
  facet normal 0 1 0
    outer loop
      vertex 152.123651817441 11.5 6.2
      vertex 152.123651817441 11.5 4.2
      vertex 149.05240774154663 11.5 4.2
    endloop
  endfacet
  facet normal -0.9986295283746297 -0.052336077979388655 0
    outer loop
      vertex 152 9.29759219288826 6.2
      vertex 151.99452187120914 9.402120873332024 4.2
      vertex 152 9.29759219288826 4.2
    endloop
  endfacet
  facet normal -0.9945218858837668 -0.10452855350666579 0
    outer loop
      vertex 151.99452187120914 9.402120873332024 6.2
      vertex 151.9894898235798 9.449997566640377 4.2
      vertex 151.99452187120914 9.402120873332024 4.2
    endloop
  endfacet
  facet normal -0.978147588621302 -0.20791174780260047 0
    outer loop
      vertex 151.9894898235798 9.449997566640377 6.2
      vertex 151.9460244178772 9.654486164450645 4.2
      vertex 151.9894898235798 9.449997566640377 4.2
    endloop
  endfacet
  facet normal -0.913545435786915 -0.4067366921644709 0
    outer loop
      vertex 151.9460244178772 9.654486164450645 6.2
      vertex 151.86099330335855 9.845469146966934 4.2
      vertex 151.9460244178772 9.654486164450645 4.2
    endloop
  endfacet
  facet normal -0.8090169675678549 -0.5877852891892688 0
    outer loop
      vertex 151.86099330335855 9.845469146966934 6.2
      vertex 151.73811269551516 10.014599777758121 4.2
      vertex 151.86099330335855 9.845469146966934 4.2
    endloop
  endfacet
  facet normal 0.10452849343497521 0.9945218921975596 0
    outer loop
      vertex 152.33156342059374 11.478147603571415 6.2
      vertex 152.33156342059374 11.478147603571415 4.2
      vertex 152.123651817441 11.5 4.2
    endloop
  endfacet
  facet normal 0.20791135605625777 0.9781476718894996 0
    outer loop
      vertex 152.35287959128618 11.47361671924591 6.2
      vertex 152.35287959128618 11.47361671924591 4.2
      vertex 152.33156342059374 11.478147603571415 4.2
    endloop
  endfacet
  facet normal 0.9986295283746297 0.052336077979388655 0
    outer loop
      vertex 153.14999999850988 10.447592191398144 4.2
      vertex 153.14452186971903 10.552120871841908 4.2
      vertex 153.14999999850988 10.447592191398144 6.2
    endloop
  endfacet
  facet normal 0.9945218858837668 0.10452855350666579 0
    outer loop
      vertex 153.14452186971903 10.552120871841908 6.2
      vertex 153.14452186971903 10.552120871841908 4.2
      vertex 153.13948982208967 10.599997565150261 4.2
    endloop
  endfacet
  facet normal 0.978147588621302 0.20791174780260047 0
    outer loop
      vertex 153.13948982208967 10.599997565150261 6.2
      vertex 153.13948982208967 10.599997565150261 4.2
      vertex 153.09602441638708 10.80448616296053 4.2
    endloop
  endfacet
  facet normal 0.30901699107907454 0.9510565173660476 0
    outer loop
      vertex 152.55170452594757 11.409014582633972 6.2
      vertex 152.55170452594757 11.409014582633972 4.2
      vertex 152.35287959128618 11.47361671924591 4.2
    endloop
  endfacet
  facet normal 0.4999999461795709 0.8660254348576757 0
    outer loop
      vertex 152.73275315016508 11.304486125707626 6.2
      vertex 152.73275315016508 11.304486125707626 4.2
      vertex 152.55170452594757 11.409014582633972 4.2
    endloop
  endfacet
  facet normal 0.913545435786915 0.4067366921644709 0
    outer loop
      vertex 153.09602441638708 10.80448616296053 6.2
      vertex 153.09602441638708 10.80448616296053 4.2
      vertex 153.01099330186844 10.995469145476818 4.2
    endloop
  endfacet
  facet normal 0.8090169675678549 0.5877852891892688 0
    outer loop
      vertex 153.01099330186844 10.995469145476818 6.2
      vertex 153.01099330186844 10.995469145476818 4.2
      vertex 152.88811269402504 11.164599776268005 4.2
    endloop
  endfacet
  facet normal 0.669130574203757 0.7431448544299761 0
    outer loop
      vertex 152.88811269402504 11.164599776268005 6.2
      vertex 152.88811269402504 11.164599776268005 4.2
      vertex 152.73275315016508 11.304486125707626 4.2
    endloop
  endfacet
  facet normal -0.669130574203757 -0.7431448544299761 0
    outer loop
      vertex 151.5827531516552 10.154486127197742 6.2
      vertex 151.5827531516552 10.154486127197742 4.2
      vertex 151.73811269551516 10.014599777758121 6.2
    endloop
  endfacet
  facet normal -0.10452849343497521 -0.9945218921975596 0
    outer loop
      vertex 150.9736518189311 10.350000001490116 6.2
      vertex 150.9736518189311 10.350000001490116 4.2
      vertex 151.18156342208385 10.328147605061531 6.2
    endloop
  endfacet
  facet normal -0.30901699107907454 -0.9510565173660476 0
    outer loop
      vertex 151.2028795927763 10.323616720736027 6.2
      vertex 151.2028795927763 10.323616720736027 4.2
      vertex 151.4017045274377 10.259014584124088 6.2
    endloop
  endfacet
  facet normal -0.20791135605625777 -0.9781476718894996 0
    outer loop
      vertex 151.2028795927763 10.323616720736027 6.2
      vertex 151.18156342208385 10.328147605061531 6.2
      vertex 151.18156342208385 10.328147605061531 4.2
    endloop
  endfacet
  facet normal -0.4999999461795709 -0.8660254348576757 0
    outer loop
      vertex 151.5827531516552 10.154486127197742 6.2
      vertex 151.4017045274377 10.259014584124088 6.2
      vertex 151.4017045274377 10.259014584124088 4.2
    endloop
  endfacet
  facet normal -0.9986295283746297 -0.052336077979388655 0
    outer loop
      vertex 152 9.29759219288826 6.2
      vertex 151.99452187120914 9.402120873332024 6.2
      vertex 151.99452187120914 9.402120873332024 4.2
    endloop
  endfacet
  facet normal -0.9945218858837668 -0.10452855350666579 0
    outer loop
      vertex 151.99452187120914 9.402120873332024 6.2
      vertex 151.9894898235798 9.449997566640377 6.2
      vertex 151.9894898235798 9.449997566640377 4.2
    endloop
  endfacet
  facet normal -0.978147588621302 -0.20791174780260047 0
    outer loop
      vertex 151.9894898235798 9.449997566640377 6.2
      vertex 151.9460244178772 9.654486164450645 6.2
      vertex 151.9460244178772 9.654486164450645 4.2
    endloop
  endfacet
  facet normal -0.913545435786915 -0.4067366921644709 0
    outer loop
      vertex 151.9460244178772 9.654486164450645 6.2
      vertex 151.86099330335855 9.845469146966934 6.2
      vertex 151.86099330335855 9.845469146966934 4.2
    endloop
  endfacet
  facet normal -0.8090169675678549 -0.5877852891892688 0
    outer loop
      vertex 151.86099330335855 9.845469146966934 6.2
      vertex 151.73811269551516 10.014599777758121 6.2
      vertex 151.73811269551516 10.014599777758121 4.2
    endloop
  endfacet
  facet normal 0.10452849343497521 0.9945218921975596 0
    outer loop
      vertex 152.123651817441 11.5 6.2
      vertex 152.33156342059374 11.478147603571415 6.2
      vertex 152.123651817441 11.5 4.2
    endloop
  endfacet
  facet normal 0.20791135605625777 0.9781476718894996 0
    outer loop
      vertex 152.33156342059374 11.478147603571415 6.2
      vertex 152.35287959128618 11.47361671924591 6.2
      vertex 152.33156342059374 11.478147603571415 4.2
    endloop
  endfacet
  facet normal 0.30901699107907454 0.9510565173660476 0
    outer loop
      vertex 152.35287959128618 11.47361671924591 6.2
      vertex 152.55170452594757 11.409014582633972 6.2
      vertex 152.35287959128618 11.47361671924591 4.2
    endloop
  endfacet
  facet normal 0.9986295283746297 0.052336077979388655 0
    outer loop
      vertex 153.14999999850988 10.447592191398144 6.2
      vertex 153.14452186971903 10.552120871841908 4.2
      vertex 153.14452186971903 10.552120871841908 6.2
    endloop
  endfacet
  facet normal 0.9945218858837668 0.10452855350666579 0
    outer loop
      vertex 153.14452186971903 10.552120871841908 6.2
      vertex 153.13948982208967 10.599997565150261 4.2
      vertex 153.13948982208967 10.599997565150261 6.2
    endloop
  endfacet
  facet normal 0.978147588621302 0.20791174780260047 0
    outer loop
      vertex 153.13948982208967 10.599997565150261 6.2
      vertex 153.09602441638708 10.80448616296053 4.2
      vertex 153.09602441638708 10.80448616296053 6.2
    endloop
  endfacet
  facet normal 0.669130574203757 0.7431448544299761 0
    outer loop
      vertex 152.73275315016508 11.304486125707626 6.2
      vertex 152.88811269402504 11.164599776268005 6.2
      vertex 152.73275315016508 11.304486125707626 4.2
    endloop
  endfacet
  facet normal 0.4999999461795709 0.8660254348576757 0
    outer loop
      vertex 152.55170452594757 11.409014582633972 6.2
      vertex 152.73275315016508 11.304486125707626 6.2
      vertex 152.55170452594757 11.409014582633972 4.2
    endloop
  endfacet
  facet normal 0.8090169675678549 0.5877852891892688 0
    outer loop
      vertex 153.01099330186844 10.995469145476818 6.2
      vertex 152.88811269402504 11.164599776268005 4.2
      vertex 152.88811269402504 11.164599776268005 6.2
    endloop
  endfacet
  facet normal 0.913545435786915 0.4067366921644709 0
    outer loop
      vertex 153.09602441638708 10.80448616296053 6.2
      vertex 153.01099330186844 10.995469145476818 4.2
      vertex 153.01099330186844 10.995469145476818 6.2
    endloop
  endfacet
  facet normal 0 0 1
    outer loop
      vertex 150.9736518189311 10.350000001490116 6.2
      vertex 151.18156342208385 10.328147605061531 6.2
      vertex 152.123651817441 11.5 6.2
    endloop
  endfacet
  facet normal 0 0 1
    outer loop
      vertex 151.2028795927763 10.323616720736027 6.2
      vertex 152.123651817441 11.5 6.2
      vertex 151.18156342208385 10.328147605061531 6.2
    endloop
  endfacet
  facet normal 0 0 1
    outer loop
      vertex 151.5827531516552 10.154486127197742 6.2
      vertex 152.123651817441 11.5 6.2
      vertex 151.4017045274377 10.259014584124088 6.2
    endloop
  endfacet
  facet normal 0 0 1
    outer loop
      vertex 151.2028795927763 10.323616720736027 6.2
      vertex 151.4017045274377 10.259014584124088 6.2
      vertex 152.123651817441 11.5 6.2
    endloop
  endfacet
  facet normal 0 0 1
    outer loop
      vertex 152 9.29759219288826 6.2
      vertex 153.14999999850988 10.447592191398144 6.2
      vertex 151.99452187120914 9.402120873332024 6.2
    endloop
  endfacet
  facet normal 0 0 1
    outer loop
      vertex 151.99452187120914 9.402120873332024 6.2
      vertex 153.14999999850988 10.447592191398144 6.2
      vertex 151.9894898235798 9.449997566640377 6.2
    endloop
  endfacet
  facet normal 0 0 1
    outer loop
      vertex 151.9460244178772 9.654486164450645 6.2
      vertex 153.14999999850988 10.447592191398144 6.2
      vertex 151.86099330335855 9.845469146966934 6.2
    endloop
  endfacet
  facet normal 0 0 1
    outer loop
      vertex 151.9894898235798 9.449997566640377 6.2
      vertex 153.14999999850988 10.447592191398144 6.2
      vertex 151.9460244178772 9.654486164450645 6.2
    endloop
  endfacet
  facet normal 0 0 1
    outer loop
      vertex 151.86099330335855 9.845469146966934 6.2
      vertex 153.14999999850988 10.447592191398144 6.2
      vertex 151.73811269551516 10.014599777758121 6.2
    endloop
  endfacet
  facet normal 0 0 1
    outer loop
      vertex 151.5827531516552 10.154486127197742 6.2
      vertex 151.73811269551516 10.014599777758121 6.2
      vertex 152.33156342059374 11.478147603571415 6.2
    endloop
  endfacet
  facet normal 0 0 1
    outer loop
      vertex 151.5827531516552 10.154486127197742 6.2
      vertex 152.33156342059374 11.478147603571415 6.2
      vertex 152.123651817441 11.5 6.2
    endloop
  endfacet
  facet normal 0 0 1
    outer loop
      vertex 151.73811269551516 10.014599777758121 6.2
      vertex 152.35287959128618 11.47361671924591 6.2
      vertex 152.33156342059374 11.478147603571415 6.2
    endloop
  endfacet
  facet normal 0 0 1
    outer loop
      vertex 151.73811269551516 10.014599777758121 6.2
      vertex 152.55170452594757 11.409014582633972 6.2
      vertex 152.35287959128618 11.47361671924591 6.2
    endloop
  endfacet
  facet normal 0 0 1
    outer loop
      vertex 151.73811269551516 10.014599777758121 6.2
      vertex 152.73275315016508 11.304486125707626 6.2
      vertex 152.55170452594757 11.409014582633972 6.2
    endloop
  endfacet
  facet normal 0 0 1
    outer loop
      vertex 151.73811269551516 10.014599777758121 6.2
      vertex 153.14999999850988 10.447592191398144 6.2
      vertex 153.14452186971903 10.552120871841908 6.2
    endloop
  endfacet
  facet normal 0 0 1
    outer loop
      vertex 151.73811269551516 10.014599777758121 6.2
      vertex 153.14452186971903 10.552120871841908 6.2
      vertex 153.13948982208967 10.599997565150261 6.2
    endloop
  endfacet
  facet normal 0 0 1
    outer loop
      vertex 151.73811269551516 10.014599777758121 6.2
      vertex 153.13948982208967 10.599997565150261 6.2
      vertex 153.09602441638708 10.80448616296053 6.2
    endloop
  endfacet
  facet normal 0 0 1
    outer loop
      vertex 151.73811269551516 10.014599777758121 6.2
      vertex 152.88811269402504 11.164599776268005 6.2
      vertex 152.73275315016508 11.304486125707626 6.2
    endloop
  endfacet
  facet normal 0 0 1
    outer loop
      vertex 151.73811269551516 10.014599777758121 6.2
      vertex 153.01099330186844 10.995469145476818 6.2
      vertex 152.88811269402504 11.164599776268005 6.2
    endloop
  endfacet
  facet normal 0 0 1
    outer loop
      vertex 151.73811269551516 10.014599777758121 6.2
      vertex 153.09602441638708 10.80448616296053 6.2
      vertex 153.01099330186844 10.995469145476818 6.2
    endloop
  endfacet
endsolid OpenSCAD_Model
