solid OpenSCAD_Model
  facet normal -0.8700869911087146 -0.49289819222977843 1.0638569812861197e-16
    outer loop
      vertex -8.157728610000273 -7.814102744193223 0.005050000000000001
      vertex -8.181921264348356 -7.771396736825999 0.005050000000000001
      vertex -8.181921264348356 -7.771396736825999 -0.00495
    endloop
  endfacet
  facet normal -0.7883464276266051 -0.6152315905806282 0
    outer loop
      vertex -8.073010453362738 -7.934393284163646 -0.00495
      vertex -8.073010453362738 -7.934393284163646 0.005050000000000001
      vertex -8.103207531480646 -7.895699304492434 0.005050000000000001
    endloop
  endfacet
  facet normal -0.7572088465064851 -0.6531728429537761 5.195272149007608e-17
    outer loop
      vertex -8.04095112535496 -7.971558954847019 0.005050000000000001
      vertex -8.073010453362738 -7.934393284163646 0.005050000000000001
      vertex -8.073010453362738 -7.934393284163646 -0.00495
    endloop
  endfacet
  facet normal -0.7572088465064851 -0.6531728429537761 0
    outer loop
      vertex -8.04095112535496 -7.971558954847019 -0.00495
      vertex -8.04095112535496 -7.971558954847019 0.005050000000000001
      vertex -8.073010453362738 -7.934393284163646 -0.00495
    endloop
  endfacet
  facet normal 0 0 -1
    outer loop
      vertex -8.073010453362738 -7.934393284163646 -0.00495
      vertex -8.131469612302546 -7.855570233019603 -0.00495
      vertex -8.007106781186549 -8.007106781186549 -0.00495
    endloop
  endfacet
  facet normal -0.8175848131515888 -0.575808191417838 7.808484056361628e-18
    outer loop
      vertex -8.131469612302546 -7.855570233019603 -0.00495
      vertex -8.103207531480646 -7.895699304492434 -0.00495
      vertex -8.103207531480646 -7.895699304492434 0.005050000000000001
    endloop
  endfacet
  facet normal -0.8175848131515888 -0.575808191417838 0
    outer loop
      vertex -8.131469612302546 -7.855570233019603 -0.00495
      vertex -8.103207531480646 -7.895699304492434 0.005050000000000001
      vertex -8.131469612302546 -7.855570233019603 0.005050000000000001
    endloop
  endfacet
  facet normal 0 0 -1
    outer loop
      vertex -8.131469612302546 -7.855570233019603 -0.00495
      vertex -8.223879532511287 -7.68268343236509 -0.00495
      vertex -8.007106781186549 -8.007106781186549 -0.00495
    endloop
  endfacet
  facet normal 0 0 -1
    outer loop
      vertex -8.131469612302546 -7.855570233019603 -0.00495
      vertex -8.157728610000273 -7.814102744193223 -0.00495
      vertex -8.181921264348356 -7.771396736825999 -0.00495
    endloop
  endfacet
  facet normal -0.8448535652496996 -0.5349976198871089 0
    outer loop
      vertex -8.131469612302546 -7.855570233019603 -0.00495
      vertex -8.131469612302546 -7.855570233019603 0.005050000000000001
      vertex -8.157728610000273 -7.814102744193223 0.005050000000000001
    endloop
  endfacet
  facet normal -0.8448535652496996 -0.5349976198871089 -4.369913759878488e-17
    outer loop
      vertex -8.131469612302546 -7.855570233019603 -0.00495
      vertex -8.157728610000273 -7.814102744193223 0.005050000000000001
      vertex -8.157728610000273 -7.814102744193223 -0.00495
    endloop
  endfacet
  facet normal -0.8700869911087146 -0.49289819222977843 0
    outer loop
      vertex -8.157728610000273 -7.814102744193223 -0.00495
      vertex -8.157728610000273 -7.814102744193223 0.005050000000000001
      vertex -8.181921264348356 -7.771396736825999 -0.00495
    endloop
  endfacet
  facet normal 0 0 -1
    outer loop
      vertex -8.073010453362738 -7.934393284163646 -0.00495
      vertex -8.103207531480646 -7.895699304492434 -0.00495
      vertex -8.131469612302546 -7.855570233019603 -0.00495
    endloop
  endfacet
  facet normal -0.7883464276266051 -0.6152315905806282 1.2258921321545644e-16
    outer loop
      vertex -8.073010453362738 -7.934393284163646 -0.00495
      vertex -8.103207531480646 -7.895699304492434 0.005050000000000001
      vertex -8.103207531480646 -7.895699304492434 -0.00495
    endloop
  endfacet
  facet normal -0.6531728429537761 -0.7572088465064851 5.195272149007608e-17
    outer loop
      vertex -7.971558954847019 -8.04095112535496 0.005050000000000001
      vertex -7.934393284163646 -8.073010453362738 -0.00495
      vertex -7.934393284163646 -8.073010453362738 0.005050000000000001
    endloop
  endfacet
  facet normal -0.6531728429537761 -0.7572088465064851 0
    outer loop
      vertex -7.971558954847019 -8.04095112535496 -0.00495
      vertex -7.934393284163646 -8.073010453362738 -0.00495
      vertex -7.971558954847019 -8.04095112535496 0.005050000000000001
    endloop
  endfacet
  facet normal -0.6152315905806282 -0.7883464276266051 0
    outer loop
      vertex -7.934393284163646 -8.073010453362738 -0.00495
      vertex -7.895699304492434 -8.103207531480646 0.005050000000000001
      vertex -7.934393284163646 -8.073010453362738 0.005050000000000001
    endloop
  endfacet
  facet normal 0 0 -1
    outer loop
      vertex -7.934393284163646 -8.073010453362738 -0.00495
      vertex -8.007106781186549 -8.007106781186549 -0.00495
      vertex -7.855570233019603 -8.131469612302546 -0.00495
    endloop
  endfacet
  facet normal -0.49289819222977843 -0.8700869911087146 1.0638569812861197e-16
    outer loop
      vertex -7.814102744193223 -8.157728610000273 -0.00495
      vertex -7.771396736825999 -8.181921264348356 -0.00495
      vertex -7.771396736825999 -8.181921264348356 0.005050000000000001
    endloop
  endfacet
  facet normal -0.575808191417838 -0.8175848131515888 7.808484056361628e-18
    outer loop
      vertex -7.855570233019603 -8.131469612302546 -0.00495
      vertex -7.895699304492434 -8.103207531480646 0.005050000000000001
      vertex -7.895699304492434 -8.103207531480646 -0.00495
    endloop
  endfacet
  facet normal -0.575808191417838 -0.8175848131515888 0
    outer loop
      vertex -7.855570233019603 -8.131469612302546 -0.00495
      vertex -7.855570233019603 -8.131469612302546 0.005050000000000001
      vertex -7.895699304492434 -8.103207531480646 0.005050000000000001
    endloop
  endfacet
  facet normal 0 0 -1
    outer loop
      vertex -7.855570233019603 -8.131469612302546 -0.00495
      vertex -8.007106781186549 -8.007106781186549 -0.00495
      vertex -7.771396736825999 -8.181921264348356 -0.00495
    endloop
  endfacet
  facet normal 0 0 -1
    outer loop
      vertex -7.934393284163646 -8.073010453362738 -0.00495
      vertex -7.855570233019603 -8.131469612302546 -0.00495
      vertex -7.895699304492434 -8.103207531480646 -0.00495
    endloop
  endfacet
  facet normal -0.6152315905806282 -0.7883464276266051 1.2258921321545644e-16
    outer loop
      vertex -7.934393284163646 -8.073010453362738 -0.00495
      vertex -7.895699304492434 -8.103207531480646 -0.00495
      vertex -7.895699304492434 -8.103207531480646 0.005050000000000001
    endloop
  endfacet
  facet normal -0.5349976198871089 -0.8448535652496996 0
    outer loop
      vertex -7.855570233019603 -8.131469612302546 -0.00495
      vertex -7.814102744193223 -8.157728610000273 -0.00495
      vertex -7.855570233019603 -8.131469612302546 0.005050000000000001
    endloop
  endfacet
  facet normal 0 0 -1
    outer loop
      vertex -7.855570233019603 -8.131469612302546 -0.00495
      vertex -7.771396736825999 -8.181921264348356 -0.00495
      vertex -7.814102744193223 -8.157728610000273 -0.00495
    endloop
  endfacet
  facet normal -0.5349976198871089 -0.8448535652496996 -4.369913759878488e-17
    outer loop
      vertex -7.855570233019603 -8.131469612302546 0.005050000000000001
      vertex -7.814102744193223 -8.157728610000273 -0.00495
      vertex -7.814102744193223 -8.157728610000273 0.005050000000000001
    endloop
  endfacet
  facet normal 0 0 -1
    outer loop
      vertex -8.007106781186549 -8.007106781186549 -0.00495
      vertex -7.68268343236509 -8.223879532511287 -0.00495
      vertex -7.771396736825999 -8.181921264348356 -0.00495
    endloop
  endfacet
  facet normal -0.49289819222977843 -0.8700869911087146 0
    outer loop
      vertex -7.814102744193223 -8.157728610000273 -0.00495
      vertex -7.771396736825999 -8.181921264348356 0.005050000000000001
      vertex -7.814102744193223 -8.157728610000273 0.005050000000000001
    endloop
  endfacet
  facet normal -0.7242470829514729 -0.6895405447370607 0
    outer loop
      vertex -8.04095112535496 -7.971558954847019 -0.00495
      vertex -8.007106781186549 -8.007106781186549 -0.00495
      vertex -8.04095112535496 -7.971558954847019 0.005050000000000001
    endloop
  endfacet
  facet normal -0.7242470829514729 -0.6895405447370607 1.8613048138239457e-16
    outer loop
      vertex -8.04095112535496 -7.971558954847019 0.005050000000000001
      vertex -8.007106781186549 -8.007106781186549 -0.00495
      vertex -8.007106781186549 -8.007106781186549 0.005050000000000001
    endloop
  endfacet
  facet normal -0.6895405447370607 -0.7242470829514729 1.8613048138239457e-16
    outer loop
      vertex -7.971558954847019 -8.04095112535496 0.005050000000000001
      vertex -8.007106781186549 -8.007106781186549 0.005050000000000001
      vertex -8.007106781186549 -8.007106781186549 -0.00495
    endloop
  endfacet
  facet normal -0.6895405447370607 -0.7242470829514729 0
    outer loop
      vertex -7.971558954847019 -8.04095112535496 -0.00495
      vertex -7.971558954847019 -8.04095112535496 0.005050000000000001
      vertex -8.007106781186549 -8.007106781186549 -0.00495
    endloop
  endfacet
  facet normal 0 0 -1
    outer loop
      vertex -8.04095112535496 -7.971558954847019 -0.00495
      vertex -8.073010453362738 -7.934393284163646 -0.00495
      vertex -8.007106781186549 -8.007106781186549 -0.00495
    endloop
  endfacet
  facet normal 0 0 -1
    outer loop
      vertex -7.971558954847019 -8.04095112535496 -0.00495
      vertex -8.007106781186549 -8.007106781186549 -0.00495
      vertex -7.934393284163646 -8.073010453362738 -0.00495
    endloop
  endfacet
  facet normal -0.932992798834737 -0.35989503653499316 3.5145105410712124e-17
    outer loop
      vertex -8.223879532511287 -7.68268343236509 0.005050000000000001
      vertex -8.241544065183021 -7.636889853392221 0.005050000000000001
      vertex -8.241544065183021 -7.636889853392221 -0.00495
    endloop
  endfacet
  facet normal 0 0 -1
    outer loop
      vertex -8.203989293123444 -7.727555093430283 -0.00495
      vertex -8.223879532511287 -7.68268343236509 -0.00495
      vertex -8.181921264348356 -7.771396736825999 -0.00495
    endloop
  endfacet
  facet normal -0.8932243011955183 -0.4496113296546005 6.462560192373798e-17
    outer loop
      vertex -8.203989293123444 -7.727555093430283 0.005050000000000001
      vertex -8.181921264348356 -7.771396736825999 -0.00495
      vertex -8.181921264348356 -7.771396736825999 0.005050000000000001
    endloop
  endfacet
  facet normal 0 0 -1
    outer loop
      vertex -8.131469612302546 -7.855570233019603 -0.00495
      vertex -8.181921264348356 -7.771396736825999 -0.00495
      vertex -8.223879532511287 -7.68268343236509 -0.00495
    endloop
  endfacet
  facet normal -0.8932243011955183 -0.4496113296546005 0
    outer loop
      vertex -8.203989293123444 -7.727555093430283 -0.00495
      vertex -8.181921264348356 -7.771396736825999 -0.00495
      vertex -8.203989293123444 -7.727555093430283 0.005050000000000001
    endloop
  endfacet
  facet normal -0.914209755703534 -0.4052413140049827 0
    outer loop
      vertex -8.203989293123444 -7.727555093430283 -0.00495
      vertex -8.203989293123444 -7.727555093430283 0.005050000000000001
      vertex -8.223879532511287 -7.68268343236509 -0.00495
    endloop
  endfacet
  facet normal -0.914209755703534 -0.4052413140049827 1.0375808606099149e-16
    outer loop
      vertex -8.203989293123444 -7.727555093430283 0.005050000000000001
      vertex -8.223879532511287 -7.68268343236509 0.005050000000000001
      vertex -8.223879532511287 -7.68268343236509 -0.00495
    endloop
  endfacet
  facet normal -0.932992798834737 -0.35989503653499316 0
    outer loop
      vertex -8.223879532511287 -7.68268343236509 -0.00495
      vertex -8.223879532511287 -7.68268343236509 0.005050000000000001
      vertex -8.241544065183021 -7.636889853392221 -0.00495
    endloop
  endfacet
  facet normal 0 0 -1
    outer loop
      vertex -8.007106781186549 -8.007106781186549 -0.00495
      vertex -8.223879532511287 -7.68268343236509 -0.00495
      vertex -8.3 -7.300000000000001 -0.00495
    endloop
  endfacet
  facet normal 0 0 -1
    outer loop
      vertex -8.223879532511287 -7.68268343236509 -0.00495
      vertex -8.241544065183021 -7.636889853392221 -0.00495
      vertex -8.25694033573221 -7.590284677254463 -0.00495
    endloop
  endfacet
  facet normal -0.9495281805930307 -0.3136817403989097 0
    outer loop
      vertex -8.241544065183021 -7.636889853392221 -0.00495
      vertex -8.241544065183021 -7.636889853392221 0.005050000000000001
      vertex -8.25694033573221 -7.590284677254463 -0.00495
    endloop
  endfacet
  facet normal -0.9495281805930307 -0.3136817403989097 7.424109525557104e-17
    outer loop
      vertex -8.241544065183021 -7.636889853392221 0.005050000000000001
      vertex -8.25694033573221 -7.590284677254463 0.005050000000000001
      vertex -8.25694033573221 -7.590284677254463 -0.00495
    endloop
  endfacet
  facet normal 0 0 -1
    outer loop
      vertex -8.223879532511287 -7.68268343236509 -0.00495
      vertex -8.25694033573221 -7.590284677254463 -0.00495
      vertex -8.280785280403231 -7.495090322016129 -0.00495
    endloop
  endfacet
  facet normal 0 0 -1
    outer loop
      vertex -8.25694033573221 -7.590284677254463 -0.00495
      vertex -8.270031253194544 -7.542980179903265 -0.00495
      vertex -8.280785280403231 -7.495090322016129 -0.00495
    endloop
  endfacet
  facet normal -0.9757021300385256 -0.21910124015688293 0
    outer loop
      vertex -8.270031253194544 -7.542980179903265 -0.00495
      vertex -8.270031253194544 -7.542980179903265 0.005050000000000001
      vertex -8.280785280403231 -7.495090322016129 0.005050000000000001
    endloop
  endfacet
  facet normal -0.9637760657954466 -0.2667127574748739 0
    outer loop
      vertex -8.25694033573221 -7.590284677254463 -0.00495
      vertex -8.25694033573221 -7.590284677254463 0.005050000000000001
      vertex -8.270031253194544 -7.542980179903265 -0.00495
    endloop
  endfacet
  facet normal -0.9637760657954466 -0.2667127574748739 -7.934497710735335e-17
    outer loop
      vertex -8.25694033573221 -7.590284677254463 0.005050000000000001
      vertex -8.270031253194544 -7.542980179903265 0.005050000000000001
      vertex -8.270031253194544 -7.542980179903265 -0.00495
    endloop
  endfacet
  facet normal -0.9757021300385256 -0.21910124015688293 -9.260387099027372e-17
    outer loop
      vertex -8.270031253194544 -7.542980179903265 -0.00495
      vertex -8.280785280403231 -7.495090322016129 0.005050000000000001
      vertex -8.280785280403231 -7.495090322016129 -0.00495
    endloop
  endfacet
  facet normal 0 0 -1
    outer loop
      vertex -8.223879532511287 -7.68268343236509 -0.00495
      vertex -8.280785280403231 -7.495090322016129 -0.00495
      vertex -8.3 -7.300000000000001 -0.00495
    endloop
  endfacet
  facet normal -0.9852776423889434 -0.17096188876028862 -1.471406909311094e-17
    outer loop
      vertex -8.280785280403231 -7.495090322016129 -0.00495
      vertex -8.289176509964781 -7.446730474455363 0.005050000000000001
      vertex -8.289176509964781 -7.446730474455363 -0.00495
    endloop
  endfacet
  facet normal -0.9852776423889434 -0.17096188876028862 0
    outer loop
      vertex -8.280785280403231 -7.495090322016129 -0.00495
      vertex -8.280785280403231 -7.495090322016129 0.005050000000000001
      vertex -8.289176509964781 -7.446730474455363 0.005050000000000001
    endloop
  endfacet
  facet normal 0 0 -1
    outer loop
      vertex -8.280785280403231 -7.495090322016129 -0.00495
      vertex -8.289176509964781 -7.446730474455363 -0.00495
      vertex -8.295184726672197 -7.398017140329562 -0.00495
    endloop
  endfacet
  facet normal -0.9924795345987096 -0.12241067519921875 0
    outer loop
      vertex -8.289176509964781 -7.446730474455363 -0.00495
      vertex -8.289176509964781 -7.446730474455363 0.005050000000000001
      vertex -8.295184726672197 -7.398017140329562 -0.00495
    endloop
  endfacet
  facet normal -0.9924795345987096 -0.12241067519921875 -6.899163172176291e-18
    outer loop
      vertex -8.289176509964781 -7.446730474455363 0.005050000000000001
      vertex -8.295184726672197 -7.398017140329562 0.005050000000000001
      vertex -8.295184726672197 -7.398017140329562 -0.00495
    endloop
  endfacet
  facet normal 0 0 -1
    outer loop
      vertex -8.280785280403231 -7.495090322016129 -0.00495
      vertex -8.295184726672197 -7.398017140329562 -0.00495
      vertex -8.3 -7.300000000000001 -0.00495
    endloop
  endfacet
  facet normal -0.9972904566786889 -0.07356456359968419 0
    outer loop
      vertex -8.295184726672197 -7.398017140329562 -0.00495
      vertex -8.295184726672197 -7.398017140329562 0.005050000000000001
      vertex -8.298795456205173 -7.349067674327419 0.005050000000000001
    endloop
  endfacet
  facet normal -0.9972904566786889 -0.07356456359968419 -5.316206543072558e-18
    outer loop
      vertex -8.295184726672197 -7.398017140329562 -0.00495
      vertex -8.298795456205173 -7.349067674327419 0.005050000000000001
      vertex -8.298795456205173 -7.349067674327419 -0.00495
    endloop
  endfacet
  facet normal 0 0 -1
    outer loop
      vertex -8.295184726672197 -7.398017140329562 -0.00495
      vertex -8.298795456205173 -7.349067674327419 -0.00495
      vertex -8.3 -7.300000000000001 -0.00495
    endloop
  endfacet
  facet normal -0.9996988186962044 -0.024541228522907587 0
    outer loop
      vertex -8.298795456205173 -7.349067674327419 -0.00495
      vertex -8.298795456205173 -7.349067674327419 0.005050000000000001
      vertex -8.3 -7.300000000000001 -0.00495
    endloop
  endfacet
  facet normal -0.9996988186962044 -0.024541228522907587 1.1764332665181406e-18
    outer loop
      vertex -8.298795456205173 -7.349067674327419 0.005050000000000001
      vertex -8.3 -7.300000000000001 0.005050000000000001
      vertex -8.3 -7.300000000000001 -0.00495
    endloop
  endfacet
  facet normal -0.4496113296546005 -0.8932243011955183 0
    outer loop
      vertex -7.771396736825999 -8.181921264348356 -0.00495
      vertex -7.727555093430283 -8.203989293123444 0.005050000000000001
      vertex -7.771396736825999 -8.181921264348356 0.005050000000000001
    endloop
  endfacet
  facet normal 0 0 -1
    outer loop
      vertex -7.771396736825999 -8.181921264348356 -0.00495
      vertex -7.68268343236509 -8.223879532511287 -0.00495
      vertex -7.727555093430283 -8.203989293123444 -0.00495
    endloop
  endfacet
  facet normal -0.4496113296546005 -0.8932243011955183 6.462560192373798e-17
    outer loop
      vertex -7.771396736825999 -8.181921264348356 -0.00495
      vertex -7.727555093430283 -8.203989293123444 -0.00495
      vertex -7.727555093430283 -8.203989293123444 0.005050000000000001
    endloop
  endfacet
  facet normal -0.35989503653499316 -0.932992798834737 3.5145105410712124e-17
    outer loop
      vertex -7.68268343236509 -8.223879532511287 -0.00495
      vertex -7.636889853392221 -8.241544065183021 -0.00495
      vertex -7.636889853392221 -8.241544065183021 0.005050000000000001
    endloop
  endfacet
  facet normal -0.4052413140049827 -0.914209755703534 0
    outer loop
      vertex -7.727555093430283 -8.203989293123444 -0.00495
      vertex -7.68268343236509 -8.223879532511287 -0.00495
      vertex -7.727555093430283 -8.203989293123444 0.005050000000000001
    endloop
  endfacet
  facet normal -0.4052413140049827 -0.914209755703534 1.0375808606099149e-16
    outer loop
      vertex -7.727555093430283 -8.203989293123444 0.005050000000000001
      vertex -7.68268343236509 -8.223879532511287 -0.00495
      vertex -7.68268343236509 -8.223879532511287 0.005050000000000001
    endloop
  endfacet
  facet normal -0.35989503653499316 -0.932992798834737 0
    outer loop
      vertex -7.68268343236509 -8.223879532511287 -0.00495
      vertex -7.636889853392221 -8.241544065183021 0.005050000000000001
      vertex -7.68268343236509 -8.223879532511287 0.005050000000000001
    endloop
  endfacet
  facet normal 0 0 -1
    outer loop
      vertex -8.007106781186549 -8.007106781186549 -0.00495
      vertex -7.300000000000001 -8.3 -0.00495
      vertex -7.68268343236509 -8.223879532511287 -0.00495
    endloop
  endfacet
  facet normal -0.3136817403989097 -0.9495281805930307 0
    outer loop
      vertex -7.636889853392221 -8.241544065183021 -0.00495
      vertex -7.590284677254463 -8.25694033573221 0.005050000000000001
      vertex -7.636889853392221 -8.241544065183021 0.005050000000000001
    endloop
  endfacet
  facet normal 0 0 -1
    outer loop
      vertex -7.68268343236509 -8.223879532511287 -0.00495
      vertex -7.542980179903265 -8.270031253194544 -0.00495
      vertex -7.636889853392221 -8.241544065183021 -0.00495
    endloop
  endfacet
  facet normal -0.3136817403989097 -0.9495281805930307 7.424109525557104e-17
    outer loop
      vertex -7.636889853392221 -8.241544065183021 -0.00495
      vertex -7.590284677254463 -8.25694033573221 -0.00495
      vertex -7.590284677254463 -8.25694033573221 0.005050000000000001
    endloop
  endfacet
  facet normal 0 0 -1
    outer loop
      vertex -7.636889853392221 -8.241544065183021 -0.00495
      vertex -7.542980179903265 -8.270031253194544 -0.00495
      vertex -7.590284677254463 -8.25694033573221 -0.00495
    endloop
  endfacet
  facet normal 0 0 -1
    outer loop
      vertex -7.68268343236509 -8.223879532511287 -0.00495
      vertex -7.495090322016129 -8.280785280403231 -0.00495
      vertex -7.542980179903265 -8.270031253194544 -0.00495
    endloop
  endfacet
  facet normal -0.2667127574748739 -0.9637760657954466 0
    outer loop
      vertex -7.590284677254463 -8.25694033573221 -0.00495
      vertex -7.542980179903265 -8.270031253194544 -0.00495
      vertex -7.590284677254463 -8.25694033573221 0.005050000000000001
    endloop
  endfacet
  facet normal -0.2667127574748739 -0.9637760657954466 -7.934497710735335e-17
    outer loop
      vertex -7.590284677254463 -8.25694033573221 0.005050000000000001
      vertex -7.542980179903265 -8.270031253194544 -0.00495
      vertex -7.542980179903265 -8.270031253194544 0.005050000000000001
    endloop
  endfacet
  facet normal -0.21910124015688293 -0.9757021300385256 0
    outer loop
      vertex -7.542980179903265 -8.270031253194544 -0.00495
      vertex -7.495090322016129 -8.280785280403231 -0.00495
      vertex -7.542980179903265 -8.270031253194544 0.005050000000000001
    endloop
  endfacet
  facet normal -0.21910124015688293 -0.9757021300385256 -9.260387099027372e-17
    outer loop
      vertex -7.542980179903265 -8.270031253194544 0.005050000000000001
      vertex -7.495090322016129 -8.280785280403231 -0.00495
      vertex -7.495090322016129 -8.280785280403231 0.005050000000000001
    endloop
  endfacet
  facet normal 0 0 -1
    outer loop
      vertex -7.68268343236509 -8.223879532511287 -0.00495
      vertex -7.300000000000001 -8.3 -0.00495
      vertex -7.495090322016129 -8.280785280403231 -0.00495
    endloop
  endfacet
  facet normal -0.17096188876028862 -0.9852776423889434 0
    outer loop
      vertex -7.495090322016129 -8.280785280403231 -0.00495
      vertex -7.446730474455363 -8.289176509964781 0.005050000000000001
      vertex -7.495090322016129 -8.280785280403231 0.005050000000000001
    endloop
  endfacet
  facet normal -0.17096188876028862 -0.9852776423889434 -1.471406909311094e-17
    outer loop
      vertex -7.495090322016129 -8.280785280403231 -0.00495
      vertex -7.446730474455363 -8.289176509964781 -0.00495
      vertex -7.446730474455363 -8.289176509964781 0.005050000000000001
    endloop
  endfacet
  facet normal 0 0 -1
    outer loop
      vertex -7.495090322016129 -8.280785280403231 -0.00495
      vertex -7.398017140329562 -8.295184726672197 -0.00495
      vertex -7.446730474455363 -8.289176509964781 -0.00495
    endloop
  endfacet
  facet normal -0.12241067519921875 -0.9924795345987096 0
    outer loop
      vertex -7.446730474455363 -8.289176509964781 -0.00495
      vertex -7.398017140329562 -8.295184726672197 -0.00495
      vertex -7.446730474455363 -8.289176509964781 0.005050000000000001
    endloop
  endfacet
  facet normal -0.12241067519921875 -0.9924795345987096 -6.899163172176291e-18
    outer loop
      vertex -7.446730474455363 -8.289176509964781 0.005050000000000001
      vertex -7.398017140329562 -8.295184726672197 -0.00495
      vertex -7.398017140329562 -8.295184726672197 0.005050000000000001
    endloop
  endfacet
  facet normal 0 0 -1
    outer loop
      vertex -7.495090322016129 -8.280785280403231 -0.00495
      vertex -7.300000000000001 -8.3 -0.00495
      vertex -7.398017140329562 -8.295184726672197 -0.00495
    endloop
  endfacet
  facet normal -0.07356456359968419 -0.9972904566786889 0
    outer loop
      vertex -7.398017140329562 -8.295184726672197 -0.00495
      vertex -7.349067674327419 -8.298795456205173 0.005050000000000001
      vertex -7.398017140329562 -8.295184726672197 0.005050000000000001
    endloop
  endfacet
  facet normal -0.07356456359968419 -0.9972904566786889 -5.316206543072558e-18
    outer loop
      vertex -7.398017140329562 -8.295184726672197 -0.00495
      vertex -7.349067674327419 -8.298795456205173 -0.00495
      vertex -7.349067674327419 -8.298795456205173 0.005050000000000001
    endloop
  endfacet
  facet normal 0 0 -1
    outer loop
      vertex -7.398017140329562 -8.295184726672197 -0.00495
      vertex -7.300000000000001 -8.3 -0.00495
      vertex -7.349067674327419 -8.298795456205173 -0.00495
    endloop
  endfacet
  facet normal -0.024541228522907587 -0.9996988186962044 0
    outer loop
      vertex -7.349067674327419 -8.298795456205173 -0.00495
      vertex -7.300000000000001 -8.3 -0.00495
      vertex -7.349067674327419 -8.298795456205173 0.005050000000000001
    endloop
  endfacet
  facet normal -0.024541228522907587 -0.9996988186962044 1.1764332665181406e-18
    outer loop
      vertex -7.349067674327419 -8.298795456205173 0.005050000000000001
      vertex -7.300000000000001 -8.3 -0.00495
      vertex -7.300000000000001 -8.3 0.005050000000000001
    endloop
  endfacet
  facet normal -0.7273058488569466 -0.5675950553590765 0.38582645755624806
    outer loop
      vertex -8.073010453362738 -7.934393284163646 0.005050000000000001
      vertex -6.2507076720403765 -5.965822997364835 6.33619236807289
      vertex -8.103207531480646 -7.895699304492434 0.005050000000000001
    endloop
  endfacet
  facet normal -0.6671550401249879 -0.6351844013194092 0.3891592588598266
    outer loop
      vertex -8.04095112535496 -7.971558954847019 0.005050000000000001
      vertex -8.007106781186549 -8.007106781186549 0.005050000000000001
      vertex -6.139323370379008 -6.139323370379008 6.255673487918539
    endloop
  endfacet
  facet normal -0.6978729712000237 -0.6019893649187763 0.3880491213662767
    outer loop
      vertex -8.04095112535496 -7.971558954847019 0.005050000000000001
      vertex -6.196612573789082 -6.054463666905382 6.2959674775648455
      vertex -8.073010453362738 -7.934393284163646 0.005050000000000001
    endloop
  endfacet
  facet normal -0.6351844013194092 -0.6671550401249879 0.3891592588598266
    outer loop
      vertex -7.971558954847019 -8.04095112535496 0.005050000000000001
      vertex -6.139323370379008 -6.139323370379008 6.255673487918539
      vertex -8.007106781186549 -8.007106781186549 0.005050000000000001
    endloop
  endfacet
  facet normal -0.6019893649187763 -0.6978729712000236 0.3880491213662767
    outer loop
      vertex -7.971558954847019 -8.04095112535496 0.005050000000000001
      vertex -7.934393284163646 -8.073010453362738 0.005050000000000001
      vertex -6.013870752298718 -6.295185412073064 6.1816654106192335
    endloop
  endfacet
  facet normal -0.5675950553590765 -0.7273058488569466 0.38582645755624817
    outer loop
      vertex -7.934393284163646 -8.073010453362738 0.005050000000000001
      vertex -7.895699304492434 -8.103207531480646 0.005050000000000001
      vertex -6.013870752298718 -6.295185412073064 6.1816654106192335
    endloop
  endfacet
  facet normal -0.7554165246303461 -0.5320243426951955 0.3824865659015423
    outer loop
      vertex -8.131469612302546 -7.855570233019603 0.005050000000000001
      vertex -8.103207531480646 -7.895699304492434 0.005050000000000001
      vertex -6.347745852165509 -5.776899325463108 6.419282932006281
    endloop
  endfacet
  facet normal -0.7821623665199153 -0.49529885611567165 0.3780225860057477
    outer loop
      vertex -8.131469612302546 -7.855570233019603 0.005050000000000001
      vertex -6.347745852165509 -5.776899325463108 6.419282932006281
      vertex -8.157728610000273 -7.814102744193223 0.005050000000000001
    endloop
  endfacet
  facet normal -0.8074946719061397 -0.4574400813768562 0.3724257332584997
    outer loop
      vertex -8.157728610000273 -7.814102744193223 0.005050000000000001
      vertex -6.427867566869039 -5.57232015539132 6.509258944218939
      vertex -8.181921264348356 -7.771396736825999 0.005050000000000001
    endloop
  endfacet
  facet normal -0.8313581852729586 -0.41847054384830484 0.36568561868216426
    outer loop
      vertex -8.203989293123444 -7.727555093430283 0.005050000000000001
      vertex -8.181921264348356 -7.771396736825999 0.005050000000000001
      vertex -6.427867566869039 -5.57232015539132 6.509258944218939
    endloop
  endfacet
  facet normal -0.8744230179649986 -0.33730217895636266 0.34872858461025785
    outer loop
      vertex -8.223879532511287 -7.68268343236509 0.005050000000000001
      vertex -6.515586824441372 -5.241290762874546 6.649924078949204
      vertex -8.241544065183021 -7.636889853392221 0.005050000000000001
    endloop
  endfacet
  facet normal -0.893478530770086 -0.29516543718163185 0.3384870451676174
    outer loop
      vertex -8.241544065183021 -7.636889853392221 0.005050000000000001
      vertex -6.515586824441372 -5.241290762874546 6.649924078949204
      vertex -8.25694033573221 -7.590284677254463 0.005050000000000001
    endloop
  endfacet
  facet normal -0.8536907362335877 -0.37841507766338844 0.35779065927713494
    outer loop
      vertex -8.203989293123444 -7.727555093430283 0.005050000000000001
      vertex -6.490383058813714 -5.353952298288343 6.60415143718752
      vertex -8.223879532511287 -7.68268343236509 0.005050000000000001
    endloop
  endfacet
  facet normal -0.9107737197683217 -0.2520450329242912 0.32705432692072367
    outer loop
      vertex -8.25694033573221 -7.590284677254463 0.005050000000000001
      vertex -6.551420170810291 -5.007673962649929 6.744838976628493
      vertex -8.270031253194544 -7.542980179903265 0.005050000000000001
    endloop
  endfacet
  facet normal -0.9262183392288567 -0.20798928334109312 0.3144201744344612
    outer loop
      vertex -8.270031253194544 -7.542980179903265 0.005050000000000001
      vertex -6.551420170810291 -5.007673962649929 6.744838976628493
      vertex -8.280785280403231 -7.495090322016129 0.005050000000000001
    endloop
  endfacet
  facet normal -0.9511654826858322 -0.11731507290862268 0.2855195233525586
    outer loop
      vertex -8.289176509964781 -7.446730474455363 0.005050000000000001
      vertex -6.56720057624871 -4.764568385195788 6.84360901794033
      vertex -8.295184726672197 -7.398017140329562 0.005050000000000001
    endloop
  endfacet
  facet normal -0.9397160782499555 -0.16305620743254817 0.3005767214809512
    outer loop
      vertex -8.280785280403231 -7.495090322016129 0.005050000000000001
      vertex -6.56720057624871 -4.764568385195788 6.84360901794033
      vertex -8.289176509964781 -7.446730474455363 0.005050000000000001
    endloop
  endfacet
  facet normal -0.9604612056723597 -0.07084787483580408 0.2692486787890469
    outer loop
      vertex -8.295184726672197 -7.398017140329562 0.005050000000000001
      vertex -6.568364981663858 -4.641671226802293 6.890226309473204
      vertex -8.298795456205173 -7.349067674327419 0.005050000000000001
    endloop
  endfacet
  facet normal -0.9674956130081708 -0.023750684195776202 0.2517700216669495
    outer loop
      vertex -8.298795456205173 -7.349067674327419 0.005050000000000001
      vertex -6.564508411893465 -4.5175946439076125 6.936631914591124
      vertex -8.3 -7.300000000000001 0.005050000000000001
    endloop
  endfacet
  facet normal -0.5320243426951956 -0.7554165246303461 0.38248656590154245
    outer loop
      vertex -7.855570233019603 -8.131469612302546 0.005050000000000001
      vertex -5.874937867580343 -6.431873491777916 6.1167617184903476
      vertex -7.895699304492434 -8.103207531480646 0.005050000000000001
    endloop
  endfacet
  facet normal -0.49529885611567154 -0.7821623665199152 0.37802258600574773
    outer loop
      vertex -7.855570233019603 -8.131469612302546 0.005050000000000001
      vertex -7.814102744193223 -8.157728610000273 0.005050000000000001
      vertex -5.874937867580343 -6.431873491777916 6.1167617184903476
    endloop
  endfacet
  facet normal -0.37841507766338833 -0.8536907362335875 0.35779065927713505
    outer loop
      vertex -7.727555093430283 -8.203989293123444 0.005050000000000001
      vertex -7.68268343236509 -8.223879532511287 0.005050000000000001
      vertex -5.644004406963975 -6.599425913233972 6.037202690365037
    endloop
  endfacet
  facet normal -0.45744008137685616 -0.8074946719061394 0.37242573325849976
    outer loop
      vertex -7.814102744193223 -8.157728610000273 0.005050000000000001
      vertex -7.771396736825999 -8.181921264348356 0.005050000000000001
      vertex -5.800805868811497 -6.492798640261216 6.0878325895669985
    endloop
  endfacet
  facet normal -0.41847054384830473 -0.8313581852729585 0.3656856186821642
    outer loop
      vertex -7.771396736825999 -8.181921264348356 0.005050000000000001
      vertex -7.727555093430283 -8.203989293123444 0.005050000000000001
      vertex -5.723774654699166 -6.548672511432402 6.061301962021611
    endloop
  endfacet
  facet normal -0.33730217895636266 -0.8744230179649984 0.34872858461025785
    outer loop
      vertex -7.68268343236509 -8.223879532511287 0.005050000000000001
      vertex -7.636889853392221 -8.241544065183021 0.005050000000000001
      vertex -5.561800137647275 -6.645104010203071 6.015157304134181
    endloop
  endfacet
  facet normal -0.29516543718163185 -0.893478530770086 0.33848704516761746
    outer loop
      vertex -7.636889853392221 -8.241544065183021 0.005050000000000001
      vertex -7.590284677254463 -8.25694033573221 0.005050000000000001
      vertex -5.477657389155605 -6.685881884125717 5.994294147246281
    endloop
  endfacet
  facet normal -0.25204503292429115 -0.9107737197683216 0.32705432692072395
    outer loop
      vertex -7.590284677254463 -8.25694033573221 0.005050000000000001
      vertex -7.542980179903265 -8.270031253194544 0.005050000000000001
      vertex -5.391205814957405 -6.72130818618529 5.976169011560466
    endloop
  endfacet
  facet normal -0.20798928334109312 -0.9262183392288568 0.3144201744344612
    outer loop
      vertex -7.542980179903265 -8.270031253194544 0.005050000000000001
      vertex -7.495090322016129 -8.280785280403231 0.005050000000000001
      vertex -5.302605547294523 -6.751345799701178 5.960800887059692
    endloop
  endfacet
  facet normal -0.16305620743254812 -0.9397160782499554 0.3005767214809513
    outer loop
      vertex -7.495090322016129 -8.280785280403231 0.005050000000000001
      vertex -7.446730474455363 -8.289176509964781 0.005050000000000001
      vertex -5.212017491822665 -6.775963689053379 5.9482056524778635
    endloop
  endfacet
  facet normal -0.11731507290862266 -0.9511654826858322 0.28551952335255865
    outer loop
      vertex -7.446730474455363 -8.289176509964781 0.005050000000000001
      vertex -7.398017140329562 -8.295184726672197 0.005050000000000001
      vertex -5.119603353552149 -6.795136715375212 5.938396169596852
    endloop
  endfacet
  facet normal -0.07084787483580408 -0.9604612056723596 0.2692486787890469
    outer loop
      vertex -7.398017140329562 -8.295184726672197 0.005050000000000001
      vertex -7.349067674327419 -8.298795456205173 0.005050000000000001
      vertex -5.025525681726007 -6.808845484752617 5.931382360912186
    endloop
  endfacet
  facet normal -0.023750684195776205 -0.9674956130081709 0.25177002166694945
    outer loop
      vertex -7.349067674327419 -8.298795456205173 0.005050000000000001
      vertex -7.300000000000001 -8.3 0.005050000000000001
      vertex -4.9299479313174155 -6.8170762295456555 5.927171270352459
    endloop
  endfacet
  facet normal -0.4952988561156681 -0.7821623665199174 0.37802258600574745
    outer loop
      vertex -7.814102744193223 -8.157728610000273 0.005050000000000001
      vertex -5.800805868811497 -6.492798640261216 6.0878325895669985
      vertex -5.874937867580343 -6.431873491777916 6.1167617184903476
    endloop
  endfacet
  facet normal -0.5675950553590734 -0.7273058488569489 0.3858264575562483
    outer loop
      vertex -7.895699304492434 -8.103207531480646 0.005050000000000001
      vertex -5.946011889223072 -6.3659740525450825 6.148052793210758
      vertex -6.013870752298718 -6.295185412073064 6.1816654106192335
    endloop
  endfacet
  facet normal -0.6019893649187815 -0.6978729712000189 0.3880491213662771
    outer loop
      vertex -7.971558954847019 -8.04095112535496 0.005050000000000001
      vertex -6.013870752298718 -6.295185412073064 6.1816654106192335
      vertex -6.078359048594427 -6.219601088721382 6.217555165330693
    endloop
  endfacet
  facet normal -0.5320243426951974 -0.7554165246303445 0.382486565901543
    outer loop
      vertex -7.895699304492434 -8.103207531480646 0.005050000000000001
      vertex -5.874937867580343 -6.431873491777916 6.1167617184903476
      vertex -5.946011889223072 -6.3659740525450825 6.148052793210758
    endloop
  endfacet
  facet normal -0.45744008137686337 -0.8074946719061353 0.37242573325850026
    outer loop
      vertex -7.771396736825999 -8.181921264348356 0.005050000000000001
      vertex -5.723774654699166 -6.548672511432402 6.061301962021611
      vertex -5.800805868811497 -6.492798640261216 6.0878325895669985
    endloop
  endfacet
  facet normal -0.4184705438483017 -0.8313581852729605 0.3656856186821634
    outer loop
      vertex -7.727555093430283 -8.203989293123444 0.005050000000000001
      vertex -5.644004406963975 -6.599425913233972 6.037202690365037
      vertex -5.723774654699166 -6.548672511432402 6.061301962021611
    endloop
  endfacet
  facet normal -0.3784150776634021 -0.8536907362335804 0.35779065927713755
    outer loop
      vertex -7.68268343236509 -8.223879532511287 0.005050000000000001
      vertex -5.578946252317434 -6.635429071071399 6.0201072868961045
      vertex -5.644004406963975 -6.599425913233972 6.037202690365037
    endloop
  endfacet
  facet normal -0.37841507766338256 -0.8536907362335906 0.357790659277134
    outer loop
      vertex -7.68268343236509 -8.223879532511287 0.005050000000000001
      vertex -5.561800137647275 -6.645104010203071 6.015157304134181
      vertex -5.578946252317434 -6.635429071071399 6.0201072868961045
    endloop
  endfacet
  facet normal -0.3373021789563578 -0.8744230179650011 0.34872858461025624
    outer loop
      vertex -7.636889853392221 -8.241544065183021 0.005050000000000001
      vertex -5.477657389155605 -6.685881884125717 5.994294147246281
      vertex -5.561800137647275 -6.645104010203071 6.015157304134181
    endloop
  endfacet
  facet normal -0.20798928334107925 -0.926218339228861 0.31442017443445774
    outer loop
      vertex -7.495090322016129 -8.280785280403231 0.005050000000000001
      vertex -5.212017491822665 -6.775963689053379 5.9482056524778635
      vertex -5.302605547294523 -6.751345799701178 5.960800887059692
    endloop
  endfacet
  facet normal -0.16305620743255517 -0.9397160782499535 0.30057672148095377
    outer loop
      vertex -7.446730474455363 -8.289176509964781 0.005050000000000001
      vertex -5.119603353552149 -6.795136715375212 5.938396169596852
      vertex -5.212017491822665 -6.775963689053379 5.9482056524778635
    endloop
  endfacet
  facet normal -0.1173150729086161 -0.9511654826858337 0.28551952335255665
    outer loop
      vertex -7.398017140329562 -8.295184726672197 0.005050000000000001
      vertex -5.025525681726007 -6.808845484752617 5.931382360912186
      vertex -5.119603353552149 -6.795136715375212 5.938396169596852
    endloop
  endfacet
  facet normal -0.07084787483580102 -0.96046120567236 0.2692486787890465
    outer loop
      vertex -7.349067674327419 -8.298795456205173 0.005050000000000001
      vertex -4.9299479313174155 -6.8170762295456555 5.927171270352459
      vertex -5.025525681726007 -6.808845484752617 5.931382360912186
    endloop
  endfacet
  facet normal -0.023750684195779505 -0.9674956130081707 0.25177002166694995
    outer loop
      vertex -7.300000000000001 -8.3 0.005050000000000001
      vertex -4.833034538827076 -6.819820723296246 5.9257671068150195
      vertex -4.9299479313174155 -6.8170762295456555 5.927171270352459
    endloop
  endfacet
  facet normal -0.295165437181621 -0.8934785307700905 0.3384870451676147
    outer loop
      vertex -7.590284677254463 -8.25694033573221 0.005050000000000001
      vertex -5.391205814957405 -6.72130818618529 5.976169011560466
      vertex -5.477657389155605 -6.685881884125717 5.994294147246281
    endloop
  endfacet
  facet normal -0.2520450329243108 -0.9107737197683144 0.32705432692072883
    outer loop
      vertex -7.542980179903265 -8.270031253194544 0.005050000000000001
      vertex -5.302605547294523 -6.751345799701178 5.960800887059692
      vertex -5.391205814957405 -6.72130818618529 5.976169011560466
    endloop
  endfacet
  facet normal 0 0 -1
    outer loop
      vertex -8.007106781186549 -8.007106781186549 -0.00495
      vertex -8.3 -7.300000000000001 -0.00495
      vertex -8.298795456205173 7.349067674327419 -0.00495
    endloop
  endfacet
  facet normal -1 0 0
    outer loop
      vertex -8.3 -7.300000000000001 -0.00495
      vertex -8.3 -7.300000000000001 0.005050000000000001
      vertex -8.3 7.300000000000001 0.005050000000000001
    endloop
  endfacet
  facet normal 0 0 -1
    outer loop
      vertex -8.007106781186549 -8.007106781186549 -0.00495
      vertex -6.5 6.5 -0.00495
      vertex -6.5 -6.5 -0.00495
    endloop
  endfacet
  facet normal -0.9701425001453319 0 0.24253562503633294
    outer loop
      vertex -8.3 -7.300000000000001 0.005050000000000001
      vertex -6.555390932722205 -4.392318221203674 6.983486269111182
      vertex -8.3 7.300000000000001 0.005050000000000001
    endloop
  endfacet
  facet normal 0 -1 0
    outer loop
      vertex -7.300000000000001 -8.3 -0.00495
      vertex 7.300000000000001 -8.3 0.005050000000000001
      vertex -7.300000000000001 -8.3 0.005050000000000001
    endloop
  endfacet
  facet normal 0 0 -1
    outer loop
      vertex -8.007106781186549 -8.007106781186549 -0.00495
      vertex 8.3 -7.300000000000001 -0.00495
      vertex -7.300000000000001 -8.3 -0.00495
    endloop
  endfacet
  facet normal 0 0 -1
    outer loop
      vertex -8.007106781186549 -8.007106781186549 -0.00495
      vertex -6.5 -6.5 -0.00495
      vertex 6.5 -6.5 -0.00495
    endloop
  endfacet
  facet normal 0 -0.970142500145332 0.24253562503633294
    outer loop
      vertex -7.300000000000001 -8.3 0.005050000000000001
      vertex 7.300000000000001 -8.3 0.005050000000000001
      vertex -4.833034538827076 -6.819820723296246 5.9257671068150195
    endloop
  endfacet
  facet normal -0.8313581852729585 -0.4184705438483047 0.3656856186821644
    outer loop
      vertex -8.203989293123444 -7.727555093430283 0.005050000000000001
      vertex -6.427867566869039 -5.57232015539132 6.509258944218939
      vertex -6.461254303027387 -5.4645864064634795 6.556641349308593
    endloop
  endfacet
  facet normal -0.72730584885695 -0.5675950553590723 0.38582645755624767
    outer loop
      vertex -8.103207531480646 -7.895699304492434 0.005050000000000001
      vertex -6.2507076720403765 -5.965822997364835 6.33619236807289
      vertex -6.301272806062994 -5.87339804223708 6.376841809012606
    endloop
  endfacet
  facet normal -0.7554165246303426 -0.5320243426952005 0.38248656590154245
    outer loop
      vertex -8.103207531480646 -7.895699304492434 0.005050000000000001
      vertex -6.301272806062994 -5.87339804223708 6.376841809012606
      vertex -6.347745852165509 -5.776899325463108 6.419282932006281
    endloop
  endfacet
  facet normal -0.6978729712000146 -0.6019893649187862 0.38804912136627745
    outer loop
      vertex -8.073010453362738 -7.934393284163646 0.005050000000000001
      vertex -6.196612573789082 -6.054463666905382 6.2959674775648455
      vertex -6.217803852896208 -6.019060992313805 6.312777753173314
    endloop
  endfacet
  facet normal -0.6671550401249867 -0.6351844013194109 0.3891592588598259
    outer loop
      vertex -8.04095112535496 -7.971558954847019 0.005050000000000001
      vertex -6.139323370379008 -6.139323370379008 6.255673487918539
      vertex -6.196612573789082 -6.054463666905382 6.2959674775648455
    endloop
  endfacet
  facet normal -0.6978729712000195 -0.601989364918781 0.3880491213662769
    outer loop
      vertex -8.073010453362738 -7.934393284163646 0.005050000000000001
      vertex -6.217803852896208 -6.019060992313805 6.312777753173314
      vertex -6.2507076720403765 -5.965822997364835 6.33619236807289
    endloop
  endfacet
  facet normal -0.7821623665199227 -0.49529885611566077 0.37802258600574645
    outer loop
      vertex -8.157728610000273 -7.814102744193223 0.005050000000000001
      vertex -6.347745852165509 -5.776899325463108 6.419282932006281
      vertex -6.38998861908444 -5.676484066600457 6.463446590283869
    endloop
  endfacet
  facet normal -0.8074946719061351 -0.45744008137686304 0.3724257332585012
    outer loop
      vertex -8.157728610000273 -7.814102744193223 0.005050000000000001
      vertex -6.38998861908444 -5.676484066600457 6.463446590283869
      vertex -6.427867566869039 -5.57232015539132 6.509258944218939
    endloop
  endfacet
  facet normal -0.6351844013194066 -0.6671550401249906 0.38915925885982616
    outer loop
      vertex -7.971558954847019 -8.04095112535496 0.005050000000000001
      vertex -6.078359048594427 -6.219601088721382 6.217555165330693
      vertex -6.139323370379008 -6.139323370379008 6.255673487918539
    endloop
  endfacet
  facet normal -0.8536907362335812 -0.3784150776634002 0.3577906592771378
    outer loop
      vertex -8.203989293123444 -7.727555093430283 0.005050000000000001
      vertex -6.461254303027387 -5.4645864064634795 6.556641349308593
      vertex -6.481035785643039 -5.388192468418251 6.590240184909101
    endloop
  endfacet
  facet normal -0.8536907362335929 -0.3784150776633767 0.3577906592771349
    outer loop
      vertex -8.203989293123444 -7.727555093430283 0.005050000000000001
      vertex -6.481035785643039 -5.388192468418251 6.590240184909101
      vertex -6.490383058813714 -5.353952298288343 6.60415143718752
    endloop
  endfacet
  facet normal -0.8744230179649979 -0.3373021789563643 0.34872858461025824
    outer loop
      vertex -8.223879532511287 -7.68268343236509 0.005050000000000001
      vertex -6.490383058813714 -5.353952298288343 6.60415143718752
      vertex -6.515586824441372 -5.241290762874546 6.649924078949204
    endloop
  endfacet
  facet normal -0.893478530770093 -0.295165437181616 0.3384870451676129
    outer loop
      vertex -8.25694033573221 -7.590284677254463 0.005050000000000001
      vertex -6.515586824441372 -5.241290762874546 6.649924078949204
      vertex -6.535965714036456 -5.125788922696691 6.696850692667525
    endloop
  endfacet
  facet normal -0.9397160782499527 -0.16305620743255864 0.3005767214809545
    outer loop
      vertex -8.280785280403231 -7.495090322016129 0.005050000000000001
      vertex -6.561859111318066 -4.887184071663496 6.79379215834903
      vertex -6.56720057624871 -4.764568385195788 6.84360901794033
    endloop
  endfacet
  facet normal -0.9107737197683139 -0.2520450329243115 0.3270543269207299
    outer loop
      vertex -8.25694033573221 -7.590284677254463 0.005050000000000001
      vertex -6.535965714036456 -5.125788922696691 6.696850692667525
      vertex -6.551420170810291 -5.007673962649929 6.744838976628493
    endloop
  endfacet
  facet normal -0.9262183392288602 -0.2079892833410821 0.31442017443445813
    outer loop
      vertex -8.280785280403231 -7.495090322016129 0.005050000000000001
      vertex -6.551420170810291 -5.007673962649929 6.744838976628493
      vertex -6.561859111318066 -4.887184071663496 6.79379215834903
    endloop
  endfacet
  facet normal -0.9511654826858327 -0.11731507290863054 0.28551952335255415
    outer loop
      vertex -8.295184726672197 -7.398017140329562 0.005050000000000001
      vertex -6.56720057624871 -4.764568385195788 6.84360901794033
      vertex -6.567228493054054 -4.744343316916356 6.8518261508025775
    endloop
  endfacet
  facet normal -0.9511654826858349 -0.117315072908612 0.28551952335255404
    outer loop
      vertex -8.295184726672197 -7.398017140329562 0.005050000000000001
      vertex -6.567228493054054 -4.744343316916356 6.8518261508025775
      vertex -6.568364981663858 -4.641671226802293 6.890226309473204
    endloop
  endfacet
  facet normal -0.9604612056723617 -0.07084787483579333 0.2692486787890427
    outer loop
      vertex -8.298795456205173 -7.349067674327419 0.005050000000000001
      vertex -6.568364981663858 -4.641671226802293 6.890226309473204
      vertex -6.564508411893465 -4.5175946439076125 6.936631914591124
    endloop
  endfacet
  facet normal -0.9674956130081698 -0.02375068419578616 0.25177002166695267
    outer loop
      vertex -8.3 -7.300000000000001 0.005050000000000001
      vertex -6.564508411893465 -4.5175946439076125 6.936631914591124
      vertex -6.555390932722205 -4.392318221203674 6.983486269111182
    endloop
  endfacet
  facet normal -0.9701425001453318 4.457621231811116e-16 0.24253562503633366
    outer loop
      vertex -6.555390932722205 -4.392318221203674 6.983486269111182
      vertex -6.52703613316258 -4.089064626808615 7.096905467349681
      vertex -8.3 7.300000000000001 0.005050000000000001
    endloop
  endfacet
  facet normal -0.9701425001453319 2.058463126871724e-16 0.2425356250363333
    outer loop
      vertex -6.52703613316258 -4.089064626808615 7.096905467349681
      vertex -6.470040570747392 -3.4239350218551317 7.324887717010435
      vertex -8.3 7.300000000000001 0.005050000000000001
    endloop
  endfacet
  facet normal -1 0 0
    outer loop
      vertex -8.3 -7.300000000000001 -0.00495
      vertex -8.3 7.300000000000001 0.005050000000000001
      vertex -8.3 7.300000000000001 -0.00495
    endloop
  endfacet
  facet normal 0 0 -1
    outer loop
      vertex -8.3 -7.300000000000001 -0.00495
      vertex -8.3 7.300000000000001 -0.00495
      vertex -8.298795456205173 7.349067674327419 -0.00495
    endloop
  endfacet
  facet normal 0 0 -1
    outer loop
      vertex -8.007106781186549 -8.007106781186549 -0.00495
      vertex -8.298795456205173 7.349067674327419 -0.00495
      vertex -7.300000000000001 8.3 -0.00495
    endloop
  endfacet
  facet normal 0 0 -1
    outer loop
      vertex -8.007106781186549 -8.007106781186549 -0.00495
      vertex -7.300000000000001 8.3 -0.00495
      vertex -6.5 6.5 -0.00495
    endloop
  endfacet
  facet normal -0.9996988186962044 0.024541228522907587 0
    outer loop
      vertex -8.3 7.300000000000001 -0.00495
      vertex -8.3 7.300000000000001 0.005050000000000001
      vertex -8.298795456205173 7.349067674327419 -0.00495
    endloop
  endfacet
  facet normal -0.9996988186962044 0.024541228522907587 -1.1764332665181406e-18
    outer loop
      vertex -8.3 7.300000000000001 0.005050000000000001
      vertex -8.298795456205173 7.349067674327419 0.005050000000000001
      vertex -8.298795456205173 7.349067674327419 -0.00495
    endloop
  endfacet
  facet normal -0.9972904566786889 0.07356456359968419 0
    outer loop
      vertex -8.298795456205173 7.349067674327419 -0.00495
      vertex -8.298795456205173 7.349067674327419 0.005050000000000001
      vertex -8.295184726672197 7.398017140329562 0.005050000000000001
    endloop
  endfacet
  facet normal -0.9972904566786889 0.07356456359968419 5.316206543072558e-18
    outer loop
      vertex -8.298795456205173 7.349067674327419 -0.00495
      vertex -8.295184726672197 7.398017140329562 0.005050000000000001
      vertex -8.295184726672197 7.398017140329562 -0.00495
    endloop
  endfacet
  facet normal 0 0 -1
    outer loop
      vertex -8.298795456205173 7.349067674327419 -0.00495
      vertex -8.295184726672197 7.398017140329562 -0.00495
      vertex -8.280785280403231 7.495090322016129 -0.00495
    endloop
  endfacet
  facet normal -0.9924795345987096 0.12241067519921875 0
    outer loop
      vertex -8.295184726672197 7.398017140329562 -0.00495
      vertex -8.295184726672197 7.398017140329562 0.005050000000000001
      vertex -8.289176509964781 7.446730474455363 0.005050000000000001
    endloop
  endfacet
  facet normal -0.9924795345987096 0.12241067519921875 6.899163172176291e-18
    outer loop
      vertex -8.295184726672197 7.398017140329562 -0.00495
      vertex -8.289176509964781 7.446730474455363 0.005050000000000001
      vertex -8.289176509964781 7.446730474455363 -0.00495
    endloop
  endfacet
  facet normal 0 0 -1
    outer loop
      vertex -8.295184726672197 7.398017140329562 -0.00495
      vertex -8.289176509964781 7.446730474455363 -0.00495
      vertex -8.280785280403231 7.495090322016129 -0.00495
    endloop
  endfacet
  facet normal -0.9852776423889434 0.17096188876028862 0
    outer loop
      vertex -8.289176509964781 7.446730474455363 -0.00495
      vertex -8.289176509964781 7.446730474455363 0.005050000000000001
      vertex -8.280785280403231 7.495090322016129 0.005050000000000001
    endloop
  endfacet
  facet normal -0.9852776423889434 0.17096188876028862 1.471406909311094e-17
    outer loop
      vertex -8.289176509964781 7.446730474455363 -0.00495
      vertex -8.280785280403231 7.495090322016129 0.005050000000000001
      vertex -8.280785280403231 7.495090322016129 -0.00495
    endloop
  endfacet
  facet normal 0 0 -1
    outer loop
      vertex -8.298795456205173 7.349067674327419 -0.00495
      vertex -8.280785280403231 7.495090322016129 -0.00495
      vertex -8.241544065183021 7.636889853392221 -0.00495
    endloop
  endfacet
  facet normal -0.9757021300385256 0.21910124015688293 0
    outer loop
      vertex -8.280785280403231 7.495090322016129 -0.00495
      vertex -8.280785280403231 7.495090322016129 0.005050000000000001
      vertex -8.270031253194544 7.542980179903265 0.005050000000000001
    endloop
  endfacet
  facet normal -0.9757021300385256 0.21910124015688293 9.260387099027372e-17
    outer loop
      vertex -8.280785280403231 7.495090322016129 -0.00495
      vertex -8.270031253194544 7.542980179903265 0.005050000000000001
      vertex -8.270031253194544 7.542980179903265 -0.00495
    endloop
  endfacet
  facet normal 0 0 -1
    outer loop
      vertex -8.280785280403231 7.495090322016129 -0.00495
      vertex -8.270031253194544 7.542980179903265 -0.00495
      vertex -8.25694033573221 7.590284677254463 -0.00495
    endloop
  endfacet
  facet normal -0.9637760657954466 0.2667127574748739 0
    outer loop
      vertex -8.270031253194544 7.542980179903265 -0.00495
      vertex -8.270031253194544 7.542980179903265 0.005050000000000001
      vertex -8.25694033573221 7.590284677254463 -0.00495
    endloop
  endfacet
  facet normal -0.9637760657954466 0.2667127574748739 7.934497710735335e-17
    outer loop
      vertex -8.270031253194544 7.542980179903265 0.005050000000000001
      vertex -8.25694033573221 7.590284677254463 0.005050000000000001
      vertex -8.25694033573221 7.590284677254463 -0.00495
    endloop
  endfacet
  facet normal 0 0 -1
    outer loop
      vertex -8.280785280403231 7.495090322016129 -0.00495
      vertex -8.25694033573221 7.590284677254463 -0.00495
      vertex -8.241544065183021 7.636889853392221 -0.00495
    endloop
  endfacet
  facet normal -0.9495281805930307 0.3136817403989097 0
    outer loop
      vertex -8.25694033573221 7.590284677254463 -0.00495
      vertex -8.25694033573221 7.590284677254463 0.005050000000000001
      vertex -8.241544065183021 7.636889853392221 -0.00495
    endloop
  endfacet
  facet normal -0.9495281805930307 0.3136817403989097 -7.424109525557104e-17
    outer loop
      vertex -8.25694033573221 7.590284677254463 0.005050000000000001
      vertex -8.241544065183021 7.636889853392221 0.005050000000000001
      vertex -8.241544065183021 7.636889853392221 -0.00495
    endloop
  endfacet
  facet normal 0 0 -1
    outer loop
      vertex -8.298795456205173 7.349067674327419 -0.00495
      vertex -8.241544065183021 7.636889853392221 -0.00495
      vertex -8.103207531480646 7.895699304492434 -0.00495
    endloop
  endfacet
  facet normal -0.932992798834737 0.35989503653499316 0
    outer loop
      vertex -8.241544065183021 7.636889853392221 -0.00495
      vertex -8.241544065183021 7.636889853392221 0.005050000000000001
      vertex -8.223879532511287 7.68268343236509 -0.00495
    endloop
  endfacet
  facet normal -0.932992798834737 0.35989503653499316 -3.5145105410712124e-17
    outer loop
      vertex -8.241544065183021 7.636889853392221 0.005050000000000001
      vertex -8.223879532511287 7.68268343236509 0.005050000000000001
      vertex -8.223879532511287 7.68268343236509 -0.00495
    endloop
  endfacet
  facet normal 0 0 -1
    outer loop
      vertex -8.241544065183021 7.636889853392221 -0.00495
      vertex -8.223879532511287 7.68268343236509 -0.00495
      vertex -8.181921264348356 7.771396736825999 -0.00495
    endloop
  endfacet
  facet normal -0.914209755703534 0.4052413140049827 0
    outer loop
      vertex -8.223879532511287 7.68268343236509 -0.00495
      vertex -8.223879532511287 7.68268343236509 0.005050000000000001
      vertex -8.203989293123444 7.727555093430283 0.005050000000000001
    endloop
  endfacet
  facet normal -0.914209755703534 0.4052413140049827 -1.0375808606099149e-16
    outer loop
      vertex -8.223879532511287 7.68268343236509 -0.00495
      vertex -8.203989293123444 7.727555093430283 0.005050000000000001
      vertex -8.203989293123444 7.727555093430283 -0.00495
    endloop
  endfacet
  facet normal 0 0 -1
    outer loop
      vertex -8.223879532511287 7.68268343236509 -0.00495
      vertex -8.203989293123444 7.727555093430283 -0.00495
      vertex -8.181921264348356 7.771396736825999 -0.00495
    endloop
  endfacet
  facet normal -0.8932243011955183 0.4496113296546005 0
    outer loop
      vertex -8.203989293123444 7.727555093430283 -0.00495
      vertex -8.203989293123444 7.727555093430283 0.005050000000000001
      vertex -8.181921264348356 7.771396736825999 -0.00495
    endloop
  endfacet
  facet normal -0.8932243011955183 0.4496113296546005 -6.462560192373798e-17
    outer loop
      vertex -8.203989293123444 7.727555093430283 0.005050000000000001
      vertex -8.181921264348356 7.771396736825999 0.005050000000000001
      vertex -8.181921264348356 7.771396736825999 -0.00495
    endloop
  endfacet
  facet normal 0 0 -1
    outer loop
      vertex -8.241544065183021 7.636889853392221 -0.00495
      vertex -8.181921264348356 7.771396736825999 -0.00495
      vertex -8.103207531480646 7.895699304492434 -0.00495
    endloop
  endfacet
  facet normal -0.8700869911087146 0.49289819222977843 0
    outer loop
      vertex -8.181921264348356 7.771396736825999 -0.00495
      vertex -8.181921264348356 7.771396736825999 0.005050000000000001
      vertex -8.157728610000273 7.814102744193223 0.005050000000000001
    endloop
  endfacet
  facet normal -0.8700869911087146 0.49289819222977843 -1.0638569812861197e-16
    outer loop
      vertex -8.181921264348356 7.771396736825999 -0.00495
      vertex -8.157728610000273 7.814102744193223 0.005050000000000001
      vertex -8.157728610000273 7.814102744193223 -0.00495
    endloop
  endfacet
  facet normal 0 0 -1
    outer loop
      vertex -8.181921264348356 7.771396736825999 -0.00495
      vertex -8.157728610000273 7.814102744193223 -0.00495
      vertex -8.103207531480646 7.895699304492434 -0.00495
    endloop
  endfacet
  facet normal -0.8448535652496996 0.5349976198871089 0
    outer loop
      vertex -8.157728610000273 7.814102744193223 -0.00495
      vertex -8.157728610000273 7.814102744193223 0.005050000000000001
      vertex -8.131469612302546 7.855570233019603 0.005050000000000001
    endloop
  endfacet
  facet normal -0.8448535652496996 0.5349976198871089 4.369913759878488e-17
    outer loop
      vertex -8.157728610000273 7.814102744193223 -0.00495
      vertex -8.131469612302546 7.855570233019603 0.005050000000000001
      vertex -8.131469612302546 7.855570233019603 -0.00495
    endloop
  endfacet
  facet normal 0 0 -1
    outer loop
      vertex -8.157728610000273 7.814102744193223 -0.00495
      vertex -8.131469612302546 7.855570233019603 -0.00495
      vertex -8.103207531480646 7.895699304492434 -0.00495
    endloop
  endfacet
  facet normal -0.8175848131515888 0.575808191417838 0
    outer loop
      vertex -8.131469612302546 7.855570233019603 -0.00495
      vertex -8.131469612302546 7.855570233019603 0.005050000000000001
      vertex -8.103207531480646 7.895699304492434 -0.00495
    endloop
  endfacet
  facet normal -0.8175848131515888 0.575808191417838 -7.808484056361628e-18
    outer loop
      vertex -8.131469612302546 7.855570233019603 0.005050000000000001
      vertex -8.103207531480646 7.895699304492434 0.005050000000000001
      vertex -8.103207531480646 7.895699304492434 -0.00495
    endloop
  endfacet
  facet normal -0.7883464276266051 0.6152315905806282 0
    outer loop
      vertex -8.103207531480646 7.895699304492434 -0.00495
      vertex -8.103207531480646 7.895699304492434 0.005050000000000001
      vertex -8.073010453362738 7.934393284163646 0.005050000000000001
    endloop
  endfacet
  facet normal -0.7883464276266051 0.6152315905806282 -1.2258921321545644e-16
    outer loop
      vertex -8.103207531480646 7.895699304492434 -0.00495
      vertex -8.073010453362738 7.934393284163646 0.005050000000000001
      vertex -8.073010453362738 7.934393284163646 -0.00495
    endloop
  endfacet
  facet normal 0 0 -1
    outer loop
      vertex -8.103207531480646 7.895699304492434 -0.00495
      vertex -8.073010453362738 7.934393284163646 -0.00495
      vertex -8.007106781186549 8.007106781186549 -0.00495
    endloop
  endfacet
  facet normal -0.7572088465064851 0.6531728429537761 0
    outer loop
      vertex -8.073010453362738 7.934393284163646 -0.00495
      vertex -8.073010453362738 7.934393284163646 0.005050000000000001
      vertex -8.04095112535496 7.971558954847019 0.005050000000000001
    endloop
  endfacet
  facet normal -0.7572088465064851 0.6531728429537761 -5.195272149007608e-17
    outer loop
      vertex -8.073010453362738 7.934393284163646 -0.00495
      vertex -8.04095112535496 7.971558954847019 0.005050000000000001
      vertex -8.04095112535496 7.971558954847019 -0.00495
    endloop
  endfacet
  facet normal 0 0 -1
    outer loop
      vertex -8.073010453362738 7.934393284163646 -0.00495
      vertex -8.04095112535496 7.971558954847019 -0.00495
      vertex -8.007106781186549 8.007106781186549 -0.00495
    endloop
  endfacet
  facet normal -0.7242470829514729 0.6895405447370607 0
    outer loop
      vertex -8.04095112535496 7.971558954847019 -0.00495
      vertex -8.04095112535496 7.971558954847019 0.005050000000000001
      vertex -8.007106781186549 8.007106781186549 -0.00495
    endloop
  endfacet
  facet normal 0 0 -1
    outer loop
      vertex -8.103207531480646 7.895699304492434 -0.00495
      vertex -8.007106781186549 8.007106781186549 -0.00495
      vertex -7.934393284163646 8.073010453362738 -0.00495
    endloop
  endfacet
  facet normal -0.7242470829514729 0.6895405447370607 -1.8613048138239457e-16
    outer loop
      vertex -8.04095112535496 7.971558954847019 0.005050000000000001
      vertex -8.007106781186549 8.007106781186549 0.005050000000000001
      vertex -8.007106781186549 8.007106781186549 -0.00495
    endloop
  endfacet
  facet normal -0.6895405447370607 0.7242470829514729 0
    outer loop
      vertex -8.007106781186549 8.007106781186549 -0.00495
      vertex -8.007106781186549 8.007106781186549 0.005050000000000001
      vertex -7.971558954847019 8.04095112535496 0.005050000000000001
    endloop
  endfacet
  facet normal -0.6895405447370607 0.7242470829514729 -1.8613048138239457e-16
    outer loop
      vertex -8.007106781186549 8.007106781186549 -0.00495
      vertex -7.971558954847019 8.04095112535496 0.005050000000000001
      vertex -7.971558954847019 8.04095112535496 -0.00495
    endloop
  endfacet
  facet normal 0 0 -1
    outer loop
      vertex -8.007106781186549 8.007106781186549 -0.00495
      vertex -7.971558954847019 8.04095112535496 -0.00495
      vertex -7.934393284163646 8.073010453362738 -0.00495
    endloop
  endfacet
  facet normal 0 0 -1
    outer loop
      vertex -8.298795456205173 7.349067674327419 -0.00495
      vertex -8.103207531480646 7.895699304492434 -0.00495
      vertex -7.300000000000001 8.3 -0.00495
    endloop
  endfacet
  facet normal -0.6531728429537761 0.7572088465064851 0
    outer loop
      vertex -7.971558954847019 8.04095112535496 -0.00495
      vertex -7.971558954847019 8.04095112535496 0.005050000000000001
      vertex -7.934393284163646 8.073010453362738 -0.00495
    endloop
  endfacet
  facet normal -0.6531728429537761 0.7572088465064851 -5.195272149007608e-17
    outer loop
      vertex -7.971558954847019 8.04095112535496 0.005050000000000001
      vertex -7.934393284163646 8.073010453362738 0.005050000000000001
      vertex -7.934393284163646 8.073010453362738 -0.00495
    endloop
  endfacet
  facet normal 0 0 -1
    outer loop
      vertex -8.103207531480646 7.895699304492434 -0.00495
      vertex -7.934393284163646 8.073010453362738 -0.00495
      vertex -7.727555093430283 8.203989293123444 -0.00495
    endloop
  endfacet
  facet normal -0.6152315905806282 0.7883464276266051 0
    outer loop
      vertex -7.934393284163646 8.073010453362738 -0.00495
      vertex -7.934393284163646 8.073010453362738 0.005050000000000001
      vertex -7.895699304492434 8.103207531480646 0.005050000000000001
    endloop
  endfacet
  facet normal -0.6152315905806282 0.7883464276266051 -1.2258921321545644e-16
    outer loop
      vertex -7.934393284163646 8.073010453362738 -0.00495
      vertex -7.895699304492434 8.103207531480646 0.005050000000000001
      vertex -7.895699304492434 8.103207531480646 -0.00495
    endloop
  endfacet
  facet normal -0.575808191417838 0.8175848131515888 0
    outer loop
      vertex -7.895699304492434 8.103207531480646 -0.00495
      vertex -7.895699304492434 8.103207531480646 0.005050000000000001
      vertex -7.855570233019603 8.131469612302546 0.005050000000000001
    endloop
  endfacet
  facet normal -0.575808191417838 0.8175848131515888 -7.808484056361628e-18
    outer loop
      vertex -7.895699304492434 8.103207531480646 -0.00495
      vertex -7.855570233019603 8.131469612302546 0.005050000000000001
      vertex -7.855570233019603 8.131469612302546 -0.00495
    endloop
  endfacet
  facet normal 0 0 -1
    outer loop
      vertex -7.934393284163646 8.073010453362738 -0.00495
      vertex -7.895699304492434 8.103207531480646 -0.00495
      vertex -7.727555093430283 8.203989293123444 -0.00495
    endloop
  endfacet
  facet normal 0 0 -1
    outer loop
      vertex -7.895699304492434 8.103207531480646 -0.00495
      vertex -7.855570233019603 8.131469612302546 -0.00495
      vertex -7.814102744193223 8.157728610000273 -0.00495
    endloop
  endfacet
  facet normal -0.5349976198871089 0.8448535652496996 0
    outer loop
      vertex -7.855570233019603 8.131469612302546 -0.00495
      vertex -7.855570233019603 8.131469612302546 0.005050000000000001
      vertex -7.814102744193223 8.157728610000273 -0.00495
    endloop
  endfacet
  facet normal -0.5349976198871089 0.8448535652496996 4.369913759878488e-17
    outer loop
      vertex -7.855570233019603 8.131469612302546 0.005050000000000001
      vertex -7.814102744193223 8.157728610000273 0.005050000000000001
      vertex -7.814102744193223 8.157728610000273 -0.00495
    endloop
  endfacet
  facet normal 0 0 -1
    outer loop
      vertex -7.895699304492434 8.103207531480646 -0.00495
      vertex -7.814102744193223 8.157728610000273 -0.00495
      vertex -7.727555093430283 8.203989293123444 -0.00495
    endloop
  endfacet
  facet normal -0.49289819222977843 0.8700869911087146 0
    outer loop
      vertex -7.814102744193223 8.157728610000273 -0.00495
      vertex -7.814102744193223 8.157728610000273 0.005050000000000001
      vertex -7.771396736825999 8.181921264348356 0.005050000000000001
    endloop
  endfacet
  facet normal -0.49289819222977843 0.8700869911087146 -1.0638569812861197e-16
    outer loop
      vertex -7.814102744193223 8.157728610000273 -0.00495
      vertex -7.771396736825999 8.181921264348356 0.005050000000000001
      vertex -7.771396736825999 8.181921264348356 -0.00495
    endloop
  endfacet
  facet normal 0 0 -1
    outer loop
      vertex -8.103207531480646 7.895699304492434 -0.00495
      vertex -7.727555093430283 8.203989293123444 -0.00495
      vertex -7.300000000000001 8.3 -0.00495
    endloop
  endfacet
  facet normal 0 0 -1
    outer loop
      vertex -7.814102744193223 8.157728610000273 -0.00495
      vertex -7.771396736825999 8.181921264348356 -0.00495
      vertex -7.727555093430283 8.203989293123444 -0.00495
    endloop
  endfacet
  facet normal -0.4496113296546005 0.8932243011955183 0
    outer loop
      vertex -7.771396736825999 8.181921264348356 -0.00495
      vertex -7.771396736825999 8.181921264348356 0.005050000000000001
      vertex -7.727555093430283 8.203989293123444 -0.00495
    endloop
  endfacet
  facet normal -0.4496113296546005 0.8932243011955183 -6.462560192373798e-17
    outer loop
      vertex -7.771396736825999 8.181921264348356 0.005050000000000001
      vertex -7.727555093430283 8.203989293123444 0.005050000000000001
      vertex -7.727555093430283 8.203989293123444 -0.00495
    endloop
  endfacet
  facet normal -0.4052413140049827 0.914209755703534 0
    outer loop
      vertex -7.727555093430283 8.203989293123444 -0.00495
      vertex -7.727555093430283 8.203989293123444 0.005050000000000001
      vertex -7.68268343236509 8.223879532511287 0.005050000000000001
    endloop
  endfacet
  facet normal -0.4052413140049827 0.914209755703534 -1.0375808606099149e-16
    outer loop
      vertex -7.727555093430283 8.203989293123444 -0.00495
      vertex -7.68268343236509 8.223879532511287 0.005050000000000001
      vertex -7.68268343236509 8.223879532511287 -0.00495
    endloop
  endfacet
  facet normal 0 0 -1
    outer loop
      vertex -7.727555093430283 8.203989293123444 -0.00495
      vertex -7.68268343236509 8.223879532511287 -0.00495
      vertex -7.636889853392221 8.241544065183021 -0.00495
    endloop
  endfacet
  facet normal 0 0 -1
    outer loop
      vertex -7.727555093430283 8.203989293123444 -0.00495
      vertex -7.636889853392221 8.241544065183021 -0.00495
      vertex -7.590284677254463 8.25694033573221 -0.00495
    endloop
  endfacet
  facet normal -0.35989503653499316 0.932992798834737 0
    outer loop
      vertex -7.68268343236509 8.223879532511287 -0.00495
      vertex -7.68268343236509 8.223879532511287 0.005050000000000001
      vertex -7.636889853392221 8.241544065183021 0.005050000000000001
    endloop
  endfacet
  facet normal -0.35989503653499316 0.932992798834737 -3.5145105410712124e-17
    outer loop
      vertex -7.68268343236509 8.223879532511287 -0.00495
      vertex -7.636889853392221 8.241544065183021 0.005050000000000001
      vertex -7.636889853392221 8.241544065183021 -0.00495
    endloop
  endfacet
  facet normal -0.3136817403989097 0.9495281805930307 0
    outer loop
      vertex -7.636889853392221 8.241544065183021 -0.00495
      vertex -7.636889853392221 8.241544065183021 0.005050000000000001
      vertex -7.590284677254463 8.25694033573221 0.005050000000000001
    endloop
  endfacet
  facet normal -0.3136817403989097 0.9495281805930307 -7.424109525557104e-17
    outer loop
      vertex -7.636889853392221 8.241544065183021 -0.00495
      vertex -7.590284677254463 8.25694033573221 0.005050000000000001
      vertex -7.590284677254463 8.25694033573221 -0.00495
    endloop
  endfacet
  facet normal 0 0 -1
    outer loop
      vertex -7.727555093430283 8.203989293123444 -0.00495
      vertex -7.590284677254463 8.25694033573221 -0.00495
      vertex -7.446730474455363 8.289176509964781 -0.00495
    endloop
  endfacet
  facet normal -0.2667127574748739 0.9637760657954466 0
    outer loop
      vertex -7.590284677254463 8.25694033573221 -0.00495
      vertex -7.590284677254463 8.25694033573221 0.005050000000000001
      vertex -7.542980179903265 8.270031253194544 0.005050000000000001
    endloop
  endfacet
  facet normal -0.2667127574748739 0.9637760657954466 7.934497710735335e-17
    outer loop
      vertex -7.590284677254463 8.25694033573221 -0.00495
      vertex -7.542980179903265 8.270031253194544 0.005050000000000001
      vertex -7.542980179903265 8.270031253194544 -0.00495
    endloop
  endfacet
  facet normal 0 0 -1
    outer loop
      vertex -7.590284677254463 8.25694033573221 -0.00495
      vertex -7.542980179903265 8.270031253194544 -0.00495
      vertex -7.495090322016129 8.280785280403231 -0.00495
    endloop
  endfacet
  facet normal -0.21910124015688293 0.9757021300385256 0
    outer loop
      vertex -7.542980179903265 8.270031253194544 -0.00495
      vertex -7.542980179903265 8.270031253194544 0.005050000000000001
      vertex -7.495090322016129 8.280785280403231 -0.00495
    endloop
  endfacet
  facet normal 0 0 -1
    outer loop
      vertex -7.727555093430283 8.203989293123444 -0.00495
      vertex -7.446730474455363 8.289176509964781 -0.00495
      vertex -7.300000000000001 8.3 -0.00495
    endloop
  endfacet
  facet normal 0 0 -1
    outer loop
      vertex -7.590284677254463 8.25694033573221 -0.00495
      vertex -7.495090322016129 8.280785280403231 -0.00495
      vertex -7.446730474455363 8.289176509964781 -0.00495
    endloop
  endfacet
  facet normal -0.21910124015688293 0.9757021300385256 9.260387099027372e-17
    outer loop
      vertex -7.542980179903265 8.270031253194544 0.005050000000000001
      vertex -7.495090322016129 8.280785280403231 0.005050000000000001
      vertex -7.495090322016129 8.280785280403231 -0.00495
    endloop
  endfacet
  facet normal -0.17096188876028862 0.9852776423889434 0
    outer loop
      vertex -7.495090322016129 8.280785280403231 -0.00495
      vertex -7.495090322016129 8.280785280403231 0.005050000000000001
      vertex -7.446730474455363 8.289176509964781 -0.00495
    endloop
  endfacet
  facet normal -0.17096188876028862 0.9852776423889434 1.471406909311094e-17
    outer loop
      vertex -7.495090322016129 8.280785280403231 0.005050000000000001
      vertex -7.446730474455363 8.289176509964781 0.005050000000000001
      vertex -7.446730474455363 8.289176509964781 -0.00495
    endloop
  endfacet
  facet normal -0.12241067519921875 0.9924795345987096 0
    outer loop
      vertex -7.446730474455363 8.289176509964781 -0.00495
      vertex -7.446730474455363 8.289176509964781 0.005050000000000001
      vertex -7.398017140329562 8.295184726672197 -0.00495
    endloop
  endfacet
  facet normal -0.12241067519921875 0.9924795345987096 6.899163172176291e-18
    outer loop
      vertex -7.446730474455363 8.289176509964781 0.005050000000000001
      vertex -7.398017140329562 8.295184726672197 0.005050000000000001
      vertex -7.398017140329562 8.295184726672197 -0.00495
    endloop
  endfacet
  facet normal 0 0 -1
    outer loop
      vertex -7.446730474455363 8.289176509964781 -0.00495
      vertex -7.398017140329562 8.295184726672197 -0.00495
      vertex -7.300000000000001 8.3 -0.00495
    endloop
  endfacet
  facet normal -0.07356456359968419 0.9972904566786889 0
    outer loop
      vertex -7.398017140329562 8.295184726672197 -0.00495
      vertex -7.398017140329562 8.295184726672197 0.005050000000000001
      vertex -7.349067674327419 8.298795456205173 0.005050000000000001
    endloop
  endfacet
  facet normal -0.07356456359968419 0.9972904566786889 5.316206543072558e-18
    outer loop
      vertex -7.398017140329562 8.295184726672197 -0.00495
      vertex -7.349067674327419 8.298795456205173 0.005050000000000001
      vertex -7.349067674327419 8.298795456205173 -0.00495
    endloop
  endfacet
  facet normal 0 0 -1
    outer loop
      vertex -7.398017140329562 8.295184726672197 -0.00495
      vertex -7.349067674327419 8.298795456205173 -0.00495
      vertex -7.300000000000001 8.3 -0.00495
    endloop
  endfacet
  facet normal -0.024541228522907587 0.9996988186962044 0
    outer loop
      vertex -7.349067674327419 8.298795456205173 -0.00495
      vertex -7.349067674327419 8.298795456205173 0.005050000000000001
      vertex -7.300000000000001 8.3 -0.00495
    endloop
  endfacet
  facet normal -0.024541228522907587 0.9996988186962044 -1.1764332665181406e-18
    outer loop
      vertex -7.349067674327419 8.298795456205173 0.005050000000000001
      vertex -7.300000000000001 8.3 0.005050000000000001
      vertex -7.300000000000001 8.3 -0.00495
    endloop
  endfacet
  facet normal -0.9674956130081707 0.023750684195776202 0.25177002166694956
    outer loop
      vertex -8.3 7.300000000000001 0.005050000000000001
      vertex -6.154743414377789 3.8485943517811485 8.574376747736311
      vertex -8.298795456205173 7.349067674327419 0.005050000000000001
    endloop
  endfacet
  facet normal -0.9604612056723596 0.07084787483580408 0.2692486787890469
    outer loop
      vertex -8.298795456205173 7.349067674327419 0.005050000000000001
      vertex -6.145374147241689 3.9664941787697523 8.57677551688556
      vertex -8.295184726672197 7.398017140329562 0.005050000000000001
    endloop
  endfacet
  facet normal -0.9511654826858323 0.11731507290862268 0.2855195233525586
    outer loop
      vertex -8.295184726672197 7.398017140329562 0.005050000000000001
      vertex -6.130249191026171 4.0839697674414746 8.578893337139075
      vertex -8.289176509964781 7.446730474455363 0.005050000000000001
    endloop
  endfacet
  facet normal -0.9397160782499555 0.16305620743254812 0.3005767214809514
    outer loop
      vertex -8.289176509964781 7.446730474455363 0.005050000000000001
      vertex -6.110192033433917 4.201927533787016 8.577610095568716
      vertex -8.280785280403231 7.495090322016129 0.005050000000000001
    endloop
  endfacet
  facet normal -0.9262183392288567 0.2079892833410931 0.31442017443446124
    outer loop
      vertex -8.280785280403231 7.495090322016129 0.005050000000000001
      vertex -6.084397065156474 4.318718447640428 8.576339547979186
      vertex -8.270031253194544 7.542980179903265 0.005050000000000001
    endloop
  endfacet
  facet normal -0.9107737197683216 0.25204503292429115 0.32705432692072406
    outer loop
      vertex -8.270031253194544 7.542980179903265 0.005050000000000001
      vertex -6.0529278456007685 4.434061827454934 8.575084747855131
      vertex -8.25694033573221 7.590284677254463 0.005050000000000001
    endloop
  endfacet
  facet normal -0.893478530770086 0.29516543718163185 0.3384870451676175
    outer loop
      vertex -8.25694033573221 7.590284677254463 0.005050000000000001
      vertex -6.015861531398087 4.547680614682951 8.573848709267239
      vertex -8.241544065183021 7.636889853392221 0.005050000000000001
    endloop
  endfacet
  facet normal -0.8744230179649986 0.33730217895636266 0.3487285846102579
    outer loop
      vertex -8.241544065183021 7.636889853392221 0.005050000000000001
      vertex -5.973288677628088 4.659302033350338 8.57263439969684
      vertex -8.223879532511287 7.68268343236509 0.005050000000000001
    endloop
  endfacet
  facet normal -0.8536907362335876 0.3784150776633884 0.35779065927713505
    outer loop
      vertex -8.223879532511287 7.68268343236509 0.005050000000000001
      vertex -5.941943947892721 4.730749512458169 8.571857135273063
      vertex -8.203989293123444 7.727555093430283 0.005050000000000001
    endloop
  endfacet
  facet normal -0.8313581852729585 0.41847054384830473 0.3656856186821643
    outer loop
      vertex -8.203989293123444 7.727555093430283 0.005050000000000001
      vertex -5.873328708762075 4.8770886364754436 8.565545251758735
      vertex -8.181921264348356 7.771396736825999 0.005050000000000001
    endloop
  endfacet
  facet normal -0.8074946719061395 0.4574400813768561 0.37242573325849976
    outer loop
      vertex -8.181921264348356 7.771396736825999 0.005050000000000001
      vertex -5.815860429503694 4.9822263433566105 8.561010463381026
      vertex -8.157728610000273 7.814102744193223 0.005050000000000001
    endloop
  endfacet
  facet normal -0.7821623665199152 0.4952988561156716 0.3780225860057478
    outer loop
      vertex -8.157728610000273 7.814102744193223 0.005050000000000001
      vertex -5.753380022317509 5.084252298742002 8.556609890737484
      vertex -8.131469612302546 7.855570233019603 0.005050000000000001
    endloop
  endfacet
  facet normal -0.755416524630346 0.5320243426951955 0.38248656590154234
    outer loop
      vertex -8.131469612302546 7.855570233019603 0.005050000000000001
      vertex -5.686040721801192 5.182926515698149 8.552353884918963
      vertex -8.103207531480646 7.895699304492434 0.005050000000000001
    endloop
  endfacet
  facet normal -0.7273058488569465 0.5675950553590765 0.3858264575562481
    outer loop
      vertex -8.103207531480646 7.895699304492434 0.005050000000000001
      vertex -5.6140069022307575 5.278017310035742 8.548252438903248
      vertex -8.073010453362738 7.934393284163646 0.005050000000000001
    endloop
  endfacet
  facet normal -0.6978729712000236 0.6019893649187763 0.3880491213662767
    outer loop
      vertex -8.073010453362738 7.934393284163646 0.005050000000000001
      vertex -5.537453661938385 5.3693018006954985 8.544315165972455
      vertex -8.04095112535496 7.971558954847019 0.005050000000000001
    endloop
  endfacet
  facet normal -0.6671550401249878 0.6351844013194092 0.3891592588598266
    outer loop
      vertex -8.04095112535496 7.971558954847019 0.005050000000000001
      vertex -5.457403455277808 5.457403455277808 8.537749992906937
      vertex -8.007106781186549 8.007106781186549 0.005050000000000001
    endloop
  endfacet
  facet normal -0.6351844013194091 0.6671550401249878 0.3891592588598266
    outer loop
      vertex -8.007106781186549 8.007106781186549 0.005050000000000001
      vertex -5.3732607414582 5.541262354765467 8.531323965277643
      vertex -7.971558954847019 8.04095112535496 0.005050000000000001
    endloop
  endfacet
  facet normal -0.6019893649187764 0.6978729712000237 0.3880491213662766
    outer loop
      vertex -7.971558954847019 8.04095112535496 0.005050000000000001
      vertex -5.285172017858725 5.620630005328882 8.52524209777749
      vertex -7.934393284163646 8.073010453362738 0.005050000000000001
    endloop
  endfacet
  facet normal -0.5675950553590765 0.7273058488569465 0.3858264575562481
    outer loop
      vertex -7.934393284163646 8.073010453362738 0.005050000000000001
      vertex -5.285172017858725 5.620630005328882 8.52524209777749
      vertex -7.895699304492434 8.103207531480646 0.005050000000000001
    endloop
  endfacet
  facet normal -0.5320243426951955 0.7554165246303461 0.38248656590154234
    outer loop
      vertex -7.895699304492434 8.103207531480646 0.005050000000000001
      vertex -5.098007448930405 5.765183424253869 8.51416510690835
      vertex -7.855570233019603 8.131469612302546 0.005050000000000001
    endloop
  endfacet
  facet normal -0.4952988561156716 0.7821623665199152 0.3780225860057479
    outer loop
      vertex -7.855570233019603 8.131469612302546 0.005050000000000001
      vertex -4.999376379823733 5.830042942795886 8.50919498375243
      vertex -7.814102744193223 8.157728610000273 0.005050000000000001
    endloop
  endfacet
  facet normal -0.4574400813768561 0.8074946719061395 0.3724257332584998
    outer loop
      vertex -7.814102744193223 8.157728610000273 0.005050000000000001
      vertex -4.999376379823733 5.830042942795886 8.50919498375243
      vertex -7.771396736825999 8.181921264348356 0.005050000000000001
    endloop
  endfacet
  facet normal -0.4184705438483048 0.8313581852729585 0.3656856186821642
    outer loop
      vertex -7.771396736825999 8.181921264348356 0.005050000000000001
      vertex -4.897687843232549 5.8897592938005765 8.504618976628306
      vertex -7.727555093430283 8.203989293123444 0.005050000000000001
    endloop
  endfacet
  facet normal -0.3784150776633884 0.8536907362335876 0.35779065927713494
    outer loop
      vertex -7.727555093430283 8.203989293123444 0.005050000000000001
      vertex -4.686101942660003 5.9932384037273785 8.496689470952617
      vertex -7.68268343236509 8.223879532511287 0.005050000000000001
    endloop
  endfacet
  facet normal -0.3373021789563626 0.8744230179649984 0.34872858461025785
    outer loop
      vertex -7.68268343236509 8.223879532511287 0.005050000000000001
      vertex -4.686101942660003 5.9932384037273785 8.496689470952617
      vertex -7.636889853392221 8.241544065183021 0.005050000000000001
    endloop
  endfacet
  facet normal -0.2951654371816319 0.8934785307700859 0.33848704516761746
    outer loop
      vertex -7.636889853392221 8.241544065183021 0.005050000000000001
      vertex -4.5771001036887995 6.037057390199983 8.492245405657433
      vertex -7.590284677254463 8.25694033573221 0.005050000000000001
    endloop
  endfacet
  facet normal -0.25204503292429115 0.9107737197683218 0.3270543269207237
    outer loop
      vertex -7.590284677254463 8.25694033573221 0.005050000000000001
      vertex -4.353324701621246 6.1078556482682504 8.484343225201652
      vertex -7.542980179903265 8.270031253194544 0.005050000000000001
    endloop
  endfacet
  facet normal -0.20798928334109312 0.9262183392288568 0.31442017443446124
    outer loop
      vertex -7.542980179903265 8.270031253194544 0.005050000000000001
      vertex -4.353324701621246 6.1078556482682504 8.484343225201652
      vertex -7.495090322016129 8.280785280403231 0.005050000000000001
    endloop
  endfacet
  facet normal -0.16305620743254814 0.9397160782499554 0.30057672148095127
    outer loop
      vertex -7.495090322016129 8.280785280403231 0.005050000000000001
      vertex -4.123134468536946 6.155393336120028 8.479037284093705
      vertex -7.446730474455363 8.289176509964781 0.005050000000000001
    endloop
  endfacet
  facet normal -0.11731507290862268 0.9511654826858322 0.2855195233525588
    outer loop
      vertex -7.446730474455363 8.289176509964781 0.005050000000000001
      vertex -4.00628805143827 6.170304561351581 8.477372960764127
      vertex -7.398017140329562 8.295184726672197 0.005050000000000001
    endloop
  endfacet
  facet normal -0.0708478748358041 0.9604612056723596 0.26924867878904696
    outer loop
      vertex -7.398017140329562 8.295184726672197 0.005050000000000001
      vertex -4.00628805143827 6.170304561351581 8.477372960764127
      vertex -7.349067674327419 8.298795456205173 0.005050000000000001
    endloop
  endfacet
  facet normal -0.023750684195776205 0.9674956130081709 0.25177002166694956
    outer loop
      vertex -7.349067674327419 8.298795456205173 0.005050000000000001
      vertex -3.7704210964919804 6.182252657895188 8.476039368419247
      vertex -7.300000000000001 8.3 0.005050000000000001
    endloop
  endfacet
  facet normal 0 1 0
    outer loop
      vertex -7.300000000000001 8.3 -0.00495
      vertex -7.300000000000001 8.3 0.005050000000000001
      vertex 7.300000000000001 8.3 0.005050000000000001
    endloop
  endfacet
  facet normal 0 0 -1
    outer loop
      vertex -7.300000000000001 8.3 -0.00495
      vertex 8.007106781186549 8.007106781186549 -0.00495
      vertex -6.5 6.5 -0.00495
    endloop
  endfacet
  facet normal -0.9701425001453317 8.70084566468272e-16 0.2425356250363342
    outer loop
      vertex -6.470040570747392 -3.4239350218551317 7.324887717010435
      vertex -6.417456582355869 -2.75055685753271 7.5352236705765225
      vertex -8.3 7.300000000000001 0.005050000000000001
    endloop
  endfacet
  facet normal -0.9701425001453321 -7.220410664439093e-16 0.2425356250363322
    outer loop
      vertex -6.417456582355869 -2.75055685753271 7.5352236705765225
      vertex -6.369410847421864 -2.070552360820166 7.7274066103125465
      vertex -8.3 7.300000000000001 0.005050000000000001
    endloop
  endfacet
  facet normal -0.9701425001453319 -2.5223601434956753e-16 0.24253562503633272
    outer loop
      vertex -6.369410847421864 -2.070552360820166 7.7274066103125465
      vertex -6.3260191123291385 -1.3855597221114386 7.900973550683448
      vertex -8.3 7.300000000000001 0.005050000000000001
    endloop
  endfacet
  facet normal -0.970142500145332 -5.074314891161256e-16 0.24253562503633244
    outer loop
      vertex -6.3260191123291385 -1.3855597221114386 7.900973550683448
      vertex -6.2873859115682 -0.6972291486714466 8.055506353727203
      vertex -8.3 7.300000000000001 0.005050000000000001
    endloop
  endfacet
  facet normal -0.9701425001453318 5.219070438849699e-16 0.24253562503633347
    outer loop
      vertex -6.2873859115682 -0.6972291486714466 8.055506353727203
      vertex -6.253604315903549 -0.007218889142243976 8.190632736385806
      vertex -8.3 7.300000000000001 0.005050000000000001
    endloop
  endfacet
  facet normal -0.9701425001453318 5.362875214582148e-16 0.24253562503633347
    outer loop
      vertex -6.253604315903549 -0.007218889142243976 8.190632736385806
      vertex -6.224755708158061 0.6828087613232018 8.306027167367755
      vertex -8.3 7.300000000000001 0.005050000000000001
    endloop
  endfacet
  facet normal -0.9701425001453319 -7.548334368709229e-16 0.24253562503633264
    outer loop
      vertex -8.3 7.300000000000001 0.005050000000000001
      vertex -6.224755708158061 0.6828087613232018 8.306027167367755
      vertex -6.2009095871546345 1.371191465675636 8.401411651381464
    endloop
  endfacet
  facet normal -0.9701425001453318 7.731187213069901e-16 0.24253562503633352
    outer loop
      vertex -8.3 7.300000000000001 0.005050000000000001
      vertex -6.2009095871546345 1.371191465675636 8.401411651381464
      vertex -6.1821234002874395 2.056270849685071 8.476556398850242
    endloop
  endfacet
  facet normal -0.9701425001453319 -8.696317728872838e-16 0.2425356250363329
    outer loop
      vertex -8.3 7.300000000000001 0.005050000000000001
      vertex -6.1821234002874395 2.056270849685071 8.476556398850242
      vertex -6.1684424051261155 2.736396497109559 8.53128037949554
    endloop
  endfacet
  facet normal -0.9701425001453319 5.640765264747659e-16 0.24253562503633327
    outer loop
      vertex -8.3 7.300000000000001 0.005050000000000001
      vertex -6.1684424051261155 2.736396497109559 8.53128037949554
      vertex -6.159899560386319 3.409929925692485 8.565451758454724
    endloop
  endfacet
  facet normal -0.970142500145332 -1.4395131118919135e-15 0.24253562503633264
    outer loop
      vertex -8.3 7.300000000000001 0.005050000000000001
      vertex -6.159899560386319 3.409929925692485 8.565451758454724
      vertex -6.1582692554298815 3.730448759049802 8.571972978280476
    endloop
  endfacet
  facet normal -0.96749561300817 0.0237506841957813 0.25177002166695206
    outer loop
      vertex -8.3 7.300000000000001 0.005050000000000001
      vertex -6.1582692554298815 3.730448759049802 8.571972978280476
      vertex -6.154743414377789 3.8485943517811485 8.574376747736311
    endloop
  endfacet
  facet normal -0.960461205672363 0.07084787483578629 0.26924867878903974
    outer loop
      vertex -8.298795456205173 7.349067674327419 0.005050000000000001
      vertex -6.154743414377789 3.8485943517811485 8.574376747736311
      vertex -6.145374147241689 3.9664941787697523 8.57677551688556
    endloop
  endfacet
  facet normal -0.9511654826858322 0.11731507290862309 0.28551952335255854
    outer loop
      vertex -8.295184726672197 7.398017140329562 0.005050000000000001
      vertex -6.145374147241689 3.9664941787697523 8.57677551688556
      vertex -6.13129637255708 4.07524853440983 8.578988213882825
    endloop
  endfacet
  facet normal -0.9511654826858482 0.11731507290854302 0.2855195233525383
    outer loop
      vertex -8.295184726672197 7.398017140329562 0.005050000000000001
      vertex -6.13129637255708 4.07524853440983 8.578988213882825
      vertex -6.130249191026171 4.0839697674414746 8.578893337139075
    endloop
  endfacet
  facet normal -0.9397160782499494 0.16305620743257074 0.3005767214809583
    outer loop
      vertex -8.289176509964781 7.446730474455363 0.005050000000000001
      vertex -6.130249191026171 4.0839697674414746 8.578893337139075
      vertex -6.110192033433917 4.201927533787016 8.577610095568716
    endloop
  endfacet
  facet normal -0.9262183392288614 0.2079892833410782 0.31442017443445697
    outer loop
      vertex -8.280785280403231 7.495090322016129 0.005050000000000001
      vertex -6.110192033433917 4.201927533787016 8.577610095568716
      vertex -6.084397065156474 4.318718447640428 8.576339547979186
    endloop
  endfacet
  facet normal -0.9107737197683127 0.2520450329243149 0.32705432692073033
    outer loop
      vertex -8.270031253194544 7.542980179903265 0.005050000000000001
      vertex -6.084397065156474 4.318718447640428 8.576339547979186
      vertex -6.0529278456007685 4.434061827454934 8.575084747855131
    endloop
  endfacet
  facet normal -0.8934785307700922 0.29516543718161636 0.3384870451676145
    outer loop
      vertex -8.25694033573221 7.590284677254463 0.005050000000000001
      vertex -6.0529278456007685 4.434061827454934 8.575084747855131
      vertex -6.015861531398087 4.547680614682951 8.573848709267239
    endloop
  endfacet
  facet normal -0.8744230179650009 0.33730217895635745 0.34872858461025685
    outer loop
      vertex -8.241544065183021 7.636889853392221 0.005050000000000001
      vertex -6.015861531398087 4.547680614682951 8.573848709267239
      vertex -5.973288677628088 4.659302033350338 8.57263439969684
    endloop
  endfacet
  facet normal -0.8536907362335818 0.37841507766339827 0.3577906592771382
    outer loop
      vertex -8.223879532511287 7.68268343236509 0.005050000000000001
      vertex -5.973288677628088 4.659302033350338 8.57263439969684
      vertex -5.941943947892721 4.730749512458169 8.571857135273063
    endloop
  endfacet
  facet normal -0.8536907362335868 0.3784150776633904 0.35779065927713477
    outer loop
      vertex -8.203989293123444 7.727555093430283 0.005050000000000001
      vertex -5.941943947892721 4.730749512458169 8.571857135273063
      vertex -5.925643159375956 4.7690869453510025 8.570203569199855
    endloop
  endfacet
  facet normal -0.8313581852729566 0.41847054384830756 0.36568561868216504
    outer loop
      vertex -8.203989293123444 7.727555093430283 0.005050000000000001
      vertex -5.925643159375956 4.7690869453510025 8.570203569199855
      vertex -5.873328708762075 4.8770886364754436 8.565545251758735
    endloop
  endfacet
  facet normal -0.8074946719061387 0.45744008137685677 0.3724257332585009
    outer loop
      vertex -8.181921264348356 7.771396736825999 0.005050000000000001
      vertex -5.873328708762075 4.8770886364754436 8.565545251758735
      vertex -5.815860429503694 4.9822263433566105 8.561010463381026
    endloop
  endfacet
  facet normal -0.7821623665199186 0.4952988561156677 0.37802258600574634
    outer loop
      vertex -8.157728610000273 7.814102744193223 0.005050000000000001
      vertex -5.815860429503694 4.9822263433566105 8.561010463381026
      vertex -5.753380022317509 5.084252298742002 8.556609890737484
    endloop
  endfacet
  facet normal -0.755416524630346 0.5320243426951953 0.38248656590154245
    outer loop
      vertex -8.131469612302546 7.855570233019603 0.005050000000000001
      vertex -5.753380022317509 5.084252298742002 8.556609890737484
      vertex -5.686040721801192 5.182926515698149 8.552353884918963
    endloop
  endfacet
  facet normal -0.7273058488569445 0.5675950553590793 0.38582645755624795
    outer loop
      vertex -8.103207531480646 7.895699304492434 0.005050000000000001
      vertex -5.686040721801192 5.182926515698149 8.552353884918963
      vertex -5.6140069022307575 5.278017310035742 8.548252438903248
    endloop
  endfacet
  facet normal -0.6978729712000222 0.6019893649187779 0.3880491213662769
    outer loop
      vertex -8.073010453362738 7.934393284163646 0.005050000000000001
      vertex -5.6140069022307575 5.278017310035742 8.548252438903248
      vertex -5.537453661938385 5.3693018006954985 8.544315165972455
    endloop
  endfacet
  facet normal -0.6671550401249622 0.6351844013194304 0.38915925885983604
    outer loop
      vertex -8.04095112535496 7.971558954847019 0.005050000000000001
      vertex -5.537453661938385 5.3693018006954985 8.544315165972455
      vertex -5.532307495943617 5.374853700566278 8.544075702018416
    endloop
  endfacet
  facet normal -0.6671550401249827 0.6351844013194144 0.38915925885982694
    outer loop
      vertex -8.04095112535496 7.971558954847019 0.005050000000000001
      vertex -5.532307495943617 5.374853700566278 8.544075702018416
      vertex -5.457403455277808 5.457403455277808 8.537749992906937
    endloop
  endfacet
  facet normal -0.6351844013194107 0.6671550401249867 0.38915925885982655
    outer loop
      vertex -8.007106781186549 8.007106781186549 0.005050000000000001
      vertex -5.457403455277808 5.457403455277808 8.537749992906937
      vertex -5.3732607414582 5.541262354765467 8.531323965277643
    endloop
  endfacet
  facet normal -0.6019893649187839 0.6978729712000171 0.3880491213662766
    outer loop
      vertex -7.971558954847019 8.04095112535496 0.005050000000000001
      vertex -5.3732607414582 5.541262354765467 8.531323965277643
      vertex -5.285172017858725 5.620630005328882 8.52524209777749
    endloop
  endfacet
  facet normal -0.5675950553590721 0.7273058488569496 0.38582645755624834
    outer loop
      vertex -7.895699304492434 8.103207531480646 0.005050000000000001
      vertex -5.285172017858725 5.620630005328882 8.52524209777749
      vertex -5.193348029049193 5.695326621557643 8.51951816719131
    endloop
  endfacet
  facet normal -0.5320243426952009 0.7554165246303418 0.3824865659015432
    outer loop
      vertex -7.895699304492434 8.103207531480646 0.005050000000000001
      vertex -5.193348029049193 5.695326621557643 8.51951816719131
      vertex -5.098007448930405 5.765183424253869 8.51416510690835
    endloop
  endfacet
  facet normal -0.4952988561156584 0.7821623665199243 0.3780225860057465
    outer loop
      vertex -7.855570233019603 8.131469612302546 0.005050000000000001
      vertex -5.098007448930405 5.765183424253869 8.51416510690835
      vertex -4.999376379823733 5.830042942795886 8.50919498375243
    endloop
  endfacet
  facet normal -0.45744008137686615 0.807494671906133 0.37242573325850176
    outer loop
      vertex -7.771396736825999 8.181921264348356 0.005050000000000001
      vertex -4.999376379823733 5.830042942795886 8.50919498375243
      vertex -4.897687843232549 5.8897592938005765 8.504618976628306
    endloop
  endfacet
  facet normal -0.4184705438483043 0.8313581852729587 0.3656856186821644
    outer loop
      vertex -7.727555093430283 8.203989293123444 0.005050000000000001
      vertex -4.897687843232549 5.8897592938005765 8.504618976628306
      vertex -4.793181263141566 5.944198436308397 8.500447356967094
    endloop
  endfacet
  facet normal -0.3784150776633929 0.8536907362335853 0.3577906592771356
    outer loop
      vertex -7.727555093430283 8.203989293123444 0.005050000000000001
      vertex -4.793181263141566 5.944198436308397 8.500447356967094
      vertex -4.686101942660003 5.9932384037273785 8.496689470952617
    endloop
  endfacet
  facet normal -0.3373021789563653 0.8744230179649977 0.3487285846102573
    outer loop
      vertex -7.636889853392221 8.241544065183021 0.005050000000000001
      vertex -4.65400617271675 6.006009395328137 8.495710842024963
      vertex -4.5771001036887995 6.037057390199983 8.492245405657433
    endloop
  endfacet
  facet normal -0.29516543718161814 0.8934785307700918 0.3384870451676145
    outer loop
      vertex -7.590284677254463 8.25694033573221 0.005050000000000001
      vertex -4.5771001036887995 6.037057390199983 8.492245405657433
      vertex -4.4661436710690525 6.075330821371777 8.487973498861509
    endloop
  endfacet
  facet normal -0.25204503292431085 0.9107737197683144 0.3270543269207292
    outer loop
      vertex -7.590284677254463 8.25694033573221 0.005050000000000001
      vertex -4.4661436710690525 6.075330821371777 8.487973498861509
      vertex -4.353324701621246 6.1078556482682504 8.484343225201652
    endloop
  endfacet
  facet normal -0.3373021789563592 0.874423017965001 0.3487285846102549
    outer loop
      vertex -7.636889853392221 8.241544065183021 0.005050000000000001
      vertex -4.686101942660003 5.9932384037273785 8.496689470952617
      vertex -4.65400617271675 6.006009395328137 8.495710842024963
    endloop
  endfacet
  facet normal -0.20798928334107597 0.9262183392288623 0.314420174434456
    outer loop
      vertex -7.495090322016129 8.280785280403231 0.005050000000000001
      vertex -4.353324701621246 6.1078556482682504 8.484343225201652
      vertex -4.238901256079643 6.134562195823262 8.481362361492728
    endloop
  endfacet
  facet normal -0.16305620743256263 0.9397160782499515 0.30057672148095627
    outer loop
      vertex -7.495090322016129 8.280785280403231 0.005050000000000001
      vertex -4.238901256079643 6.134562195823262 8.481362361492728
      vertex -4.123134468536946 6.155393336120028 8.479037284093705
    endloop
  endfacet
  facet normal -0.11731507290861683 0.9511654826858336 0.28551952335255676
    outer loop
      vertex -7.446730474455363 8.289176509964781 0.005050000000000001
      vertex -4.123134468536946 6.155393336120028 8.479037284093705
      vertex -4.00628805143827 6.170304561351581 8.477372960764127
    endloop
  endfacet
  facet normal -0.07084787483579139 0.9604612056723619 0.2692486787890424
    outer loop
      vertex -7.349067674327419 8.298795456205173 0.005050000000000001
      vertex -4.00628805143827 6.170304561351581 8.477372960764127
      vertex -3.8886278000653998 6.179264040197843 8.476372944371567
    endloop
  endfacet
  facet normal -0.02375068419578108 0.9674956130081702 0.2517700216669514
    outer loop
      vertex -7.349067674327419 8.298795456205173 0.005050000000000001
      vertex -3.8886278000653998 6.179264040197843 8.476372944371567
      vertex -3.7704210964919804 6.182252657895188 8.476039368419247
    endloop
  endfacet
  facet normal -2.714957399765372e-18 0.9701425001453318 0.24253562503633302
    outer loop
      vertex -7.300000000000001 8.3 0.005050000000000001
      vertex -3.7704210964919804 6.182252657895188 8.476039368419247
      vertex 3.7704210964919813 6.182252657895188 8.476039368419247
    endloop
  endfacet
  facet normal 0 -1 0
    outer loop
      vertex -7.300000000000001 -8.3 -0.00495
      vertex 7.300000000000001 -8.3 -0.00495
      vertex 7.300000000000001 -8.3 0.005050000000000001
    endloop
  endfacet
  facet normal 0 0 -1
    outer loop
      vertex -7.300000000000001 -8.3 -0.00495
      vertex 7.349067674327419 -8.298795456205173 -0.00495
      vertex 7.300000000000001 -8.3 -0.00495
    endloop
  endfacet
  facet normal 0 0 -1
    outer loop
      vertex -8.007106781186549 -8.007106781186549 -0.00495
      vertex 6.5 -6.5 -0.00495
      vertex 8.3 -7.300000000000001 -0.00495
    endloop
  endfacet
  facet normal 0 0 -1
    outer loop
      vertex -7.300000000000001 -8.3 -0.00495
      vertex 8.3 -7.300000000000001 -0.00495
      vertex 7.349067674327419 -8.298795456205173 -0.00495
    endloop
  endfacet
  facet normal 6.685703560625634e-17 -0.9701425001453319 0.24253562503633305
    outer loop
      vertex -4.833034538827076 -6.819820723296246 5.9257671068150195
      vertex 7.300000000000001 -8.3 0.005050000000000001
      vertex 4.833034538827075 -6.819820723296245 5.92576710681502
    endloop
  endfacet
  facet normal 0.024541228522907587 -0.9996988186962044 0
    outer loop
      vertex 7.300000000000001 -8.3 -0.00495
      vertex 7.349067674327419 -8.298795456205173 -0.00495
      vertex 7.300000000000001 -8.3 0.005050000000000001
    endloop
  endfacet
  facet normal 0.024541228522907587 -0.9996988186962044 -1.1764332665181406e-18
    outer loop
      vertex 7.300000000000001 -8.3 0.005050000000000001
      vertex 7.349067674327419 -8.298795456205173 -0.00495
      vertex 7.349067674327419 -8.298795456205173 0.005050000000000001
    endloop
  endfacet
  facet normal 0.07356456359968419 -0.9972904566786889 0
    outer loop
      vertex 7.349067674327419 -8.298795456205173 -0.00495
      vertex 7.398017140329562 -8.295184726672197 -0.00495
      vertex 7.349067674327419 -8.298795456205173 0.005050000000000001
    endloop
  endfacet
  facet normal 0.07356456359968419 -0.9972904566786889 5.316206543072558e-18
    outer loop
      vertex 7.349067674327419 -8.298795456205173 0.005050000000000001
      vertex 7.398017140329562 -8.295184726672197 -0.00495
      vertex 7.398017140329562 -8.295184726672197 0.005050000000000001
    endloop
  endfacet
  facet normal 0.12241067519921875 -0.9924795345987096 0
    outer loop
      vertex 7.398017140329562 -8.295184726672197 -0.00495
      vertex 7.446730474455363 -8.289176509964781 -0.00495
      vertex 7.398017140329562 -8.295184726672197 0.005050000000000001
    endloop
  endfacet
  facet normal 0 0 -1
    outer loop
      vertex 7.349067674327419 -8.298795456205173 -0.00495
      vertex 7.542980179903265 -8.270031253194544 -0.00495
      vertex 7.398017140329562 -8.295184726672197 -0.00495
    endloop
  endfacet
  facet normal 0.12241067519921875 -0.9924795345987096 6.899163172176291e-18
    outer loop
      vertex 7.398017140329562 -8.295184726672197 0.005050000000000001
      vertex 7.446730474455363 -8.289176509964781 -0.00495
      vertex 7.446730474455363 -8.289176509964781 0.005050000000000001
    endloop
  endfacet
  facet normal 0.17096188876028862 -0.9852776423889434 0
    outer loop
      vertex 7.446730474455363 -8.289176509964781 -0.00495
      vertex 7.495090322016129 -8.280785280403231 0.005050000000000001
      vertex 7.446730474455363 -8.289176509964781 0.005050000000000001
    endloop
  endfacet
  facet normal 0 0 -1
    outer loop
      vertex 7.398017140329562 -8.295184726672197 -0.00495
      vertex 7.542980179903265 -8.270031253194544 -0.00495
      vertex 7.446730474455363 -8.289176509964781 -0.00495
    endloop
  endfacet
  facet normal 0.17096188876028862 -0.9852776423889434 1.471406909311094e-17
    outer loop
      vertex 7.446730474455363 -8.289176509964781 -0.00495
      vertex 7.495090322016129 -8.280785280403231 -0.00495
      vertex 7.495090322016129 -8.280785280403231 0.005050000000000001
    endloop
  endfacet
  facet normal 0 0 -1
    outer loop
      vertex 7.446730474455363 -8.289176509964781 -0.00495
      vertex 7.542980179903265 -8.270031253194544 -0.00495
      vertex 7.495090322016129 -8.280785280403231 -0.00495
    endloop
  endfacet
  facet normal 0.21910124015688293 -0.9757021300385256 0
    outer loop
      vertex 7.495090322016129 -8.280785280403231 -0.00495
      vertex 7.542980179903265 -8.270031253194544 -0.00495
      vertex 7.495090322016129 -8.280785280403231 0.005050000000000001
    endloop
  endfacet
  facet normal 0.21910124015688293 -0.9757021300385256 9.260387099027372e-17
    outer loop
      vertex 7.495090322016129 -8.280785280403231 0.005050000000000001
      vertex 7.542980179903265 -8.270031253194544 -0.00495
      vertex 7.542980179903265 -8.270031253194544 0.005050000000000001
    endloop
  endfacet
  facet normal 0 0 -1
    outer loop
      vertex 7.349067674327419 -8.298795456205173 -0.00495
      vertex 7.727555093430283 -8.203989293123444 -0.00495
      vertex 7.542980179903265 -8.270031253194544 -0.00495
    endloop
  endfacet
  facet normal 0.2667127574748739 -0.9637760657954466 0
    outer loop
      vertex 7.542980179903265 -8.270031253194544 -0.00495
      vertex 7.590284677254463 -8.25694033573221 0.005050000000000001
      vertex 7.542980179903265 -8.270031253194544 0.005050000000000001
    endloop
  endfacet
  facet normal 0.2667127574748739 -0.9637760657954466 7.934497710735335e-17
    outer loop
      vertex 7.542980179903265 -8.270031253194544 -0.00495
      vertex 7.590284677254463 -8.25694033573221 -0.00495
      vertex 7.590284677254463 -8.25694033573221 0.005050000000000001
    endloop
  endfacet
  facet normal 0 0 -1
    outer loop
      vertex 7.542980179903265 -8.270031253194544 -0.00495
      vertex 7.636889853392221 -8.241544065183021 -0.00495
      vertex 7.590284677254463 -8.25694033573221 -0.00495
    endloop
  endfacet
  facet normal 0.3136817403989097 -0.9495281805930307 0
    outer loop
      vertex 7.590284677254463 -8.25694033573221 -0.00495
      vertex 7.636889853392221 -8.241544065183021 -0.00495
      vertex 7.590284677254463 -8.25694033573221 0.005050000000000001
    endloop
  endfacet
  facet normal 0.3136817403989097 -0.9495281805930307 -7.424109525557104e-17
    outer loop
      vertex 7.590284677254463 -8.25694033573221 0.005050000000000001
      vertex 7.636889853392221 -8.241544065183021 -0.00495
      vertex 7.636889853392221 -8.241544065183021 0.005050000000000001
    endloop
  endfacet
  facet normal 0 0 -1
    outer loop
      vertex 7.542980179903265 -8.270031253194544 -0.00495
      vertex 7.727555093430283 -8.203989293123444 -0.00495
      vertex 7.636889853392221 -8.241544065183021 -0.00495
    endloop
  endfacet
  facet normal 0.35989503653499316 -0.932992798834737 0
    outer loop
      vertex 7.636889853392221 -8.241544065183021 -0.00495
      vertex 7.68268343236509 -8.223879532511287 0.005050000000000001
      vertex 7.636889853392221 -8.241544065183021 0.005050000000000001
    endloop
  endfacet
  facet normal 0.35989503653499316 -0.932992798834737 -3.5145105410712124e-17
    outer loop
      vertex 7.636889853392221 -8.241544065183021 -0.00495
      vertex 7.68268343236509 -8.223879532511287 -0.00495
      vertex 7.68268343236509 -8.223879532511287 0.005050000000000001
    endloop
  endfacet
  facet normal 0 0 -1
    outer loop
      vertex 7.636889853392221 -8.241544065183021 -0.00495
      vertex 7.727555093430283 -8.203989293123444 -0.00495
      vertex 7.68268343236509 -8.223879532511287 -0.00495
    endloop
  endfacet
  facet normal 0.4052413140049827 -0.914209755703534 0
    outer loop
      vertex 7.68268343236509 -8.223879532511287 -0.00495
      vertex 7.727555093430283 -8.203989293123444 -0.00495
      vertex 7.68268343236509 -8.223879532511287 0.005050000000000001
    endloop
  endfacet
  facet normal 0.4052413140049827 -0.914209755703534 -1.0375808606099149e-16
    outer loop
      vertex 7.68268343236509 -8.223879532511287 0.005050000000000001
      vertex 7.727555093430283 -8.203989293123444 -0.00495
      vertex 7.727555093430283 -8.203989293123444 0.005050000000000001
    endloop
  endfacet
  facet normal 0.4496113296546005 -0.8932243011955183 0
    outer loop
      vertex 7.727555093430283 -8.203989293123444 -0.00495
      vertex 7.771396736825999 -8.181921264348356 0.005050000000000001
      vertex 7.727555093430283 -8.203989293123444 0.005050000000000001
    endloop
  endfacet
  facet normal 0.4496113296546005 -0.8932243011955183 -6.462560192373798e-17
    outer loop
      vertex 7.727555093430283 -8.203989293123444 -0.00495
      vertex 7.771396736825999 -8.181921264348356 -0.00495
      vertex 7.771396736825999 -8.181921264348356 0.005050000000000001
    endloop
  endfacet
  facet normal 0 0 -1
    outer loop
      vertex 7.727555093430283 -8.203989293123444 -0.00495
      vertex 7.814102744193223 -8.157728610000273 -0.00495
      vertex 7.771396736825999 -8.181921264348356 -0.00495
    endloop
  endfacet
  facet normal 0 0 -1
    outer loop
      vertex 7.349067674327419 -8.298795456205173 -0.00495
      vertex 8.007106781186549 -8.007106781186549 -0.00495
      vertex 7.727555093430283 -8.203989293123444 -0.00495
    endloop
  endfacet
  facet normal 0.49289819222977843 -0.8700869911087146 0
    outer loop
      vertex 7.771396736825999 -8.181921264348356 -0.00495
      vertex 7.814102744193223 -8.157728610000273 -0.00495
      vertex 7.771396736825999 -8.181921264348356 0.005050000000000001
    endloop
  endfacet
  facet normal 0 0 -1
    outer loop
      vertex 7.727555093430283 -8.203989293123444 -0.00495
      vertex 7.855570233019603 -8.131469612302546 -0.00495
      vertex 7.814102744193223 -8.157728610000273 -0.00495
    endloop
  endfacet
  facet normal 0.49289819222977843 -0.8700869911087146 -1.0638569812861197e-16
    outer loop
      vertex 7.771396736825999 -8.181921264348356 0.005050000000000001
      vertex 7.814102744193223 -8.157728610000273 -0.00495
      vertex 7.814102744193223 -8.157728610000273 0.005050000000000001
    endloop
  endfacet
  facet normal 0.5349976198871089 -0.8448535652496996 0
    outer loop
      vertex 7.814102744193223 -8.157728610000273 -0.00495
      vertex 7.855570233019603 -8.131469612302546 -0.00495
      vertex 7.814102744193223 -8.157728610000273 0.005050000000000001
    endloop
  endfacet
  facet normal 0.5349976198871089 -0.8448535652496996 4.369913759878488e-17
    outer loop
      vertex 7.814102744193223 -8.157728610000273 0.005050000000000001
      vertex 7.855570233019603 -8.131469612302546 -0.00495
      vertex 7.855570233019603 -8.131469612302546 0.005050000000000001
    endloop
  endfacet
  facet normal 0.575808191417838 -0.8175848131515888 0
    outer loop
      vertex 7.855570233019603 -8.131469612302546 -0.00495
      vertex 7.895699304492434 -8.103207531480646 0.005050000000000001
      vertex 7.855570233019603 -8.131469612302546 0.005050000000000001
    endloop
  endfacet
  facet normal 0 0 -1
    outer loop
      vertex 7.727555093430283 -8.203989293123444 -0.00495
      vertex 8.007106781186549 -8.007106781186549 -0.00495
      vertex 7.855570233019603 -8.131469612302546 -0.00495
    endloop
  endfacet
  facet normal 0.575808191417838 -0.8175848131515888 -7.808484056361628e-18
    outer loop
      vertex 7.855570233019603 -8.131469612302546 -0.00495
      vertex 7.895699304492434 -8.103207531480646 -0.00495
      vertex 7.895699304492434 -8.103207531480646 0.005050000000000001
    endloop
  endfacet
  facet normal 0.6152315905806282 -0.7883464276266051 0
    outer loop
      vertex 7.895699304492434 -8.103207531480646 -0.00495
      vertex 7.934393284163646 -8.073010453362738 -0.00495
      vertex 7.895699304492434 -8.103207531480646 0.005050000000000001
    endloop
  endfacet
  facet normal 0 0 -1
    outer loop
      vertex 7.855570233019603 -8.131469612302546 -0.00495
      vertex 7.934393284163646 -8.073010453362738 -0.00495
      vertex 7.895699304492434 -8.103207531480646 -0.00495
    endloop
  endfacet
  facet normal 0.6152315905806282 -0.7883464276266051 -1.2258921321545644e-16
    outer loop
      vertex 7.895699304492434 -8.103207531480646 0.005050000000000001
      vertex 7.934393284163646 -8.073010453362738 -0.00495
      vertex 7.934393284163646 -8.073010453362738 0.005050000000000001
    endloop
  endfacet
  facet normal 0 0 -1
    outer loop
      vertex 7.855570233019603 -8.131469612302546 -0.00495
      vertex 8.007106781186549 -8.007106781186549 -0.00495
      vertex 7.934393284163646 -8.073010453362738 -0.00495
    endloop
  endfacet
  facet normal 0.6531728429537761 -0.7572088465064851 0
    outer loop
      vertex 7.934393284163646 -8.073010453362738 -0.00495
      vertex 7.971558954847019 -8.04095112535496 0.005050000000000001
      vertex 7.934393284163646 -8.073010453362738 0.005050000000000001
    endloop
  endfacet
  facet normal 0.6531728429537761 -0.7572088465064851 -5.195272149007608e-17
    outer loop
      vertex 7.934393284163646 -8.073010453362738 -0.00495
      vertex 7.971558954847019 -8.04095112535496 -0.00495
      vertex 7.971558954847019 -8.04095112535496 0.005050000000000001
    endloop
  endfacet
  facet normal 0 0 -1
    outer loop
      vertex 7.349067674327419 -8.298795456205173 -0.00495
      vertex 8.3 -7.300000000000001 -0.00495
      vertex 8.007106781186549 -8.007106781186549 -0.00495
    endloop
  endfacet
  facet normal 0 0 -1
    outer loop
      vertex 7.934393284163646 -8.073010453362738 -0.00495
      vertex 8.007106781186549 -8.007106781186549 -0.00495
      vertex 7.971558954847019 -8.04095112535496 -0.00495
    endloop
  endfacet
  facet normal 0.6895405447370607 -0.7242470829514729 0
    outer loop
      vertex 7.971558954847019 -8.04095112535496 -0.00495
      vertex 8.007106781186549 -8.007106781186549 -0.00495
      vertex 7.971558954847019 -8.04095112535496 0.005050000000000001
    endloop
  endfacet
  facet normal 0.6895405447370607 -0.7242470829514729 -1.8613048138239457e-16
    outer loop
      vertex 7.971558954847019 -8.04095112535496 0.005050000000000001
      vertex 8.007106781186549 -8.007106781186549 -0.00495
      vertex 8.007106781186549 -8.007106781186549 0.005050000000000001
    endloop
  endfacet
  facet normal 0.7242470829514729 -0.6895405447370607 0
    outer loop
      vertex 8.007106781186549 -8.007106781186549 -0.00495
      vertex 8.04095112535496 -7.971558954847019 0.005050000000000001
      vertex 8.007106781186549 -8.007106781186549 0.005050000000000001
    endloop
  endfacet
  facet normal 0.7242470829514729 -0.6895405447370607 -1.8613048138239457e-16
    outer loop
      vertex 8.007106781186549 -8.007106781186549 -0.00495
      vertex 8.04095112535496 -7.971558954847019 -0.00495
      vertex 8.04095112535496 -7.971558954847019 0.005050000000000001
    endloop
  endfacet
  facet normal 0 0 -1
    outer loop
      vertex 8.007106781186549 -8.007106781186549 -0.00495
      vertex 8.073010453362738 -7.934393284163646 -0.00495
      vertex 8.04095112535496 -7.971558954847019 -0.00495
    endloop
  endfacet
  facet normal 0.7572088465064851 -0.6531728429537761 0
    outer loop
      vertex 8.04095112535496 -7.971558954847019 -0.00495
      vertex 8.073010453362738 -7.934393284163646 -0.00495
      vertex 8.04095112535496 -7.971558954847019 0.005050000000000001
    endloop
  endfacet
  facet normal 0.7572088465064851 -0.6531728429537761 -5.195272149007608e-17
    outer loop
      vertex 8.04095112535496 -7.971558954847019 0.005050000000000001
      vertex 8.073010453362738 -7.934393284163646 -0.00495
      vertex 8.073010453362738 -7.934393284163646 0.005050000000000001
    endloop
  endfacet
  facet normal 0.7883464276266051 -0.6152315905806282 0
    outer loop
      vertex 8.073010453362738 -7.934393284163646 -0.00495
      vertex 8.103207531480646 -7.895699304492434 0.005050000000000001
      vertex 8.073010453362738 -7.934393284163646 0.005050000000000001
    endloop
  endfacet
  facet normal 0.7883464276266051 -0.6152315905806282 -1.2258921321545644e-16
    outer loop
      vertex 8.073010453362738 -7.934393284163646 -0.00495
      vertex 8.103207531480646 -7.895699304492434 -0.00495
      vertex 8.103207531480646 -7.895699304492434 0.005050000000000001
    endloop
  endfacet
  facet normal 0 0 -1
    outer loop
      vertex 8.073010453362738 -7.934393284163646 -0.00495
      vertex 8.131469612302546 -7.855570233019603 -0.00495
      vertex 8.103207531480646 -7.895699304492434 -0.00495
    endloop
  endfacet
  facet normal 0 0 -1
    outer loop
      vertex 8.007106781186549 -8.007106781186549 -0.00495
      vertex 8.223879532511287 -7.68268343236509 -0.00495
      vertex 8.073010453362738 -7.934393284163646 -0.00495
    endloop
  endfacet
  facet normal 0.8175848131515888 -0.575808191417838 0
    outer loop
      vertex 8.103207531480646 -7.895699304492434 -0.00495
      vertex 8.131469612302546 -7.855570233019603 -0.00495
      vertex 8.103207531480646 -7.895699304492434 0.005050000000000001
    endloop
  endfacet
  facet normal 0 0 -1
    outer loop
      vertex 8.073010453362738 -7.934393284163646 -0.00495
      vertex 8.157728610000273 -7.814102744193223 -0.00495
      vertex 8.131469612302546 -7.855570233019603 -0.00495
    endloop
  endfacet
  facet normal 0.8175848131515888 -0.575808191417838 -7.808484056361628e-18
    outer loop
      vertex 8.103207531480646 -7.895699304492434 0.005050000000000001
      vertex 8.131469612302546 -7.855570233019603 -0.00495
      vertex 8.131469612302546 -7.855570233019603 0.005050000000000001
    endloop
  endfacet
  facet normal 0.8448535652496996 -0.5349976198871089 0
    outer loop
      vertex 8.131469612302546 -7.855570233019603 -0.00495
      vertex 8.157728610000273 -7.814102744193223 0.005050000000000001
      vertex 8.131469612302546 -7.855570233019603 0.005050000000000001
    endloop
  endfacet
  facet normal 0.8448535652496996 -0.5349976198871089 4.369913759878488e-17
    outer loop
      vertex 8.131469612302546 -7.855570233019603 -0.00495
      vertex 8.157728610000273 -7.814102744193223 -0.00495
      vertex 8.157728610000273 -7.814102744193223 0.005050000000000001
    endloop
  endfacet
  facet normal 0 0 -1
    outer loop
      vertex 8.073010453362738 -7.934393284163646 -0.00495
      vertex 8.223879532511287 -7.68268343236509 -0.00495
      vertex 8.157728610000273 -7.814102744193223 -0.00495
    endloop
  endfacet
  facet normal 0.8700869911087146 -0.49289819222977843 0
    outer loop
      vertex 8.157728610000273 -7.814102744193223 -0.00495
      vertex 8.181921264348356 -7.771396736825999 0.005050000000000001
      vertex 8.157728610000273 -7.814102744193223 0.005050000000000001
    endloop
  endfacet
  facet normal 0.8700869911087146 -0.49289819222977843 -1.0638569812861197e-16
    outer loop
      vertex 8.157728610000273 -7.814102744193223 -0.00495
      vertex 8.181921264348356 -7.771396736825999 -0.00495
      vertex 8.181921264348356 -7.771396736825999 0.005050000000000001
    endloop
  endfacet
  facet normal 0 0 -1
    outer loop
      vertex 8.157728610000273 -7.814102744193223 -0.00495
      vertex 8.223879532511287 -7.68268343236509 -0.00495
      vertex 8.181921264348356 -7.771396736825999 -0.00495
    endloop
  endfacet
  facet normal 0.8932243011955183 -0.4496113296546005 0
    outer loop
      vertex 8.181921264348356 -7.771396736825999 -0.00495
      vertex 8.203989293123444 -7.727555093430283 0.005050000000000001
      vertex 8.181921264348356 -7.771396736825999 0.005050000000000001
    endloop
  endfacet
  facet normal 0.8932243011955183 -0.4496113296546005 -6.462560192373798e-17
    outer loop
      vertex 8.181921264348356 -7.771396736825999 -0.00495
      vertex 8.203989293123444 -7.727555093430283 -0.00495
      vertex 8.203989293123444 -7.727555093430283 0.005050000000000001
    endloop
  endfacet
  facet normal 0 0 -1
    outer loop
      vertex 8.181921264348356 -7.771396736825999 -0.00495
      vertex 8.223879532511287 -7.68268343236509 -0.00495
      vertex 8.203989293123444 -7.727555093430283 -0.00495
    endloop
  endfacet
  facet normal 0 0 -1
    outer loop
      vertex 8.007106781186549 -8.007106781186549 -0.00495
      vertex 8.3 -7.300000000000001 -0.00495
      vertex 8.223879532511287 -7.68268343236509 -0.00495
    endloop
  endfacet
  facet normal 0.914209755703534 -0.4052413140049827 0
    outer loop
      vertex 8.203989293123444 -7.727555093430283 -0.00495
      vertex 8.223879532511287 -7.68268343236509 -0.00495
      vertex 8.203989293123444 -7.727555093430283 0.005050000000000001
    endloop
  endfacet
  facet normal 0.914209755703534 -0.4052413140049827 -1.0375808606099149e-16
    outer loop
      vertex 8.203989293123444 -7.727555093430283 0.005050000000000001
      vertex 8.223879532511287 -7.68268343236509 -0.00495
      vertex 8.223879532511287 -7.68268343236509 0.005050000000000001
    endloop
  endfacet
  facet normal 0.932992798834737 -0.35989503653499316 0
    outer loop
      vertex 8.223879532511287 -7.68268343236509 -0.00495
      vertex 8.241544065183021 -7.636889853392221 0.005050000000000001
      vertex 8.223879532511287 -7.68268343236509 0.005050000000000001
    endloop
  endfacet
  facet normal 0.932992798834737 -0.35989503653499316 -3.5145105410712124e-17
    outer loop
      vertex 8.223879532511287 -7.68268343236509 -0.00495
      vertex 8.241544065183021 -7.636889853392221 -0.00495
      vertex 8.241544065183021 -7.636889853392221 0.005050000000000001
    endloop
  endfacet
  facet normal 0.9495281805930307 -0.3136817403989097 0
    outer loop
      vertex 8.241544065183021 -7.636889853392221 -0.00495
      vertex 8.25694033573221 -7.590284677254463 0.005050000000000001
      vertex 8.241544065183021 -7.636889853392221 0.005050000000000001
    endloop
  endfacet
  facet normal 0 0 -1
    outer loop
      vertex 8.223879532511287 -7.68268343236509 -0.00495
      vertex 8.280785280403231 -7.495090322016129 -0.00495
      vertex 8.241544065183021 -7.636889853392221 -0.00495
    endloop
  endfacet
  facet normal 0.9495281805930307 -0.3136817403989097 -7.424109525557104e-17
    outer loop
      vertex 8.241544065183021 -7.636889853392221 -0.00495
      vertex 8.25694033573221 -7.590284677254463 -0.00495
      vertex 8.25694033573221 -7.590284677254463 0.005050000000000001
    endloop
  endfacet
  facet normal 0 0 -1
    outer loop
      vertex 8.241544065183021 -7.636889853392221 -0.00495
      vertex 8.280785280403231 -7.495090322016129 -0.00495
      vertex 8.25694033573221 -7.590284677254463 -0.00495
    endloop
  endfacet
  facet normal 0.9637760657954466 -0.2667127574748739 0
    outer loop
      vertex 8.25694033573221 -7.590284677254463 -0.00495
      vertex 8.270031253194544 -7.542980179903265 0.005050000000000001
      vertex 8.25694033573221 -7.590284677254463 0.005050000000000001
    endloop
  endfacet
  facet normal 0.9637760657954466 -0.2667127574748739 7.934497710735335e-17
    outer loop
      vertex 8.25694033573221 -7.590284677254463 -0.00495
      vertex 8.270031253194544 -7.542980179903265 -0.00495
      vertex 8.270031253194544 -7.542980179903265 0.005050000000000001
    endloop
  endfacet
  facet normal 0 0 -1
    outer loop
      vertex 8.25694033573221 -7.590284677254463 -0.00495
      vertex 8.280785280403231 -7.495090322016129 -0.00495
      vertex 8.270031253194544 -7.542980179903265 -0.00495
    endloop
  endfacet
  facet normal 0.9757021300385256 -0.21910124015688293 0
    outer loop
      vertex 8.270031253194544 -7.542980179903265 -0.00495
      vertex 8.280785280403231 -7.495090322016129 -0.00495
      vertex 8.270031253194544 -7.542980179903265 0.005050000000000001
    endloop
  endfacet
  facet normal 0.9757021300385256 -0.21910124015688293 9.260387099027372e-17
    outer loop
      vertex 8.270031253194544 -7.542980179903265 0.005050000000000001
      vertex 8.280785280403231 -7.495090322016129 -0.00495
      vertex 8.280785280403231 -7.495090322016129 0.005050000000000001
    endloop
  endfacet
  facet normal 0 0 -1
    outer loop
      vertex 8.223879532511287 -7.68268343236509 -0.00495
      vertex 8.3 -7.300000000000001 -0.00495
      vertex 8.280785280403231 -7.495090322016129 -0.00495
    endloop
  endfacet
  facet normal 0.9852776423889434 -0.17096188876028862 0
    outer loop
      vertex 8.280785280403231 -7.495090322016129 -0.00495
      vertex 8.289176509964781 -7.446730474455363 0.005050000000000001
      vertex 8.280785280403231 -7.495090322016129 0.005050000000000001
    endloop
  endfacet
  facet normal 0.9852776423889434 -0.17096188876028862 1.471406909311094e-17
    outer loop
      vertex 8.280785280403231 -7.495090322016129 -0.00495
      vertex 8.289176509964781 -7.446730474455363 -0.00495
      vertex 8.289176509964781 -7.446730474455363 0.005050000000000001
    endloop
  endfacet
  facet normal 0 0 -1
    outer loop
      vertex 8.280785280403231 -7.495090322016129 -0.00495
      vertex 8.295184726672197 -7.398017140329562 -0.00495
      vertex 8.289176509964781 -7.446730474455363 -0.00495
    endloop
  endfacet
  facet normal 0.9924795345987096 -0.12241067519921875 0
    outer loop
      vertex 8.289176509964781 -7.446730474455363 -0.00495
      vertex 8.295184726672197 -7.398017140329562 -0.00495
      vertex 8.289176509964781 -7.446730474455363 0.005050000000000001
    endloop
  endfacet
  facet normal 0.9924795345987096 -0.12241067519921875 6.899163172176291e-18
    outer loop
      vertex 8.289176509964781 -7.446730474455363 0.005050000000000001
      vertex 8.295184726672197 -7.398017140329562 -0.00495
      vertex 8.295184726672197 -7.398017140329562 0.005050000000000001
    endloop
  endfacet
  facet normal 0 0 -1
    outer loop
      vertex 8.280785280403231 -7.495090322016129 -0.00495
      vertex 8.3 -7.300000000000001 -0.00495
      vertex 8.295184726672197 -7.398017140329562 -0.00495
    endloop
  endfacet
  facet normal 0.9972904566786889 -0.07356456359968419 0
    outer loop
      vertex 8.295184726672197 -7.398017140329562 -0.00495
      vertex 8.298795456205173 -7.349067674327419 0.005050000000000001
      vertex 8.295184726672197 -7.398017140329562 0.005050000000000001
    endloop
  endfacet
  facet normal 0.9972904566786889 -0.07356456359968419 5.316206543072558e-18
    outer loop
      vertex 8.295184726672197 -7.398017140329562 -0.00495
      vertex 8.298795456205173 -7.349067674327419 -0.00495
      vertex 8.298795456205173 -7.349067674327419 0.005050000000000001
    endloop
  endfacet
  facet normal 0 0 -1
    outer loop
      vertex 8.295184726672197 -7.398017140329562 -0.00495
      vertex 8.3 -7.300000000000001 -0.00495
      vertex 8.298795456205173 -7.349067674327419 -0.00495
    endloop
  endfacet
  facet normal 0.9996988186962044 -0.024541228522907587 0
    outer loop
      vertex 8.298795456205173 -7.349067674327419 -0.00495
      vertex 8.3 -7.300000000000001 -0.00495
      vertex 8.298795456205173 -7.349067674327419 0.005050000000000001
    endloop
  endfacet
  facet normal 0.9996988186962044 -0.024541228522907587 -1.1764332665181406e-18
    outer loop
      vertex 8.298795456205173 -7.349067674327419 0.005050000000000001
      vertex 8.3 -7.300000000000001 -0.00495
      vertex 8.3 -7.300000000000001 0.005050000000000001
    endloop
  endfacet
  facet normal 0.023750684195782547 -0.9674956130081701 0.2517700216669519
    outer loop
      vertex 7.349067674327419 -8.298795456205173 0.005050000000000001
      vertex 4.9299479313174155 -6.817076229545655 5.927171270352458
      vertex 4.833034538827075 -6.819820723296245 5.92576710681502
    endloop
  endfacet
  facet normal 0.07084787483579133 -0.960461205672362 0.269248678789042
    outer loop
      vertex 7.349067674327419 -8.298795456205173 0.005050000000000001
      vertex 5.025525681726008 -6.808845484752617 5.931382360912186
      vertex 4.9299479313174155 -6.817076229545655 5.927171270352458
    endloop
  endfacet
  facet normal 0.11731507290862135 -0.9511654826858328 0.2855195233525576
    outer loop
      vertex 7.398017140329562 -8.295184726672197 0.005050000000000001
      vertex 5.119603353552149 -6.795136715375212 5.938396169596851
      vertex 5.025525681726008 -6.808845484752617 5.931382360912186
    endloop
  endfacet
  facet normal 0.163056207432551 -0.9397160782499546 0.30057672148095194
    outer loop
      vertex 7.495090322016129 -8.280785280403231 0.005050000000000001
      vertex 5.212017491822666 -6.775963689053379 5.9482056524778635
      vertex 5.119603353552149 -6.795136715375212 5.938396169596851
    endloop
  endfacet
  facet normal 0.20798928334107997 -0.926218339228861 0.31442017443445747
    outer loop
      vertex 7.495090322016129 -8.280785280403231 0.005050000000000001
      vertex 5.302605547294524 -6.751345799701178 5.960800887059692
      vertex 5.212017491822666 -6.775963689053379 5.9482056524778635
    endloop
  endfacet
  facet normal 0.25204503292431496 -0.9107737197683128 0.3270543269207304
    outer loop
      vertex 7.590284677254463 -8.25694033573221 0.005050000000000001
      vertex 5.391205814957404 -6.72130818618529 5.976169011560466
      vertex 5.302605547294524 -6.751345799701178 5.960800887059692
    endloop
  endfacet
  facet normal 0.295165437181616 -0.8934785307700929 0.33848704516761347
    outer loop
      vertex 7.590284677254463 -8.25694033573221 0.005050000000000001
      vertex 5.477657389155606 -6.685881884125717 5.994294147246281
      vertex 5.391205814957404 -6.72130818618529 5.976169011560466
    endloop
  endfacet
  facet normal 0.023750684195776202 -0.9674956130081709 0.2517700216669495
    outer loop
      vertex 7.300000000000001 -8.3 0.005050000000000001
      vertex 7.349067674327419 -8.298795456205173 0.005050000000000001
      vertex 4.833034538827075 -6.819820723296245 5.92576710681502
    endloop
  endfacet
  facet normal 0.07084787483580408 -0.9604612056723596 0.2692486787890469
    outer loop
      vertex 7.349067674327419 -8.298795456205173 0.005050000000000001
      vertex 7.398017140329562 -8.295184726672197 0.005050000000000001
      vertex 5.025525681726008 -6.808845484752617 5.931382360912186
    endloop
  endfacet
  facet normal 0.11731507290862268 -0.9511654826858322 0.2855195233525587
    outer loop
      vertex 7.398017140329562 -8.295184726672197 0.005050000000000001
      vertex 7.446730474455363 -8.289176509964781 0.005050000000000001
      vertex 5.119603353552149 -6.795136715375212 5.938396169596851
    endloop
  endfacet
  facet normal 0.16305620743254814 -0.9397160782499555 0.30057672148095127
    outer loop
      vertex 7.446730474455363 -8.289176509964781 0.005050000000000001
      vertex 7.495090322016129 -8.280785280403231 0.005050000000000001
      vertex 5.119603353552149 -6.795136715375212 5.938396169596851
    endloop
  endfacet
  facet normal 0.20798928334109312 -0.9262183392288568 0.3144201744344612
    outer loop
      vertex 7.495090322016129 -8.280785280403231 0.005050000000000001
      vertex 7.542980179903265 -8.270031253194544 0.005050000000000001
      vertex 5.302605547294524 -6.751345799701178 5.960800887059692
    endloop
  endfacet
  facet normal 0.2520450329242912 -0.9107737197683218 0.32705432692072367
    outer loop
      vertex 7.542980179903265 -8.270031253194544 0.005050000000000001
      vertex 7.590284677254463 -8.25694033573221 0.005050000000000001
      vertex 5.302605547294524 -6.751345799701178 5.960800887059692
    endloop
  endfacet
  facet normal 0.29516543718163185 -0.893478530770086 0.3384870451676174
    outer loop
      vertex 7.590284677254463 -8.25694033573221 0.005050000000000001
      vertex 7.636889853392221 -8.241544065183021 0.005050000000000001
      vertex 5.477657389155606 -6.685881884125717 5.994294147246281
    endloop
  endfacet
  facet normal 0.3373021789563626 -0.8744230179649984 0.3487285846102578
    outer loop
      vertex 7.636889853392221 -8.241544065183021 0.005050000000000001
      vertex 7.68268343236509 -8.223879532511287 0.005050000000000001
      vertex 5.477657389155606 -6.685881884125717 5.994294147246281
    endloop
  endfacet
  facet normal 0.3784150776633884 -0.8536907362335876 0.357790659277135
    outer loop
      vertex 7.68268343236509 -8.223879532511287 0.005050000000000001
      vertex 7.727555093430283 -8.203989293123444 0.005050000000000001
      vertex 5.644004406963975 -6.599425913233973 6.037202690365037
    endloop
  endfacet
  facet normal 0.41847054384830473 -0.8313581852729585 0.36568561868216415
    outer loop
      vertex 7.727555093430283 -8.203989293123444 0.005050000000000001
      vertex 7.771396736825999 -8.181921264348356 0.005050000000000001
      vertex 5.644004406963975 -6.599425913233973 6.037202690365037
    endloop
  endfacet
  facet normal 0.45744008137685616 -0.8074946719061395 0.3724257332584996
    outer loop
      vertex 7.771396736825999 -8.181921264348356 0.005050000000000001
      vertex 7.814102744193223 -8.157728610000273 0.005050000000000001
      vertex 5.723774654699166 -6.548672511432402 6.061301962021611
    endloop
  endfacet
  facet normal 0.4952988561156716 -0.7821623665199153 0.37802258600574773
    outer loop
      vertex 7.814102744193223 -8.157728610000273 0.005050000000000001
      vertex 7.855570233019603 -8.131469612302546 0.005050000000000001
      vertex 5.874937867580344 -6.431873491777916 6.1167617184903476
    endloop
  endfacet
  facet normal 0.5320243426951956 -0.7554165246303461 0.3824865659015424
    outer loop
      vertex 7.855570233019603 -8.131469612302546 0.005050000000000001
      vertex 7.895699304492434 -8.103207531480646 0.005050000000000001
      vertex 5.874937867580344 -6.431873491777916 6.1167617184903476
    endloop
  endfacet
  facet normal 0.5675950553590765 -0.7273058488569466 0.385826457556248
    outer loop
      vertex 7.895699304492434 -8.103207531480646 0.005050000000000001
      vertex 7.934393284163646 -8.073010453362738 0.005050000000000001
      vertex 5.9460118892230724 -6.3659740525450825 6.148052793210759
    endloop
  endfacet
  facet normal 0.6019893649187763 -0.6978729712000237 0.3880491213662766
    outer loop
      vertex 7.934393284163646 -8.073010453362738 0.005050000000000001
      vertex 7.971558954847019 -8.04095112535496 0.005050000000000001
      vertex 6.013870752298719 -6.295185412073064 6.181665410619233
    endloop
  endfacet
  facet normal 0.6351844013194091 -0.6671550401249879 0.3891592588598266
    outer loop
      vertex 7.971558954847019 -8.04095112535496 0.005050000000000001
      vertex 8.007106781186549 -8.007106781186549 0.005050000000000001
      vertex 6.078359048594427 -6.219601088721382 6.217555165330693
    endloop
  endfacet
  facet normal 0.6671550401249879 -0.6351844013194092 0.38915925885982655
    outer loop
      vertex 8.007106781186549 -8.007106781186549 0.005050000000000001
      vertex 8.04095112535496 -7.971558954847019 0.005050000000000001
      vertex 6.139323370379008 -6.139323370379008 6.25567348791854
    endloop
  endfacet
  facet normal 0.6978729712000237 -0.6019893649187764 0.3880491213662766
    outer loop
      vertex 8.04095112535496 -7.971558954847019 0.005050000000000001
      vertex 8.073010453362738 -7.934393284163646 0.005050000000000001
      vertex 6.217803852896208 -6.019060992313805 6.312777753173314
    endloop
  endfacet
  facet normal 0.7273058488569466 -0.5675950553590765 0.3858264575562481
    outer loop
      vertex 8.073010453362738 -7.934393284163646 0.005050000000000001
      vertex 8.103207531480646 -7.895699304492434 0.005050000000000001
      vertex 6.2507076720403765 -5.9658229973648345 6.33619236807289
    endloop
  endfacet
  facet normal 0.7554165246303461 -0.5320243426951955 0.38248656590154234
    outer loop
      vertex 8.103207531480646 -7.895699304492434 0.005050000000000001
      vertex 8.131469612302546 -7.855570233019603 0.005050000000000001
      vertex 6.301272806062994 -5.87339804223708 6.376841809012606
    endloop
  endfacet
  facet normal 0.7821623665199153 -0.49529885611567165 0.37802258600574773
    outer loop
      vertex 8.131469612302546 -7.855570233019603 0.005050000000000001
      vertex 8.157728610000273 -7.814102744193223 0.005050000000000001
      vertex 6.347745852165509 -5.776899325463107 6.419282932006281
    endloop
  endfacet
  facet normal 0.8074946719061395 -0.45744008137685616 0.3724257332584997
    outer loop
      vertex 8.157728610000273 -7.814102744193223 0.005050000000000001
      vertex 8.181921264348356 -7.771396736825999 0.005050000000000001
      vertex 6.38998861908444 -5.676484066600458 6.463446590283869
    endloop
  endfacet
  facet normal 0.8313581852729586 -0.41847054384830484 0.36568561868216426
    outer loop
      vertex 8.181921264348356 -7.771396736825999 0.005050000000000001
      vertex 8.203989293123444 -7.727555093430283 0.005050000000000001
      vertex 6.427867566869039 -5.57232015539132 6.509258944218939
    endloop
  endfacet
  facet normal 0.8536907362335876 -0.3784150776633885 0.35779065927713494
    outer loop
      vertex 8.203989293123444 -7.727555093430283 0.005050000000000001
      vertex 8.223879532511287 -7.68268343236509 0.005050000000000001
      vertex 6.481035785643039 -5.388192468418251 6.590240184909101
    endloop
  endfacet
  facet normal 0.8744230179649984 -0.33730217895636266 0.34872858461025785
    outer loop
      vertex 8.223879532511287 -7.68268343236509 0.005050000000000001
      vertex 8.241544065183021 -7.636889853392221 0.005050000000000001
      vertex 6.490383058813714 -5.353952298288343 6.60415143718752
    endloop
  endfacet
  facet normal 0.893478530770086 -0.29516543718163185 0.33848704516761735
    outer loop
      vertex 8.241544065183021 -7.636889853392221 0.005050000000000001
      vertex 8.25694033573221 -7.590284677254463 0.005050000000000001
      vertex 6.515586824441372 -5.241290762874547 6.649924078949204
    endloop
  endfacet
  facet normal 0.9107737197683217 -0.25204503292429115 0.327054326920724
    outer loop
      vertex 8.25694033573221 -7.590284677254463 0.005050000000000001
      vertex 8.270031253194544 -7.542980179903265 0.005050000000000001
      vertex 6.535965714036456 -5.125788922696691 6.696850692667525
    endloop
  endfacet
  facet normal 0.9262183392288568 -0.20798928334109315 0.31442017443446124
    outer loop
      vertex 8.270031253194544 -7.542980179903265 0.005050000000000001
      vertex 8.280785280403231 -7.495090322016129 0.005050000000000001
      vertex 6.551420170810291 -5.00767396264993 6.744838976628492
    endloop
  endfacet
  facet normal 0.9397160782499554 -0.16305620743254814 0.3005767214809514
    outer loop
      vertex 8.280785280403231 -7.495090322016129 0.005050000000000001
      vertex 8.289176509964781 -7.446730474455363 0.005050000000000001
      vertex 6.561859111318066 -4.887184071663495 6.793792158349031
    endloop
  endfacet
  facet normal 0.9511654826858322 -0.11731507290862268 0.2855195233525586
    outer loop
      vertex 8.289176509964781 -7.446730474455363 0.005050000000000001
      vertex 8.295184726672197 -7.398017140329562 0.005050000000000001
      vertex 6.56720057624871 -4.764568385195788 6.84360901794033
    endloop
  endfacet
  facet normal 0.9604612056723597 -0.07084787483580408 0.2692486787890469
    outer loop
      vertex 8.295184726672197 -7.398017140329562 0.005050000000000001
      vertex 8.298795456205173 -7.349067674327419 0.005050000000000001
      vertex 6.568364981663858 -4.641671226802293 6.890226309473204
    endloop
  endfacet
  facet normal 0.9674956130081708 -0.023750684195776202 0.25177002166694956
    outer loop
      vertex 8.298795456205173 -7.349067674327419 0.005050000000000001
      vertex 8.3 -7.300000000000001 0.005050000000000001
      vertex 6.564508411893465 -4.5175946439076125 6.936631914591125
    endloop
  endfacet
  facet normal 0.3373021789563602 -0.8744230179649995 0.34872858461025796
    outer loop
      vertex 7.68268343236509 -8.223879532511287 0.005050000000000001
      vertex 5.561800137647275 -6.645104010203071 6.015157304134181
      vertex 5.477657389155606 -6.685881884125717 5.994294147246281
    endloop
  endfacet
  facet normal 0.3784150776634059 -0.8536907362335786 0.35779065927713827
    outer loop
      vertex 7.68268343236509 -8.223879532511287 0.005050000000000001
      vertex 5.578946252317433 -6.635429071071399 6.0201072868961045
      vertex 5.561800137647275 -6.645104010203071 6.015157304134181
    endloop
  endfacet
  facet normal 0.3784150776633902 -0.8536907362335868 0.3577906592771347
    outer loop
      vertex 7.68268343236509 -8.223879532511287 0.005050000000000001
      vertex 5.644004406963975 -6.599425913233973 6.037202690365037
      vertex 5.578946252317433 -6.635429071071399 6.0201072868961045
    endloop
  endfacet
  facet normal 0.418470543848307 -0.8313581852729572 0.36568561868216476
    outer loop
      vertex 7.771396736825999 -8.181921264348356 0.005050000000000001
      vertex 5.723774654699166 -6.548672511432402 6.061301962021611
      vertex 5.644004406963975 -6.599425913233973 6.037202690365037
    endloop
  endfacet
  facet normal 0.45744008137686293 -0.8074946719061353 0.37242573325850054
    outer loop
      vertex 7.814102744193223 -8.157728610000273 0.005050000000000001
      vertex 5.800805868811497 -6.492798640261216 6.0878325895669985
      vertex 5.723774654699166 -6.548672511432402 6.061301962021611
    endloop
  endfacet
  facet normal 0.4952988561156648 -0.7821623665199202 0.3780225860057466
    outer loop
      vertex 7.814102744193223 -8.157728610000273 0.005050000000000001
      vertex 5.874937867580344 -6.431873491777916 6.1167617184903476
      vertex 5.800805868811497 -6.492798640261216 6.0878325895669985
    endloop
  endfacet
  facet normal 0.5320243426951949 -0.7554165246303465 0.3824865659015423
    outer loop
      vertex 7.895699304492434 -8.103207531480646 0.005050000000000001
      vertex 5.9460118892230724 -6.3659740525450825 6.148052793210759
      vertex 5.874937867580344 -6.431873491777916 6.1167617184903476
    endloop
  endfacet
  facet normal 0.5675950553590806 -0.7273058488569435 0.38582645755624795
    outer loop
      vertex 7.934393284163646 -8.073010453362738 0.005050000000000001
      vertex 6.013870752298719 -6.295185412073064 6.181665410619233
      vertex 5.9460118892230724 -6.3659740525450825 6.148052793210759
    endloop
  endfacet
  facet normal 0.6019893649187817 -0.6978729712000187 0.3880491213662772
    outer loop
      vertex 7.971558954847019 -8.04095112535496 0.005050000000000001
      vertex 6.078359048594427 -6.219601088721382 6.217555165330693
      vertex 6.013870752298719 -6.295185412073064 6.181665410619233
    endloop
  endfacet
  facet normal 0 0 -1
    outer loop
      vertex 6.5 -6.5 -0.00495
      vertex 6.5 6.5 -0.00495
      vertex 8.3 -7.300000000000001 -0.00495
    endloop
  endfacet
  facet normal 1 0 0
    outer loop
      vertex 8.3 -7.300000000000001 -0.00495
      vertex 8.3 7.300000000000001 0.005050000000000001
      vertex 8.3 -7.300000000000001 0.005050000000000001
    endloop
  endfacet
  facet normal 0.9701425001453319 0 0.24253562503633294
    outer loop
      vertex 8.3 -7.300000000000001 0.005050000000000001
      vertex 8.3 7.300000000000001 0.005050000000000001
      vertex 6.555390932722205 -4.392318221203674 6.983486269111182
    endloop
  endfacet
  facet normal 0.6351844013194047 -0.6671550401249926 0.3891592588598259
    outer loop
      vertex 8.007106781186549 -8.007106781186549 0.005050000000000001
      vertex 6.139323370379008 -6.139323370379008 6.25567348791854
      vertex 6.078359048594427 -6.219601088721382 6.217555165330693
    endloop
  endfacet
  facet normal 0.6671550401249938 -0.6351844013194029 0.3891592588598266
    outer loop
      vertex 8.04095112535496 -7.971558954847019 0.005050000000000001
      vertex 6.196612573789082 -6.054463666905381 6.2959674775648455
      vertex 6.139323370379008 -6.139323370379008 6.25567348791854
    endloop
  endfacet
  facet normal 0.697872971200007 -0.6019893649187943 0.3880491213662783
    outer loop
      vertex 8.04095112535496 -7.971558954847019 0.005050000000000001
      vertex 6.217803852896208 -6.019060992313805 6.312777753173314
      vertex 6.196612573789082 -6.054463666905381 6.2959674775648455
    endloop
  endfacet
  facet normal 0.6978729712000262 -0.6019893649187739 0.38804912136627584
    outer loop
      vertex 8.073010453362738 -7.934393284163646 0.005050000000000001
      vertex 6.2507076720403765 -5.9658229973648345 6.33619236807289
      vertex 6.217803852896208 -6.019060992313805 6.312777753173314
    endloop
  endfacet
  facet normal 0.7273058488569469 -0.567595055359076 0.3858264575562484
    outer loop
      vertex 8.103207531480646 -7.895699304492434 0.005050000000000001
      vertex 6.301272806062994 -5.87339804223708 6.376841809012606
      vertex 6.2507076720403765 -5.9658229973648345 6.33619236807289
    endloop
  endfacet
  facet normal 0.7554165246303453 -0.5320243426951964 0.3824865659015428
    outer loop
      vertex 8.131469612302546 -7.855570233019603 0.005050000000000001
      vertex 6.347745852165509 -5.776899325463107 6.419282932006281
      vertex 6.301272806062994 -5.87339804223708 6.376841809012606
    endloop
  endfacet
  facet normal 0.7821623665199177 -0.49529885611566754 0.37802258600574795
    outer loop
      vertex 8.157728610000273 -7.814102744193223 0.005050000000000001
      vertex 6.38998861908444 -5.676484066600458 6.463446590283869
      vertex 6.347745852165509 -5.776899325463107 6.419282932006281
    endloop
  endfacet
  facet normal 0.807494671906137 -0.4574400813768604 0.3724257332585002
    outer loop
      vertex 8.181921264348356 -7.771396736825999 0.005050000000000001
      vertex 6.427867566869039 -5.57232015539132 6.509258944218939
      vertex 6.38998861908444 -5.676484066600458 6.463446590283869
    endloop
  endfacet
  facet normal 0.8313581852729581 -0.4184705438483056 0.365685618682164
    outer loop
      vertex 8.203989293123444 -7.727555093430283 0.005050000000000001
      vertex 6.461254303027387 -5.4645864064634795 6.556641349308593
      vertex 6.427867566869039 -5.57232015539132 6.509258944218939
    endloop
  endfacet
  facet normal 0.8536907362335818 -0.3784150776633988 0.3577906592771376
    outer loop
      vertex 8.203989293123444 -7.727555093430283 0.005050000000000001
      vertex 6.481035785643039 -5.388192468418251 6.590240184909101
      vertex 6.461254303027387 -5.4645864064634795 6.556641349308593
    endloop
  endfacet
  facet normal 0.8536907362335945 -0.37841507766337634 0.3577906592771314
    outer loop
      vertex 8.223879532511287 -7.68268343236509 0.005050000000000001
      vertex 6.490383058813714 -5.353952298288343 6.60415143718752
      vertex 6.481035785643039 -5.388192468418251 6.590240184909101
    endloop
  endfacet
  facet normal 0.8744230179649968 -0.33730217895636594 0.3487285846102591
    outer loop
      vertex 8.241544065183021 -7.636889853392221 0.005050000000000001
      vertex 6.515586824441372 -5.241290762874547 6.649924078949204
      vertex 6.490383058813714 -5.353952298288343 6.60415143718752
    endloop
  endfacet
  facet normal 0.8934785307700938 -0.29516543718161387 0.33848704516761263
    outer loop
      vertex 8.25694033573221 -7.590284677254463 0.005050000000000001
      vertex 6.535965714036456 -5.125788922696691 6.696850692667525
      vertex 6.515586824441372 -5.241290762874547 6.649924078949204
    endloop
  endfacet
  facet normal 0.9107737197683143 -0.2520450329243103 0.3270543269207296
    outer loop
      vertex 8.270031253194544 -7.542980179903265 0.005050000000000001
      vertex 6.551420170810291 -5.00767396264993 6.744838976628492
      vertex 6.535965714036456 -5.125788922696691 6.696850692667525
    endloop
  endfacet
  facet normal 0.9262183392288595 -0.2079892833410849 0.3144201744344582
    outer loop
      vertex 8.280785280403231 -7.495090322016129 0.005050000000000001
      vertex 6.561859111318066 -4.887184071663495 6.793792158349031
      vertex 6.551420170810291 -5.00767396264993 6.744838976628492
    endloop
  endfacet
  facet normal 0.9397160782499527 -0.16305620743255786 0.3005767214809547
    outer loop
      vertex 8.289176509964781 -7.446730474455363 0.005050000000000001
      vertex 6.56720057624871 -4.764568385195788 6.84360901794033
      vertex 6.561859111318066 -4.887184071663495 6.793792158349031
    endloop
  endfacet
  facet normal 0.9511654826858295 -0.11731507290862778 0.2855195233525661
    outer loop
      vertex 8.295184726672197 -7.398017140329562 0.005050000000000001
      vertex 6.567228493054054 -4.744343316916356 6.8518261508025775
      vertex 6.56720057624871 -4.764568385195788 6.84360901794033
    endloop
  endfacet
  facet normal 0.9511654826858347 -0.11731507290861277 0.28551952335255487
    outer loop
      vertex 8.295184726672197 -7.398017140329562 0.005050000000000001
      vertex 6.568364981663858 -4.641671226802293 6.890226309473204
      vertex 6.567228493054054 -4.744343316916356 6.8518261508025775
    endloop
  endfacet
  facet normal 0.9604612056723613 -0.07084787483579569 0.26924867878904385
    outer loop
      vertex 8.298795456205173 -7.349067674327419 0.005050000000000001
      vertex 6.564508411893465 -4.5175946439076125 6.936631914591125
      vertex 6.568364981663858 -4.641671226802293 6.890226309473204
    endloop
  endfacet
  facet normal 0.9674956130081701 -0.02375068419578409 0.251770021666952
    outer loop
      vertex 8.3 -7.300000000000001 0.005050000000000001
      vertex 6.555390932722205 -4.392318221203674 6.983486269111182
      vertex 6.564508411893465 -4.5175946439076125 6.936631914591125
    endloop
  endfacet
  facet normal 0.9701425001453318 4.4389334412394313e-16 0.24253562503633366
    outer loop
      vertex 6.555390932722205 -4.392318221203674 6.983486269111182
      vertex 8.3 7.300000000000001 0.005050000000000001
      vertex 6.52703613316258 -4.089064626808615 7.096905467349681
    endloop
  endfacet
  facet normal 0.9701425001453319 2.0922069991308498e-16 0.2425356250363333
    outer loop
      vertex 6.52703613316258 -4.089064626808615 7.096905467349681
      vertex 8.3 7.300000000000001 0.005050000000000001
      vertex 6.470040570747392 -3.4239350218551317 7.324887717010435
    endloop
  endfacet
  facet normal 0 0 -1
    outer loop
      vertex -6.5 6.5 -0.00495
      vertex 8.007106781186549 8.007106781186549 -0.00495
      vertex 6.5 6.5 -0.00495
    endloop
  endfacet
  facet normal 0 1 0
    outer loop
      vertex -7.300000000000001 8.3 -0.00495
      vertex 7.300000000000001 8.3 0.005050000000000001
      vertex 7.300000000000001 8.3 -0.00495
    endloop
  endfacet
  facet normal 0 0 -1
    outer loop
      vertex -7.300000000000001 8.3 -0.00495
      vertex 7.300000000000001 8.3 -0.00495
      vertex 8.007106781186549 8.007106781186549 -0.00495
    endloop
  endfacet
  facet normal 0 0.9701425001453319 0.24253562503633308
    outer loop
      vertex -7.300000000000001 8.3 0.005050000000000001
      vertex 3.7704210964919813 6.182252657895188 8.476039368419247
      vertex 7.300000000000001 8.3 0.005050000000000001
    endloop
  endfacet
  facet normal 0 0 -1
    outer loop
      vertex 8.3 -7.300000000000001 -0.00495
      vertex 6.5 6.5 -0.00495
      vertex 8.007106781186549 8.007106781186549 -0.00495
    endloop
  endfacet
  facet normal 1 0 0
    outer loop
      vertex 8.3 -7.300000000000001 -0.00495
      vertex 8.3 7.300000000000001 -0.00495
      vertex 8.3 7.300000000000001 0.005050000000000001
    endloop
  endfacet
  facet normal 0 0 -1
    outer loop
      vertex 8.3 -7.300000000000001 -0.00495
      vertex 8.007106781186549 8.007106781186549 -0.00495
      vertex 8.3 7.300000000000001 -0.00495
    endloop
  endfacet
  facet normal 0.024541228522907587 0.9996988186962044 0
    outer loop
      vertex 7.300000000000001 8.3 -0.00495
      vertex 7.300000000000001 8.3 0.005050000000000001
      vertex 7.349067674327419 8.298795456205173 0.005050000000000001
    endloop
  endfacet
  facet normal 0.024541228522907587 0.9996988186962044 1.1764332665181406e-18
    outer loop
      vertex 7.300000000000001 8.3 -0.00495
      vertex 7.349067674327419 8.298795456205173 0.005050000000000001
      vertex 7.349067674327419 8.298795456205173 -0.00495
    endloop
  endfacet
  facet normal 0 0 -1
    outer loop
      vertex 7.300000000000001 8.3 -0.00495
      vertex 7.349067674327419 8.298795456205173 -0.00495
      vertex 7.398017140329562 8.295184726672197 -0.00495
    endloop
  endfacet
  facet normal 0.07356456359968419 0.9972904566786889 0
    outer loop
      vertex 7.349067674327419 8.298795456205173 -0.00495
      vertex 7.349067674327419 8.298795456205173 0.005050000000000001
      vertex 7.398017140329562 8.295184726672197 -0.00495
    endloop
  endfacet
  facet normal 0.07356456359968419 0.9972904566786889 -5.316206543072558e-18
    outer loop
      vertex 7.349067674327419 8.298795456205173 0.005050000000000001
      vertex 7.398017140329562 8.295184726672197 0.005050000000000001
      vertex 7.398017140329562 8.295184726672197 -0.00495
    endloop
  endfacet
  facet normal 0 0 -1
    outer loop
      vertex 7.300000000000001 8.3 -0.00495
      vertex 7.398017140329562 8.295184726672197 -0.00495
      vertex 7.495090322016129 8.280785280403231 -0.00495
    endloop
  endfacet
  facet normal 0.12241067519921875 0.9924795345987096 0
    outer loop
      vertex 7.398017140329562 8.295184726672197 -0.00495
      vertex 7.398017140329562 8.295184726672197 0.005050000000000001
      vertex 7.446730474455363 8.289176509964781 0.005050000000000001
    endloop
  endfacet
  facet normal 0.12241067519921875 0.9924795345987096 -6.899163172176291e-18
    outer loop
      vertex 7.398017140329562 8.295184726672197 -0.00495
      vertex 7.446730474455363 8.289176509964781 0.005050000000000001
      vertex 7.446730474455363 8.289176509964781 -0.00495
    endloop
  endfacet
  facet normal 0 0 -1
    outer loop
      vertex 7.398017140329562 8.295184726672197 -0.00495
      vertex 7.446730474455363 8.289176509964781 -0.00495
      vertex 7.495090322016129 8.280785280403231 -0.00495
    endloop
  endfacet
  facet normal 0.17096188876028862 0.9852776423889434 0
    outer loop
      vertex 7.446730474455363 8.289176509964781 -0.00495
      vertex 7.446730474455363 8.289176509964781 0.005050000000000001
      vertex 7.495090322016129 8.280785280403231 -0.00495
    endloop
  endfacet
  facet normal 0.17096188876028862 0.9852776423889434 -1.471406909311094e-17
    outer loop
      vertex 7.446730474455363 8.289176509964781 0.005050000000000001
      vertex 7.495090322016129 8.280785280403231 0.005050000000000001
      vertex 7.495090322016129 8.280785280403231 -0.00495
    endloop
  endfacet
  facet normal 0 0 -1
    outer loop
      vertex 7.300000000000001 8.3 -0.00495
      vertex 7.495090322016129 8.280785280403231 -0.00495
      vertex 7.68268343236509 8.223879532511287 -0.00495
    endloop
  endfacet
  facet normal 0.21910124015688293 0.9757021300385256 0
    outer loop
      vertex 7.495090322016129 8.280785280403231 -0.00495
      vertex 7.495090322016129 8.280785280403231 0.005050000000000001
      vertex 7.542980179903265 8.270031253194544 -0.00495
    endloop
  endfacet
  facet normal 0.21910124015688293 0.9757021300385256 -9.260387099027372e-17
    outer loop
      vertex 7.495090322016129 8.280785280403231 0.005050000000000001
      vertex 7.542980179903265 8.270031253194544 0.005050000000000001
      vertex 7.542980179903265 8.270031253194544 -0.00495
    endloop
  endfacet
  facet normal 0 0 -1
    outer loop
      vertex 7.495090322016129 8.280785280403231 -0.00495
      vertex 7.542980179903265 8.270031253194544 -0.00495
      vertex 7.590284677254463 8.25694033573221 -0.00495
    endloop
  endfacet
  facet normal 0.2667127574748739 0.9637760657954466 0
    outer loop
      vertex 7.542980179903265 8.270031253194544 -0.00495
      vertex 7.542980179903265 8.270031253194544 0.005050000000000001
      vertex 7.590284677254463 8.25694033573221 0.005050000000000001
    endloop
  endfacet
  facet normal 0.2667127574748739 0.9637760657954466 -7.934497710735335e-17
    outer loop
      vertex 7.542980179903265 8.270031253194544 -0.00495
      vertex 7.590284677254463 8.25694033573221 0.005050000000000001
      vertex 7.590284677254463 8.25694033573221 -0.00495
    endloop
  endfacet
  facet normal 0 0 -1
    outer loop
      vertex 7.495090322016129 8.280785280403231 -0.00495
      vertex 7.590284677254463 8.25694033573221 -0.00495
      vertex 7.68268343236509 8.223879532511287 -0.00495
    endloop
  endfacet
  facet normal 0.3136817403989097 0.9495281805930307 0
    outer loop
      vertex 7.590284677254463 8.25694033573221 -0.00495
      vertex 7.590284677254463 8.25694033573221 0.005050000000000001
      vertex 7.636889853392221 8.241544065183021 -0.00495
    endloop
  endfacet
  facet normal 0.3136817403989097 0.9495281805930307 7.424109525557104e-17
    outer loop
      vertex 7.590284677254463 8.25694033573221 0.005050000000000001
      vertex 7.636889853392221 8.241544065183021 0.005050000000000001
      vertex 7.636889853392221 8.241544065183021 -0.00495
    endloop
  endfacet
  facet normal 0 0 -1
    outer loop
      vertex 7.590284677254463 8.25694033573221 -0.00495
      vertex 7.636889853392221 8.241544065183021 -0.00495
      vertex 7.68268343236509 8.223879532511287 -0.00495
    endloop
  endfacet
  facet normal 0 0 -1
    outer loop
      vertex 7.300000000000001 8.3 -0.00495
      vertex 7.68268343236509 8.223879532511287 -0.00495
      vertex 8.007106781186549 8.007106781186549 -0.00495
    endloop
  endfacet
  facet normal 0.35989503653499316 0.932992798834737 3.5145105410712124e-17
    outer loop
      vertex 7.636889853392221 8.241544065183021 -0.00495
      vertex 7.68268343236509 8.223879532511287 0.005050000000000001
      vertex 7.68268343236509 8.223879532511287 -0.00495
    endloop
  endfacet
  facet normal 0.4052413140049827 0.914209755703534 0
    outer loop
      vertex 7.68268343236509 8.223879532511287 -0.00495
      vertex 7.68268343236509 8.223879532511287 0.005050000000000001
      vertex 7.727555093430283 8.203989293123444 0.005050000000000001
    endloop
  endfacet
  facet normal 0.4052413140049827 0.914209755703534 1.0375808606099149e-16
    outer loop
      vertex 7.68268343236509 8.223879532511287 -0.00495
      vertex 7.727555093430283 8.203989293123444 0.005050000000000001
      vertex 7.727555093430283 8.203989293123444 -0.00495
    endloop
  endfacet
  facet normal 0.35989503653499316 0.932992798834737 0
    outer loop
      vertex 7.636889853392221 8.241544065183021 -0.00495
      vertex 7.636889853392221 8.241544065183021 0.005050000000000001
      vertex 7.68268343236509 8.223879532511287 0.005050000000000001
    endloop
  endfacet
  facet normal 0.4496113296546005 0.8932243011955183 0
    outer loop
      vertex 7.727555093430283 8.203989293123444 -0.00495
      vertex 7.727555093430283 8.203989293123444 0.005050000000000001
      vertex 7.771396736825999 8.181921264348356 -0.00495
    endloop
  endfacet
  facet normal 0 0 -1
    outer loop
      vertex 7.68268343236509 8.223879532511287 -0.00495
      vertex 7.727555093430283 8.203989293123444 -0.00495
      vertex 7.771396736825999 8.181921264348356 -0.00495
    endloop
  endfacet
  facet normal 0.4496113296546005 0.8932243011955183 6.462560192373798e-17
    outer loop
      vertex 7.727555093430283 8.203989293123444 0.005050000000000001
      vertex 7.771396736825999 8.181921264348356 0.005050000000000001
      vertex 7.771396736825999 8.181921264348356 -0.00495
    endloop
  endfacet
  facet normal 0 0 -1
    outer loop
      vertex 7.68268343236509 8.223879532511287 -0.00495
      vertex 7.771396736825999 8.181921264348356 -0.00495
      vertex 7.855570233019603 8.131469612302546 -0.00495
    endloop
  endfacet
  facet normal 0.9996988186962044 0.024541228522907587 0
    outer loop
      vertex 8.3 7.300000000000001 -0.00495
      vertex 8.298795456205173 7.349067674327419 0.005050000000000001
      vertex 8.3 7.300000000000001 0.005050000000000001
    endloop
  endfacet
  facet normal 0.9996988186962044 0.024541228522907587 1.1764332665181406e-18
    outer loop
      vertex 8.3 7.300000000000001 -0.00495
      vertex 8.298795456205173 7.349067674327419 -0.00495
      vertex 8.298795456205173 7.349067674327419 0.005050000000000001
    endloop
  endfacet
  facet normal 0 0 -1
    outer loop
      vertex 8.3 7.300000000000001 -0.00495
      vertex 8.289176509964781 7.446730474455363 -0.00495
      vertex 8.298795456205173 7.349067674327419 -0.00495
    endloop
  endfacet
  facet normal 0.9972904566786889 0.07356456359968419 0
    outer loop
      vertex 8.298795456205173 7.349067674327419 -0.00495
      vertex 8.295184726672197 7.398017140329562 0.005050000000000001
      vertex 8.298795456205173 7.349067674327419 0.005050000000000001
    endloop
  endfacet
  facet normal 0.9972904566786889 0.07356456359968419 -5.316206543072558e-18
    outer loop
      vertex 8.298795456205173 7.349067674327419 -0.00495
      vertex 8.295184726672197 7.398017140329562 -0.00495
      vertex 8.295184726672197 7.398017140329562 0.005050000000000001
    endloop
  endfacet
  facet normal 0 0 -1
    outer loop
      vertex 8.298795456205173 7.349067674327419 -0.00495
      vertex 8.289176509964781 7.446730474455363 -0.00495
      vertex 8.295184726672197 7.398017140329562 -0.00495
    endloop
  endfacet
  facet normal 0 0 -1
    outer loop
      vertex 8.3 7.300000000000001 -0.00495
      vertex 8.280785280403231 7.495090322016129 -0.00495
      vertex 8.289176509964781 7.446730474455363 -0.00495
    endloop
  endfacet
  facet normal 0.9924795345987096 0.12241067519921875 0
    outer loop
      vertex 8.295184726672197 7.398017140329562 -0.00495
      vertex 8.289176509964781 7.446730474455363 -0.00495
      vertex 8.295184726672197 7.398017140329562 0.005050000000000001
    endloop
  endfacet
  facet normal 0.9924795345987096 0.12241067519921875 -6.899163172176291e-18
    outer loop
      vertex 8.295184726672197 7.398017140329562 0.005050000000000001
      vertex 8.289176509964781 7.446730474455363 -0.00495
      vertex 8.289176509964781 7.446730474455363 0.005050000000000001
    endloop
  endfacet
  facet normal 0.9852776423889434 0.17096188876028862 -1.471406909311094e-17
    outer loop
      vertex 8.289176509964781 7.446730474455363 -0.00495
      vertex 8.280785280403231 7.495090322016129 -0.00495
      vertex 8.280785280403231 7.495090322016129 0.005050000000000001
    endloop
  endfacet
  facet normal 0.9852776423889434 0.17096188876028862 0
    outer loop
      vertex 8.289176509964781 7.446730474455363 -0.00495
      vertex 8.280785280403231 7.495090322016129 0.005050000000000001
      vertex 8.289176509964781 7.446730474455363 0.005050000000000001
    endloop
  endfacet
  facet normal 0 0 -1
    outer loop
      vertex 8.3 7.300000000000001 -0.00495
      vertex 8.223879532511287 7.68268343236509 -0.00495
      vertex 8.280785280403231 7.495090322016129 -0.00495
    endloop
  endfacet
  facet normal 0.9757021300385256 0.21910124015688293 0
    outer loop
      vertex 8.280785280403231 7.495090322016129 -0.00495
      vertex 8.270031253194544 7.542980179903265 0.005050000000000001
      vertex 8.280785280403231 7.495090322016129 0.005050000000000001
    endloop
  endfacet
  facet normal 0.9637760657954466 0.2667127574748739 0
    outer loop
      vertex 8.270031253194544 7.542980179903265 -0.00495
      vertex 8.25694033573221 7.590284677254463 -0.00495
      vertex 8.270031253194544 7.542980179903265 0.005050000000000001
    endloop
  endfacet
  facet normal 0 0 -1
    outer loop
      vertex 8.280785280403231 7.495090322016129 -0.00495
      vertex 8.241544065183021 7.636889853392221 -0.00495
      vertex 8.25694033573221 7.590284677254463 -0.00495
    endloop
  endfacet
  facet normal 0.9637760657954466 0.2667127574748739 -7.934497710735335e-17
    outer loop
      vertex 8.270031253194544 7.542980179903265 0.005050000000000001
      vertex 8.25694033573221 7.590284677254463 -0.00495
      vertex 8.25694033573221 7.590284677254463 0.005050000000000001
    endloop
  endfacet
  facet normal 0.9757021300385256 0.21910124015688293 -9.260387099027372e-17
    outer loop
      vertex 8.280785280403231 7.495090322016129 -0.00495
      vertex 8.270031253194544 7.542980179903265 -0.00495
      vertex 8.270031253194544 7.542980179903265 0.005050000000000001
    endloop
  endfacet
  facet normal 0 0 -1
    outer loop
      vertex 8.280785280403231 7.495090322016129 -0.00495
      vertex 8.25694033573221 7.590284677254463 -0.00495
      vertex 8.270031253194544 7.542980179903265 -0.00495
    endloop
  endfacet
  facet normal 0 0 -1
    outer loop
      vertex 8.280785280403231 7.495090322016129 -0.00495
      vertex 8.223879532511287 7.68268343236509 -0.00495
      vertex 8.241544065183021 7.636889853392221 -0.00495
    endloop
  endfacet
  facet normal 0.9495281805930307 0.3136817403989097 0
    outer loop
      vertex 8.25694033573221 7.590284677254463 -0.00495
      vertex 8.241544065183021 7.636889853392221 -0.00495
      vertex 8.25694033573221 7.590284677254463 0.005050000000000001
    endloop
  endfacet
  facet normal 0.9495281805930307 0.3136817403989097 7.424109525557104e-17
    outer loop
      vertex 8.25694033573221 7.590284677254463 0.005050000000000001
      vertex 8.241544065183021 7.636889853392221 -0.00495
      vertex 8.241544065183021 7.636889853392221 0.005050000000000001
    endloop
  endfacet
  facet normal 0 0 -1
    outer loop
      vertex 8.3 7.300000000000001 -0.00495
      vertex 8.007106781186549 8.007106781186549 -0.00495
      vertex 8.223879532511287 7.68268343236509 -0.00495
    endloop
  endfacet
  facet normal 0.932992798834737 0.35989503653499316 3.5145105410712124e-17
    outer loop
      vertex 8.241544065183021 7.636889853392221 -0.00495
      vertex 8.223879532511287 7.68268343236509 -0.00495
      vertex 8.223879532511287 7.68268343236509 0.005050000000000001
    endloop
  endfacet
  facet normal 0.914209755703534 0.4052413140049827 0
    outer loop
      vertex 8.223879532511287 7.68268343236509 -0.00495
      vertex 8.203989293123444 7.727555093430283 0.005050000000000001
      vertex 8.223879532511287 7.68268343236509 0.005050000000000001
    endloop
  endfacet
  facet normal 0.914209755703534 0.4052413140049827 1.0375808606099149e-16
    outer loop
      vertex 8.223879532511287 7.68268343236509 -0.00495
      vertex 8.203989293123444 7.727555093430283 -0.00495
      vertex 8.203989293123444 7.727555093430283 0.005050000000000001
    endloop
  endfacet
  facet normal 0.8932243011955183 0.4496113296546005 6.462560192373798e-17
    outer loop
      vertex 8.181921264348356 7.771396736825999 -0.00495
      vertex 8.203989293123444 7.727555093430283 0.005050000000000001
      vertex 8.203989293123444 7.727555093430283 -0.00495
    endloop
  endfacet
  facet normal 0 0 -1
    outer loop
      vertex 8.223879532511287 7.68268343236509 -0.00495
      vertex 8.131469612302546 7.855570233019603 -0.00495
      vertex 8.181921264348356 7.771396736825999 -0.00495
    endloop
  endfacet
  facet normal 0.8932243011955183 0.4496113296546005 0
    outer loop
      vertex 8.181921264348356 7.771396736825999 -0.00495
      vertex 8.181921264348356 7.771396736825999 0.005050000000000001
      vertex 8.203989293123444 7.727555093430283 0.005050000000000001
    endloop
  endfacet
  facet normal 0 0 -1
    outer loop
      vertex 8.223879532511287 7.68268343236509 -0.00495
      vertex 8.181921264348356 7.771396736825999 -0.00495
      vertex 8.203989293123444 7.727555093430283 -0.00495
    endloop
  endfacet
  facet normal 0.932992798834737 0.35989503653499316 0
    outer loop
      vertex 8.241544065183021 7.636889853392221 -0.00495
      vertex 8.223879532511287 7.68268343236509 0.005050000000000001
      vertex 8.241544065183021 7.636889853392221 0.005050000000000001
    endloop
  endfacet
  facet normal 0 0 -1
    outer loop
      vertex 8.007106781186549 8.007106781186549 -0.00495
      vertex 8.04095112535496 7.971558954847019 -0.00495
      vertex 8.073010453362738 7.934393284163646 -0.00495
    endloop
  endfacet
  facet normal 0.6895405447370607 0.7242470829514729 1.8613048138239457e-16
    outer loop
      vertex 8.007106781186549 8.007106781186549 0.005050000000000001
      vertex 7.971558954847019 8.04095112535496 -0.00495
      vertex 7.971558954847019 8.04095112535496 0.005050000000000001
    endloop
  endfacet
  facet normal 0.6895405447370607 0.7242470829514729 0
    outer loop
      vertex 8.007106781186549 8.007106781186549 -0.00495
      vertex 7.971558954847019 8.04095112535496 -0.00495
      vertex 8.007106781186549 8.007106781186549 0.005050000000000001
    endloop
  endfacet
  facet normal 0.7242470829514729 0.6895405447370607 0
    outer loop
      vertex 8.007106781186549 8.007106781186549 -0.00495
      vertex 8.007106781186549 8.007106781186549 0.005050000000000001
      vertex 8.04095112535496 7.971558954847019 0.005050000000000001
    endloop
  endfacet
  facet normal 0.7242470829514729 0.6895405447370607 1.8613048138239457e-16
    outer loop
      vertex 8.007106781186549 8.007106781186549 -0.00495
      vertex 8.04095112535496 7.971558954847019 0.005050000000000001
      vertex 8.04095112535496 7.971558954847019 -0.00495
    endloop
  endfacet
  facet normal 0.49289819222977843 0.8700869911087146 1.0638569812861197e-16
    outer loop
      vertex 7.771396736825999 8.181921264348356 -0.00495
      vertex 7.814102744193223 8.157728610000273 0.005050000000000001
      vertex 7.814102744193223 8.157728610000273 -0.00495
    endloop
  endfacet
  facet normal 0.5349976198871089 0.8448535652496996 0
    outer loop
      vertex 7.814102744193223 8.157728610000273 -0.00495
      vertex 7.814102744193223 8.157728610000273 0.005050000000000001
      vertex 7.855570233019603 8.131469612302546 -0.00495
    endloop
  endfacet
  facet normal 0 0 -1
    outer loop
      vertex 7.771396736825999 8.181921264348356 -0.00495
      vertex 7.814102744193223 8.157728610000273 -0.00495
      vertex 7.855570233019603 8.131469612302546 -0.00495
    endloop
  endfacet
  facet normal 0.5349976198871089 0.8448535652496996 -4.369913759878488e-17
    outer loop
      vertex 7.814102744193223 8.157728610000273 0.005050000000000001
      vertex 7.855570233019603 8.131469612302546 0.005050000000000001
      vertex 7.855570233019603 8.131469612302546 -0.00495
    endloop
  endfacet
  facet normal 0 0 -1
    outer loop
      vertex 7.895699304492434 8.103207531480646 -0.00495
      vertex 7.971558954847019 8.04095112535496 -0.00495
      vertex 7.855570233019603 8.131469612302546 -0.00495
    endloop
  endfacet
  facet normal 0.6152315905806282 0.7883464276266051 0
    outer loop
      vertex 7.895699304492434 8.103207531480646 -0.00495
      vertex 7.895699304492434 8.103207531480646 0.005050000000000001
      vertex 7.934393284163646 8.073010453362738 0.005050000000000001
    endloop
  endfacet
  facet normal 0 0 -1
    outer loop
      vertex 7.68268343236509 8.223879532511287 -0.00495
      vertex 7.855570233019603 8.131469612302546 -0.00495
      vertex 8.007106781186549 8.007106781186549 -0.00495
    endloop
  endfacet
  facet normal 0.575808191417838 0.8175848131515888 7.808484056361628e-18
    outer loop
      vertex 7.895699304492434 8.103207531480646 0.005050000000000001
      vertex 7.855570233019603 8.131469612302546 -0.00495
      vertex 7.855570233019603 8.131469612302546 0.005050000000000001
    endloop
  endfacet
  facet normal 0.575808191417838 0.8175848131515888 0
    outer loop
      vertex 7.895699304492434 8.103207531480646 -0.00495
      vertex 7.855570233019603 8.131469612302546 -0.00495
      vertex 7.895699304492434 8.103207531480646 0.005050000000000001
    endloop
  endfacet
  facet normal 0.49289819222977843 0.8700869911087146 0
    outer loop
      vertex 7.771396736825999 8.181921264348356 -0.00495
      vertex 7.771396736825999 8.181921264348356 0.005050000000000001
      vertex 7.814102744193223 8.157728610000273 0.005050000000000001
    endloop
  endfacet
  facet normal 0 0 -1
    outer loop
      vertex 7.895699304492434 8.103207531480646 -0.00495
      vertex 7.934393284163646 8.073010453362738 -0.00495
      vertex 7.971558954847019 8.04095112535496 -0.00495
    endloop
  endfacet
  facet normal 0.6152315905806282 0.7883464276266051 1.2258921321545644e-16
    outer loop
      vertex 7.895699304492434 8.103207531480646 -0.00495
      vertex 7.934393284163646 8.073010453362738 0.005050000000000001
      vertex 7.934393284163646 8.073010453362738 -0.00495
    endloop
  endfacet
  facet normal 0.6531728429537761 0.7572088465064851 5.195272149007608e-17
    outer loop
      vertex 7.934393284163646 8.073010453362738 0.005050000000000001
      vertex 7.971558954847019 8.04095112535496 0.005050000000000001
      vertex 7.971558954847019 8.04095112535496 -0.00495
    endloop
  endfacet
  facet normal 0 0 -1
    outer loop
      vertex 8.007106781186549 8.007106781186549 -0.00495
      vertex 7.855570233019603 8.131469612302546 -0.00495
      vertex 7.971558954847019 8.04095112535496 -0.00495
    endloop
  endfacet
  facet normal 0.6531728429537761 0.7572088465064851 0
    outer loop
      vertex 7.934393284163646 8.073010453362738 -0.00495
      vertex 7.934393284163646 8.073010453362738 0.005050000000000001
      vertex 7.971558954847019 8.04095112535496 -0.00495
    endloop
  endfacet
  facet normal 0 0 -1
    outer loop
      vertex 8.103207531480646 7.895699304492434 -0.00495
      vertex 8.131469612302546 7.855570233019603 -0.00495
      vertex 8.073010453362738 7.934393284163646 -0.00495
    endloop
  endfacet
  facet normal 0.7883464276266051 0.6152315905806282 0
    outer loop
      vertex 8.103207531480646 7.895699304492434 -0.00495
      vertex 8.073010453362738 7.934393284163646 -0.00495
      vertex 8.103207531480646 7.895699304492434 0.005050000000000001
    endloop
  endfacet
  facet normal 0.8700869911087146 0.49289819222977843 1.0638569812861197e-16
    outer loop
      vertex 8.181921264348356 7.771396736825999 -0.00495
      vertex 8.157728610000273 7.814102744193223 -0.00495
      vertex 8.157728610000273 7.814102744193223 0.005050000000000001
    endloop
  endfacet
  facet normal 0.8448535652496996 0.5349976198871089 0
    outer loop
      vertex 8.157728610000273 7.814102744193223 -0.00495
      vertex 8.131469612302546 7.855570233019603 -0.00495
      vertex 8.157728610000273 7.814102744193223 0.005050000000000001
    endloop
  endfacet
  facet normal 0.8448535652496996 0.5349976198871089 -4.369913759878488e-17
    outer loop
      vertex 8.157728610000273 7.814102744193223 0.005050000000000001
      vertex 8.131469612302546 7.855570233019603 -0.00495
      vertex 8.131469612302546 7.855570233019603 0.005050000000000001
    endloop
  endfacet
  facet normal 0 0 -1
    outer loop
      vertex 8.181921264348356 7.771396736825999 -0.00495
      vertex 8.131469612302546 7.855570233019603 -0.00495
      vertex 8.157728610000273 7.814102744193223 -0.00495
    endloop
  endfacet
  facet normal 0 0 -1
    outer loop
      vertex 8.223879532511287 7.68268343236509 -0.00495
      vertex 8.007106781186549 8.007106781186549 -0.00495
      vertex 8.131469612302546 7.855570233019603 -0.00495
    endloop
  endfacet
  facet normal 0.8175848131515888 0.575808191417838 7.808484056361628e-18
    outer loop
      vertex 8.103207531480646 7.895699304492434 0.005050000000000001
      vertex 8.131469612302546 7.855570233019603 0.005050000000000001
      vertex 8.131469612302546 7.855570233019603 -0.00495
    endloop
  endfacet
  facet normal 0.8175848131515888 0.575808191417838 0
    outer loop
      vertex 8.103207531480646 7.895699304492434 -0.00495
      vertex 8.103207531480646 7.895699304492434 0.005050000000000001
      vertex 8.131469612302546 7.855570233019603 -0.00495
    endloop
  endfacet
  facet normal 0 0 -1
    outer loop
      vertex 8.007106781186549 8.007106781186549 -0.00495
      vertex 8.073010453362738 7.934393284163646 -0.00495
      vertex 8.131469612302546 7.855570233019603 -0.00495
    endloop
  endfacet
  facet normal 0.7572088465064851 0.6531728429537761 5.195272149007608e-17
    outer loop
      vertex 8.073010453362738 7.934393284163646 -0.00495
      vertex 8.04095112535496 7.971558954847019 -0.00495
      vertex 8.04095112535496 7.971558954847019 0.005050000000000001
    endloop
  endfacet
  facet normal 0.7572088465064851 0.6531728429537761 0
    outer loop
      vertex 8.073010453362738 7.934393284163646 -0.00495
      vertex 8.04095112535496 7.971558954847019 0.005050000000000001
      vertex 8.073010453362738 7.934393284163646 0.005050000000000001
    endloop
  endfacet
  facet normal 0.7883464276266051 0.6152315905806282 1.2258921321545644e-16
    outer loop
      vertex 8.103207531480646 7.895699304492434 0.005050000000000001
      vertex 8.073010453362738 7.934393284163646 -0.00495
      vertex 8.073010453362738 7.934393284163646 0.005050000000000001
    endloop
  endfacet
  facet normal 0.8700869911087146 0.49289819222977843 0
    outer loop
      vertex 8.181921264348356 7.771396736825999 -0.00495
      vertex 8.157728610000273 7.814102744193223 0.005050000000000001
      vertex 8.181921264348356 7.771396736825999 0.005050000000000001
    endloop
  endfacet
  facet normal 0.023750684195776205 0.9674956130081709 0.25177002166694956
    outer loop
      vertex 7.300000000000001 8.3 0.005050000000000001
      vertex 3.8886278000653993 6.179264040197844 8.476372944371567
      vertex 7.349067674327419 8.298795456205173 0.005050000000000001
    endloop
  endfacet
  facet normal 0.9674956130081707 0.023750684195776202 0.25177002166694956
    outer loop
      vertex 8.3 7.300000000000001 0.005050000000000001
      vertex 8.298795456205173 7.349067674327419 0.005050000000000001
      vertex 6.154743414377789 3.8485943517811485 8.574376747736311
    endloop
  endfacet
  facet normal 0.6019893649187763 0.6978729712000236 0.3880491213662767
    outer loop
      vertex 7.934393284163646 8.073010453362738 0.005050000000000001
      vertex 5.373260741458201 5.541262354765468 8.531323965277641
      vertex 7.971558954847019 8.04095112535496 0.005050000000000001
    endloop
  endfacet
  facet normal 0.6671550401249878 0.6351844013194092 0.38915925885982655
    outer loop
      vertex 8.007106781186549 8.007106781186549 0.005050000000000001
      vertex 5.532307495943617 5.374853700566278 8.544075702018416
      vertex 8.04095112535496 7.971558954847019 0.005050000000000001
    endloop
  endfacet
  facet normal 0.6978729712000236 0.6019893649187763 0.3880491213662766
    outer loop
      vertex 8.073010453362738 7.934393284163646 0.005050000000000001
      vertex 8.04095112535496 7.971558954847019 0.005050000000000001
      vertex 5.537453661938385 5.3693018006954985 8.544315165972455
    endloop
  endfacet
  facet normal 0.6351844013194092 0.6671550401249878 0.3891592588598266
    outer loop
      vertex 8.007106781186549 8.007106781186549 0.005050000000000001
      vertex 7.971558954847019 8.04095112535496 0.005050000000000001
      vertex 5.457403455277808 5.457403455277808 8.537749992906937
    endloop
  endfacet
  facet normal 0.07084787483580408 0.9604612056723596 0.2692486787890469
    outer loop
      vertex 7.349067674327419 8.298795456205173 0.005050000000000001
      vertex 4.006288051438271 6.170304561351582 8.477372960764125
      vertex 7.398017140329562 8.295184726672197 0.005050000000000001
    endloop
  endfacet
  facet normal 0.1173150729086227 0.9511654826858323 0.2855195233525587
    outer loop
      vertex 7.398017140329562 8.295184726672197 0.005050000000000001
      vertex 4.123134468536947 6.155393336120028 8.479037284093705
      vertex 7.446730474455363 8.289176509964781 0.005050000000000001
    endloop
  endfacet
  facet normal 0.16305620743254814 0.9397160782499555 0.30057672148095144
    outer loop
      vertex 7.446730474455363 8.289176509964781 0.005050000000000001
      vertex 4.238901256079643 6.134562195823262 8.48136236149273
      vertex 7.495090322016129 8.280785280403231 0.005050000000000001
    endloop
  endfacet
  facet normal 0.20798928334109312 0.9262183392288568 0.31442017443446124
    outer loop
      vertex 7.495090322016129 8.280785280403231 0.005050000000000001
      vertex 4.353324701621247 6.1078556482682504 8.484343225201652
      vertex 7.542980179903265 8.270031253194544 0.005050000000000001
    endloop
  endfacet
  facet normal 0.2951654371816319 0.8934785307700859 0.33848704516761746
    outer loop
      vertex 7.590284677254463 8.25694033573221 0.005050000000000001
      vertex 4.5771001036887995 6.037057390199983 8.492245405657433
      vertex 7.636889853392221 8.241544065183021 0.005050000000000001
    endloop
  endfacet
  facet normal 0.3373021789563626 0.8744230179649986 0.34872858461025785
    outer loop
      vertex 7.636889853392221 8.241544065183021 0.005050000000000001
      vertex 4.654006172716751 6.006009395328137 8.495710842024963
      vertex 7.68268343236509 8.223879532511287 0.005050000000000001
    endloop
  endfacet
  facet normal 0.37841507766338844 0.8536907362335876 0.357790659277135
    outer loop
      vertex 7.68268343236509 8.223879532511287 0.005050000000000001
      vertex 4.793181263141567 5.944198436308397 8.500447356967094
      vertex 7.727555093430283 8.203989293123444 0.005050000000000001
    endloop
  endfacet
  facet normal 0.2520450329242911 0.9107737197683216 0.32705432692072395
    outer loop
      vertex 7.542980179903265 8.270031253194544 0.005050000000000001
      vertex 4.466143671069052 6.075330821371777 8.487973498861509
      vertex 7.590284677254463 8.25694033573221 0.005050000000000001
    endloop
  endfacet
  facet normal 0.45744008137685616 0.8074946719061397 0.37242573325849976
    outer loop
      vertex 7.771396736825999 8.181921264348356 0.005050000000000001
      vertex 4.999376379823734 5.830042942795886 8.50919498375243
      vertex 7.814102744193223 8.157728610000273 0.005050000000000001
    endloop
  endfacet
  facet normal 0.4184705438483048 0.8313581852729585 0.36568561868216426
    outer loop
      vertex 7.727555093430283 8.203989293123444 0.005050000000000001
      vertex 4.897687843232548 5.8897592938005765 8.504618976628306
      vertex 7.771396736825999 8.181921264348356 0.005050000000000001
    endloop
  endfacet
  facet normal 0.49529885611567165 0.7821623665199153 0.37802258600574773
    outer loop
      vertex 7.814102744193223 8.157728610000273 0.005050000000000001
      vertex 5.098007448930405 5.765183424253869 8.51416510690835
      vertex 7.855570233019603 8.131469612302546 0.005050000000000001
    endloop
  endfacet
  facet normal 0.5320243426951955 0.7554165246303461 0.3824865659015424
    outer loop
      vertex 7.895699304492434 8.103207531480646 0.005050000000000001
      vertex 7.855570233019603 8.131469612302546 0.005050000000000001
      vertex 5.193348029049193 5.695326621557643 8.519518167191311
    endloop
  endfacet
  facet normal 0.5675950553590765 0.7273058488569465 0.3858264575562481
    outer loop
      vertex 7.895699304492434 8.103207531480646 0.005050000000000001
      vertex 5.285172017858725 5.620630005328882 8.52524209777749
      vertex 7.934393284163646 8.073010453362738 0.005050000000000001
    endloop
  endfacet
  facet normal 0.893478530770086 0.29516543718163185 0.3384870451676175
    outer loop
      vertex 8.25694033573221 7.590284677254463 0.005050000000000001
      vertex 8.241544065183021 7.636889853392221 0.005050000000000001
      vertex 6.015861531398087 4.547680614682952 8.573848709267239
    endloop
  endfacet
  facet normal 0.8536907362335877 0.37841507766338844 0.35779065927713505
    outer loop
      vertex 8.223879532511287 7.68268343236509 0.005050000000000001
      vertex 8.203989293123444 7.727555093430283 0.005050000000000001
      vertex 5.925643159375956 4.7690869453510025 8.570203569199856
    endloop
  endfacet
  facet normal 0.8744230179649986 0.33730217895636266 0.3487285846102578
    outer loop
      vertex 8.241544065183021 7.636889853392221 0.005050000000000001
      vertex 8.223879532511287 7.68268343236509 0.005050000000000001
      vertex 5.973288677628089 4.659302033350338 8.57263439969684
    endloop
  endfacet
  facet normal 0.9604612056723596 0.07084787483580408 0.2692486787890469
    outer loop
      vertex 8.298795456205173 7.349067674327419 0.005050000000000001
      vertex 8.295184726672197 7.398017140329562 0.005050000000000001
      vertex 6.145374147241689 3.9664941787697523 8.57677551688556
    endloop
  endfacet
  facet normal 0.9511654826858323 0.11731507290862268 0.2855195233525587
    outer loop
      vertex 8.295184726672197 7.398017140329562 0.005050000000000001
      vertex 8.289176509964781 7.446730474455363 0.005050000000000001
      vertex 6.13024919102617 4.0839697674414746 8.578893337139075
    endloop
  endfacet
  facet normal 0.9397160782499556 0.16305620743254817 0.30057672148095127
    outer loop
      vertex 8.289176509964781 7.446730474455363 0.005050000000000001
      vertex 8.280785280403231 7.495090322016129 0.005050000000000001
      vertex 6.13024919102617 4.0839697674414746 8.578893337139075
    endloop
  endfacet
  facet normal 0.9107737197683217 0.2520450329242912 0.3270543269207238
    outer loop
      vertex 8.270031253194544 7.542980179903265 0.005050000000000001
      vertex 8.25694033573221 7.590284677254463 0.005050000000000001
      vertex 6.084397065156475 4.318718447640428 8.576339547979185
    endloop
  endfacet
  facet normal 0.9262183392288565 0.2079892833410931 0.31442017443446124
    outer loop
      vertex 8.280785280403231 7.495090322016129 0.005050000000000001
      vertex 8.270031253194544 7.542980179903265 0.005050000000000001
      vertex 6.084397065156475 4.318718447640428 8.576339547979185
    endloop
  endfacet
  facet normal 0.8074946719061397 0.45744008137685616 0.37242573325849987
    outer loop
      vertex 8.181921264348356 7.771396736825999 0.005050000000000001
      vertex 8.157728610000273 7.814102744193223 0.005050000000000001
      vertex 5.815860429503693 4.98222634335661 8.561010463381027
    endloop
  endfacet
  facet normal 0.7554165246303461 0.5320243426951955 0.38248656590154234
    outer loop
      vertex 8.103207531480646 7.895699304492434 0.005050000000000001
      vertex 5.686040721801192 5.18292651569815 8.552353884918961
      vertex 8.131469612302546 7.855570233019603 0.005050000000000001
    endloop
  endfacet
  facet normal 0.7821623665199153 0.4952988561156716 0.37802258600574773
    outer loop
      vertex 8.157728610000273 7.814102744193223 0.005050000000000001
      vertex 8.131469612302546 7.855570233019603 0.005050000000000001
      vertex 5.75338002231751 5.084252298742003 8.556609890737482
    endloop
  endfacet
  facet normal 0.8313581852729585 0.41847054384830473 0.36568561868216415
    outer loop
      vertex 8.181921264348356 7.771396736825999 0.005050000000000001
      vertex 5.925643159375956 4.7690869453510025 8.570203569199856
      vertex 8.203989293123444 7.727555093430283 0.005050000000000001
    endloop
  endfacet
  facet normal 0.7273058488569466 0.5675950553590765 0.38582645755624817
    outer loop
      vertex 8.103207531480646 7.895699304492434 0.005050000000000001
      vertex 8.073010453362738 7.934393284163646 0.005050000000000001
      vertex 5.686040721801192 5.18292651569815 8.552353884918961
    endloop
  endfacet
  facet normal 0.9701425001453317 8.709793719801883e-16 0.2425356250363342
    outer loop
      vertex 6.470040570747392 -3.4239350218551317 7.324887717010435
      vertex 8.3 7.300000000000001 0.005050000000000001
      vertex 6.417456582355869 -2.75055685753271 7.5352236705765225
    endloop
  endfacet
  facet normal 0.9701425001453321 -7.22838900252156e-16 0.2425356250363322
    outer loop
      vertex 6.417456582355869 -2.75055685753271 7.5352236705765225
      vertex 8.3 7.300000000000001 0.005050000000000001
      vertex 6.369410847421864 -2.070552360820166 7.7274066103125465
    endloop
  endfacet
  facet normal 0.9701425001453319 -2.4827294485528007e-16 0.24253562503633272
    outer loop
      vertex 6.369410847421864 -2.070552360820166 7.7274066103125465
      vertex 8.3 7.300000000000001 0.005050000000000001
      vertex 6.3260191123291385 -1.3855597221114386 7.900973550683448
    endloop
  endfacet
  facet normal 0.9701425001453321 -5.079903476110743e-16 0.2425356250363325
    outer loop
      vertex 6.3260191123291385 -1.3855597221114386 7.900973550683448
      vertex 8.3 7.300000000000001 0.005050000000000001
      vertex 6.2873859115682 -0.6972291486714466 8.055506353727203
    endloop
  endfacet
  facet normal 0.9701425001453318 5.202118019486545e-16 0.24253562503633347
    outer loop
      vertex 6.2873859115682 -0.6972291486714466 8.055506353727203
      vertex 8.3 7.300000000000001 0.005050000000000001
      vertex 6.253604315903549 -0.007218889142243976 8.190632736385806
    endloop
  endfacet
  facet normal 0.9701425001453318 5.344130872945019e-16 0.24253562503633347
    outer loop
      vertex 6.253604315903549 -0.007218889142243976 8.190632736385806
      vertex 8.3 7.300000000000001 0.005050000000000001
      vertex 6.224755708158061 0.6828087613232018 8.306027167367755
    endloop
  endfacet
  facet normal 0.970142500145332 -3.648920815560005e-16 0.2425356250363327
    outer loop
      vertex 8.3 7.300000000000001 0.005050000000000001
      vertex 6.2009095871546345 1.371191465675636 8.401411651381464
      vertex 6.224755708158061 0.6828087613232018 8.306027167367755
    endloop
  endfacet
  facet normal 0.9701425001453318 3.6144324893034457e-16 0.24253562503633339
    outer loop
      vertex 8.3 7.300000000000001 0.005050000000000001
      vertex 6.1821234002874395 2.056270849685071 8.476556398850242
      vertex 6.2009095871546345 1.371191465675636 8.401411651381464
    endloop
  endfacet
  facet normal 0.970142500145332 -8.81207533143398e-16 0.24253562503633272
    outer loop
      vertex 8.3 7.300000000000001 0.005050000000000001
      vertex 6.1684424051261155 2.736396497109559 8.53128037949554
      vertex 6.1821234002874395 2.056270849685071 8.476556398850242
    endloop
  endfacet
  facet normal 0.023750684195776743 0.9674956130081708 0.2517700216669492
    outer loop
      vertex 7.300000000000001 8.3 0.005050000000000001
      vertex 3.7704210964919813 6.182252657895188 8.476039368419247
      vertex 3.8886278000653993 6.179264040197844 8.476372944371567
    endloop
  endfacet
  facet normal 0.07084787483579581 0.9604612056723613 0.2692486787890436
    outer loop
      vertex 7.349067674327419 8.298795456205173 0.005050000000000001
      vertex 3.8886278000653993 6.179264040197844 8.476372944371567
      vertex 4.006288051438271 6.170304561351582 8.477372960764125
    endloop
  endfacet
  facet normal 0.11731507290861794 0.9511654826858335 0.2855195233525569
    outer loop
      vertex 7.398017140329562 8.295184726672197 0.005050000000000001
      vertex 4.006288051438271 6.170304561351582 8.477372960764125
      vertex 4.123134468536947 6.155393336120028 8.479037284093705
    endloop
  endfacet
  facet normal 0.33730217895637027 0.8744230179649962 0.3487285846102562
    outer loop
      vertex 7.68268343236509 8.223879532511287 0.005050000000000001
      vertex 4.654006172716751 6.006009395328137 8.495710842024963
      vertex 4.686101942660003 5.9932384037273785 8.496689470952617
    endloop
  endfacet
  facet normal 0.16305620743255855 0.9397160782499525 0.30057672148095477
    outer loop
      vertex 7.446730474455363 8.289176509964781 0.005050000000000001
      vertex 4.123134468536947 6.155393336120028 8.479037284093705
      vertex 4.238901256079643 6.134562195823262 8.48136236149273
    endloop
  endfacet
  facet normal 0.20798928334107789 0.9262183392288614 0.31442017443445736
    outer loop
      vertex 7.495090322016129 8.280785280403231 0.005050000000000001
      vertex 4.238901256079643 6.134562195823262 8.48136236149273
      vertex 4.353324701621247 6.1078556482682504 8.484343225201652
    endloop
  endfacet
  facet normal 0.25204503292431546 0.9107737197683126 0.32705432692073
    outer loop
      vertex 7.542980179903265 8.270031253194544 0.005050000000000001
      vertex 4.353324701621247 6.1078556482682504 8.484343225201652
      vertex 4.466143671069052 6.075330821371777 8.487973498861509
    endloop
  endfacet
  facet normal 0.295165437181617 0.8934785307700923 0.3384870451676137
    outer loop
      vertex 7.590284677254463 8.25694033573221 0.005050000000000001
      vertex 4.466143671069052 6.075330821371777 8.487973498861509
      vertex 4.5771001036887995 6.037057390199983 8.492245405657433
    endloop
  endfacet
  facet normal 0.33730217895636105 0.8744230179649994 0.3487285846102569
    outer loop
      vertex 7.636889853392221 8.241544065183021 0.005050000000000001
      vertex 4.5771001036887995 6.037057390199983 8.492245405657433
      vertex 4.654006172716751 6.006009395328137 8.495710842024963
    endloop
  endfacet
  facet normal 0.37841507766338883 0.8536907362335874 0.35779065927713516
    outer loop
      vertex 7.68268343236509 8.223879532511287 0.005050000000000001
      vertex 4.686101942660003 5.9932384037273785 8.496689470952617
      vertex 4.793181263141567 5.944198436308397 8.500447356967094
    endloop
  endfacet
  facet normal 0.4184705438483105 0.8313581852729549 0.36568561868216604
    outer loop
      vertex 7.727555093430283 8.203989293123444 0.005050000000000001
      vertex 4.793181263141567 5.944198436308397 8.500447356967094
      vertex 4.897687843232548 5.8897592938005765 8.504618976628306
    endloop
  endfacet
  facet normal 0.457440081376861 0.8074946719061368 0.3724257332585001
    outer loop
      vertex 7.771396736825999 8.181921264348356 0.005050000000000001
      vertex 4.897687843232548 5.8897592938005765 8.504618976628306
      vertex 4.999376379823734 5.830042942795886 8.50919498375243
    endloop
  endfacet
  facet normal 0.5675950553590772 0.7273058488569458 0.38582645755624834
    outer loop
      vertex 7.895699304492434 8.103207531480646 0.005050000000000001
      vertex 5.193348029049193 5.695326621557643 8.519518167191311
      vertex 5.285172017858725 5.620630005328882 8.52524209777749
    endloop
  endfacet
  facet normal 0.6019893649187805 0.6978729712000196 0.38804912136627717
    outer loop
      vertex 7.934393284163646 8.073010453362738 0.005050000000000001
      vertex 5.285172017858725 5.620630005328882 8.52524209777749
      vertex 5.373260741458201 5.541262354765468 8.531323965277641
    endloop
  endfacet
  facet normal 0.4952988561156614 0.7821623665199218 0.37802258600574745
    outer loop
      vertex 7.814102744193223 8.157728610000273 0.005050000000000001
      vertex 4.999376379823734 5.830042942795886 8.50919498375243
      vertex 5.098007448930405 5.765183424253869 8.51416510690835
    endloop
  endfacet
  facet normal 0.5320243426951976 0.7554165246303446 0.3824865659015428
    outer loop
      vertex 7.855570233019603 8.131469612302546 0.005050000000000001
      vertex 5.098007448930405 5.765183424253869 8.51416510690835
      vertex 5.193348029049193 5.695326621557643 8.519518167191311
    endloop
  endfacet
  facet normal 0.9701425001453319 6.404831275357558e-16 0.24253562503633336
    outer loop
      vertex 8.3 7.300000000000001 0.005050000000000001
      vertex 6.159899560386319 3.409929925692485 8.565451758454724
      vertex 6.1684424051261155 2.736396497109559 8.53128037949554
    endloop
  endfacet
  facet normal 0.9701425001453318 1.9282276312258674e-16 0.24253562503633308
    outer loop
      vertex 8.3 7.300000000000001 0.005050000000000001
      vertex 6.1582692554298815 3.730448759049803 8.571972978280474
      vertex 6.159899560386319 3.409929925692485 8.565451758454724
    endloop
  endfacet
  facet normal 0.9674956130081704 0.02375068419577775 0.25177002166695034
    outer loop
      vertex 8.3 7.300000000000001 0.005050000000000001
      vertex 6.154743414377789 3.8485943517811485 8.574376747736311
      vertex 6.1582692554298815 3.730448759049803 8.571972978280474
    endloop
  endfacet
  facet normal 0.960461205672363 0.07084787483578672 0.26924867878903985
    outer loop
      vertex 8.298795456205173 7.349067674327419 0.005050000000000001
      vertex 6.145374147241689 3.9664941787697523 8.57677551688556
      vertex 6.154743414377789 3.8485943517811485 8.574376747736311
    endloop
  endfacet
  facet normal 0.9511654826858325 0.11731507290862211 0.285519523352558
    outer loop
      vertex 8.295184726672197 7.398017140329562 0.005050000000000001
      vertex 6.13129637255708 4.07524853440983 8.578988213882825
      vertex 6.145374147241689 3.9664941787697523 8.57677551688556
    endloop
  endfacet
  facet normal 0.9511654826858288 0.11731507290863435 0.2855195233525651
    outer loop
      vertex 8.295184726672197 7.398017140329562 0.005050000000000001
      vertex 6.13024919102617 4.0839697674414746 8.578893337139075
      vertex 6.13129637255708 4.07524853440983 8.578988213882825
    endloop
  endfacet
  facet normal 0.8744230179650028 0.3373021789563531 0.34872858461025624
    outer loop
      vertex 8.241544065183021 7.636889853392221 0.005050000000000001
      vertex 5.973288677628089 4.659302033350338 8.57263439969684
      vertex 6.015861531398087 4.547680614682952 8.573848709267239
    endloop
  endfacet
  facet normal 0.8536907362335788 0.3784150776634048 0.35779065927713866
    outer loop
      vertex 8.223879532511287 7.68268343236509 0.005050000000000001
      vertex 5.941943947892721 4.730749512458169 8.571857135273063
      vertex 5.973288677628089 4.659302033350338 8.57263439969684
    endloop
  endfacet
  facet normal 0.6978729712000238 0.6019893649187765 0.3880491213662761
    outer loop
      vertex 8.073010453362738 7.934393284163646 0.005050000000000001
      vertex 5.537453661938385 5.3693018006954985 8.544315165972455
      vertex 5.614006902230758 5.278017310035742 8.548252438903246
    endloop
  endfacet
  facet normal 0.7273058488569445 0.5675950553590791 0.38582645755624795
    outer loop
      vertex 8.073010453362738 7.934393284163646 0.005050000000000001
      vertex 5.614006902230758 5.278017310035742 8.548252438903246
      vertex 5.686040721801192 5.18292651569815 8.552353884918961
    endloop
  endfacet
  facet normal 0.782162366519923 0.49529885611566005 0.37802258600574673
    outer loop
      vertex 8.157728610000273 7.814102744193223 0.005050000000000001
      vertex 5.75338002231751 5.084252298742003 8.556609890737482
      vertex 5.815860429503693 4.98222634335661 8.561010463381027
    endloop
  endfacet
  facet normal 0.8313581852729534 0.4184705438483134 0.36568561868216587
    outer loop
      vertex 8.181921264348356 7.771396736825999 0.005050000000000001
      vertex 5.873328708762075 4.8770886364754436 8.565545251758735
      vertex 5.925643159375956 4.7690869453510025 8.570203569199856
    endloop
  endfacet
  facet normal 0.8536907362335915 0.37841507766338195 0.3577906592771323
    outer loop
      vertex 8.223879532511287 7.68268343236509 0.005050000000000001
      vertex 5.925643159375956 4.7690869453510025 8.570203569199856
      vertex 5.941943947892721 4.730749512458169 8.571857135273063
    endloop
  endfacet
  facet normal 0.8074946719061366 0.4574400813768614 0.37242573325850015
    outer loop
      vertex 8.181921264348356 7.771396736825999 0.005050000000000001
      vertex 5.815860429503693 4.98222634335661 8.561010463381027
      vertex 5.873328708762075 4.8770886364754436 8.565545251758735
    endloop
  endfacet
  facet normal 0.7554165246303443 0.5320243426951984 0.3824865659015422
    outer loop
      vertex 8.131469612302546 7.855570233019603 0.005050000000000001
      vertex 5.686040721801192 5.18292651569815 8.552353884918961
      vertex 5.75338002231751 5.084252298742003 8.556609890737482
    endloop
  endfacet
  facet normal 0.9397160782499525 0.16305620743255922 0.3005767214809546
    outer loop
      vertex 8.280785280403231 7.495090322016129 0.005050000000000001
      vertex 6.110192033433917 4.201927533787015 8.577610095568717
      vertex 6.13024919102617 4.0839697674414746 8.578893337139075
    endloop
  endfacet
  facet normal 0.9262183392288603 0.20798928334108216 0.3144201744344576
    outer loop
      vertex 8.280785280403231 7.495090322016129 0.005050000000000001
      vertex 6.084397065156475 4.318718447640428 8.576339547979185
      vertex 6.110192033433917 4.201927533787015 8.577610095568717
    endloop
  endfacet
  facet normal 0.9107737197683126 0.2520450329243152 0.32705432692073033
    outer loop
      vertex 8.25694033573221 7.590284677254463 0.005050000000000001
      vertex 6.0529278456007685 4.434061827454934 8.575084747855131
      vertex 6.084397065156475 4.318718447640428 8.576339547979185
    endloop
  endfacet
  facet normal 0.8934785307700936 0.29516543718161364 0.33848704516761297
    outer loop
      vertex 8.25694033573221 7.590284677254463 0.005050000000000001
      vertex 6.015861531398087 4.547680614682952 8.573848709267239
      vertex 6.0529278456007685 4.434061827454934 8.575084747855131
    endloop
  endfacet
  facet normal 0.6351844013194133 0.6671550401249835 0.38915925885982705
    outer loop
      vertex 7.971558954847019 8.04095112535496 0.005050000000000001
      vertex 5.373260741458201 5.541262354765468 8.531323965277641
      vertex 5.457403455277808 5.457403455277808 8.537749992906937
    endloop
  endfacet
  facet normal 0.6671550401249824 0.6351844013194149 0.38915925885982683
    outer loop
      vertex 8.007106781186549 8.007106781186549 0.005050000000000001
      vertex 5.457403455277808 5.457403455277808 8.537749992906937
      vertex 5.532307495943617 5.374853700566278 8.544075702018416
    endloop
  endfacet
  facet normal 0.6671550401249442 0.6351844013194534 0.38915925885982955
    outer loop
      vertex 8.04095112535496 7.971558954847019 0.005050000000000001
      vertex 5.532307495943617 5.374853700566278 8.544075702018416
      vertex 5.537453661938385 5.3693018006954985 8.544315165972455
    endloop
  endfacet
  facet normal 1 0 0
    outer loop
      vertex -6.5 -6.5 -0.00495
      vertex -6.5 6.5 0.005
      vertex -6.5 -6.5 0.005
    endloop
  endfacet
  facet normal 0.9635179096299407 -7.923850132665638e-18 -0.26764386378609467
    outer loop
      vertex -6.5 -6.5 0.005
      vertex -5 5 5.404999999999999
      vertex -5 -5 5.404999999999999
    endloop
  endfacet
  facet normal 0 1 0
    outer loop
      vertex -6.5 -6.5 -0.00495
      vertex -6.5 -6.5 0.005
      vertex 6.5 -6.5 -0.00495
    endloop
  endfacet
  facet normal -7.923850132665638e-18 0.9635179096299407 -0.26764386378609467
    outer loop
      vertex -6.5 -6.5 0.005
      vertex -5 -5 5.404999999999999
      vertex 5 -5 5.404999999999999
    endloop
  endfacet
  facet normal 0 0 -1
    outer loop
      vertex -5 -5 5.404999999999999
      vertex -0.7982828624497714 -2.6315859232635743 5.404999999999999
      vertex 5 -5 5.404999999999999
    endloop
  endfacet
  facet normal 0 0 -1
    outer loop
      vertex -5 -5 5.404999999999999
      vertex -2.358753677500748 -1.4137825465313598 5.404999999999999
      vertex -2.2865414338319994 -1.527818140803906 5.404999999999999
    endloop
  endfacet
  facet normal 0 0 -1
    outer loop
      vertex -5 -5 5.404999999999999
      vertex -2.2865414338319994 -1.527818140803906 5.404999999999999
      vertex -2.2088207115717737 -1.6381730873541918 5.404999999999999
    endloop
  endfacet
  facet normal 0 0 -1
    outer loop
      vertex -5 -5 5.404999999999999
      vertex -2.589246179253307 -0.9264470968286052 5.404999999999999
      vertex -2.5406687144060385 -1.0523794390039969 5.404999999999999
    endloop
  endfacet
  facet normal 0 0 -1
    outer loop
      vertex -5 -5 5.404999999999999
      vertex -2.6315859232635743 -0.7982828624497714 5.404999999999999
      vertex -2.589246179253307 -0.9264470968286052 5.404999999999999
    endloop
  endfacet
  facet normal 0 0 -1
    outer loop
      vertex -5 -5 5.404999999999999
      vertex -2.6629355133716164 -0.6849999999999999 5.404999999999999
      vertex -2.6315859232635743 -0.7982828624497714 5.404999999999999
    endloop
  endfacet
  facet normal 0 0 -1
    outer loop
      vertex -5 -5 5.404999999999999
      vertex -2.4252834769579765 -1.2963410262714936 5.404999999999999
      vertex -2.358753677500748 -1.4137825465313598 5.404999999999999
    endloop
  endfacet
  facet normal 0 0 -1
    outer loop
      vertex -5 -5 5.404999999999999
      vertex -2.485970556089469 -1.1757765069332757 5.404999999999999
      vertex -2.4252834769579765 -1.2963410262714936 5.404999999999999
    endloop
  endfacet
  facet normal 0 0 -1
    outer loop
      vertex -5 -5 5.404999999999999
      vertex -2.5406687144060385 -1.0523794390039969 5.404999999999999
      vertex -2.485970556089469 -1.1757765069332757 5.404999999999999
    endloop
  endfacet
  facet normal 0 0 -1
    outer loop
      vertex -5 -5 5.404999999999999
      vertex -1.6381730873541918 -2.2088207115717737 5.404999999999999
      vertex -1.527818140803906 -2.2865414338319994 5.404999999999999
    endloop
  endfacet
  facet normal 0 0 -1
    outer loop
      vertex -5 -5 5.404999999999999
      vertex -1.527818140803906 -2.2865414338319994 5.404999999999999
      vertex -1.4137825465313598 -2.358753677500748 5.404999999999999
    endloop
  endfacet
  facet normal 0 0 -1
    outer loop
      vertex -5 -5 5.404999999999999
      vertex -1.4137825465313598 -2.358753677500748 5.404999999999999
      vertex -1.2963410262714936 -2.4252834769579765 5.404999999999999
    endloop
  endfacet
  facet normal 0 0 -1
    outer loop
      vertex -5 -5 5.404999999999999
      vertex -1.2963410262714936 -2.4252834769579765 5.404999999999999
      vertex -1.1757765069332757 -2.485970556089469 5.404999999999999
    endloop
  endfacet
  facet normal 0 0 -1
    outer loop
      vertex -5 -5 5.404999999999999
      vertex -1.1757765069332757 -2.485970556089469 5.404999999999999
      vertex -1.0523794390039969 -2.5406687144060385 5.404999999999999
    endloop
  endfacet
  facet normal 0 0 -1
    outer loop
      vertex -5 -5 5.404999999999999
      vertex -1.0523794390039969 -2.5406687144060385 5.404999999999999
      vertex -0.9264470968286052 -2.589246179253307 5.404999999999999
    endloop
  endfacet
  facet normal 0 0 -1
    outer loop
      vertex -5 -5 5.404999999999999
      vertex -0.9264470968286052 -2.589246179253307 5.404999999999999
      vertex -0.7982828624497714 -2.6315859232635743 5.404999999999999
    endloop
  endfacet
  facet normal 0 0 -1
    outer loop
      vertex -5 -5 5.404999999999999
      vertex -2.125778746747527 -1.744581531450025 5.404999999999999
      vertex -2.0376155947261374 -1.8467871258293007 5.404999999999999
    endloop
  endfacet
  facet normal 0 0 -1
    outer loop
      vertex -5 -5 5.404999999999999
      vertex -2.0376155947261374 -1.8467871258293007 5.404999999999999
      vertex -1.9445436482630059 -1.9445436482630059 5.404999999999999
    endloop
  endfacet
  facet normal 0 0 -1
    outer loop
      vertex -5 -5 5.404999999999999
      vertex -1.9445436482630059 -1.9445436482630059 5.404999999999999
      vertex -1.8467871258293007 -2.0376155947261374 5.404999999999999
    endloop
  endfacet
  facet normal 0 0 -1
    outer loop
      vertex -5 -5 5.404999999999999
      vertex -1.8467871258293007 -2.0376155947261374 5.404999999999999
      vertex -1.744581531450025 -2.125778746747527 5.404999999999999
    endloop
  endfacet
  facet normal 0 0 -1
    outer loop
      vertex -5 -5 5.404999999999999
      vertex -2.2088207115717737 -1.6381730873541918 5.404999999999999
      vertex -2.125778746747527 -1.744581531450025 5.404999999999999
    endloop
  endfacet
  facet normal 0 0 -1
    outer loop
      vertex -5 -5 5.404999999999999
      vertex -1.744581531450025 -2.125778746747527 5.404999999999999
      vertex -1.6381730873541918 -2.2088207115717737 5.404999999999999
    endloop
  endfacet
  facet normal 0 0 -1
    outer loop
      vertex -5 -5 5.404999999999999
      vertex -2.6629355133716164 0.6849999999999999 5.404999999999999
      vertex -2.6629355133716164 -0.6849999999999999 5.404999999999999
    endloop
  endfacet
  facet normal 0 0 -1
    outer loop
      vertex -0.735 -0.6849999999999999 5.404999999999999
      vertex -2.6629355133716164 -0.6849999999999999 5.404999999999999
      vertex -2.6629355133716164 0.6849999999999999 5.404999999999999
    endloop
  endfacet
  facet normal 0 0 -1
    outer loop
      vertex -0.735 -2.05 5.404999999999999
      vertex -0.735 -0.6849999999999999 5.404999999999999
      vertex 0.735 -0.6849999999999999 5.404999999999999
    endloop
  endfacet
  facet normal 0 0 -1
    outer loop
      vertex -0.735 -0.6849999999999999 5.404999999999999
      vertex -0.735 0.6849999999999999 5.404999999999999
      vertex 0.735 -0.6849999999999999 5.404999999999999
    endloop
  endfacet
  facet normal 1 0 0
    outer loop
      vertex -6.5 -6.5 -0.00495
      vertex -6.5 6.5 -0.00495
      vertex -6.5 6.5 0.005
    endloop
  endfacet
  facet normal 0.9635179096299405 0 -0.26764386378609467
    outer loop
      vertex -6.5 -6.5 0.005
      vertex -6.5 6.5 0.005
      vertex -5 5 5.404999999999999
    endloop
  endfacet
  facet normal 0 -1 0
    outer loop
      vertex -6.5 6.5 -0.00495
      vertex 6.5 6.5 0.005
      vertex -6.5 6.5 0.005
    endloop
  endfacet
  facet normal 7.923850132665638e-18 -0.9635179096299407 -0.26764386378609467
    outer loop
      vertex -6.5 6.5 0.005
      vertex 5 5 5.404999999999999
      vertex -5 5 5.404999999999999
    endloop
  endfacet
  facet normal 0 0 -1
    outer loop
      vertex -5 -5 5.404999999999999
      vertex -5 5 5.404999999999999
      vertex -2.6629355133716164 0.6849999999999999 5.404999999999999
    endloop
  endfacet
  facet normal 0 0 -1
    outer loop
      vertex -5 5 5.404999999999999
      vertex -2.6315859232635743 0.7982828624497714 5.404999999999999
      vertex -2.6629355133716164 0.6849999999999999 5.404999999999999
    endloop
  endfacet
  facet normal 0 0 -1
    outer loop
      vertex -5 5 5.404999999999999
      vertex -2.589246179253307 0.9264470968286052 5.404999999999999
      vertex -2.6315859232635743 0.7982828624497714 5.404999999999999
    endloop
  endfacet
  facet normal 0 0 -1
    outer loop
      vertex -5 5 5.404999999999999
      vertex -2.5406687144060385 1.0523794390039969 5.404999999999999
      vertex -2.589246179253307 0.9264470968286052 5.404999999999999
    endloop
  endfacet
  facet normal 0 0 -1
    outer loop
      vertex -5 5 5.404999999999999
      vertex -2.485970556089469 1.1757765069332757 5.404999999999999
      vertex -2.5406687144060385 1.0523794390039969 5.404999999999999
    endloop
  endfacet
  facet normal 0 0 -1
    outer loop
      vertex -5 5 5.404999999999999
      vertex -2.4252834769579765 1.2963410262714936 5.404999999999999
      vertex -2.485970556089469 1.1757765069332757 5.404999999999999
    endloop
  endfacet
  facet normal 0 0 -1
    outer loop
      vertex -5 5 5.404999999999999
      vertex -2.358753677500748 1.4137825465313598 5.404999999999999
      vertex -2.4252834769579765 1.2963410262714936 5.404999999999999
    endloop
  endfacet
  facet normal 0 0 -1
    outer loop
      vertex -5 5 5.404999999999999
      vertex -2.2865414338319994 1.527818140803906 5.404999999999999
      vertex -2.358753677500748 1.4137825465313598 5.404999999999999
    endloop
  endfacet
  facet normal 0 0 -1
    outer loop
      vertex -5 5 5.404999999999999
      vertex -2.2088207115717737 1.6381730873541918 5.404999999999999
      vertex -2.2865414338319994 1.527818140803906 5.404999999999999
    endloop
  endfacet
  facet normal 0 0 -1
    outer loop
      vertex -5 5 5.404999999999999
      vertex -2.125778746747527 1.744581531450025 5.404999999999999
      vertex -2.2088207115717737 1.6381730873541918 5.404999999999999
    endloop
  endfacet
  facet normal 0 0 -1
    outer loop
      vertex -5 5 5.404999999999999
      vertex -2.0376155947261374 1.8467871258293007 5.404999999999999
      vertex -2.125778746747527 1.744581531450025 5.404999999999999
    endloop
  endfacet
  facet normal 0 0 -1
    outer loop
      vertex -5 5 5.404999999999999
      vertex -1.9445436482630059 1.9445436482630059 5.404999999999999
      vertex -2.0376155947261374 1.8467871258293007 5.404999999999999
    endloop
  endfacet
  facet normal 0 0 -1
    outer loop
      vertex -5 5 5.404999999999999
      vertex -1.8467871258293007 2.0376155947261374 5.404999999999999
      vertex -1.9445436482630059 1.9445436482630059 5.404999999999999
    endloop
  endfacet
  facet normal 0 0 -1
    outer loop
      vertex -5 5 5.404999999999999
      vertex -1.744581531450025 2.125778746747527 5.404999999999999
      vertex -1.8467871258293007 2.0376155947261374 5.404999999999999
    endloop
  endfacet
  facet normal 0 0 -1
    outer loop
      vertex -5 5 5.404999999999999
      vertex -1.6381730873541918 2.2088207115717737 5.404999999999999
      vertex -1.744581531450025 2.125778746747527 5.404999999999999
    endloop
  endfacet
  facet normal 0 0 -1
    outer loop
      vertex -5 5 5.404999999999999
      vertex -1.527818140803906 2.2865414338319994 5.404999999999999
      vertex -1.6381730873541918 2.2088207115717737 5.404999999999999
    endloop
  endfacet
  facet normal 0 0 -1
    outer loop
      vertex -5 5 5.404999999999999
      vertex -1.4137825465313598 2.358753677500748 5.404999999999999
      vertex -1.527818140803906 2.2865414338319994 5.404999999999999
    endloop
  endfacet
  facet normal 0 0 -1
    outer loop
      vertex -5 5 5.404999999999999
      vertex -1.2963410262714936 2.4252834769579765 5.404999999999999
      vertex -1.4137825465313598 2.358753677500748 5.404999999999999
    endloop
  endfacet
  facet normal 0 0 -1
    outer loop
      vertex -5 5 5.404999999999999
      vertex -1.1757765069332757 2.485970556089469 5.404999999999999
      vertex -1.2963410262714936 2.4252834769579765 5.404999999999999
    endloop
  endfacet
  facet normal 0 0 -1
    outer loop
      vertex -5 5 5.404999999999999
      vertex -1.0523794390039969 2.5406687144060385 5.404999999999999
      vertex -1.1757765069332757 2.485970556089469 5.404999999999999
    endloop
  endfacet
  facet normal 0 0 -1
    outer loop
      vertex -5 5 5.404999999999999
      vertex -0.9264470968286052 2.589246179253307 5.404999999999999
      vertex -1.0523794390039969 2.5406687144060385 5.404999999999999
    endloop
  endfacet
  facet normal 0 0 -1
    outer loop
      vertex -5 5 5.404999999999999
      vertex -0.7982828624497714 2.6315859232635743 5.404999999999999
      vertex -0.9264470968286052 2.589246179253307 5.404999999999999
    endloop
  endfacet
  facet normal 0 0 -1
    outer loop
      vertex -5 5 5.404999999999999
      vertex -0.6681954947339757 2.667585946284996 5.404999999999999
      vertex -0.7982828624497714 2.6315859232635743 5.404999999999999
    endloop
  endfacet
  facet normal 0 0 -1
    outer loop
      vertex -0.735 -0.6849999999999999 5.404999999999999
      vertex -2.6629355133716164 0.6849999999999999 5.404999999999999
      vertex -0.735 0.6849999999999999 5.404999999999999
    endloop
  endfacet
  facet normal 0 0 -1
    outer loop
      vertex -0.735 0.6849999999999999 5.404999999999999
      vertex -0.735 2.05 5.404999999999999
      vertex 0.735 2.05 5.404999999999999
    endloop
  endfacet
  facet normal 0 0 -1
    outer loop
      vertex -5 5 5.404999999999999
      vertex 5 5 5.404999999999999
      vertex -0.6681954947339757 2.667585946284996 5.404999999999999
    endloop
  endfacet
  facet normal 0 0.9635179096299405 -0.26764386378609467
    outer loop
      vertex -6.5 -6.5 0.005
      vertex 5 -5 5.404999999999999
      vertex 6.5 -6.5 0.005
    endloop
  endfacet
  facet normal 0 1 0
    outer loop
      vertex -6.5 -6.5 0.005
      vertex 6.5 -6.5 0.005
      vertex 6.5 -6.5 -0.00495
    endloop
  endfacet
  facet normal -1 0 0
    outer loop
      vertex 6.5 -6.5 -0.00495
      vertex 6.5 -6.5 0.005
      vertex 6.5 6.5 -0.00495
    endloop
  endfacet
  facet normal -0.9635179096299407 7.923850132665638e-18 -0.26764386378609467
    outer loop
      vertex 6.5 -6.5 0.005
      vertex 5 -5 5.404999999999999
      vertex 5 5 5.404999999999999
    endloop
  endfacet
  facet normal 0 0 -1
    outer loop
      vertex 5 -5 5.404999999999999
      vertex -0.7982828624497714 -2.6315859232635743 5.404999999999999
      vertex -0.6681954947339757 -2.667585946284996 5.404999999999999
    endloop
  endfacet
  facet normal 0 0 -1
    outer loop
      vertex 5 -5 5.404999999999999
      vertex -0.6681954947339757 -2.667585946284996 5.404999999999999
      vertex -0.5364983855443527 -2.6971595211088837 5.404999999999999
    endloop
  endfacet
  facet normal 0 0 -1
    outer loop
      vertex 5 -5 5.404999999999999
      vertex -0.5364983855443527 -2.6971595211088837 5.404999999999999
      vertex -0.4035088047522448 -2.720235402403148 5.404999999999999
    endloop
  endfacet
  facet normal 0 0 -1
    outer loop
      vertex 5 -5 5.404999999999999
      vertex -0.4035088047522448 -2.720235402403148 5.404999999999999
      vertex -0.26954713590629165 -2.7367579983485415 5.404999999999999
    endloop
  endfacet
  facet normal 0 0 -1
    outer loop
      vertex 5 -5 5.404999999999999
      vertex -0.26954713590629165 -2.7367579983485415 5.404999999999999
      vertex -0.13493610440039955 -2.7466875045642243 5.404999999999999
    endloop
  endfacet
  facet normal 0 0 -1
    outer loop
      vertex 5 -5 5.404999999999999
      vertex -0.13493610440039955 -2.7466875045642243 5.404999999999999
      vertex 0 -2.75 5.404999999999999
    endloop
  endfacet
  facet normal 0 0 -1
    outer loop
      vertex 5 -5 5.404999999999999
      vertex 0 -2.75 5.404999999999999
      vertex 0.13493610440039955 -2.7466875045642243 5.404999999999999
    endloop
  endfacet
  facet normal 0 0 -1
    outer loop
      vertex 5 -5 5.404999999999999
      vertex 0.13493610440039955 -2.7466875045642243 5.404999999999999
      vertex 0.26954713590629165 -2.7367579983485415 5.404999999999999
    endloop
  endfacet
  facet normal 0 0 -1
    outer loop
      vertex 5 -5 5.404999999999999
      vertex 0.26954713590629165 -2.7367579983485415 5.404999999999999
      vertex 0.4035088047522448 -2.720235402403148 5.404999999999999
    endloop
  endfacet
  facet normal 0 0 -1
    outer loop
      vertex 5 -5 5.404999999999999
      vertex 0.4035088047522448 -2.720235402403148 5.404999999999999
      vertex 0.5364983855443527 -2.6971595211088837 5.404999999999999
    endloop
  endfacet
  facet normal 0 0 -1
    outer loop
      vertex 5 -5 5.404999999999999
      vertex 0.5364983855443527 -2.6971595211088837 5.404999999999999
      vertex 0.6681954947339757 -2.667585946284996 5.404999999999999
    endloop
  endfacet
  facet normal 0 0 -1
    outer loop
      vertex -0.735 -2.05 5.404999999999999
      vertex 0.735 -0.6849999999999999 5.404999999999999
      vertex 0.735 -2.05 5.404999999999999
    endloop
  endfacet
  facet normal 0 0 -1
    outer loop
      vertex 2.6629355133716164 -0.6849999999999999 5.404999999999999
      vertex 0.735 -0.6849999999999999 5.404999999999999
      vertex 0.735 0.6849999999999999 5.404999999999999
    endloop
  endfacet
  facet normal 0 0 -1
    outer loop
      vertex 5 -5 5.404999999999999
      vertex 0.6681954947339757 -2.667585946284996 5.404999999999999
      vertex 0.7982828624497714 -2.6315859232635743 5.404999999999999
    endloop
  endfacet
  facet normal 0 0 -1
    outer loop
      vertex 5 -5 5.404999999999999
      vertex 0.7982828624497714 -2.6315859232635743 5.404999999999999
      vertex 0.9264470968286052 -2.589246179253307 5.404999999999999
    endloop
  endfacet
  facet normal 0 0 -1
    outer loop
      vertex 5 -5 5.404999999999999
      vertex 0.9264470968286052 -2.589246179253307 5.404999999999999
      vertex 1.0523794390039969 -2.5406687144060385 5.404999999999999
    endloop
  endfacet
  facet normal 0 0 -1
    outer loop
      vertex 5 -5 5.404999999999999
      vertex 1.0523794390039969 -2.5406687144060385 5.404999999999999
      vertex 1.1757765069332757 -2.485970556089469 5.404999999999999
    endloop
  endfacet
  facet normal 0 0 -1
    outer loop
      vertex 5 -5 5.404999999999999
      vertex 1.1757765069332757 -2.485970556089469 5.404999999999999
      vertex 1.2963410262714936 -2.4252834769579765 5.404999999999999
    endloop
  endfacet
  facet normal 0 0 -1
    outer loop
      vertex 5 -5 5.404999999999999
      vertex 1.2963410262714936 -2.4252834769579765 5.404999999999999
      vertex 1.4137825465313598 -2.358753677500748 5.404999999999999
    endloop
  endfacet
  facet normal 0 0 -1
    outer loop
      vertex 5 -5 5.404999999999999
      vertex 1.4137825465313598 -2.358753677500748 5.404999999999999
      vertex 1.527818140803906 -2.2865414338319994 5.404999999999999
    endloop
  endfacet
  facet normal 0 0 -1
    outer loop
      vertex 5 -5 5.404999999999999
      vertex 1.527818140803906 -2.2865414338319994 5.404999999999999
      vertex 1.6381730873541918 -2.2088207115717737 5.404999999999999
    endloop
  endfacet
  facet normal 0 0 -1
    outer loop
      vertex 5 -5 5.404999999999999
      vertex 1.6381730873541918 -2.2088207115717737 5.404999999999999
      vertex 1.744581531450025 -2.125778746747527 5.404999999999999
    endloop
  endfacet
  facet normal 0 0 -1
    outer loop
      vertex 5 -5 5.404999999999999
      vertex 1.744581531450025 -2.125778746747527 5.404999999999999
      vertex 1.8467871258293007 -2.0376155947261374 5.404999999999999
    endloop
  endfacet
  facet normal 0 0 -1
    outer loop
      vertex 5 -5 5.404999999999999
      vertex 1.8467871258293007 -2.0376155947261374 5.404999999999999
      vertex 1.9445436482630059 -1.9445436482630059 5.404999999999999
    endloop
  endfacet
  facet normal 0 0 -1
    outer loop
      vertex 5 -5 5.404999999999999
      vertex 1.9445436482630059 -1.9445436482630059 5.404999999999999
      vertex 2.0376155947261374 -1.8467871258293007 5.404999999999999
    endloop
  endfacet
  facet normal 0 0 -1
    outer loop
      vertex 5 -5 5.404999999999999
      vertex 2.0376155947261374 -1.8467871258293007 5.404999999999999
      vertex 2.125778746747527 -1.744581531450025 5.404999999999999
    endloop
  endfacet
  facet normal 0 0 -1
    outer loop
      vertex 5 -5 5.404999999999999
      vertex 2.125778746747527 -1.744581531450025 5.404999999999999
      vertex 2.2088207115717737 -1.6381730873541918 5.404999999999999
    endloop
  endfacet
  facet normal 0 0 -1
    outer loop
      vertex 5 -5 5.404999999999999
      vertex 2.2088207115717737 -1.6381730873541918 5.404999999999999
      vertex 2.2865414338319994 -1.527818140803906 5.404999999999999
    endloop
  endfacet
  facet normal 0 0 -1
    outer loop
      vertex 5 -5 5.404999999999999
      vertex 2.2865414338319994 -1.527818140803906 5.404999999999999
      vertex 2.358753677500748 -1.4137825465313598 5.404999999999999
    endloop
  endfacet
  facet normal 0 0 -1
    outer loop
      vertex 5 -5 5.404999999999999
      vertex 2.358753677500748 -1.4137825465313598 5.404999999999999
      vertex 2.4252834769579765 -1.2963410262714936 5.404999999999999
    endloop
  endfacet
  facet normal 0 0 -1
    outer loop
      vertex 5 -5 5.404999999999999
      vertex 2.4252834769579765 -1.2963410262714936 5.404999999999999
      vertex 2.485970556089469 -1.1757765069332757 5.404999999999999
    endloop
  endfacet
  facet normal 0 0 -1
    outer loop
      vertex 5 -5 5.404999999999999
      vertex 2.485970556089469 -1.1757765069332757 5.404999999999999
      vertex 2.5406687144060385 -1.0523794390039969 5.404999999999999
    endloop
  endfacet
  facet normal 0 0 -1
    outer loop
      vertex 5 -5 5.404999999999999
      vertex 2.5406687144060385 -1.0523794390039969 5.404999999999999
      vertex 2.589246179253307 -0.9264470968286052 5.404999999999999
    endloop
  endfacet
  facet normal 0 0 -1
    outer loop
      vertex 5 -5 5.404999999999999
      vertex 2.589246179253307 -0.9264470968286052 5.404999999999999
      vertex 2.6315859232635743 -0.7982828624497714 5.404999999999999
    endloop
  endfacet
  facet normal 0 0 -1
    outer loop
      vertex 5 -5 5.404999999999999
      vertex 2.6315859232635743 -0.7982828624497714 5.404999999999999
      vertex 2.6629355133716164 -0.6849999999999999 5.404999999999999
    endloop
  endfacet
  facet normal 0 0 -1
    outer loop
      vertex 5 -5 5.404999999999999
      vertex 2.6629355133716164 -0.6849999999999999 5.404999999999999
      vertex 2.6629355133716164 0.6849999999999999 5.404999999999999
    endloop
  endfacet
  facet normal 0 0 -1
    outer loop
      vertex 5 -5 5.404999999999999
      vertex 2.6629355133716164 0.6849999999999999 5.404999999999999
      vertex 2.6315859232635743 0.7982828624497714 5.404999999999999
    endloop
  endfacet
  facet normal 0 -0.9635179096299405 -0.26764386378609467
    outer loop
      vertex -6.5 6.5 0.005
      vertex 6.5 6.5 0.005
      vertex 5 5 5.404999999999999
    endloop
  endfacet
  facet normal 0 -1 0
    outer loop
      vertex -6.5 6.5 -0.00495
      vertex 6.5 6.5 -0.00495
      vertex 6.5 6.5 0.005
    endloop
  endfacet
  facet normal -0.9635179096299405 0 -0.26764386378609467
    outer loop
      vertex 6.5 -6.5 0.005
      vertex 5 5 5.404999999999999
      vertex 6.5 6.5 0.005
    endloop
  endfacet
  facet normal -1 0 0
    outer loop
      vertex 6.5 -6.5 0.005
      vertex 6.5 6.5 0.005
      vertex 6.5 6.5 -0.00495
    endloop
  endfacet
  facet normal 0 0 -1
    outer loop
      vertex 0.735 -0.6849999999999999 5.404999999999999
      vertex -0.735 0.6849999999999999 5.404999999999999
      vertex 0.735 0.6849999999999999 5.404999999999999
    endloop
  endfacet
  facet normal 0 0 -1
    outer loop
      vertex 0.735 0.6849999999999999 5.404999999999999
      vertex -0.735 0.6849999999999999 5.404999999999999
      vertex 0.735 2.05 5.404999999999999
    endloop
  endfacet
  facet normal 0 0 -1
    outer loop
      vertex 2.6629355133716164 -0.6849999999999999 5.404999999999999
      vertex 0.735 0.6849999999999999 5.404999999999999
      vertex 2.6629355133716164 0.6849999999999999 5.404999999999999
    endloop
  endfacet
  facet normal 0 0 -1
    outer loop
      vertex 5 5 5.404999999999999
      vertex -0.5364983855443527 2.6971595211088837 5.404999999999999
      vertex -0.6681954947339757 2.667585946284996 5.404999999999999
    endloop
  endfacet
  facet normal 0 0 -1
    outer loop
      vertex 5 5 5.404999999999999
      vertex -0.4035088047522448 2.720235402403148 5.404999999999999
      vertex -0.5364983855443527 2.6971595211088837 5.404999999999999
    endloop
  endfacet
  facet normal 0 0 -1
    outer loop
      vertex 5 5 5.404999999999999
      vertex -0.26954713590629165 2.7367579983485415 5.404999999999999
      vertex -0.4035088047522448 2.720235402403148 5.404999999999999
    endloop
  endfacet
  facet normal 0 0 -1
    outer loop
      vertex 5 5 5.404999999999999
      vertex -0.13493610440039955 2.7466875045642243 5.404999999999999
      vertex -0.26954713590629165 2.7367579983485415 5.404999999999999
    endloop
  endfacet
  facet normal 0 0 -1
    outer loop
      vertex 5 5 5.404999999999999
      vertex 0 2.75 5.404999999999999
      vertex -0.13493610440039955 2.7466875045642243 5.404999999999999
    endloop
  endfacet
  facet normal 0 0 -1
    outer loop
      vertex 5 5 5.404999999999999
      vertex 0.13493610440039955 2.7466875045642243 5.404999999999999
      vertex 0 2.75 5.404999999999999
    endloop
  endfacet
  facet normal 0 0 -1
    outer loop
      vertex 5 5 5.404999999999999
      vertex 0.26954713590629165 2.7367579983485415 5.404999999999999
      vertex 0.13493610440039955 2.7466875045642243 5.404999999999999
    endloop
  endfacet
  facet normal 0 0 -1
    outer loop
      vertex 5 5 5.404999999999999
      vertex 0.4035088047522448 2.720235402403148 5.404999999999999
      vertex 0.26954713590629165 2.7367579983485415 5.404999999999999
    endloop
  endfacet
  facet normal 0 0 -1
    outer loop
      vertex 5 5 5.404999999999999
      vertex 0.5364983855443527 2.6971595211088837 5.404999999999999
      vertex 0.4035088047522448 2.720235402403148 5.404999999999999
    endloop
  endfacet
  facet normal 0 0 -1
    outer loop
      vertex 5 5 5.404999999999999
      vertex 0.6681954947339757 2.667585946284996 5.404999999999999
      vertex 0.5364983855443527 2.6971595211088837 5.404999999999999
    endloop
  endfacet
  facet normal 0 0 -1
    outer loop
      vertex 5 5 5.404999999999999
      vertex 1.744581531450025 2.125778746747527 5.404999999999999
      vertex 1.6381730873541918 2.2088207115717737 5.404999999999999
    endloop
  endfacet
  facet normal 0 0 -1
    outer loop
      vertex 5 5 5.404999999999999
      vertex 2.2088207115717737 1.6381730873541918 5.404999999999999
      vertex 2.125778746747527 1.744581531450025 5.404999999999999
    endloop
  endfacet
  facet normal 0 0 -1
    outer loop
      vertex 5 5 5.404999999999999
      vertex 1.8467871258293007 2.0376155947261374 5.404999999999999
      vertex 1.744581531450025 2.125778746747527 5.404999999999999
    endloop
  endfacet
  facet normal 0 0 -1
    outer loop
      vertex 5 5 5.404999999999999
      vertex 1.9445436482630059 1.9445436482630059 5.404999999999999
      vertex 1.8467871258293007 2.0376155947261374 5.404999999999999
    endloop
  endfacet
  facet normal 0 0 -1
    outer loop
      vertex 5 5 5.404999999999999
      vertex 2.0376155947261374 1.8467871258293007 5.404999999999999
      vertex 1.9445436482630059 1.9445436482630059 5.404999999999999
    endloop
  endfacet
  facet normal 0 0 -1
    outer loop
      vertex 5 5 5.404999999999999
      vertex 2.125778746747527 1.744581531450025 5.404999999999999
      vertex 2.0376155947261374 1.8467871258293007 5.404999999999999
    endloop
  endfacet
  facet normal 0 0 -1
    outer loop
      vertex 5 5 5.404999999999999
      vertex 0.7982828624497714 2.6315859232635743 5.404999999999999
      vertex 0.6681954947339757 2.667585946284996 5.404999999999999
    endloop
  endfacet
  facet normal 0 0 -1
    outer loop
      vertex 5 5 5.404999999999999
      vertex 0.9264470968286052 2.589246179253307 5.404999999999999
      vertex 0.7982828624497714 2.6315859232635743 5.404999999999999
    endloop
  endfacet
  facet normal 0 0 -1
    outer loop
      vertex 5 5 5.404999999999999
      vertex 1.0523794390039969 2.5406687144060385 5.404999999999999
      vertex 0.9264470968286052 2.589246179253307 5.404999999999999
    endloop
  endfacet
  facet normal 0 0 -1
    outer loop
      vertex 5 5 5.404999999999999
      vertex 1.1757765069332757 2.485970556089469 5.404999999999999
      vertex 1.0523794390039969 2.5406687144060385 5.404999999999999
    endloop
  endfacet
  facet normal 0 0 -1
    outer loop
      vertex 5 5 5.404999999999999
      vertex 1.2963410262714936 2.4252834769579765 5.404999999999999
      vertex 1.1757765069332757 2.485970556089469 5.404999999999999
    endloop
  endfacet
  facet normal 0 0 -1
    outer loop
      vertex 5 5 5.404999999999999
      vertex 1.4137825465313598 2.358753677500748 5.404999999999999
      vertex 1.2963410262714936 2.4252834769579765 5.404999999999999
    endloop
  endfacet
  facet normal 0 0 -1
    outer loop
      vertex 5 5 5.404999999999999
      vertex 1.527818140803906 2.2865414338319994 5.404999999999999
      vertex 1.4137825465313598 2.358753677500748 5.404999999999999
    endloop
  endfacet
  facet normal 0 0 -1
    outer loop
      vertex 5 5 5.404999999999999
      vertex 1.6381730873541918 2.2088207115717737 5.404999999999999
      vertex 1.527818140803906 2.2865414338319994 5.404999999999999
    endloop
  endfacet
  facet normal 0 0 -1
    outer loop
      vertex 5 5 5.404999999999999
      vertex 2.5406687144060385 1.0523794390039969 5.404999999999999
      vertex 2.485970556089469 1.1757765069332757 5.404999999999999
    endloop
  endfacet
  facet normal 0 0 -1
    outer loop
      vertex 5 5 5.404999999999999
      vertex 2.485970556089469 1.1757765069332757 5.404999999999999
      vertex 2.4252834769579765 1.2963410262714936 5.404999999999999
    endloop
  endfacet
  facet normal 0 0 -1
    outer loop
      vertex 5 5 5.404999999999999
      vertex 2.4252834769579765 1.2963410262714936 5.404999999999999
      vertex 2.358753677500748 1.4137825465313598 5.404999999999999
    endloop
  endfacet
  facet normal 0 0 -1
    outer loop
      vertex 5 5 5.404999999999999
      vertex 2.6315859232635743 0.7982828624497714 5.404999999999999
      vertex 2.589246179253307 0.9264470968286052 5.404999999999999
    endloop
  endfacet
  facet normal 0 0 -1
    outer loop
      vertex 5 5 5.404999999999999
      vertex 2.589246179253307 0.9264470968286052 5.404999999999999
      vertex 2.5406687144060385 1.0523794390039969 5.404999999999999
    endloop
  endfacet
  facet normal 0 0 -1
    outer loop
      vertex 5 5 5.404999999999999
      vertex 2.2865414338319994 1.527818140803906 5.404999999999999
      vertex 2.2088207115717737 1.6381730873541918 5.404999999999999
    endloop
  endfacet
  facet normal 0 0 -1
    outer loop
      vertex 5 5 5.404999999999999
      vertex 2.358753677500748 1.4137825465313598 5.404999999999999
      vertex 2.2865414338319994 1.527818140803906 5.404999999999999
    endloop
  endfacet
  facet normal 0 0 -1
    outer loop
      vertex 5 -5 5.404999999999999
      vertex 2.6315859232635743 0.7982828624497714 5.404999999999999
      vertex 5 5 5.404999999999999
    endloop
  endfacet
  facet normal 6.988560058883699e-15 -0.4554768182719445 0.8902476442074228
    outer loop
      vertex -5.212017491822665 -6.775963689053379 5.9482056524778635
      vertex -5.119603353552149 -6.795136715375212 5.938396169596852
      vertex -4.833034538827076 -6.819820723296246 5.9257671068150195
    endloop
  endfacet
  facet normal 2.383502982339294e-14 -0.4554768182716609 0.8902476442075679
    outer loop
      vertex -5.025525681726007 -6.808845484752617 5.931382360912186
      vertex -4.9299479313174155 -6.8170762295456555 5.927171270352459
      vertex -4.833034538827076 -6.819820723296246 5.9257671068150195
    endloop
  endfacet
  facet normal -3.504699321070769e-15 -0.45547681827204106 0.8902476442073733
    outer loop
      vertex -5.119603353552149 -6.795136715375212 5.938396169596852
      vertex -5.025525681726007 -6.808845484752617 5.931382360912186
      vertex -4.833034538827076 -6.819820723296246 5.9257671068150195
    endloop
  endfacet
  facet normal 6.028095728220354e-15 -0.4554768182719619 0.8902476442074139
    outer loop
      vertex -5.302605547294523 -6.751345799701178 5.960800887059692
      vertex -4.833034538827076 -6.819820723296246 5.9257671068150195
      vertex -5.391205814957405 -6.72130818618529 5.976169011560466
    endloop
  endfacet
  facet normal -1.60447023738734e-15 -0.45547681827200326 0.8902476442073928
    outer loop
      vertex -5.302605547294523 -6.751345799701178 5.960800887059692
      vertex -5.212017491822665 -6.775963689053379 5.9482056524778635
      vertex -4.833034538827076 -6.819820723296246 5.9257671068150195
    endloop
  endfacet
  facet normal 1.5404781341952968e-17 -0.27196716915626923 0.9623065306341454
    outer loop
      vertex -6.417456582355869 -2.75055685753271 7.5352236705765225
      vertex -1.3550617864014267 -2.3920185772293623 7.636553795670863
      vertex -6.369410847421864 -2.070552360820166 7.7274066103125465
    endloop
  endfacet
  facet normal 5.3124844752527275e-17 -0.24562278783240346 0.9693654863349728
    outer loop
      vertex -6.369410847421864 -2.070552360820166 7.7274066103125465
      vertex -2.0736282774827073 -1.6150010587197339 7.84283653060571
      vertex -6.3260191123291385 -1.3855597221114386 7.900973550683448
    endloop
  endfacet
  facet normal -2.0632821338045702e-16 -0.2190513151306268 0.9757133397363914
    outer loop
      vertex -6.3260191123291385 -1.3855597221114386 7.900973550683448
      vertex -2.5984659337582268 -0.8985385016090097 8.010311646723421
      vertex -6.2873859115682 -0.6972291486714466 8.055506353727203
    endloop
  endfacet
  facet normal 0 -0.19218197322916505 0.9813593068625499
    outer loop
      vertex -6.2873859115682 -0.6972291486714466 8.055506353727203
      vertex -0.735 -0.6972291486714466 8.055506353727203
      vertex -6.253604315903549 -0.007218889142243976 8.190632736385806
    endloop
  endfacet
  facet normal -3.4849670033261506e-16 -0.4554768182719999 0.8902476442073944
    outer loop
      vertex -5.578946252317434 -6.635429071071399 6.0201072868961045
      vertex -5.561800137647275 -6.645104010203071 6.015157304134181
      vertex 4.833034538827075 -6.819820723296245 5.92576710681502
    endloop
  endfacet
  facet normal -1.8976585555440152e-16 -0.42893200537096204 0.9033367781555477
    outer loop
      vertex -5.946011889223072 -6.3659740525450825 6.148052793210758
      vertex 5.723774654699166 -6.548672511432402 6.061301962021611
      vertex -6.013870752298718 -6.295185412073064 6.1816654106192335
    endloop
  endfacet
  facet normal 2.6809589021669522e-17 -0.4289320053709528 0.903336778155552
    outer loop
      vertex -6.139323370379008 -6.139323370379008 6.255673487918539
      vertex -6.078359048594427 -6.219601088721382 6.217555165330693
      vertex 5.723774654699166 -6.548672511432402 6.061301962021611
    endloop
  endfacet
  facet normal -1.6242083991181684e-16 -0.42893200537095727 0.9033367781555498
    outer loop
      vertex -6.139323370379008 -6.139323370379008 6.255673487918539
      vertex 5.723774654699166 -6.548672511432402 6.061301962021611
      vertex -6.196612573789082 -6.054463666905382 6.2959674775648455
    endloop
  endfacet
  facet normal 1.498971252924256e-16 -0.42893200537094917 0.9033367781555538
    outer loop
      vertex -6.013870752298718 -6.295185412073064 6.1816654106192335
      vertex 5.723774654699166 -6.548672511432402 6.061301962021611
      vertex -6.078359048594427 -6.219601088721382 6.217555165330693
    endloop
  endfacet
  facet normal -3.7966712158092243e-17 -0.4289320053709547 0.903336778155551
    outer loop
      vertex -6.196612573789082 -6.054463666905382 6.2959674775648455
      vertex 5.723774654699166 -6.548672511432402 6.061301962021611
      vertex -6.217803852896208 -6.019060992313805 6.312777753173314
    endloop
  endfacet
  facet normal 9.047600101868479e-20 -0.4025930748026588 0.9153790559767799
    outer loop
      vertex -6.2507076720403765 -5.965822997364835 6.33619236807289
      vertex -6.217803852896208 -6.019060992313805 6.312777753173314
      vertex 6.217803852896208 -6.019060992313805 6.312777753173314
    endloop
  endfacet
  facet normal 2.8602719861615526e-17 -0.40259307480266315 0.915379055976778
    outer loop
      vertex -6.2507076720403765 -5.965822997364835 6.33619236807289
      vertex 6.2507076720403765 -5.9658229973648345 6.33619236807289
      vertex -6.301272806062994 -5.87339804223708 6.376841809012606
    endloop
  endfacet
  facet normal -3.979091454361417e-17 -0.45547681827198905 0.8902476442074001
    outer loop
      vertex -5.391205814957405 -6.72130818618529 5.976169011560466
      vertex -4.833034538827076 -6.819820723296246 5.9257671068150195
      vertex 4.833034538827075 -6.819820723296245 5.92576710681502
    endloop
  endfacet
  facet normal 1.0035854414810161e-16 -0.45547681827197756 0.8902476442074059
    outer loop
      vertex -5.477657389155605 -6.685881884125717 5.994294147246281
      vertex -5.391205814957405 -6.72130818618529 5.976169011560466
      vertex 4.833034538827075 -6.819820723296245 5.92576710681502
    endloop
  endfacet
  facet normal 1.3384336379743981e-17 -0.45547681827198283 0.8902476442074032
    outer loop
      vertex -5.561800137647275 -6.645104010203071 6.015157304134181
      vertex -5.477657389155605 -6.685881884125717 5.994294147246281
      vertex 4.833034538827075 -6.819820723296245 5.92576710681502
    endloop
  endfacet
  facet normal 0 -0.428932005370958 0.9033367781555496
    outer loop
      vertex -5.578946252317434 -6.635429071071399 6.0201072868961045
      vertex 5.578946252317433 -6.635429071071399 6.0201072868961045
      vertex -5.644004406963975 -6.599425913233972 6.037202690365037
    endloop
  endfacet
  facet normal -3.377671710611098e-17 -0.4289320053709526 0.9033367781555521
    outer loop
      vertex -5.723774654699166 -6.548672511432402 6.061301962021611
      vertex -5.644004406963975 -6.599425913233972 6.037202690365037
      vertex 5.644004406963975 -6.599425913233973 6.037202690365037
    endloop
  endfacet
  facet normal 5.1159735910975194e-20 -0.4289320053709546 0.903336778155551
    outer loop
      vertex -5.800805868811497 -6.492798640261216 6.0878325895669985
      vertex -5.723774654699166 -6.548672511432402 6.061301962021611
      vertex 5.723774654699166 -6.548672511432402 6.061301962021611
    endloop
  endfacet
  facet normal 4.018793803679765e-17 -0.4289320053709479 0.9033367781555542
    outer loop
      vertex -5.800805868811497 -6.492798640261216 6.0878325895669985
      vertex 5.723774654699166 -6.548672511432402 6.061301962021611
      vertex -5.874937867580343 -6.431873491777916 6.1167617184903476
    endloop
  endfacet
  facet normal -3.339325719950219e-17 -0.4289320053709538 0.9033367781555515
    outer loop
      vertex -5.946011889223072 -6.3659740525450825 6.148052793210758
      vertex -5.874937867580343 -6.431873491777916 6.1167617184903476
      vertex 5.723774654699166 -6.548672511432402 6.061301962021611
    endloop
  endfacet
  facet normal 4.7577396690134084e-17 -0.402593074802661 0.915379055976779
    outer loop
      vertex -6.301272806062994 -5.87339804223708 6.376841809012606
      vertex 6.2507076720403765 -5.9658229973648345 6.33619236807289
      vertex -6.347745852165509 -5.776899325463108 6.419282932006281
    endloop
  endfacet
  facet normal 7.749478538818386e-17 -0.4025930748026593 0.9153790559767797
    outer loop
      vertex -6.347745852165509 -5.776899325463108 6.419282932006281
      vertex 6.2507076720403765 -5.9658229973648345 6.33619236807289
      vertex -6.38998861908444 -5.676484066600457 6.463446590283869
    endloop
  endfacet
  facet normal 3.062022250532644e-17 -0.40259307480266104 0.915379055976779
    outer loop
      vertex -6.38998861908444 -5.676484066600457 6.463446590283869
      vertex 6.2507076720403765 -5.9658229973648345 6.33619236807289
      vertex -6.427867566869039 -5.57232015539132 6.509258944218939
    endloop
  endfacet
  facet normal 9.398760114341419e-17 -0.40259307480265927 0.9153790559767797
    outer loop
      vertex -6.427867566869039 -5.57232015539132 6.509258944218939
      vertex 6.2507076720403765 -5.9658229973648345 6.33619236807289
      vertex -6.461254303027387 -5.4645864064634795 6.556641349308593
    endloop
  endfacet
  facet normal 1.2159397315997128e-16 -0.4025930748026587 0.91537905597678
    outer loop
      vertex -6.461254303027387 -5.4645864064634795 6.556641349308593
      vertex 6.2507076720403765 -5.9658229973648345 6.33619236807289
      vertex -6.481035785643039 -5.388192468418251 6.590240184909101
    endloop
  endfacet
  facet normal -4.0858262378831903e-20 -0.3764045252735232 0.9264554135810389
    outer loop
      vertex -6.490383058813714 -5.353952298288343 6.60415143718752
      vertex -6.481035785643039 -5.388192468418251 6.590240184909101
      vertex 6.481035785643039 -5.388192468418251 6.590240184909101
    endloop
  endfacet
  facet normal 0 -0.37640452527353346 0.9264554135810346
    outer loop
      vertex -6.490383058813714 -5.353952298288343 6.60415143718752
      vertex 6.490383058813714 -5.353952298288343 6.60415143718752
      vertex -6.515586824441372 -5.241290762874546 6.649924078949204
    endloop
  endfacet
  facet normal 7.476391582359019e-17 -0.3764045252735261 0.9264554135810377
    outer loop
      vertex -6.515586824441372 -5.241290762874546 6.649924078949204
      vertex 6.490383058813714 -5.353952298288343 6.60415143718752
      vertex -6.535965714036456 -5.125788922696691 6.696850692667525
    endloop
  endfacet
  facet normal 1.3513005056609285e-16 -0.37640452527352597 0.9264554135810377
    outer loop
      vertex -6.551420170810291 -5.007673962649929 6.744838976628493
      vertex 6.490383058813714 -5.353952298288343 6.60415143718752
      vertex -6.561859111318066 -4.887184071663496 6.79379215834903
    endloop
  endfacet
  facet normal -2.557705471129092e-16 -0.37640452527353535 0.9264554135810339
    outer loop
      vertex -6.561859111318066 -4.887184071663496 6.79379215834903
      vertex 6.490383058813714 -5.353952298288343 6.60415143718752
      vertex -6.56720057624871 -4.764568385195788 6.84360901794033
    endloop
  endfacet
  facet normal 8.595986525491621e-16 -0.37640452527351415 0.9264554135810424
    outer loop
      vertex -6.56720057624871 -4.764568385195788 6.84360901794033
      vertex 6.490383058813714 -5.353952298288343 6.60415143718752
      vertex -6.567228493054054 -4.744343316916356 6.8518261508025775
    endloop
  endfacet
  facet normal -3.4714038001796623e-17 -0.37640452527353147 0.9264554135810354
    outer loop
      vertex -6.535965714036456 -5.125788922696691 6.696850692667525
      vertex 6.490383058813714 -5.353952298288343 6.60415143718752
      vertex -6.551420170810291 -5.007673962649929 6.744838976628493
    endloop
  endfacet
  facet normal 0 -0.35030852380297445 0.9366343673766091
    outer loop
      vertex -6.567228493054054 -4.744343316916356 6.8518261508025775
      vertex 6.567228493054054 -4.744343316916356 6.8518261508025775
      vertex -6.568364981663858 -4.641671226802293 6.890226309473204
    endloop
  endfacet
  facet normal 6.201544438912965e-17 -0.35030852380296745 0.9366343673766118
    outer loop
      vertex -6.568364981663858 -4.641671226802293 6.890226309473204
      vertex 6.567228493054054 -4.744343316916356 6.8518261508025775
      vertex -6.564508411893465 -4.5175946439076125 6.936631914591124
    endloop
  endfacet
  facet normal -1.13755108619638e-16 -0.3503085238029764 0.9366343673766084
    outer loop
      vertex -6.564508411893465 -4.5175946439076125 6.936631914591124
      vertex 6.567228493054054 -4.744343316916356 6.8518261508025775
      vertex -6.555390932722205 -4.392318221203674 6.983486269111182
    endloop
  endfacet
  facet normal -8.5900571971901e-18 -0.35030852380297295 0.9366343673766099
    outer loop
      vertex -6.555390932722205 -4.392318221203674 6.983486269111182
      vertex 6.567228493054054 -4.744343316916356 6.8518261508025775
      vertex -6.52703613316258 -4.089064626808615 7.096905467349681
    endloop
  endfacet
  facet normal 0 -0.3242451824653978 0.9459730765978389
    outer loop
      vertex -6.52703613316258 -4.089064626808615 7.096905467349681
      vertex 6.52703613316258 -4.089064626808615 7.096905467349681
      vertex -6.470040570747392 -3.4239350218551317 7.324887717010435
    endloop
  endfacet
  facet normal 0 -0.298152666232683 0.9545181965883847
    outer loop
      vertex -6.470040570747392 -3.4239350218551317 7.324887717010435
      vertex 6.470040570747392 -3.4239350218551317 7.324887717010435
      vertex -6.417456582355869 -2.75055685753271 7.5352236705765225
    endloop
  endfacet
  facet normal 0 -0.2719671691562737 0.962306530634144
    outer loop
      vertex -6.369410847421864 -2.070552360820166 7.7274066103125465
      vertex -1.744581531450025 -2.125778746747527 7.71179852352808
      vertex -1.8086042605574846 -2.070552360820166 7.7274066103125465
    endloop
  endfacet
  facet normal 1.247928023737366e-16 -0.2719671691562709 0.9623065306341448
    outer loop
      vertex -6.417456582355869 -2.75055685753271 7.5352236705765225
      vertex -1.0523794390039969 -2.5406687144060385 7.594542278845771
      vertex -1.1140779729686363 -2.513319635247754 7.602271678367572
    endloop
  endfacet
  facet normal -2.967280935272286e-16 -0.2719671691562608 0.9623065306341477
    outer loop
      vertex -6.417456582355869 -2.75055685753271 7.5352236705765225
      vertex -0.9264470968286052 -2.589246179253307 7.580813310810406
      vertex -1.0523794390039969 -2.5406687144060385 7.594542278845771
    endloop
  endfacet
  facet normal 2.495470314103787e-16 -0.2719671691562779 0.9623065306341428
    outer loop
      vertex -6.417456582355869 -2.75055685753271 7.5352236705765225
      vertex -0.7982828624497714 -2.6315859232635743 7.568847248069789
      vertex -0.9264470968286052 -2.589246179253307 7.580813310810406
    endloop
  endfacet
  facet normal 1.2469488266481436e-16 -0.27196716915627256 0.9623065306341444
    outer loop
      vertex -6.417456582355869 -2.75055685753271 7.5352236705765225
      vertex -0.6681954947339757 -2.667585946284996 7.558672917917166
      vertex -0.7982828624497714 -2.6315859232635743 7.568847248069789
    endloop
  endfacet
  facet normal 6.106876392189672e-17 -0.2719671691562686 0.9623065306341455
    outer loop
      vertex -6.417456582355869 -2.75055685753271 7.5352236705765225
      vertex -1.2360587666023846 -2.4556270165237226 7.618576772114828
      vertex -1.2963410262714936 -2.4252834769579765 7.627152466340283
    endloop
  endfacet
  facet normal 7.391817272716377e-16 -0.27196716915627883 0.9623065306341426
    outer loop
      vertex -6.417456582355869 -2.75055685753271 7.5352236705765225
      vertex -1.2963410262714936 -2.4252834769579765 7.627152466340283
      vertex -1.3550617864014267 -2.3920185772293623 7.636553795670863
    endloop
  endfacet
  facet normal -9.80700938836237e-17 -0.27196716915626623 0.9623065306341461
    outer loop
      vertex -6.417456582355869 -2.75055685753271 7.5352236705765225
      vertex -1.1140779729686363 -2.513319635247754 7.602271678367572
      vertex -1.2360587666023846 -2.4556270165237226 7.618576772114828
    endloop
  endfacet
  facet normal 1.113736834419908e-16 -0.271967169156265 0.9623065306341465
    outer loop
      vertex -6.369410847421864 -2.070552360820166 7.7274066103125465
      vertex -0.5201092293109126 -2.3608745088283865 7.645355735436814
      vertex -1.744581531450025 -2.125778746747527 7.71179852352808
    endloop
  endfacet
  facet normal 4.380333676903308e-16 -0.271967169156263 0.9623065306341471
    outer loop
      vertex -6.369410847421864 -2.070552360820166 7.7274066103125465
      vertex -1.3550617864014267 -2.3920185772293623 7.636553795670863
      vertex -0.48434897719884773 -2.3835194387351004 7.638955823052957
    endloop
  endfacet
  facet normal -1.3156162438313855e-16 -0.2719671691562562 0.962306530634149
    outer loop
      vertex -6.417456582355869 -2.75055685753271 7.5352236705765225
      vertex -0.5364983855443527 -2.6971595211088837 7.550314831205042
      vertex -0.6681954947339757 -2.667585946284996 7.558672917917166
    endloop
  endfacet
  facet normal -3.327714920467168e-17 -0.2719671691562662 0.9623065306341462
    outer loop
      vertex -6.417456582355869 -2.75055685753271 7.5352236705765225
      vertex 0.26954713590629165 -2.7367579983485415 7.539123505556788
      vertex -0.5364983855443527 -2.6971595211088837 7.550314831205042
    endloop
  endfacet
  facet normal -2.9137239605052244e-15 -0.27196716915632185 0.9623065306341304
    outer loop
      vertex -6.369410847421864 -2.070552360820166 7.7274066103125465
      vertex -0.48434897719884773 -2.3835194387351004 7.638955823052957
      vertex -0.5201092293109126 -2.3608745088283865 7.645355735436814
    endloop
  endfacet
  facet normal 4.3032337693237454e-16 -0.21905131513063267 0.9757133397363901
    outer loop
      vertex -6.3260191123291385 -1.3855597221114386 7.900973550683448
      vertex -2.485970556089469 -1.1757765069332757 7.948070671636537
      vertex -2.5406687144060385 -1.0523794390039969 7.975773777571806
    endloop
  endfacet
  facet normal -1.2031025104329513e-16 -0.2190513151306273 0.9757133397363913
    outer loop
      vertex -6.3260191123291385 -1.3855597221114386 7.900973550683448
      vertex -2.589246179253307 -0.9264470968286052 8.004046062112318
      vertex -2.5984659337582268 -0.8985385016090097 8.010311646723421
    endloop
  endfacet
  facet normal 1.0145123356809014e-16 -0.21905131513062914 0.975713339736391
    outer loop
      vertex -6.3260191123291385 -1.3855597221114386 7.900973550683448
      vertex -2.5406687144060385 -1.0523794390039969 7.975773777571806
      vertex -2.589246179253307 -0.9264470968286052 8.004046062112318
    endloop
  endfacet
  facet normal -1.0259712783580489e-16 -0.21905131513062343 0.9757133397363922
    outer loop
      vertex -6.3260191123291385 -1.3855597221114386 7.900973550683448
      vertex -2.4252834769579765 -1.2963410262714936 7.921003483515215
      vertex -2.485970556089469 -1.1757765069332757 7.948070671636537
    endloop
  endfacet
  facet normal 0 -0.21905131513062773 0.9757133397363911
    outer loop
      vertex -6.3260191123291385 -1.3855597221114386 7.900973550683448
      vertex -0.735 -1.3855597221114386 7.900973550683448
      vertex -2.4252834769579765 -1.2963410262714936 7.921003483515215
    endloop
  endfacet
  facet normal 0 -0.21905131513062323 0.9757133397363924
    outer loop
      vertex -6.2873859115682 -0.6972291486714466 8.055506353727203
      vertex -2.5984659337582268 -0.8985385016090097 8.010311646723421
      vertex -0.735 -0.6972291486714466 8.055506353727203
    endloop
  endfacet
  facet normal 0 -0.24562278783241304 0.9693654863349703
    outer loop
      vertex -6.369410847421864 -2.070552360820166 7.7274066103125465
      vertex -1.8086042605574846 -2.070552360820166 7.7274066103125465
      vertex -0.735 -2.05 7.732614272677619
    endloop
  endfacet
  facet normal -4.032963611672966e-17 -0.2456227878324026 0.969365486334973
    outer loop
      vertex -6.369410847421864 -2.070552360820166 7.7274066103125465
      vertex -0.735 -2.05 7.732614272677619
      vertex -2.0736282774827073 -1.6150010587197339 7.84283653060571
    endloop
  endfacet
  facet normal 0 -0.24562278783240438 0.9693654863349724
    outer loop
      vertex -6.3260191123291385 -1.3855597221114386 7.900973550683448
      vertex -2.0736282774827073 -1.6150010587197339 7.84283653060571
      vertex -0.735 -1.3855597221114386 7.900973550683448
    endloop
  endfacet
  facet normal 0 -0.192181973229165 0.9813593068625498
    outer loop
      vertex -0.735 -0.6972291486714466 8.055506353727203
      vertex 0.735 -0.6972291486714466 8.055506353727203
      vertex -6.253604315903549 -0.007218889142243976 8.190632736385806
    endloop
  endfacet
  facet normal -7.247307653169818e-17 -0.2719671691562789 0.9623065306341426
    outer loop
      vertex -0.9264470968286052 -2.589246179253307 7.580813310810406
      vertex -0.7982828624497714 -2.6315859232635743 7.568847248069789
      vertex -0.1920919721350106 -2.6041273303455172 7.576607598381469
    endloop
  endfacet
  facet normal 3.583290102915798e-16 -0.2719671691562554 0.9623065306341492
    outer loop
      vertex -1.3550617864014267 -2.3920185772293623 7.636553795670863
      vertex -0.11900301979904215 -2.4223621167951084 7.627978101445407
      vertex -0.48434897719884773 -2.3835194387351004 7.638955823052957
    endloop
  endfacet
  facet normal -3.1188059698452125e-16 -0.27196716915627406 0.962306530634144
    outer loop
      vertex 0.4035088047522448 -2.720235402403148 7.543793123296386
      vertex -0.1920919721350106 -2.6041273303455172 7.576607598381469
      vertex -0.7982828624497714 -2.6315859232635743 7.568847248069789
    endloop
  endfacet
  facet normal 2.4577764614672554e-16 -0.2719671691562656 0.9623065306341464
    outer loop
      vertex -1.2360587666023846 -2.4556270165237226 7.618576772114828
      vertex -1.1140779729686363 -2.513319635247754 7.602271678367572
      vertex 0.7982828624497714 -2.6315859232635743 7.568847248069789
    endloop
  endfacet
  facet normal 1.795490169818562e-16 -0.27196716915626473 0.9623065306341465
    outer loop
      vertex -1.744581531450025 -2.125778746747527 7.71179852352808
      vertex -0.5201092293109126 -2.3608745088283865 7.645355735436814
      vertex 1.4137825465313598 -2.358753677500748 7.645955125001442
    endloop
  endfacet
  facet normal -7.722788936876886e-17 -0.2719671691562719 0.9623065306341446
    outer loop
      vertex -1.3550617864014267 -2.3920185772293623 7.636553795670863
      vertex 1.0523794390039969 -2.5406687144060385 7.594542278845771
      vertex -0.11900301979904215 -2.4223621167951084 7.627978101445407
    endloop
  endfacet
  facet normal 9.801363788392e-17 -0.2190513151306276 0.9757133397363912
    outer loop
      vertex -2.5406687144060385 -1.0523794390039969 7.975773777571806
      vertex -0.735 -1.3855597221114386 7.900973550683448
      vertex -0.735 -1.0002303581964678 7.987481442383306
    endloop
  endfacet
  facet normal 1.463815552411627e-16 -0.21905131513062914 0.975713339736391
    outer loop
      vertex -2.5406687144060385 -1.0523794390039969 7.975773777571806
      vertex -0.735 -1.0002303581964678 7.987481442383306
      vertex -2.589246179253307 -0.9264470968286052 8.004046062112318
    endloop
  endfacet
  facet normal 0 -0.21905131513062595 0.9757133397363916
    outer loop
      vertex -0.735 -0.6972291486714466 8.055506353727203
      vertex -0.735 -1.0002303581964678 7.987481442383306
      vertex 0.735 -0.6972291486714466 8.055506353727203
    endloop
  endfacet
  facet normal 1.5628671869738164e-16 -0.10903369782159524 0.9940380539694389
    outer loop
      vertex -6.2009095871546345 1.371191465675636 8.401411651381464
      vertex -2.2088207115717737 1.6381730873541918 8.43069623796824
      vertex -6.1821234002874395 2.056270849685071 8.476556398850242
    endloop
  endfacet
  facet normal 0 -0.1372518258042216 0.9905361862715605
    outer loop
      vertex -0.735 1.371191465675636 8.401411651381464
      vertex -6.2009095871546345 1.371191465675636 8.401411651381464
      vertex -6.224755708158061 0.6828087613232018 8.306027167367755
    endloop
  endfacet
  facet normal 0 -0.08020237593032677 0.9967786007409722
    outer loop
      vertex -6.1821234002874395 2.056270849685071 8.476556398850242
      vertex -1.8251605008997367 2.056270849685071 8.476556398850242
      vertex -6.1684424051261155 2.736396497109559 8.53128037949554
    endloop
  endfacet
  facet normal -1.618951269785168e-18 -0.10903369782159668 0.9940380539694387
    outer loop
      vertex -6.1821234002874395 2.056270849685071 8.476556398850242
      vertex -2.2088207115717737 1.6381730873541918 8.43069623796824
      vertex -2.125778746747527 1.744581531450025 8.442367930106062
    endloop
  endfacet
  facet normal 2.1375706116334435e-16 -0.10903369782159397 0.994038053969439
    outer loop
      vertex -6.1821234002874395 2.056270849685071 8.476556398850242
      vertex -2.125778746747527 1.744581531450025 8.442367930106062
      vertex -2.0539231450024475 1.827882143071245 8.451504978410796
    endloop
  endfacet
  facet normal -1.7268850717309145e-16 -0.10903369782160086 0.9940380539694382
    outer loop
      vertex -6.1821234002874395 2.056270849685071 8.476556398850242
      vertex -2.0539231450024475 1.827882143071245 8.451504978410796
      vertex -1.9445436482630059 1.9445436482630059 8.464301304722145
    endloop
  endfacet
  facet normal 2.4612420629899046e-16 -0.10903369782158516 0.99403805396944
    outer loop
      vertex -6.1821234002874395 2.056270849685071 8.476556398850242
      vertex -1.9445436482630059 1.9445436482630059 8.464301304722145
      vertex -1.8467871258293007 2.0376155947261374 8.474510147779817
    endloop
  endfacet
  facet normal 0 -0.10903369782164168 0.9940380539694338
    outer loop
      vertex -6.1821234002874395 2.056270849685071 8.476556398850242
      vertex -1.8467871258293007 2.0376155947261374 8.474510147779817
      vertex -1.8251605008997367 2.056270849685071 8.476556398850242
    endloop
  endfacet
  facet normal 0 -0.10903369782159293 0.994038053969439
    outer loop
      vertex -6.2009095871546345 1.371191465675636 8.401411651381464
      vertex -0.735 1.371191465675636 8.401411651381464
      vertex -2.2088207115717737 1.6381730873541918 8.43069623796824
    endloop
  endfacet
  facet normal -3.282741792227697e-15 -0.08020237593041064 0.9967786007409655
    outer loop
      vertex -6.1684424051261155 2.736396497109559 8.53128037949554
      vertex 0 2.485970556089469 8.511130713913364
      vertex -1.0523794390039969 2.5406687144060385 8.515531813869504
    endloop
  endfacet
  facet normal 0 -0.16494110291270248 0.9863034181071975
    outer loop
      vertex -6.253604315903549 -0.007218889142243976 8.190632736385806
      vertex 6.253604315903549 -0.007218889142243976 8.190632736385806
      vertex -6.224755708158061 0.6828087613232018 8.306027167367755
    endloop
  endfacet
  facet normal 1.6593017197457358e-15 -0.10903369782160256 0.9940380539694381
    outer loop
      vertex -1.9445436482630059 1.9445436482630059 8.464301304722145
      vertex -2.0539231450024475 1.827882143071245 8.451504978410796
      vertex -1.9736769449650504 1.823442599273981 8.45101801528607
    endloop
  endfacet
  facet normal -2.9097160160351644e-15 -0.10903369782160145 0.9940380539694381
    outer loop
      vertex -1.9445436482630059 1.9445436482630059 8.464301304722145
      vertex -1.9736769449650504 1.823442599273981 8.45101801528607
      vertex -0.735 1.371191465675636 8.401411651381464
    endloop
  endfacet
  facet normal 1.3740821251136722e-18 -0.1372518258042216 0.9905361862715604
    outer loop
      vertex -6.224755708158061 0.6828087613232018 8.306027167367755
      vertex 6.2009095871546345 1.371191465675636 8.401411651381464
      vertex -0.735 1.371191465675636 8.401411651381464
    endloop
  endfacet
  facet normal 1.5316303516374586e-16 -0.109033697821595 0.9940380539694389
    outer loop
      vertex -0.735 1.371191465675636 8.401411651381464
      vertex 2.073436920877728 1.5995399191277382 8.426458656546208
      vertex -1.8251605008997367 2.056270849685071 8.476556398850242
    endloop
  endfacet
  facet normal 9.739827159479249e-15 -0.08020237593009191 0.996778600740991
    outer loop
      vertex -6.1684424051261155 2.736396497109559 8.53128037949554
      vertex 1.2963410262714936 2.4252834769579765 8.506247735957178
      vertex 0 2.485970556089469 8.511130713913364
    endloop
  endfacet
  facet normal 0 -0.05066932664525508 0.9987154846788531
    outer loop
      vertex -6.1684424051261155 2.736396497109559 8.53128037949554
      vertex 6.1684424051261155 2.736396497109559 8.53128037949554
      vertex -6.159899560386319 3.409929925692485 8.565451758454724
    endloop
  endfacet
  facet normal 0 -0.02034161437109772 0.9997930879560918
    outer loop
      vertex -6.159899560386319 3.409929925692485 8.565451758454724
      vertex 6.159899560386319 3.409929925692485 8.565451758454724
      vertex -6.1582692554298815 3.730448759049802 8.571972978280476
    endloop
  endfacet
  facet normal 3.9664434805354126e-16 -0.02034161437108248 0.9997930879560921
    outer loop
      vertex -6.1582692554298815 3.730448759049802 8.571972978280476
      vertex 6.159899560386319 3.409929925692485 8.565451758454724
      vertex -6.154743414377789 3.8485943517811485 8.574376747736311
    endloop
  endfacet
  facet normal -8.062583357241438e-17 -0.020341614371095877 0.9997930879560918
    outer loop
      vertex -6.154743414377789 3.8485943517811485 8.574376747736311
      vertex 6.159899560386319 3.409929925692485 8.565451758454724
      vertex -6.145374147241689 3.9664941787697523 8.57677551688556
    endloop
  endfacet
  facet normal 8.432382642432758e-17 -0.02034161437109223 0.9997930879560919
    outer loop
      vertex -6.145374147241689 3.9664941787697523 8.57677551688556
      vertex 6.159899560386319 3.409929925692485 8.565451758454724
      vertex -6.13129637255708 4.07524853440983 8.578988213882825
    endloop
  endfacet
  facet normal -9.894202768442058e-23 0.010878178536366362 0.9999408308653722
    outer loop
      vertex -6.130249191026171 4.0839697674414746 8.578893337139075
      vertex -6.13129637255708 4.07524853440983 8.578988213882825
      vertex 6.13129637255708 4.07524853440983 8.578988213882825
    endloop
  endfacet
  facet normal 4.927090013797544e-17 0.010878178536435624 0.9999408308653716
    outer loop
      vertex -6.130249191026171 4.0839697674414746 8.578893337139075
      vertex 6.13129637255708 4.07524853440983 8.578988213882825
      vertex -6.110192033433917 4.201927533787016 8.577610095568716
    endloop
  endfacet
  facet normal 0 -0.08020237593032675 0.9967786007409721
    outer loop
      vertex -1.8251605008997367 2.056270849685071 8.476556398850242
      vertex 6.1821234002874395 2.056270849685071 8.476556398850242
      vertex -6.1684424051261155 2.736396497109559 8.53128037949554
    endloop
  endfacet
  facet normal 0 -0.08020237593032525 0.9967786007409725
    outer loop
      vertex -6.1684424051261155 2.736396497109559 8.53128037949554
      vertex -1.0523794390039969 2.5406687144060385 8.515531813869504
      vertex 6.1684424051261155 2.736396497109559 8.53128037949554
    endloop
  endfacet
  facet normal -2.259344510303935e-16 0.010878178536409034 0.9999408308653718
    outer loop
      vertex -6.110192033433917 4.201927533787016 8.577610095568716
      vertex 6.13129637255708 4.07524853440983 8.578988213882825
      vertex -6.084397065156474 4.318718447640428 8.576339547979186
    endloop
  endfacet
  facet normal 2.603950889381768e-16 0.010878178536433433 0.9999408308653714
    outer loop
      vertex -6.084397065156474 4.318718447640428 8.576339547979186
      vertex 6.13129637255708 4.07524853440983 8.578988213882825
      vertex -6.0529278456007685 4.434061827454934 8.575084747855131
    endloop
  endfacet
  facet normal 1.0901647027134756e-16 0.010878178536428295 0.9999408308653716
    outer loop
      vertex -6.0529278456007685 4.434061827454934 8.575084747855131
      vertex 6.13129637255708 4.07524853440983 8.578988213882825
      vertex -6.015861531398087 4.547680614682951 8.573848709267239
    endloop
  endfacet
  facet normal -2.340711698228233e-16 0.010878178536419472 0.9999408308653717
    outer loop
      vertex -6.015861531398087 4.547680614682951 8.573848709267239
      vertex 6.13129637255708 4.07524853440983 8.578988213882825
      vertex -5.973288677628088 4.659302033350338 8.57263439969684
    endloop
  endfacet
  facet normal 0 0.010878178536434059 0.9999408308653714
    outer loop
      vertex -5.973288677628088 4.659302033350338 8.57263439969684
      vertex 5.973288677628089 4.659302033350338 8.57263439969684
      vertex -5.941943947892721 4.730749512458169 8.571857135273063
    endloop
  endfacet
  facet normal 0 0.043091828978304665 0.9990711157246538
    outer loop
      vertex -5.941943947892721 4.730749512458169 8.571857135273063
      vertex 5.941943947892721 4.730749512458169 8.571857135273063
      vertex -5.925643159375956 4.7690869453510025 8.570203569199855
    endloop
  endfacet
  facet normal -9.141247419285281e-17 0.04309182897827642 0.999071115724655
    outer loop
      vertex -5.925643159375956 4.7690869453510025 8.570203569199855
      vertex 5.941943947892721 4.730749512458169 8.571857135273063
      vertex -5.873328708762075 4.8770886364754436 8.565545251758735
    endloop
  endfacet
  facet normal 1.3167070918893912e-16 0.043091828978294396 0.9990711157246541
    outer loop
      vertex -5.873328708762075 4.8770886364754436 8.565545251758735
      vertex 5.941943947892721 4.730749512458169 8.571857135273063
      vertex -5.815860429503694 4.9822263433566105 8.561010463381026
    endloop
  endfacet
  facet normal -6.169222439388778e-16 0.043091828978259465 0.9990711157246557
    outer loop
      vertex -5.815860429503694 4.9822263433566105 8.561010463381026
      vertex 5.941943947892721 4.730749512458169 8.571857135273063
      vertex -5.753380022317509 5.084252298742002 8.556609890737484
    endloop
  endfacet
  facet normal 4.627582623188408e-18 0.04309182897827999 0.9990711157246549
    outer loop
      vertex -5.753380022317509 5.084252298742002 8.556609890737484
      vertex 5.941943947892721 4.730749512458169 8.571857135273063
      vertex -5.686040721801192 5.182926515698149 8.552353884918963
    endloop
  endfacet
  facet normal 3.449797465984028e-16 0.043091828978288726 0.9990711157246543
    outer loop
      vertex -5.686040721801192 5.182926515698149 8.552353884918963
      vertex 5.941943947892721 4.730749512458169 8.571857135273063
      vertex -5.6140069022307575 5.278017310035742 8.548252438903248
    endloop
  endfacet
  facet normal 1.5806061876763455e-16 0.04309182897828407 0.9990711157246547
    outer loop
      vertex -5.6140069022307575 5.278017310035742 8.548252438903248
      vertex 5.614006902230758 5.278017310035742 8.548252438903246
      vertex -5.537453661938385 5.3693018006954985 8.544315165972455
    endloop
  endfacet
  facet normal 0 0.04309182897842816 0.9990711157246485
    outer loop
      vertex -5.537453661938385 5.3693018006954985 8.544315165972455
      vertex 5.537453661938385 5.3693018006954985 8.544315165972455
      vertex -5.532307495943617 5.374853700566278 8.544075702018416
    endloop
  endfacet
  facet normal 0 0.07640505064194361 0.9970768617495855
    outer loop
      vertex -5.532307495943617 5.374853700566278 8.544075702018416
      vertex 5.532307495943617 5.374853700566278 8.544075702018416
      vertex -5.457403455277808 5.457403455277808 8.537749992906937
    endloop
  endfacet
  facet normal 6.960346295612792e-18 0.07640505064194454 0.9970768617495854
    outer loop
      vertex -5.457403455277808 5.457403455277808 8.537749992906937
      vertex 5.532307495943617 5.374853700566278 8.544075702018416
      vertex -5.3732607414582 5.541262354765467 8.531323965277643
    endloop
  endfacet
  facet normal 1.070576851374123e-17 0.07640505064194478 0.9970768617495854
    outer loop
      vertex -5.3732607414582 5.541262354765467 8.531323965277643
      vertex 5.532307495943617 5.374853700566278 8.544075702018416
      vertex -5.285172017858725 5.620630005328882 8.52524209777749
    endloop
  endfacet
  facet normal 1.962848769973742e-16 0.0764050506419529 0.9970768617495847
    outer loop
      vertex -5.285172017858725 5.620630005328882 8.52524209777749
      vertex 5.532307495943617 5.374853700566278 8.544075702018416
      vertex -5.193348029049193 5.695326621557643 8.51951816719131
    endloop
  endfacet
  facet normal -3.6999137348868556e-16 0.07640505064193405 0.9970768617495863
    outer loop
      vertex -5.193348029049193 5.695326621557643 8.51951816719131
      vertex 5.532307495943617 5.374853700566278 8.544075702018416
      vertex -5.098007448930405 5.765183424253869 8.51416510690835
    endloop
  endfacet
  facet normal 3.120994031994296e-16 0.11092664043985388 0.9938285971135704
    outer loop
      vertex -4.65400617271675 6.006009395328137 8.495710842024963
      vertex 3.7704210964919813 6.182252657895188 8.476039368419247
      vertex -4.5771001036887995 6.037057390199983 8.492245405657433
    endloop
  endfacet
  facet normal 0 0.07640505064195524 0.9970768617495845
    outer loop
      vertex -4.897687843232549 5.8897592938005765 8.504618976628306
      vertex 4.897687843232548 5.8897592938005765 8.504618976628306
      vertex -4.793181263141566 5.944198436308397 8.500447356967094
    endloop
  endfacet
  facet normal 0 0.07640505064194471 0.9970768617495854
    outer loop
      vertex -4.793181263141566 5.944198436308397 8.500447356967094
      vertex 4.793181263141567 5.944198436308397 8.500447356967094
      vertex -4.686101942660003 5.9932384037273785 8.496689470952617
    endloop
  endfacet
  facet normal -2.2945274030188814e-17 0.1109266404398729 0.9938285971135683
    outer loop
      vertex -4.5771001036887995 6.037057390199983 8.492245405657433
      vertex 3.7704210964919813 6.182252657895188 8.476039368419247
      vertex -4.4661436710690525 6.075330821371777 8.487973498861509
    endloop
  endfacet
  facet normal 1.452817445079375e-16 0.1109266404398601 0.9938285971135696
    outer loop
      vertex -4.4661436710690525 6.075330821371777 8.487973498861509
      vertex 3.7704210964919813 6.182252657895188 8.476039368419247
      vertex -4.353324701621246 6.1078556482682504 8.484343225201652
    endloop
  endfacet
  facet normal -4.846930474594219e-16 0.11092664043992805 0.9938285971135621
    outer loop
      vertex -4.353324701621246 6.1078556482682504 8.484343225201652
      vertex 3.7704210964919813 6.182252657895188 8.476039368419247
      vertex -4.238901256079643 6.134562195823262 8.481362361492728
    endloop
  endfacet
  facet normal -7.905306296074002e-17 0.07640505064194193 0.9970768617495855
    outer loop
      vertex -5.098007448930405 5.765183424253869 8.51416510690835
      vertex 5.532307495943617 5.374853700566278 8.544075702018416
      vertex -4.999376379823733 5.830042942795886 8.50919498375243
    endloop
  endfacet
  facet normal -2.7132984843228074e-16 0.0764050506419362 0.997076861749586
    outer loop
      vertex -4.999376379823733 5.830042942795886 8.50919498375243
      vertex 5.457403455277808 5.457403455277808 8.537749992906937
      vertex -4.897687843232549 5.8897592938005765 8.504618976628306
    endloop
  endfacet
  facet normal 0 0.07640505064191119 0.9970768617495881
    outer loop
      vertex -4.686101942660003 5.9932384037273785 8.496689470952617
      vertex 4.686101942660003 5.9932384037273785 8.496689470952617
      vertex -4.65400617271675 6.006009395328137 8.495710842024963
    endloop
  endfacet
  facet normal -7.749665141004752e-17 0.1109266404398605 0.9938285971135696
    outer loop
      vertex -4.238901256079643 6.134562195823262 8.481362361492728
      vertex 3.7704210964919813 6.182252657895188 8.476039368419247
      vertex -4.123134468536946 6.155393336120028 8.479037284093705
    endloop
  endfacet
  facet normal -1.7267573748423253e-17 0.110926640439843 0.9938285971135716
    outer loop
      vertex -4.123134468536946 6.155393336120028 8.479037284093705
      vertex 3.7704210964919813 6.182252657895188 8.476039368419247
      vertex -4.00628805143827 6.170304561351581 8.477372960764127
    endloop
  endfacet
  facet normal -9.214875958543282e-17 0.11092664043989117 0.9938285971135662
    outer loop
      vertex -4.00628805143827 6.170304561351581 8.477372960764127
      vertex 3.7704210964919813 6.182252657895188 8.476039368419247
      vertex -3.8886278000653998 6.179264040197843 8.476372944371567
    endloop
  endfacet
  facet normal -3.2064551904283828e-21 0.1109266404396579 0.9938285971135923
    outer loop
      vertex -3.8886278000653998 6.179264040197843 8.476372944371567
      vertex 3.7704210964919813 6.182252657895188 8.476039368419247
      vertex -3.7704210964919804 6.182252657895188 8.476039368419247
    endloop
  endfacet
  facet normal 1.5791932245581552e-15 -0.4554768182719148 0.890247644207438
    outer loop
      vertex -5.578946252317434 -6.635429071071399 6.0201072868961045
      vertex 4.833034538827075 -6.819820723296245 5.92576710681502
      vertex 4.9299479313174155 -6.817076229545655 5.927171270352458
    endloop
  endfacet
  facet normal -1.7267892725533077e-16 -0.45547681827199366 0.8902476442073975
    outer loop
      vertex -5.578946252317434 -6.635429071071399 6.0201072868961045
      vertex 4.9299479313174155 -6.817076229545655 5.927171270352458
      vertex 5.025525681726008 -6.808845484752617 5.931382360912186
    endloop
  endfacet
  facet normal 1.7280338536778633e-16 -0.45547681827197684 0.8902476442074062
    outer loop
      vertex -5.578946252317434 -6.635429071071399 6.0201072868961045
      vertex 5.025525681726008 -6.808845484752617 5.931382360912186
      vertex 5.119603353552149 -6.795136715375212 5.938396169596851
    endloop
  endfacet
  facet normal -3.035487791157469e-16 -0.45547681827200287 0.890247644207393
    outer loop
      vertex -5.578946252317434 -6.635429071071399 6.0201072868961045
      vertex 5.119603353552149 -6.795136715375212 5.938396169596851
      vertex 5.212017491822666 -6.775963689053379 5.9482056524778635
    endloop
  endfacet
  facet normal -2.3172458651836857e-16 -0.4554768182719981 0.8902476442073954
    outer loop
      vertex -5.578946252317434 -6.635429071071399 6.0201072868961045
      vertex 5.212017491822666 -6.775963689053379 5.9482056524778635
      vertex 5.302605547294524 -6.751345799701178 5.960800887059692
    endloop
  endfacet
  facet normal 6.358623326003817e-17 -0.45547681827197606 0.8902476442074067
    outer loop
      vertex -5.578946252317434 -6.635429071071399 6.0201072868961045
      vertex 5.302605547294524 -6.751345799701178 5.960800887059692
      vertex 5.391205814957404 -6.72130818618529 5.976169011560466
    endloop
  endfacet
  facet normal 4.7625742241127417e-17 -0.45547681827197795 0.8902476442074058
    outer loop
      vertex -5.578946252317434 -6.635429071071399 6.0201072868961045
      vertex 5.391205814957404 -6.72130818618529 5.976169011560466
      vertex 5.477657389155606 -6.685881884125717 5.994294147246281
    endloop
  endfacet
  facet normal 1.8102022739803513e-17 -0.45547681827198294 0.8902476442074031
    outer loop
      vertex -5.578946252317434 -6.635429071071399 6.0201072868961045
      vertex 5.477657389155606 -6.685881884125717 5.994294147246281
      vertex 5.561800137647275 -6.645104010203071 6.015157304134181
    endloop
  endfacet
  facet normal 0 -0.45547681827199943 0.8902476442073947
    outer loop
      vertex -5.578946252317434 -6.635429071071399 6.0201072868961045
      vertex 5.561800137647275 -6.645104010203071 6.015157304134181
      vertex 5.578946252317433 -6.635429071071399 6.0201072868961045
    endloop
  endfacet
  facet normal -3.374980981757606e-17 -0.4289320053709665 0.9033367781555455
    outer loop
      vertex -5.644004406963975 -6.599425913233972 6.037202690365037
      vertex 5.578946252317433 -6.635429071071399 6.0201072868961045
      vertex 5.644004406963975 -6.599425913233973 6.037202690365037
    endloop
  endfacet
  facet normal 0 -0.4289320053709465 0.903336778155555
    outer loop
      vertex -5.723774654699166 -6.548672511432402 6.061301962021611
      vertex 5.644004406963975 -6.599425913233973 6.037202690365037
      vertex 5.723774654699166 -6.548672511432402 6.061301962021611
    endloop
  endfacet
  facet normal -2.6236679322451605e-17 -0.4289320053709543 0.9033367781555512
    outer loop
      vertex -6.217803852896208 -6.019060992313805 6.312777753173314
      vertex 5.723774654699166 -6.548672511432402 6.061301962021611
      vertex 5.800805868811497 -6.492798640261216 6.0878325895669985
    endloop
  endfacet
  facet normal 2.7920520796552445e-16 -0.4289320053709481 0.9033367781555541
    outer loop
      vertex -6.217803852896208 -6.019060992313805 6.312777753173314
      vertex 5.800805868811497 -6.492798640261216 6.0878325895669985
      vertex 5.874937867580344 -6.431873491777916 6.1167617184903476
    endloop
  endfacet
  facet normal -3.486866728885358e-16 -0.4289320053709635 0.9033367781555469
    outer loop
      vertex -6.217803852896208 -6.019060992313805 6.312777753173314
      vertex 5.874937867580344 -6.431873491777916 6.1167617184903476
      vertex 5.9460118892230724 -6.3659740525450825 6.148052793210759
    endloop
  endfacet
  facet normal 3.329088953451581e-16 -0.4289320053709435 0.9033367781555565
    outer loop
      vertex -6.217803852896208 -6.019060992313805 6.312777753173314
      vertex 5.9460118892230724 -6.3659740525450825 6.148052793210759
      vertex 6.013870752298719 -6.295185412073064 6.181665410619233
    endloop
  endfacet
  facet normal -5.697986587968497e-17 -0.42893200537095794 0.9033367781555495
    outer loop
      vertex -6.217803852896208 -6.019060992313805 6.312777753173314
      vertex 6.013870752298719 -6.295185412073064 6.181665410619233
      vertex 6.078359048594427 -6.219601088721382 6.217555165330693
    endloop
  endfacet
  facet normal -1.1770954629881807e-16 -0.42893200537096093 0.9033367781555482
    outer loop
      vertex -6.217803852896208 -6.019060992313805 6.312777753173314
      vertex 6.078359048594427 -6.219601088721382 6.217555165330693
      vertex 6.139323370379008 -6.139323370379008 6.25567348791854
    endloop
  endfacet
  facet normal 6.19103373948946e-17 -0.4289320053709459 0.9033367781555554
    outer loop
      vertex -6.217803852896208 -6.019060992313805 6.312777753173314
      vertex 6.139323370379008 -6.139323370379008 6.25567348791854
      vertex 6.196612573789082 -6.054463666905381 6.2959674775648455
    endloop
  endfacet
  facet normal 0 -0.42893200537096354 0.9033367781555468
    outer loop
      vertex -6.217803852896208 -6.019060992313805 6.312777753173314
      vertex 6.196612573789082 -6.054463666905381 6.2959674775648455
      vertex 6.217803852896208 -6.019060992313805 6.312777753173314
    endloop
  endfacet
  facet normal 2.860271986161481e-17 -0.40259307480265316 0.9153790559767824
    outer loop
      vertex -6.2507076720403765 -5.965822997364835 6.33619236807289
      vertex 6.217803852896208 -6.019060992313805 6.312777753173314
      vertex 6.2507076720403765 -5.9658229973648345 6.33619236807289
    endloop
  endfacet
  facet normal -2.8288383443158945e-16 -0.40259307480266626 0.9153790559767766
    outer loop
      vertex -6.481035785643039 -5.388192468418251 6.590240184909101
      vertex 6.2507076720403765 -5.9658229973648345 6.33619236807289
      vertex 6.301272806062994 -5.87339804223708 6.376841809012606
    endloop
  endfacet
  facet normal 9.007829984733562e-17 -0.40259307480265766 0.9153790559767805
    outer loop
      vertex -6.481035785643039 -5.388192468418251 6.590240184909101
      vertex 6.301272806062994 -5.87339804223708 6.376841809012606
      vertex 6.347745852165509 -5.776899325463107 6.419282932006281
    endloop
  endfacet
  facet normal -1.740842844085821e-16 -0.40259307480266526 0.9153790559767772
    outer loop
      vertex -6.481035785643039 -5.388192468418251 6.590240184909101
      vertex 6.347745852165509 -5.776899325463107 6.419282932006281
      vertex 6.38998861908444 -5.676484066600458 6.463446590283869
    endloop
  endfacet
  facet normal 1.5082715874108562e-17 -0.40259307480265805 0.9153790559767803
    outer loop
      vertex -6.481035785643039 -5.388192468418251 6.590240184909101
      vertex 6.38998861908444 -5.676484066600458 6.463446590283869
      vertex 6.427867566869039 -5.57232015539132 6.509258944218939
    endloop
  endfacet
  facet normal -4.0190097054667814e-18 -0.4025930748026593 0.9153790559767797
    outer loop
      vertex -6.481035785643039 -5.388192468418251 6.590240184909101
      vertex 6.427867566869039 -5.57232015539132 6.509258944218939
      vertex 6.461254303027387 -5.4645864064634795 6.556641349308593
    endloop
  endfacet
  facet normal 0 -0.4025930748026587 0.9153790559767799
    outer loop
      vertex -6.481035785643039 -5.388192468418251 6.590240184909101
      vertex 6.461254303027387 -5.4645864064634795 6.556641349308593
      vertex 6.481035785643039 -5.388192468418251 6.590240184909101
    endloop
  endfacet
  facet normal 0 -0.3764045252735232 0.9264554135810388
    outer loop
      vertex -6.490383058813714 -5.353952298288343 6.60415143718752
      vertex 6.481035785643039 -5.388192468418251 6.590240184909101
      vertex 6.490383058813714 -5.353952298288343 6.60415143718752
    endloop
  endfacet
  facet normal -3.284760103552938e-16 -0.3764045252735359 0.9264554135810337
    outer loop
      vertex -6.567228493054054 -4.744343316916356 6.8518261508025775
      vertex 6.490383058813714 -5.353952298288343 6.60415143718752
      vertex 6.515586824441372 -5.241290762874547 6.649924078949204
    endloop
  endfacet
  facet normal 2.1750658729806885e-16 -0.37640452527352364 0.9264554135810386
    outer loop
      vertex -6.567228493054054 -4.744343316916356 6.8518261508025775
      vertex 6.515586824441372 -5.241290762874547 6.649924078949204
      vertex 6.535965714036456 -5.125788922696691 6.696850692667525
    endloop
  endfacet
  facet normal 7.462721692626532e-17 -0.37640452527352786 0.926455413581037
    outer loop
      vertex -6.567228493054054 -4.744343316916356 6.8518261508025775
      vertex 6.535965714036456 -5.125788922696691 6.696850692667525
      vertex 6.551420170810291 -5.00767396264993 6.744838976628492
    endloop
  endfacet
  facet normal -4.4550385086763066e-17 -0.3764045252735329 0.9264554135810349
    outer loop
      vertex -6.567228493054054 -4.744343316916356 6.8518261508025775
      vertex 6.551420170810291 -5.00767396264993 6.744838976628492
      vertex 6.561859111318066 -4.887184071663495 6.793792158349031
    endloop
  endfacet
  facet normal -3.194746128628031e-17 -0.37640452527353196 0.9264554135810353
    outer loop
      vertex -6.567228493054054 -4.744343316916356 6.8518261508025775
      vertex 6.561859111318066 -4.887184071663495 6.793792158349031
      vertex 6.56720057624871 -4.764568385195788 6.84360901794033
    endloop
  endfacet
  facet normal 0 -0.37640452527351415 0.9264554135810424
    outer loop
      vertex -6.567228493054054 -4.744343316916356 6.8518261508025775
      vertex 6.56720057624871 -4.764568385195788 6.84360901794033
      vertex 6.567228493054054 -4.744343316916356 6.8518261508025775
    endloop
  endfacet
  facet normal -1.0110811096510879e-16 -0.3503085238029744 0.9366343673766092
    outer loop
      vertex -6.52703613316258 -4.089064626808615 7.096905467349681
      vertex 6.567228493054054 -4.744343316916356 6.8518261508025775
      vertex 6.568364981663858 -4.641671226802293 6.890226309473204
    endloop
  endfacet
  facet normal -4.32849977516115e-17 -0.3503085238029733 0.9366343673766097
    outer loop
      vertex -6.52703613316258 -4.089064626808615 7.096905467349681
      vertex 6.568364981663858 -4.641671226802293 6.890226309473204
      vertex 6.564508411893465 -4.5175946439076125 6.936631914591125
    endloop
  endfacet
  facet normal 6.397275129283332e-17 -0.3503085238029706 0.9366343673766108
    outer loop
      vertex -6.52703613316258 -4.089064626808615 7.096905467349681
      vertex 6.564508411893465 -4.5175946439076125 6.936631914591125
      vertex 6.555390932722205 -4.392318221203674 6.983486269111182
    endloop
  endfacet
  facet normal 0 -0.35030852380297295 0.9366343673766098
    outer loop
      vertex -6.52703613316258 -4.089064626808615 7.096905467349681
      vertex 6.555390932722205 -4.392318221203674 6.983486269111182
      vertex 6.52703613316258 -4.089064626808615 7.096905467349681
    endloop
  endfacet
  facet normal 0 -0.27196716915628105 0.962306530634142
    outer loop
      vertex -6.417456582355869 -2.75055685753271 7.5352236705765225
      vertex 6.417456582355869 -2.75055685753271 7.5352236705765225
      vertex 0.26954713590629165 -2.7367579983485415 7.539123505556788
    endloop
  endfacet
  facet normal 2.7299207277807164e-16 -0.2719671691562713 0.9623065306341446
    outer loop
      vertex 0.4035088047522448 -2.720235402403148 7.543793123296386
      vertex 0.7982828624497714 -2.6315859232635743 7.568847248069789
      vertex -0.1920919721350106 -2.6041273303455172 7.576607598381469
    endloop
  endfacet
  facet normal -7.700720422919105e-16 -0.2719671691562765 0.9623065306341433
    outer loop
      vertex -1.2360587666023846 -2.4556270165237226 7.618576772114828
      vertex 0.7982828624497714 -2.6315859232635743 7.568847248069789
      vertex 0.9264470968286052 -2.589246179253307 7.580813310810406
    endloop
  endfacet
  facet normal 1.8800828180963615e-16 -0.2719671691562714 0.9623065306341447
    outer loop
      vertex -0.5201092293109126 -2.3608745088283865 7.645355735436814
      vertex 1.2012299323831206 -2.4731583784030224 7.6136220568448145
      vertex 1.4137825465313598 -2.358753677500748 7.645955125001442
    endloop
  endfacet
  facet normal 0 -0.2719671691562719 0.9623065306341445
    outer loop
      vertex 6.369410847421864 -2.070552360820166 7.7274066103125465
      vertex -1.8086042605574846 -2.070552360820166 7.7274066103125465
      vertex 1.6381730873541918 -2.2088207115717737 7.68832919501844
    endloop
  endfacet
  facet normal -4.783397204290128e-18 -0.21905131513062756 0.9757133397363913
    outer loop
      vertex -0.735 -1.3855597221114386 7.900973550683448
      vertex 2.4252834769579765 -1.2963410262714936 7.921003483515215
      vertex -0.735 -1.0002303581964678 7.987481442383306
    endloop
  endfacet
  facet normal -4.4722932583156666e-18 -0.24562278783240357 0.9693654863349725
    outer loop
      vertex 2.2088207115717737 -1.6381730873541918 7.836965083403224
      vertex 0.735 -1.3855597221114386 7.900973550683448
      vertex -0.735 -1.3855597221114386 7.900973550683448
    endloop
  endfacet
  facet normal 1.0908561706096038e-16 -0.2190513151306264 0.9757133397363915
    outer loop
      vertex -0.735 -1.0002303581964678 7.987481442383306
      vertex 2.4252834769579765 -1.2963410262714936 7.921003483515215
      vertex 0.735 -0.6972291486714466 8.055506353727203
    endloop
  endfacet
  facet normal 0 -0.19218197322916505 0.9813593068625499
    outer loop
      vertex 0.735 -0.6972291486714466 8.055506353727203
      vertex 6.2873859115682 -0.6972291486714466 8.055506353727203
      vertex -6.253604315903549 -0.007218889142243976 8.190632736385806
    endloop
  endfacet
  facet normal 0 -0.24562278783241304 0.9693654863349703
    outer loop
      vertex -1.8086042605574846 -2.070552360820166 7.7274066103125465
      vertex 6.369410847421864 -2.070552360820166 7.7274066103125465
      vertex -0.735 -2.05 7.732614272677619
    endloop
  endfacet
  facet normal 3.0351755803024386e-17 -0.24562278783240313 0.9693654863349728
    outer loop
      vertex 6.369410847421864 -2.070552360820166 7.7274066103125465
      vertex -0.735 -1.3855597221114386 7.900973550683448
      vertex -0.735 -2.05 7.732614272677619
    endloop
  endfacet
  facet normal 0 -0.32424518246539785 0.945973076597839
    outer loop
      vertex -6.470040570747392 -3.4239350218551317 7.324887717010435
      vertex 6.52703613316258 -4.089064626808615 7.096905467349681
      vertex 6.470040570747392 -3.4239350218551317 7.324887717010435
    endloop
  endfacet
  facet normal 0 -0.2981526662326831 0.9545181965883848
    outer loop
      vertex -6.417456582355869 -2.75055685753271 7.5352236705765225
      vertex 6.470040570747392 -3.4239350218551317 7.324887717010435
      vertex 6.417456582355869 -2.75055685753271 7.5352236705765225
    endloop
  endfacet
  facet normal 9.960139104182893e-17 -0.2719671691562399 0.9623065306341536
    outer loop
      vertex 6.417456582355869 -2.75055685753271 7.5352236705765225
      vertex 0.4035088047522448 -2.720235402403148 7.543793123296386
      vertex 0.26954713590629165 -2.7367579983485415 7.539123505556788
    endloop
  endfacet
  facet normal -6.323625950027244e-17 -0.2719671691562699 0.9623065306341451
    outer loop
      vertex 6.417456582355869 -2.75055685753271 7.5352236705765225
      vertex 0.7982828624497714 -2.6315859232635743 7.568847248069789
      vertex 0.4035088047522448 -2.720235402403148 7.543793123296386
    endloop
  endfacet
  facet normal -2.493106210511129e-16 -0.271967169156278 0.9623065306341426
    outer loop
      vertex 6.417456582355869 -2.75055685753271 7.5352236705765225
      vertex 0.9264470968286052 -2.589246179253307 7.580813310810406
      vertex 0.7982828624497714 -2.6315859232635743 7.568847248069789
    endloop
  endfacet
  facet normal 2.967986763475519e-16 -0.27196716915626085 0.9623065306341477
    outer loop
      vertex 6.417456582355869 -2.75055685753271 7.5352236705765225
      vertex 1.0523794390039969 -2.5406687144060385 7.594542278845771
      vertex 0.9264470968286052 -2.589246179253307 7.580813310810406
    endloop
  endfacet
  facet normal -5.0792508597825144e-17 -0.271967169156269 0.9623065306341453
    outer loop
      vertex 6.417456582355869 -2.75055685753271 7.5352236705765225
      vertex 1.1757765069332757 -2.485970556089469 7.610001077889373
      vertex 1.0523794390039969 -2.5406687144060385 7.594542278845771
    endloop
  endfacet
  facet normal -1.4992828451452284e-15 -0.27196716915629504 0.962306530634138
    outer loop
      vertex 6.417456582355869 -2.75055685753271 7.5352236705765225
      vertex 1.2012299323831206 -2.4731583784030224 7.6136220568448145
      vertex 1.1757765069332757 -2.485970556089469 7.610001077889373
    endloop
  endfacet
  facet normal -8.12404794789919e-17 -0.2719671691562709 0.9623065306341447
    outer loop
      vertex 6.417456582355869 -2.75055685753271 7.5352236705765225
      vertex 1.4137825465313598 -2.358753677500748 7.645955125001442
      vertex 1.2012299323831206 -2.4731583784030224 7.6136220568448145
    endloop
  endfacet
  facet normal 6.89624017028959e-16 -0.2719671691562616 0.9623065306341475
    outer loop
      vertex 6.417456582355869 -2.75055685753271 7.5352236705765225
      vertex 1.527818140803906 -2.2865414338319994 7.666363756621212
      vertex 1.4137825465313598 -2.358753677500748 7.645955125001442
    endloop
  endfacet
  facet normal -3.6893402767438346e-17 -0.2719671691562689 0.9623065306341454
    outer loop
      vertex 6.417456582355869 -2.75055685753271 7.5352236705765225
      vertex 1.6381730873541918 -2.2088207115717737 7.68832919501844
      vertex 1.527818140803906 -2.2865414338319994 7.666363756621212
    endloop
  endfacet
  facet normal 0 0 0
    outer loop
      vertex 6.3260191123291385 -1.3855597221114386 7.900973550683448
      vertex -0.735 -1.3855597221114386 7.900973550683448
      vertex 0.735 -1.3855597221114386 7.900973550683448
    endloop
  endfacet
  facet normal 1.1255024742008568e-16 -0.24562278783240246 0.969365486334973
    outer loop
      vertex 6.369410847421864 -2.070552360820166 7.7274066103125465
      vertex 2.2088207115717737 -1.6381730873541918 7.836965083403224
      vertex -0.735 -1.3855597221114386 7.900973550683448
    endloop
  endfacet
  facet normal 0 -0.21905131513062773 0.9757133397363913
    outer loop
      vertex 6.3260191123291385 -1.3855597221114386 7.900973550683448
      vertex 2.4252834769579765 -1.2963410262714936 7.921003483515215
      vertex -0.735 -1.3855597221114386 7.900973550683448
    endloop
  endfacet
  facet normal 0 -0.19218197322916503 0.9813593068625499
    outer loop
      vertex -6.253604315903549 -0.007218889142243976 8.190632736385806
      vertex 6.2873859115682 -0.6972291486714466 8.055506353727203
      vertex 6.253604315903549 -0.007218889142243976 8.190632736385806
    endloop
  endfacet
  facet normal 3.580930540889529e-16 -0.2456227878324002 0.9693654863349734
    outer loop
      vertex 6.369410847421864 -2.070552360820166 7.7274066103125465
      vertex 2.2865414338319994 -1.527818140803906 7.864927384521721
      vertex 2.2088207115717737 -1.6381730873541918 7.836965083403224
    endloop
  endfacet
  facet normal 0 -0.24562278783239547 0.9693654863349748
    outer loop
      vertex 6.3260191123291385 -1.3855597221114386 7.900973550683448
      vertex 0.735 -1.3855597221114386 7.900973550683448
      vertex 2.358753677500748 -1.4137825465313598 7.893822306996472
    endloop
  endfacet
  facet normal -8.376224153912216e-16 -0.24562278783240862 0.9693654863349713
    outer loop
      vertex 6.369410847421864 -2.070552360820166 7.7274066103125465
      vertex 2.358753677500748 -1.4137825465313598 7.893822306996472
      vertex 2.2865414338319994 -1.527818140803906 7.864927384521721
    endloop
  endfacet
  facet normal 1.036771129156149e-16 -0.21905131513062343 0.9757133397363922
    outer loop
      vertex 6.3260191123291385 -1.3855597221114386 7.900973550683448
      vertex 2.485970556089469 -1.1757765069332757 7.948070671636537
      vertex 2.4252834769579765 -1.2963410262714936 7.921003483515215
    endloop
  endfacet
  facet normal -5.524522852109788e-17 -0.2190513151306262 0.9757133397363916
    outer loop
      vertex 6.3260191123291385 -1.3855597221114386 7.900973550683448
      vertex 2.5406687144060385 -1.0523794390039969 7.975773777571805
      vertex 2.485970556089469 -1.1757765069332757 7.948070671636537
    endloop
  endfacet
  facet normal 0 -0.21905131513062798 0.9757133397363911
    outer loop
      vertex 6.2873859115682 -0.6972291486714466 8.055506353727203
      vertex 0.735 -0.6972291486714466 8.055506353727203
      vertex 2.5406687144060385 -1.0523794390039969 7.975773777571805
    endloop
  endfacet
  facet normal -8.320772599712111e-17 -0.27196716915626923 0.9623065306341452
    outer loop
      vertex 6.417456582355869 -2.75055685753271 7.5352236705765225
      vertex 6.369410847421864 -2.070552360820166 7.7274066103125465
      vertex 1.6381730873541918 -2.2088207115717737 7.68832919501844
    endloop
  endfacet
  facet normal 5.967199414330077e-17 -0.24562278783240346 0.9693654863349728
    outer loop
      vertex 6.369410847421864 -2.070552360820166 7.7274066103125465
      vertex 6.3260191123291385 -1.3855597221114386 7.900973550683448
      vertex 2.358753677500748 -1.4137825465313598 7.893822306996472
    endloop
  endfacet
  facet normal -1.161052670034288e-16 -0.21905131513062684 0.9757133397363915
    outer loop
      vertex 6.3260191123291385 -1.3855597221114386 7.900973550683448
      vertex 6.2873859115682 -0.6972291486714466 8.055506353727203
      vertex 2.5406687144060385 -1.0523794390039969 7.975773777571805
    endloop
  endfacet
  facet normal 3.2781739905055393e-16 -0.1090336978215935 0.994038053969439
    outer loop
      vertex 2.073436920877728 1.5995399191277382 8.426458656546208
      vertex 0.735 2.05 8.475868564086857
      vertex -1.8251605008997367 2.056270849685071 8.476556398850242
    endloop
  endfacet
  facet normal 0 -0.13725182580422166 0.9905361862715606
    outer loop
      vertex 6.224755708158061 0.6828087613232018 8.306027167367755
      vertex 6.2009095871546345 1.371191465675636 8.401411651381464
      vertex -6.224755708158061 0.6828087613232018 8.306027167367755
    endloop
  endfacet
  facet normal -1.3048262447665536e-15 -0.10903369782157717 0.9940380539694409
    outer loop
      vertex -0.735 1.371191465675636 8.401411651381464
      vertex 2.242621287655883 1.5901799568395052 8.42543198428182
      vertex 2.073436920877728 1.5995399191277382 8.426458656546208
    endloop
  endfacet
  facet normal 0 -0.10903369782172531 0.9940380539694246
    outer loop
      vertex 6.1821234002874395 2.056270849685071 8.476556398850242
      vertex -1.8251605008997367 2.056270849685071 8.476556398850242
      vertex 0.735 2.05 8.475868564086857
    endloop
  endfacet
  facet normal -4.779197952504031e-16 -0.08020237593033541 0.9967786007409715
    outer loop
      vertex -6.1684424051261155 2.736396497109559 8.53128037949554
      vertex 6.1821234002874395 2.056270849685071 8.476556398850242
      vertex 1.2963410262714936 2.4252834769579765 8.506247735957178
    endloop
  endfacet
  facet normal 3.3503103331114507e-19 -0.08020237593032524 0.9967786007409724
    outer loop
      vertex 6.1684424051261155 2.736396497109559 8.53128037949554
      vertex -1.0523794390039969 2.5406687144060385 8.515531813869504
      vertex 1.0523794390039969 2.5406687144060385 8.515531813869504
    endloop
  endfacet
  facet normal 0 -0.05066932664525508 0.9987154846788531
    outer loop
      vertex -6.159899560386319 3.409929925692485 8.565451758454724
      vertex 6.1684424051261155 2.736396497109559 8.53128037949554
      vertex 6.159899560386319 3.409929925692485 8.565451758454724
    endloop
  endfacet
  facet normal 9.000600147657493e-17 -0.020341614371092127 0.9997930879560919
    outer loop
      vertex -6.13129637255708 4.07524853440983 8.578988213882825
      vertex 6.159899560386319 3.409929925692485 8.565451758454724
      vertex 6.1582692554298815 3.730448759049803 8.571972978280474
    endloop
  endfacet
  facet normal -6.511455914191674e-17 -0.02034161437109765 0.9997930879560918
    outer loop
      vertex -6.13129637255708 4.07524853440983 8.578988213882825
      vertex 6.1582692554298815 3.730448759049803 8.571972978280474
      vertex 6.154743414377789 3.8485943517811485 8.574376747736311
    endloop
  endfacet
  facet normal -3.2514943161248233e-17 -0.020341614371095884 0.9997930879560918
    outer loop
      vertex -6.13129637255708 4.07524853440983 8.578988213882825
      vertex 6.154743414377789 3.8485943517811485 8.574376747736311
      vertex 6.145374147241689 3.9664941787697523 8.57677551688556
    endloop
  endfacet
  facet normal 0 -0.02034161437109222 0.999793087956092
    outer loop
      vertex -6.13129637255708 4.07524853440983 8.578988213882825
      vertex 6.145374147241689 3.9664941787697523 8.57677551688556
      vertex 6.13129637255708 4.07524853440983 8.578988213882825
    endloop
  endfacet
  facet normal 0 -0.1649411029127025 0.9863034181071975
    outer loop
      vertex -6.224755708158061 0.6828087613232018 8.306027167367755
      vertex 6.253604315903549 -0.007218889142243976 8.190632736385806
      vertex 6.224755708158061 0.6828087613232018 8.306027167367755
    endloop
  endfacet
  facet normal 0 -0.1090336978215948 0.9940380539694389
    outer loop
      vertex 6.2009095871546345 1.371191465675636 8.401411651381464
      vertex 2.242621287655883 1.5901799568395052 8.42543198428182
      vertex -0.735 1.371191465675636 8.401411651381464
    endloop
  endfacet
  facet normal -1.5210936276043112e-16 -0.10903369782159475 0.9940380539694389
    outer loop
      vertex 6.1821234002874395 2.056270849685071 8.476556398850242
      vertex 0.735 2.05 8.475868564086857
      vertex 2.125778746747527 1.744581531450025 8.442367930106062
    endloop
  endfacet
  facet normal -7.731588938464038e-19 -0.10903369782159672 0.9940380539694387
    outer loop
      vertex 6.1821234002874395 2.056270849685071 8.476556398850242
      vertex 2.125778746747527 1.744581531450025 8.442367930106062
      vertex 2.2088207115717737 1.6381730873541918 8.43069623796824
    endloop
  endfacet
  facet normal -1.2223342854721823e-15 -0.10903369782158517 0.99403805396944
    outer loop
      vertex 6.1821234002874395 2.056270849685071 8.476556398850242
      vertex 2.2088207115717737 1.6381730873541918 8.43069623796824
      vertex 2.242621287655883 1.5901799568395052 8.42543198428182
    endloop
  endfacet
  facet normal 7.965081274618972e-16 -0.08020237593034597 0.9967786007409707
    outer loop
      vertex 6.1684424051261155 2.736396497109559 8.53128037949554
      vertex 1.0523794390039969 2.5406687144060385 8.515531813869504
      vertex 1.1757765069332757 2.485970556089469 8.511130713913364
    endloop
  endfacet
  facet normal -1.4521445737517453e-15 -0.08020237593030145 0.9967786007409742
    outer loop
      vertex 6.1684424051261155 2.736396497109559 8.53128037949554
      vertex 1.1757765069332757 2.485970556089469 8.511130713913364
      vertex 1.2963410262714936 2.4252834769579765 8.506247735957178
    endloop
  endfacet
  facet normal 4.940961203820736e-16 0.010878178536439428 0.9999408308653714
    outer loop
      vertex -5.973288677628088 4.659302033350338 8.57263439969684
      vertex 6.110192033433917 4.201927533787015 8.577610095568717
      vertex 6.084397065156475 4.318718447640428 8.576339547979185
    endloop
  endfacet
  facet normal -1.0902779281316323e-16 0.010878178536418075 0.9999408308653717
    outer loop
      vertex -5.973288677628088 4.659302033350338 8.57263439969684
      vertex 6.084397065156475 4.318718447640428 8.576339547979185
      vertex 6.0529278456007685 4.434061827454934 8.575084747855131
    endloop
  endfacet
  facet normal 0 0.01087817853641947 0.9999408308653716
    outer loop
      vertex -5.973288677628088 4.659302033350338 8.57263439969684
      vertex 6.015861531398087 4.547680614682952 8.573848709267239
      vertex 5.973288677628089 4.659302033350338 8.57263439969684
    endloop
  endfacet
  facet normal 8.194517961432361e-17 0.01087817853642827 0.9999408308653716
    outer loop
      vertex -5.973288677628088 4.659302033350338 8.57263439969684
      vertex 6.0529278456007685 4.434061827454934 8.575084747855131
      vertex 6.015861531398087 4.547680614682952 8.573848709267239
    endloop
  endfacet
  facet normal 0 0.01087817853643406 0.9999408308653716
    outer loop
      vertex -5.941943947892721 4.730749512458169 8.571857135273063
      vertex 5.973288677628089 4.659302033350338 8.57263439969684
      vertex 5.941943947892721 4.730749512458169 8.571857135273063
    endloop
  endfacet
  facet normal 7.822703225670753e-17 0.043091828978280046 0.9990711157246548
    outer loop
      vertex -5.6140069022307575 5.278017310035742 8.548252438903248
      vertex 5.75338002231751 5.084252298742003 8.556609890737482
      vertex 5.686040721801192 5.18292651569815 8.552353884918961
    endloop
  endfacet
  facet normal 4.330665473202488e-16 0.04309182897829298 0.9990711157246542
    outer loop
      vertex -5.6140069022307575 5.278017310035742 8.548252438903248
      vertex 5.925643159375956 4.7690869453510025 8.570203569199856
      vertex 5.873328708762075 4.8770886364754436 8.565545251758735
    endloop
  endfacet
  facet normal -9.361163284533819e-17 0.043091828978277916 0.9990711157246549
    outer loop
      vertex -5.6140069022307575 5.278017310035742 8.548252438903248
      vertex 5.873328708762075 4.8770886364754436 8.565545251758735
      vertex 5.815860429503693 4.98222634335661 8.561010463381027
    endloop
  endfacet
  facet normal 3.0375012927062106e-16 0.04309182897829324 0.9990711157246542
    outer loop
      vertex -5.6140069022307575 5.278017310035742 8.548252438903248
      vertex 5.815860429503693 4.98222634335661 8.561010463381027
      vertex 5.75338002231751 5.084252298742003 8.556609890737482
    endloop
  endfacet
  facet normal 5.089254277852232e-16 0.1109266404398446 0.9938285971135713
    outer loop
      vertex -4.65400617271675 6.006009395328137 8.495710842024963
      vertex 4.123134468536947 6.155393336120028 8.479037284093705
      vertex 3.7704210964919813 6.182252657895188 8.476039368419247
    endloop
  endfacet
  facet normal -1.0966133585533069e-15 0.11092664043993775 0.9938285971135611
    outer loop
      vertex -4.65400617271675 6.006009395328137 8.495710842024963
      vertex 4.238901256079643 6.134562195823262 8.48136236149273
      vertex 4.123134468536947 6.155393336120028 8.479037284093705
    endloop
  endfacet
  facet normal 2.946145700097343e-17 0.11092664043986078 0.9938285971135696
    outer loop
      vertex -4.65400617271675 6.006009395328137 8.495710842024963
      vertex 4.353324701621247 6.1078556482682504 8.484343225201652
      vertex 4.238901256079643 6.134562195823262 8.48136236149273
    endloop
  endfacet
  facet normal 3.065817890679566e-17 0.11092664043986074 0.9938285971135695
    outer loop
      vertex -4.65400617271675 6.006009395328137 8.495710842024963
      vertex 4.466143671069052 6.075330821371777 8.487973498861509
      vertex 4.353324701621247 6.1078556482682504 8.484343225201652
    endloop
  endfacet
  facet normal -6.135286960361597e-17 0.11092664043987265 0.9938285971135682
    outer loop
      vertex -4.65400617271675 6.006009395328137 8.495710842024963
      vertex 4.5771001036887995 6.037057390199983 8.492245405657433
      vertex 4.466143671069052 6.075330821371777 8.487973498861509
    endloop
  endfacet
  facet normal 0 0.11092664043985466 0.9938285971135702
    outer loop
      vertex -4.65400617271675 6.006009395328137 8.495710842024963
      vertex 4.654006172716751 6.006009395328137 8.495710842024963
      vertex 4.5771001036887995 6.037057390199983 8.492245405657433
    endloop
  endfacet
  facet normal 1.5806061876763448e-16 0.043091828978289504 0.9990711157246545
    outer loop
      vertex -5.6140069022307575 5.278017310035742 8.548252438903248
      vertex 5.686040721801192 5.18292651569815 8.552353884918961
      vertex 5.614006902230758 5.278017310035742 8.548252438903246
    endloop
  endfacet
  facet normal 0 0.04309182897842816 0.9990711157246485
    outer loop
      vertex -5.532307495943617 5.374853700566278 8.544075702018416
      vertex 5.537453661938385 5.3693018006954985 8.544315165972455
      vertex 5.532307495943617 5.374853700566278 8.544075702018416
    endloop
  endfacet
  facet normal 0 0.043091828978264794 0.9990711157246555
    outer loop
      vertex -5.537453661938385 5.3693018006954985 8.544315165972455
      vertex 5.614006902230758 5.278017310035742 8.548252438903246
      vertex 5.537453661938385 5.3693018006954985 8.544315165972455
    endloop
  endfacet
  facet normal -4.932856087330203e-16 0.07640505064192293 0.9970768617495872
    outer loop
      vertex -4.897687843232549 5.8897592938005765 8.504618976628306
      vertex 5.373260741458201 5.541262354765468 8.531323965277641
      vertex 5.285172017858725 5.620630005328882 8.52524209777749
    endloop
  endfacet
  facet normal -6.7711226342477155e-18 0.07640505064194357 0.9970768617495854
    outer loop
      vertex -4.999376379823733 5.830042942795886 8.50919498375243
      vertex 5.532307495943617 5.374853700566278 8.544075702018416
      vertex 5.457403455277808 5.457403455277808 8.537749992906937
    endloop
  endfacet
  facet normal 9.66513531371895e-16 0.07640505064196569 0.9970768617495838
    outer loop
      vertex -4.897687843232549 5.8897592938005765 8.504618976628306
      vertex 5.457403455277808 5.457403455277808 8.537749992906937
      vertex 5.373260741458201 5.541262354765468 8.531323965277641
    endloop
  endfacet
  facet normal 0 0.07640505064193574 0.9970768617495861
    outer loop
      vertex -4.897687843232549 5.8897592938005765 8.504618976628306
      vertex 4.999376379823734 5.830042942795886 8.50919498375243
      vertex 4.897687843232548 5.8897592938005765 8.504618976628306
    endloop
  endfacet
  facet normal 0 0.07640505064195524 0.9970768617495847
    outer loop
      vertex -4.793181263141566 5.944198436308397 8.500447356967094
      vertex 4.897687843232548 5.8897592938005765 8.504618976628306
      vertex 4.793181263141567 5.944198436308397 8.500447356967094
    endloop
  endfacet
  facet normal 3.712819731337572e-17 0.07640505064194186 0.9970768617495855
    outer loop
      vertex -4.897687843232549 5.8897592938005765 8.504618976628306
      vertex 5.098007448930405 5.765183424253869 8.51416510690835
      vertex 4.999376379823734 5.830042942795886 8.50919498375243
    endloop
  endfacet
  facet normal 2.5325692451324285e-16 0.0764050506419591 0.9970768617495842
    outer loop
      vertex -4.897687843232549 5.8897592938005765 8.504618976628306
      vertex 5.193348029049193 5.695326621557643 8.519518167191311
      vertex 5.098007448930405 5.765183424253869 8.51416510690835
    endloop
  endfacet
  facet normal 0 0.07640505064191118 0.997076861749588
    outer loop
      vertex -4.65400617271675 6.006009395328137 8.495710842024963
      vertex 4.686101942660003 5.9932384037273785 8.496689470952617
      vertex 4.654006172716751 6.006009395328137 8.495710842024963
    endloop
  endfacet
  facet normal 0 0.07640505064194471 0.9970768617495854
    outer loop
      vertex -4.686101942660003 5.9932384037273785 8.496689470952617
      vertex 4.793181263141567 5.944198436308397 8.500447356967094
      vertex 4.686101942660003 5.9932384037273785 8.496689470952617
    endloop
  endfacet
  facet normal -3.2652760223692844e-16 0.07640505064192916 0.9970768617495867
    outer loop
      vertex -4.897687843232549 5.8897592938005765 8.504618976628306
      vertex 5.285172017858725 5.620630005328882 8.52524209777749
      vertex 5.193348029049193 5.695326621557643 8.519518167191311
    endloop
  endfacet
  facet normal -2.8116095475267176e-15 0.010878178536366068 0.9999408308653721
    outer loop
      vertex -5.973288677628088 4.659302033350338 8.57263439969684
      vertex 6.13129637255708 4.07524853440983 8.578988213882825
      vertex 6.13024919102617 4.0839697674414746 8.578893337139075
    endloop
  endfacet
  facet normal -2.1768270777285252e-16 0.010878178536420624 0.9999408308653717
    outer loop
      vertex -5.973288677628088 4.659302033350338 8.57263439969684
      vertex 6.13024919102617 4.0839697674414746 8.578893337139075
      vertex 6.110192033433917 4.201927533787015 8.577610095568717
    endloop
  endfacet
  facet normal -1.1143621182051606e-15 0.04309182897825798 0.9990711157246558
    outer loop
      vertex -5.6140069022307575 5.278017310035742 8.548252438903248
      vertex 5.941943947892721 4.730749512458169 8.571857135273063
      vertex 5.925643159375956 4.7690869453510025 8.570203569199856
    endloop
  endfacet
  facet normal 1.8794907118401671e-16 0.11092664043969779 0.9938285971135877
    outer loop
      vertex 3.7704210964919813 6.182252657895188 8.476039368419247
      vertex 4.006288051438271 6.170304561351582 8.477372960764125
      vertex 3.8886278000653993 6.179264040197844 8.476372944371567
    endloop
  endfacet
  facet normal 2.2038977121948043e-14 0.11092664044012387 0.9938285971135402
    outer loop
      vertex 3.7704210964919813 6.182252657895188 8.476039368419247
      vertex 4.123134468536947 6.155393336120028 8.479037284093705
      vertex 4.006288051438271 6.170304561351582 8.477372960764125
    endloop
  endfacet
  facet normal -2.361633597039655e-17 -0.10903369782159524 0.9940380539694389
    outer loop
      vertex 6.2009095871546345 1.371191465675636 8.401411651381464
      vertex 6.1821234002874395 2.056270849685071 8.476556398850242
      vertex 2.242621287655883 1.5901799568395052 8.42543198428182
    endloop
  endfacet
  facet normal 1.7825794620329395e-16 -0.08020237593032677 0.9967786007409722
    outer loop
      vertex 6.1821234002874395 2.056270849685071 8.476556398850242
      vertex 6.1684424051261155 2.736396497109559 8.53128037949554
      vertex 1.2963410262714936 2.4252834769579765 8.506247735957178
    endloop
  endfacet
  facet normal -0.817584813151585 -0.5758081914178433 8.89366559866544e-19
    outer loop
      vertex -2.2088207115717737 -1.6381730873541918 -0.3
      vertex -2.2865414338319994 -1.527818140803906 5.404999999999999
      vertex -2.2865414338319994 -1.527818140803906 -0.3
    endloop
  endfacet
  facet normal -0.7572088465064839 -0.6531728429537773 0
    outer loop
      vertex -2.125778746747527 -1.744581531450025 -0.3
      vertex -2.0376155947261374 -1.8467871258293007 -0.3
      vertex -2.125778746747527 -1.744581531450025 5.404999999999999
    endloop
  endfacet
  facet normal -0.7883464276266059 -0.6152315905806274 -4.397106166118348e-19
    outer loop
      vertex -2.125778746747527 -1.744581531450025 -0.3
      vertex -2.2088207115717737 -1.6381730873541918 5.404999999999999
      vertex -2.2088207115717737 -1.6381730873541918 -0.3
    endloop
  endfacet
  facet normal -0.844853565249707 -0.5349976198870973 0
    outer loop
      vertex -2.358753677500748 -1.4137825465313598 -0.3
      vertex -2.2865414338319994 -1.527818140803906 -0.3
      vertex -2.358753677500748 -1.4137825465313598 5.404999999999999
    endloop
  endfacet
  facet normal -0.8700869911087104 -0.492898192229786 6.893183887666575e-19
    outer loop
      vertex -2.358753677500748 -1.4137825465313598 -0.3
      vertex -2.4252834769579765 -1.2963410262714936 5.404999999999999
      vertex -2.4252834769579765 -1.2963410262714936 -0.3
    endloop
  endfacet
  facet normal -0.8932243011955161 -0.44961132965460504 3.0682033098684176e-19
    outer loop
      vertex -2.4252834769579765 -1.2963410262714936 -0.3
      vertex -2.485970556089469 -1.1757765069332757 5.404999999999999
      vertex -2.485970556089469 -1.1757765069332757 -0.3
    endloop
  endfacet
  facet normal -0.9142097557035308 -0.40524131400498936 0
    outer loop
      vertex -2.5406687144060385 -1.0523794390039969 -0.3
      vertex -2.485970556089469 -1.1757765069332757 -0.3
      vertex -2.5406687144060385 -1.0523794390039969 5.404999999999999
    endloop
  endfacet
  facet normal -0.9495281805930367 -0.3136817403988917 -1.768400595657261e-19
    outer loop
      vertex -2.589246179253307 -0.9264470968286052 -0.3
      vertex -2.6315859232635743 -0.7982828624497714 5.404999999999999
      vertex -2.6315859232635743 -0.7982828624497714 -0.3
    endloop
  endfacet
  facet normal -0.9637760657954394 -0.26671275747490036 -3.930916543903381e-20
    outer loop
      vertex -2.6315859232635743 -0.7982828624497714 -0.3
      vertex -2.6629355133716164 -0.6849999999999999 5.404999999999999
      vertex -2.6629355133716164 -0.6849999999999999 -0.3
    endloop
  endfacet
  facet normal -0.932992798834739 -0.35989503653498806 -2.621646733919818e-19
    outer loop
      vertex -2.5406687144060385 -1.0523794390039969 -0.3
      vertex -2.589246179253307 -0.9264470968286052 5.404999999999999
      vertex -2.589246179253307 -0.9264470968286052 -0.3
    endloop
  endfacet
  facet normal 0 0 -1
    outer loop
      vertex -0.7982828624497714 -2.6315859232635743 -0.3
      vertex -0.735 -2.05 -0.3
      vertex 0.735 -2.05 -0.3
    endloop
  endfacet
  facet normal 0 0 -1
    outer loop
      vertex -0.6681954947339757 -2.667585946284996 -0.3
      vertex 0.735 -2.05 -0.3
      vertex -0.5364983855443527 -2.6971595211088837 -0.3
    endloop
  endfacet
  facet normal 0 0 -1
    outer loop
      vertex -0.7982828624497714 -2.6315859232635743 -0.3
      vertex 0.735 -2.05 -0.3
      vertex -0.6681954947339757 -2.667585946284996 -0.3
    endloop
  endfacet
  facet normal 0 0 -1
    outer loop
      vertex -0.5364983855443527 -2.6971595211088837 -0.3
      vertex 0.735 -2.05 -0.3
      vertex -0.4035088047522448 -2.720235402403148 -0.3
    endloop
  endfacet
  facet normal -0.6152315905806274 -0.7883464276266059 0
    outer loop
      vertex -1.744581531450025 -2.125778746747527 -0.3
      vertex -1.6381730873541918 -2.2088207115717737 -0.3
      vertex -1.744581531450025 -2.125778746747527 5.404999999999999
    endloop
  endfacet
  facet normal -0.5758081914178433 -0.817584813151585 8.89366559866544e-19
    outer loop
      vertex -1.527818140803906 -2.2865414338319994 -0.3
      vertex -1.6381730873541918 -2.2088207115717737 5.404999999999999
      vertex -1.6381730873541918 -2.2088207115717737 -0.3
    endloop
  endfacet
  facet normal -0.492898192229786 -0.8700869911087104 0
    outer loop
      vertex -1.4137825465313598 -2.358753677500748 -0.3
      vertex -1.2963410262714936 -2.4252834769579765 -0.3
      vertex -1.4137825465313598 -2.358753677500748 5.404999999999999
    endloop
  endfacet
  facet normal -0.5349976198870973 -0.844853565249707 0
    outer loop
      vertex -1.527818140803906 -2.2865414338319994 -0.3
      vertex -1.4137825465313598 -2.358753677500748 -0.3
      vertex -1.527818140803906 -2.2865414338319994 5.404999999999999
    endloop
  endfacet
  facet normal -0.44961132965460504 -0.8932243011955161 0
    outer loop
      vertex -1.2963410262714936 -2.4252834769579765 -0.3
      vertex -1.1757765069332757 -2.485970556089469 -0.3
      vertex -1.2963410262714936 -2.4252834769579765 5.404999999999999
    endloop
  endfacet
  facet normal -0.40524131400498936 -0.9142097557035308 0
    outer loop
      vertex -1.1757765069332757 -2.485970556089469 -0.3
      vertex -1.0523794390039969 -2.5406687144060385 -0.3
      vertex -1.1757765069332757 -2.485970556089469 5.404999999999999
    endloop
  endfacet
  facet normal -0.3136817403988917 -0.9495281805930367 0
    outer loop
      vertex -0.9264470968286052 -2.589246179253307 -0.3
      vertex -0.7982828624497714 -2.6315859232635743 -0.3
      vertex -0.9264470968286052 -2.589246179253307 5.404999999999999
    endloop
  endfacet
  facet normal -0.2667127574748991 -0.9637760657954396 0
    outer loop
      vertex -0.7982828624497714 -2.6315859232635743 -0.3
      vertex -0.6681954947339757 -2.667585946284996 -0.3
      vertex -0.7982828624497714 -2.6315859232635743 5.404999999999999
    endloop
  endfacet
  facet normal -0.2191012401568692 -0.9757021300385286 0
    outer loop
      vertex -0.6681954947339757 -2.667585946284996 -0.3
      vertex -0.5364983855443527 -2.6971595211088837 -0.3
      vertex -0.6681954947339757 -2.667585946284996 5.404999999999999
    endloop
  endfacet
  facet normal -0.35989503653498806 -0.932992798834739 0
    outer loop
      vertex -1.0523794390039969 -2.5406687144060385 -0.3
      vertex -0.9264470968286052 -2.589246179253307 -0.3
      vertex -1.0523794390039969 -2.5406687144060385 5.404999999999999
    endloop
  endfacet
  facet normal -0.17096188876030302 -0.9852776423889409 0
    outer loop
      vertex -0.5364983855443527 -2.6971595211088837 -0.3
      vertex -0.4035088047522448 -2.720235402403148 -0.3
      vertex -0.5364983855443527 -2.6971595211088837 5.404999999999999
    endloop
  endfacet
  facet normal -0.12241067519921521 -0.9924795345987102 0
    outer loop
      vertex -0.4035088047522448 -2.720235402403148 -0.3
      vertex -0.26954713590629165 -2.7367579983485415 -0.3
      vertex -0.4035088047522448 -2.720235402403148 5.404999999999999
    endloop
  endfacet
  facet normal -0.07356456359966845 -0.9972904566786902 0
    outer loop
      vertex -0.26954713590629165 -2.7367579983485415 -0.3
      vertex -0.13493610440039955 -2.7466875045642243 -0.3
      vertex -0.26954713590629165 -2.7367579983485415 5.404999999999999
    endloop
  endfacet
  facet normal -0.024541228522910803 -0.9996988186962044 0
    outer loop
      vertex -0.13493610440039955 -2.7466875045642243 -0.3
      vertex 0 -2.75 -0.3
      vertex -0.13493610440039955 -2.7466875045642243 5.404999999999999
    endloop
  endfacet
  facet normal 0 0 -1
    outer loop
      vertex -2.4252834769579765 -1.2963410262714936 -0.3
      vertex -2.485970556089469 -1.1757765069332757 -0.3
      vertex -0.735 -0.6849999999999999 -0.3
    endloop
  endfacet
  facet normal 0 0 -1
    outer loop
      vertex -2.358753677500748 -1.4137825465313598 -0.3
      vertex -2.4252834769579765 -1.2963410262714936 -0.3
      vertex -0.735 -0.6849999999999999 -0.3
    endloop
  endfacet
  facet normal 0 0 -1
    outer loop
      vertex -2.125778746747527 -1.744581531450025 -0.3
      vertex -2.2088207115717737 -1.6381730873541918 -0.3
      vertex -0.735 -0.6849999999999999 -0.3
    endloop
  endfacet
  facet normal 0 0 -1
    outer loop
      vertex -2.0376155947261374 -1.8467871258293007 -0.3
      vertex -0.735 -0.6849999999999999 -0.3
      vertex -1.9445436482630059 -1.9445436482630059 -0.3
    endloop
  endfacet
  facet normal 0 0 -1
    outer loop
      vertex -2.125778746747527 -1.744581531450025 -0.3
      vertex -0.735 -0.6849999999999999 -0.3
      vertex -2.0376155947261374 -1.8467871258293007 -0.3
    endloop
  endfacet
  facet normal 0 0 -1
    outer loop
      vertex -2.358753677500748 -1.4137825465313598 -0.3
      vertex -0.735 -0.6849999999999999 -0.3
      vertex -2.2865414338319994 -1.527818140803906 -0.3
    endloop
  endfacet
  facet normal 0 0 -1
    outer loop
      vertex -2.2088207115717737 -1.6381730873541918 -0.3
      vertex -2.2865414338319994 -1.527818140803906 -0.3
      vertex -0.735 -0.6849999999999999 -0.3
    endloop
  endfacet
  facet normal 0 0 -1
    outer loop
      vertex -1.744581531450025 -2.125778746747527 -0.3
      vertex -1.8467871258293007 -2.0376155947261374 -0.3
      vertex -0.735 -0.6849999999999999 -0.3
    endloop
  endfacet
  facet normal 0 0 -1
    outer loop
      vertex -1.527818140803906 -2.2865414338319994 -0.3
      vertex -1.6381730873541918 -2.2088207115717737 -0.3
      vertex -0.735 -0.6849999999999999 -0.3
    endloop
  endfacet
  facet normal 0 0 -1
    outer loop
      vertex -1.744581531450025 -2.125778746747527 -0.3
      vertex -0.735 -0.6849999999999999 -0.3
      vertex -1.6381730873541918 -2.2088207115717737 -0.3
    endloop
  endfacet
  facet normal 0 0 -1
    outer loop
      vertex -1.4137825465313598 -2.358753677500748 -0.3
      vertex -0.735 -0.6849999999999999 -0.3
      vertex -1.2963410262714936 -2.4252834769579765 -0.3
    endloop
  endfacet
  facet normal 0 0 -1
    outer loop
      vertex -1.2963410262714936 -2.4252834769579765 -0.3
      vertex -0.735 -0.6849999999999999 -0.3
      vertex -1.1757765069332757 -2.485970556089469 -0.3
    endloop
  endfacet
  facet normal 0 0 -1
    outer loop
      vertex -1.527818140803906 -2.2865414338319994 -0.3
      vertex -0.735 -0.6849999999999999 -0.3
      vertex -1.4137825465313598 -2.358753677500748 -0.3
    endloop
  endfacet
  facet normal 0 0 -1
    outer loop
      vertex -1.9445436482630059 -1.9445436482630059 -0.3
      vertex -0.735 -0.6849999999999999 -0.3
      vertex -1.8467871258293007 -2.0376155947261374 -0.3
    endloop
  endfacet
  facet normal 0 0 -1
    outer loop
      vertex -2.5406687144060385 -1.0523794390039969 -0.3
      vertex -2.589246179253307 -0.9264470968286052 -0.3
      vertex -0.735 -0.6849999999999999 -0.3
    endloop
  endfacet
  facet normal 0 0 -1
    outer loop
      vertex -2.589246179253307 -0.9264470968286052 -0.3
      vertex -2.6315859232635743 -0.7982828624497714 -0.3
      vertex -0.735 -0.6849999999999999 -0.3
    endloop
  endfacet
  facet normal 0 0 -1
    outer loop
      vertex -2.5406687144060385 -1.0523794390039969 -0.3
      vertex -0.735 -0.6849999999999999 -0.3
      vertex -2.485970556089469 -1.1757765069332757 -0.3
    endloop
  endfacet
  facet normal 0 0 -1
    outer loop
      vertex -2.6315859232635743 -0.7982828624497714 -0.3
      vertex -2.6629355133716164 -0.6849999999999999 -0.3
      vertex -0.735 -0.6849999999999999 -0.3
    endloop
  endfacet
  facet normal 0 0 -1
    outer loop
      vertex -1.1757765069332757 -2.485970556089469 -0.3
      vertex -0.735 -0.6849999999999999 -0.3
      vertex -1.0523794390039969 -2.5406687144060385 -0.3
    endloop
  endfacet
  facet normal 0 0 -1
    outer loop
      vertex -0.9264470968286052 -2.589246179253307 -0.3
      vertex -0.735 -0.6849999999999999 -0.3
      vertex -0.7982828624497714 -2.6315859232635743 -0.3
    endloop
  endfacet
  facet normal 0 0 -1
    outer loop
      vertex -1.0523794390039969 -2.5406687144060385 -0.3
      vertex -0.735 -0.6849999999999999 -0.3
      vertex -0.9264470968286052 -2.589246179253307 -0.3
    endloop
  endfacet
  facet normal 0 0 -1
    outer loop
      vertex -0.7982828624497714 -2.6315859232635743 -0.3
      vertex -0.735 -0.6849999999999999 -0.3
      vertex -0.735 -2.05 -0.3
    endloop
  endfacet
  facet normal -0.7242470829514681 -0.6895405447370658 0
    outer loop
      vertex -2.0376155947261374 -1.8467871258293007 -0.3
      vertex -1.9445436482630059 -1.9445436482630059 -0.3
      vertex -2.0376155947261374 -1.8467871258293007 5.404999999999999
    endloop
  endfacet
  facet normal -0.6895405447370658 -0.7242470829514681 0
    outer loop
      vertex -1.9445436482630059 -1.9445436482630059 -0.3
      vertex -1.8467871258293007 -2.0376155947261374 -0.3
      vertex -1.9445436482630059 -1.9445436482630059 5.404999999999999
    endloop
  endfacet
  facet normal -0.6531728429537773 -0.7572088465064839 7.160988608422316e-19
    outer loop
      vertex -1.744581531450025 -2.125778746747527 -0.3
      vertex -1.8467871258293007 -2.0376155947261374 5.404999999999999
      vertex -1.8467871258293007 -2.0376155947261374 -0.3
    endloop
  endfacet
  facet normal -0.817584813151585 -0.5758081914178433 0
    outer loop
      vertex -2.2088207115717737 -1.6381730873541918 -0.3
      vertex -2.2088207115717737 -1.6381730873541918 5.404999999999999
      vertex -2.2865414338319994 -1.527818140803906 5.404999999999999
    endloop
  endfacet
  facet normal -0.7883464276266059 -0.6152315905806274 0
    outer loop
      vertex -2.125778746747527 -1.744581531450025 -0.3
      vertex -2.125778746747527 -1.744581531450025 5.404999999999999
      vertex -2.2088207115717737 -1.6381730873541918 5.404999999999999
    endloop
  endfacet
  facet normal -0.8700869911087104 -0.492898192229786 0
    outer loop
      vertex -2.358753677500748 -1.4137825465313598 -0.3
      vertex -2.358753677500748 -1.4137825465313598 5.404999999999999
      vertex -2.4252834769579765 -1.2963410262714936 5.404999999999999
    endloop
  endfacet
  facet normal -0.9142097557035308 -0.40524131400498936 0
    outer loop
      vertex -2.485970556089469 -1.1757765069332757 -0.3
      vertex -2.485970556089469 -1.1757765069332757 5.404999999999999
      vertex -2.5406687144060385 -1.0523794390039969 5.404999999999999
    endloop
  endfacet
  facet normal -0.8932243011955161 -0.44961132965460504 0
    outer loop
      vertex -2.4252834769579765 -1.2963410262714936 -0.3
      vertex -2.4252834769579765 -1.2963410262714936 5.404999999999999
      vertex -2.485970556089469 -1.1757765069332757 5.404999999999999
    endloop
  endfacet
  facet normal -0.844853565249707 -0.5349976198870973 0
    outer loop
      vertex -2.2865414338319994 -1.527818140803906 -0.3
      vertex -2.2865414338319994 -1.527818140803906 5.404999999999999
      vertex -2.358753677500748 -1.4137825465313598 5.404999999999999
    endloop
  endfacet
  facet normal -0.9495281805930367 -0.3136817403988917 0
    outer loop
      vertex -2.589246179253307 -0.9264470968286052 -0.3
      vertex -2.589246179253307 -0.9264470968286052 5.404999999999999
      vertex -2.6315859232635743 -0.7982828624497714 5.404999999999999
    endloop
  endfacet
  facet normal -0.9637760657954394 -0.26671275747490036 0
    outer loop
      vertex -2.6315859232635743 -0.7982828624497714 -0.3
      vertex -2.6315859232635743 -0.7982828624497714 5.404999999999999
      vertex -2.6629355133716164 -0.6849999999999999 5.404999999999999
    endloop
  endfacet
  facet normal -0.932992798834739 -0.35989503653498806 0
    outer loop
      vertex -2.5406687144060385 -1.0523794390039969 -0.3
      vertex -2.5406687144060385 -1.0523794390039969 5.404999999999999
      vertex -2.589246179253307 -0.9264470968286052 5.404999999999999
    endloop
  endfacet
  facet normal -0.6531728429537773 -0.7572088465064839 0
    outer loop
      vertex -1.744581531450025 -2.125778746747527 -0.3
      vertex -1.744581531450025 -2.125778746747527 5.404999999999999
      vertex -1.8467871258293007 -2.0376155947261374 5.404999999999999
    endloop
  endfacet
  facet normal -0.5758081914178433 -0.817584813151585 0
    outer loop
      vertex -1.527818140803906 -2.2865414338319994 -0.3
      vertex -1.527818140803906 -2.2865414338319994 5.404999999999999
      vertex -1.6381730873541918 -2.2088207115717737 5.404999999999999
    endloop
  endfacet
  facet normal -0.6152315905806274 -0.7883464276266059 0
    outer loop
      vertex -1.6381730873541918 -2.2088207115717737 -0.3
      vertex -1.6381730873541918 -2.2088207115717737 5.404999999999999
      vertex -1.744581531450025 -2.125778746747527 5.404999999999999
    endloop
  endfacet
  facet normal -0.5349976198870973 -0.844853565249707 0
    outer loop
      vertex -1.4137825465313598 -2.358753677500748 -0.3
      vertex -1.4137825465313598 -2.358753677500748 5.404999999999999
      vertex -1.527818140803906 -2.2865414338319994 5.404999999999999
    endloop
  endfacet
  facet normal -0.492898192229786 -0.8700869911087104 0
    outer loop
      vertex -1.2963410262714936 -2.4252834769579765 -0.3
      vertex -1.2963410262714936 -2.4252834769579765 5.404999999999999
      vertex -1.4137825465313598 -2.358753677500748 5.404999999999999
    endloop
  endfacet
  facet normal -0.44961132965460504 -0.8932243011955161 0
    outer loop
      vertex -1.1757765069332757 -2.485970556089469 -0.3
      vertex -1.1757765069332757 -2.485970556089469 5.404999999999999
      vertex -1.2963410262714936 -2.4252834769579765 5.404999999999999
    endloop
  endfacet
  facet normal -0.40524131400498936 -0.9142097557035308 0
    outer loop
      vertex -1.0523794390039969 -2.5406687144060385 -0.3
      vertex -1.0523794390039969 -2.5406687144060385 5.404999999999999
      vertex -1.1757765069332757 -2.485970556089469 5.404999999999999
    endloop
  endfacet
  facet normal -0.3136817403988917 -0.9495281805930367 0
    outer loop
      vertex -0.7982828624497714 -2.6315859232635743 -0.3
      vertex -0.7982828624497714 -2.6315859232635743 5.404999999999999
      vertex -0.9264470968286052 -2.589246179253307 5.404999999999999
    endloop
  endfacet
  facet normal -0.2667127574748991 -0.9637760657954396 0
    outer loop
      vertex -0.6681954947339757 -2.667585946284996 -0.3
      vertex -0.6681954947339757 -2.667585946284996 5.404999999999999
      vertex -0.7982828624497714 -2.6315859232635743 5.404999999999999
    endloop
  endfacet
  facet normal -0.2191012401568692 -0.9757021300385286 0
    outer loop
      vertex -0.5364983855443527 -2.6971595211088837 -0.3
      vertex -0.5364983855443527 -2.6971595211088837 5.404999999999999
      vertex -0.6681954947339757 -2.667585946284996 5.404999999999999
    endloop
  endfacet
  facet normal -0.35989503653498806 -0.932992798834739 0
    outer loop
      vertex -0.9264470968286052 -2.589246179253307 -0.3
      vertex -0.9264470968286052 -2.589246179253307 5.404999999999999
      vertex -1.0523794390039969 -2.5406687144060385 5.404999999999999
    endloop
  endfacet
  facet normal -0.17096188876030302 -0.9852776423889409 0
    outer loop
      vertex -0.4035088047522448 -2.720235402403148 -0.3
      vertex -0.4035088047522448 -2.720235402403148 5.404999999999999
      vertex -0.5364983855443527 -2.6971595211088837 5.404999999999999
    endloop
  endfacet
  facet normal -0.12241067519921521 -0.9924795345987102 0
    outer loop
      vertex -0.26954713590629165 -2.7367579983485415 -0.3
      vertex -0.26954713590629165 -2.7367579983485415 5.404999999999999
      vertex -0.4035088047522448 -2.720235402403148 5.404999999999999
    endloop
  endfacet
  facet normal -0.07356456359966845 -0.9972904566786902 0
    outer loop
      vertex -0.13493610440039955 -2.7466875045642243 -0.3
      vertex -0.13493610440039955 -2.7466875045642243 5.404999999999999
      vertex -0.26954713590629165 -2.7367579983485415 5.404999999999999
    endloop
  endfacet
  facet normal -0.024541228522910803 -0.9996988186962044 0
    outer loop
      vertex 0 -2.75 -0.3
      vertex 0 -2.75 5.404999999999999
      vertex -0.13493610440039955 -2.7466875045642243 5.404999999999999
    endloop
  endfacet
  facet normal -0.7242470829514681 -0.6895405447370658 0
    outer loop
      vertex -1.9445436482630059 -1.9445436482630059 -0.3
      vertex -1.9445436482630059 -1.9445436482630059 5.404999999999999
      vertex -2.0376155947261374 -1.8467871258293007 5.404999999999999
    endloop
  endfacet
  facet normal -0.6895405447370658 -0.7242470829514681 0
    outer loop
      vertex -1.8467871258293007 -2.0376155947261374 -0.3
      vertex -1.8467871258293007 -2.0376155947261374 5.404999999999999
      vertex -1.9445436482630059 -1.9445436482630059 5.404999999999999
    endloop
  endfacet
  facet normal -0.7572088465064839 -0.6531728429537773 0
    outer loop
      vertex -2.0376155947261374 -1.8467871258293007 -0.3
      vertex -2.0376155947261374 -1.8467871258293007 5.404999999999999
      vertex -2.125778746747527 -1.744581531450025 5.404999999999999
    endloop
  endfacet
  facet normal 0 0 -1
    outer loop
      vertex -2.6629355133716164 0.6849999999999999 -0.3
      vertex -2.6315859232635743 0.7982828624497714 -0.3
      vertex -2.589246179253307 0.9264470968286052 -0.3
    endloop
  endfacet
  facet normal 0 0 -1
    outer loop
      vertex -2.6629355133716164 0.6849999999999999 -0.3
      vertex -2.589246179253307 0.9264470968286052 -0.3
      vertex -2.5406687144060385 1.0523794390039969 -0.3
    endloop
  endfacet
  facet normal 0 0 -1
    outer loop
      vertex -2.6629355133716164 0.6849999999999999 -0.3
      vertex -2.5406687144060385 1.0523794390039969 -0.3
      vertex -2.485970556089469 1.1757765069332757 -0.3
    endloop
  endfacet
  facet normal 0 0 -1
    outer loop
      vertex -2.6629355133716164 0.6849999999999999 -0.3
      vertex -2.485970556089469 1.1757765069332757 -0.3
      vertex -2.4252834769579765 1.2963410262714936 -0.3
    endloop
  endfacet
  facet normal 0 0 -1
    outer loop
      vertex -2.6629355133716164 0.6849999999999999 -0.3
      vertex -2.4252834769579765 1.2963410262714936 -0.3
      vertex -2.358753677500748 1.4137825465313598 -0.3
    endloop
  endfacet
  facet normal 0 0 -1
    outer loop
      vertex -2.6629355133716164 0.6849999999999999 -0.3
      vertex -2.358753677500748 1.4137825465313598 -0.3
      vertex -2.2865414338319994 1.527818140803906 -0.3
    endloop
  endfacet
  facet normal 0 0 -1
    outer loop
      vertex -2.6629355133716164 0.6849999999999999 -0.3
      vertex -2.2865414338319994 1.527818140803906 -0.3
      vertex -2.2088207115717737 1.6381730873541918 -0.3
    endloop
  endfacet
  facet normal 0 0 -1
    outer loop
      vertex -2.6629355133716164 0.6849999999999999 -0.3
      vertex -2.2088207115717737 1.6381730873541918 -0.3
      vertex -2.125778746747527 1.744581531450025 -0.3
    endloop
  endfacet
  facet normal 0 0 -1
    outer loop
      vertex -2.6629355133716164 0.6849999999999999 -0.3
      vertex -2.125778746747527 1.744581531450025 -0.3
      vertex -2.0376155947261374 1.8467871258293007 -0.3
    endloop
  endfacet
  facet normal 0 0 -1
    outer loop
      vertex -2.6629355133716164 0.6849999999999999 -0.3
      vertex -2.0376155947261374 1.8467871258293007 -0.3
      vertex -1.9445436482630059 1.9445436482630059 -0.3
    endloop
  endfacet
  facet normal 0 0 -1
    outer loop
      vertex -2.6629355133716164 0.6849999999999999 -0.3
      vertex -1.9445436482630059 1.9445436482630059 -0.3
      vertex -1.8467871258293007 2.0376155947261374 -0.3
    endloop
  endfacet
  facet normal 0 0 -1
    outer loop
      vertex -2.6629355133716164 0.6849999999999999 -0.3
      vertex -1.8467871258293007 2.0376155947261374 -0.3
      vertex -1.744581531450025 2.125778746747527 -0.3
    endloop
  endfacet
  facet normal -0.9637760657954394 0.26671275747490036 3.930916543903381e-20
    outer loop
      vertex -2.6629355133716164 0.6849999999999999 -0.3
      vertex -2.6315859232635743 0.7982828624497714 5.404999999999999
      vertex -2.6315859232635743 0.7982828624497714 -0.3
    endloop
  endfacet
  facet normal -0.9495281805930367 0.3136817403988917 1.768400595657261e-19
    outer loop
      vertex -2.6315859232635743 0.7982828624497714 -0.3
      vertex -2.589246179253307 0.9264470968286052 5.404999999999999
      vertex -2.589246179253307 0.9264470968286052 -0.3
    endloop
  endfacet
  facet normal -0.932992798834739 0.35989503653498806 2.621646733919818e-19
    outer loop
      vertex -2.589246179253307 0.9264470968286052 -0.3
      vertex -2.5406687144060385 1.0523794390039969 5.404999999999999
      vertex -2.5406687144060385 1.0523794390039969 -0.3
    endloop
  endfacet
  facet normal -0.9142097557035308 0.40524131400498936 -5.511702449831115e-19
    outer loop
      vertex -2.5406687144060385 1.0523794390039969 -0.3
      vertex -2.485970556089469 1.1757765069332757 5.404999999999999
      vertex -2.485970556089469 1.1757765069332757 -0.3
    endloop
  endfacet
  facet normal -0.8932243011955161 0.44961132965460504 -3.0682033098684176e-19
    outer loop
      vertex -2.485970556089469 1.1757765069332757 -0.3
      vertex -2.4252834769579765 1.2963410262714936 5.404999999999999
      vertex -2.4252834769579765 1.2963410262714936 -0.3
    endloop
  endfacet
  facet normal -0.8700869911087104 0.492898192229786 -6.893183887666575e-19
    outer loop
      vertex -2.4252834769579765 1.2963410262714936 -0.3
      vertex -2.358753677500748 1.4137825465313598 5.404999999999999
      vertex -2.358753677500748 1.4137825465313598 -0.3
    endloop
  endfacet
  facet normal -0.844853565249707 0.5349976198870973 4.658893456851306e-19
    outer loop
      vertex -2.358753677500748 1.4137825465313598 -0.3
      vertex -2.2865414338319994 1.527818140803906 5.404999999999999
      vertex -2.2865414338319994 1.527818140803906 -0.3
    endloop
  endfacet
  facet normal -0.817584813151585 0.5758081914178433 -8.89366559866544e-19
    outer loop
      vertex -2.2865414338319994 1.527818140803906 -0.3
      vertex -2.2088207115717737 1.6381730873541918 5.404999999999999
      vertex -2.2088207115717737 1.6381730873541918 -0.3
    endloop
  endfacet
  facet normal -0.7883464276266059 0.6152315905806274 4.397106166118348e-19
    outer loop
      vertex -2.2088207115717737 1.6381730873541918 -0.3
      vertex -2.125778746747527 1.744581531450025 5.404999999999999
      vertex -2.125778746747527 1.744581531450025 -0.3
    endloop
  endfacet
  facet normal 0 0 -1
    outer loop
      vertex -2.6629355133716164 0.6849999999999999 -0.3
      vertex -1.744581531450025 2.125778746747527 -0.3
      vertex -1.6381730873541918 2.2088207115717737 -0.3
    endloop
  endfacet
  facet normal 0 0 -1
    outer loop
      vertex -2.6629355133716164 0.6849999999999999 -0.3
      vertex -1.6381730873541918 2.2088207115717737 -0.3
      vertex -1.527818140803906 2.2865414338319994 -0.3
    endloop
  endfacet
  facet normal 0 0 -1
    outer loop
      vertex -2.6629355133716164 0.6849999999999999 -0.3
      vertex -1.527818140803906 2.2865414338319994 -0.3
      vertex -1.4137825465313598 2.358753677500748 -0.3
    endloop
  endfacet
  facet normal 0 0 -1
    outer loop
      vertex -2.6629355133716164 0.6849999999999999 -0.3
      vertex -1.4137825465313598 2.358753677500748 -0.3
      vertex -1.2963410262714936 2.4252834769579765 -0.3
    endloop
  endfacet
  facet normal 0 0 -1
    outer loop
      vertex -2.6629355133716164 0.6849999999999999 -0.3
      vertex -1.2963410262714936 2.4252834769579765 -0.3
      vertex -1.1757765069332757 2.485970556089469 -0.3
    endloop
  endfacet
  facet normal 0 0 -1
    outer loop
      vertex -2.6629355133716164 0.6849999999999999 -0.3
      vertex -1.1757765069332757 2.485970556089469 -0.3
      vertex -1.0523794390039969 2.5406687144060385 -0.3
    endloop
  endfacet
  facet normal 0 0 -1
    outer loop
      vertex -2.6629355133716164 0.6849999999999999 -0.3
      vertex -0.735 2.05 -0.3
      vertex -0.735 0.6849999999999999 -0.3
    endloop
  endfacet
  facet normal 0 0 -1
    outer loop
      vertex -2.6629355133716164 0.6849999999999999 -0.3
      vertex -0.7982828624497714 2.6315859232635743 -0.3
      vertex -0.735 2.05 -0.3
    endloop
  endfacet
  facet normal 0 0 -1
    outer loop
      vertex -2.6629355133716164 0.6849999999999999 -0.3
      vertex -1.0523794390039969 2.5406687144060385 -0.3
      vertex -0.9264470968286052 2.589246179253307 -0.3
    endloop
  endfacet
  facet normal 0 0 -1
    outer loop
      vertex -2.6629355133716164 0.6849999999999999 -0.3
      vertex -0.9264470968286052 2.589246179253307 -0.3
      vertex -0.7982828624497714 2.6315859232635743 -0.3
    endloop
  endfacet
  facet normal -0.7572088465064839 0.6531728429537773 -7.160988608422316e-19
    outer loop
      vertex -2.125778746747527 1.744581531450025 -0.3
      vertex -2.0376155947261374 1.8467871258293007 5.404999999999999
      vertex -2.0376155947261374 1.8467871258293007 -0.3
    endloop
  endfacet
  facet normal -0.7242470829514681 0.6895405447370658 1.7149034641046605e-19
    outer loop
      vertex -2.0376155947261374 1.8467871258293007 -0.3
      vertex -1.9445436482630059 1.9445436482630059 5.404999999999999
      vertex -1.9445436482630059 1.9445436482630059 -0.3
    endloop
  endfacet
  facet normal -0.6895405447370658 0.7242470829514681 1.7149034641046605e-19
    outer loop
      vertex -1.9445436482630059 1.9445436482630059 -0.3
      vertex -1.8467871258293007 2.0376155947261374 5.404999999999999
      vertex -1.8467871258293007 2.0376155947261374 -0.3
    endloop
  endfacet
  facet normal 0 0 -1
    outer loop
      vertex -0.735 2.05 -0.3
      vertex -0.7982828624497714 2.6315859232635743 -0.3
      vertex -0.6681954947339757 2.667585946284996 -0.3
    endloop
  endfacet
  facet normal 0 0 -1
    outer loop
      vertex -0.735 2.05 -0.3
      vertex -0.6681954947339757 2.667585946284996 -0.3
      vertex -0.5364983855443527 2.6971595211088837 -0.3
    endloop
  endfacet
  facet normal 0 0 -1
    outer loop
      vertex -0.735 2.05 -0.3
      vertex -0.5364983855443527 2.6971595211088837 -0.3
      vertex -0.4035088047522448 2.720235402403148 -0.3
    endloop
  endfacet
  facet normal 0 0 -1
    outer loop
      vertex -0.735 2.05 -0.3
      vertex -0.4035088047522448 2.720235402403148 -0.3
      vertex -0.26954713590629165 2.7367579983485415 -0.3
    endloop
  endfacet
  facet normal 0 0 -1
    outer loop
      vertex -0.735 2.05 -0.3
      vertex -0.26954713590629165 2.7367579983485415 -0.3
      vertex -0.13493610440039955 2.7466875045642243 -0.3
    endloop
  endfacet
  facet normal 0 0 -1
    outer loop
      vertex -0.735 2.05 -0.3
      vertex -0.13493610440039955 2.7466875045642243 -0.3
      vertex 0 2.75 -0.3
    endloop
  endfacet
  facet normal 0 0 -1
    outer loop
      vertex -0.735 2.05 -0.3
      vertex 0 2.75 -0.3
      vertex 0.13493610440039955 2.7466875045642243 -0.3
    endloop
  endfacet
  facet normal 0 0 -1
    outer loop
      vertex -0.735 2.05 -0.3
      vertex 0.13493610440039955 2.7466875045642243 -0.3
      vertex 0.26954713590629165 2.7367579983485415 -0.3
    endloop
  endfacet
  facet normal 0 0 -1
    outer loop
      vertex -0.735 2.05 -0.3
      vertex 0.26954713590629165 2.7367579983485415 -0.3
      vertex 0.4035088047522448 2.720235402403148 -0.3
    endloop
  endfacet
  facet normal -0.6531728429537773 0.7572088465064839 -7.160988608422316e-19
    outer loop
      vertex -1.8467871258293007 2.0376155947261374 -0.3
      vertex -1.744581531450025 2.125778746747527 5.404999999999999
      vertex -1.744581531450025 2.125778746747527 -0.3
    endloop
  endfacet
  facet normal -0.6152315905806274 0.7883464276266059 4.397106166118348e-19
    outer loop
      vertex -1.744581531450025 2.125778746747527 -0.3
      vertex -1.6381730873541918 2.2088207115717737 5.404999999999999
      vertex -1.6381730873541918 2.2088207115717737 -0.3
    endloop
  endfacet
  facet normal -0.5758081914178433 0.817584813151585 -8.89366559866544e-19
    outer loop
      vertex -1.6381730873541918 2.2088207115717737 -0.3
      vertex -1.527818140803906 2.2865414338319994 5.404999999999999
      vertex -1.527818140803906 2.2865414338319994 -0.3
    endloop
  endfacet
  facet normal -0.5349976198870973 0.844853565249707 4.658893456851306e-19
    outer loop
      vertex -1.527818140803906 2.2865414338319994 -0.3
      vertex -1.4137825465313598 2.358753677500748 5.404999999999999
      vertex -1.4137825465313598 2.358753677500748 -0.3
    endloop
  endfacet
  facet normal -0.492898192229786 0.8700869911087104 -6.893183887666575e-19
    outer loop
      vertex -1.4137825465313598 2.358753677500748 -0.3
      vertex -1.2963410262714936 2.4252834769579765 5.404999999999999
      vertex -1.2963410262714936 2.4252834769579765 -0.3
    endloop
  endfacet
  facet normal -0.44961132965460504 0.8932243011955161 -3.0682033098684176e-19
    outer loop
      vertex -1.2963410262714936 2.4252834769579765 -0.3
      vertex -1.1757765069332757 2.485970556089469 5.404999999999999
      vertex -1.1757765069332757 2.485970556089469 -0.3
    endloop
  endfacet
  facet normal -0.40524131400498936 0.9142097557035308 -5.511702449831115e-19
    outer loop
      vertex -1.1757765069332757 2.485970556089469 -0.3
      vertex -1.0523794390039969 2.5406687144060385 5.404999999999999
      vertex -1.0523794390039969 2.5406687144060385 -0.3
    endloop
  endfacet
  facet normal -0.35989503653498806 0.932992798834739 2.621646733919818e-19
    outer loop
      vertex -1.0523794390039969 2.5406687144060385 -0.3
      vertex -0.9264470968286052 2.589246179253307 5.404999999999999
      vertex -0.9264470968286052 2.589246179253307 -0.3
    endloop
  endfacet
  facet normal -0.3136817403988917 0.9495281805930367 1.768400595657261e-19
    outer loop
      vertex -0.9264470968286052 2.589246179253307 -0.3
      vertex -0.7982828624497714 2.6315859232635743 5.404999999999999
      vertex -0.7982828624497714 2.6315859232635743 -0.3
    endloop
  endfacet
  facet normal -0.2667127574748991 0.9637760657954396 2.800852051993347e-20
    outer loop
      vertex -0.7982828624497714 2.6315859232635743 -0.3
      vertex -0.6681954947339757 2.667585946284996 5.404999999999999
      vertex -0.6681954947339757 2.667585946284996 -0.3
    endloop
  endfacet
  facet normal -0.2191012401568692 0.9757021300385286 -2.0812277941075905e-19
    outer loop
      vertex -0.6681954947339757 2.667585946284996 -0.3
      vertex -0.5364983855443527 2.6971595211088837 5.404999999999999
      vertex -0.5364983855443527 2.6971595211088837 -0.3
    endloop
  endfacet
  facet normal -0.17096188876030302 0.9852776423889409 -1.5035922380659942e-19
    outer loop
      vertex -0.5364983855443527 2.6971595211088837 -0.3
      vertex -0.4035088047522448 2.720235402403148 5.404999999999999
      vertex -0.4035088047522448 2.720235402403148 -0.3
    endloop
  endfacet
  facet normal -0.12241067519921521 0.9924795345987102 7.558059902188401e-22
    outer loop
      vertex -0.4035088047522448 2.720235402403148 -0.3
      vertex -0.26954713590629165 2.7367579983485415 5.404999999999999
      vertex -0.26954713590629165 2.7367579983485415 -0.3
    endloop
  endfacet
  facet normal -0.07356456359966845 0.9972904566786902 8.251153571796293e-20
    outer loop
      vertex -0.26954713590629165 2.7367579983485415 -0.3
      vertex -0.13493610440039955 2.7466875045642243 5.404999999999999
      vertex -0.13493610440039955 2.7466875045642243 -0.3
    endloop
  endfacet
  facet normal -0.024541228522910803 0.9996988186962044 5.8726443113421e-21
    outer loop
      vertex -0.13493610440039955 2.7466875045642243 -0.3
      vertex 0 2.75 5.404999999999999
      vertex 0 2.75 -0.3
    endloop
  endfacet
  facet normal -0.9637760657954394 0.26671275747490036 0
    outer loop
      vertex -2.6629355133716164 0.6849999999999999 -0.3
      vertex -2.6629355133716164 0.6849999999999999 5.404999999999999
      vertex -2.6315859232635743 0.7982828624497714 5.404999999999999
    endloop
  endfacet
  facet normal -0.9495281805930367 0.3136817403988917 0
    outer loop
      vertex -2.6315859232635743 0.7982828624497714 -0.3
      vertex -2.6315859232635743 0.7982828624497714 5.404999999999999
      vertex -2.589246179253307 0.9264470968286052 5.404999999999999
    endloop
  endfacet
  facet normal -0.932992798834739 0.35989503653498806 0
    outer loop
      vertex -2.589246179253307 0.9264470968286052 -0.3
      vertex -2.589246179253307 0.9264470968286052 5.404999999999999
      vertex -2.5406687144060385 1.0523794390039969 5.404999999999999
    endloop
  endfacet
  facet normal -0.9142097557035308 0.40524131400498936 0
    outer loop
      vertex -2.5406687144060385 1.0523794390039969 -0.3
      vertex -2.5406687144060385 1.0523794390039969 5.404999999999999
      vertex -2.485970556089469 1.1757765069332757 5.404999999999999
    endloop
  endfacet
  facet normal -0.8932243011955161 0.44961132965460504 0
    outer loop
      vertex -2.485970556089469 1.1757765069332757 -0.3
      vertex -2.485970556089469 1.1757765069332757 5.404999999999999
      vertex -2.4252834769579765 1.2963410262714936 5.404999999999999
    endloop
  endfacet
  facet normal -0.8700869911087104 0.492898192229786 0
    outer loop
      vertex -2.4252834769579765 1.2963410262714936 -0.3
      vertex -2.4252834769579765 1.2963410262714936 5.404999999999999
      vertex -2.358753677500748 1.4137825465313598 5.404999999999999
    endloop
  endfacet
  facet normal -0.844853565249707 0.5349976198870973 0
    outer loop
      vertex -2.358753677500748 1.4137825465313598 -0.3
      vertex -2.358753677500748 1.4137825465313598 5.404999999999999
      vertex -2.2865414338319994 1.527818140803906 5.404999999999999
    endloop
  endfacet
  facet normal -0.817584813151585 0.5758081914178433 0
    outer loop
      vertex -2.2865414338319994 1.527818140803906 -0.3
      vertex -2.2865414338319994 1.527818140803906 5.404999999999999
      vertex -2.2088207115717737 1.6381730873541918 5.404999999999999
    endloop
  endfacet
  facet normal -0.7883464276266059 0.6152315905806274 0
    outer loop
      vertex -2.2088207115717737 1.6381730873541918 -0.3
      vertex -2.2088207115717737 1.6381730873541918 5.404999999999999
      vertex -2.125778746747527 1.744581531450025 5.404999999999999
    endloop
  endfacet
  facet normal -0.7572088465064839 0.6531728429537773 0
    outer loop
      vertex -2.125778746747527 1.744581531450025 -0.3
      vertex -2.125778746747527 1.744581531450025 5.404999999999999
      vertex -2.0376155947261374 1.8467871258293007 5.404999999999999
    endloop
  endfacet
  facet normal -0.7242470829514681 0.6895405447370658 0
    outer loop
      vertex -2.0376155947261374 1.8467871258293007 -0.3
      vertex -2.0376155947261374 1.8467871258293007 5.404999999999999
      vertex -1.9445436482630059 1.9445436482630059 5.404999999999999
    endloop
  endfacet
  facet normal -0.6895405447370658 0.7242470829514681 0
    outer loop
      vertex -1.9445436482630059 1.9445436482630059 -0.3
      vertex -1.9445436482630059 1.9445436482630059 5.404999999999999
      vertex -1.8467871258293007 2.0376155947261374 5.404999999999999
    endloop
  endfacet
  facet normal -0.6531728429537773 0.7572088465064839 0
    outer loop
      vertex -1.8467871258293007 2.0376155947261374 -0.3
      vertex -1.8467871258293007 2.0376155947261374 5.404999999999999
      vertex -1.744581531450025 2.125778746747527 5.404999999999999
    endloop
  endfacet
  facet normal -0.6152315905806274 0.7883464276266059 0
    outer loop
      vertex -1.744581531450025 2.125778746747527 -0.3
      vertex -1.744581531450025 2.125778746747527 5.404999999999999
      vertex -1.6381730873541918 2.2088207115717737 5.404999999999999
    endloop
  endfacet
  facet normal -0.5758081914178433 0.817584813151585 0
    outer loop
      vertex -1.6381730873541918 2.2088207115717737 -0.3
      vertex -1.6381730873541918 2.2088207115717737 5.404999999999999
      vertex -1.527818140803906 2.2865414338319994 5.404999999999999
    endloop
  endfacet
  facet normal -0.5349976198870973 0.844853565249707 0
    outer loop
      vertex -1.527818140803906 2.2865414338319994 -0.3
      vertex -1.527818140803906 2.2865414338319994 5.404999999999999
      vertex -1.4137825465313598 2.358753677500748 5.404999999999999
    endloop
  endfacet
  facet normal -0.492898192229786 0.8700869911087104 0
    outer loop
      vertex -1.4137825465313598 2.358753677500748 -0.3
      vertex -1.4137825465313598 2.358753677500748 5.404999999999999
      vertex -1.2963410262714936 2.4252834769579765 5.404999999999999
    endloop
  endfacet
  facet normal -0.44961132965460504 0.8932243011955161 0
    outer loop
      vertex -1.2963410262714936 2.4252834769579765 -0.3
      vertex -1.2963410262714936 2.4252834769579765 5.404999999999999
      vertex -1.1757765069332757 2.485970556089469 5.404999999999999
    endloop
  endfacet
  facet normal -0.40524131400498936 0.9142097557035308 0
    outer loop
      vertex -1.1757765069332757 2.485970556089469 -0.3
      vertex -1.1757765069332757 2.485970556089469 5.404999999999999
      vertex -1.0523794390039969 2.5406687144060385 5.404999999999999
    endloop
  endfacet
  facet normal -0.35989503653498806 0.932992798834739 0
    outer loop
      vertex -1.0523794390039969 2.5406687144060385 -0.3
      vertex -1.0523794390039969 2.5406687144060385 5.404999999999999
      vertex -0.9264470968286052 2.589246179253307 5.404999999999999
    endloop
  endfacet
  facet normal -0.3136817403988917 0.9495281805930367 0
    outer loop
      vertex -0.9264470968286052 2.589246179253307 -0.3
      vertex -0.9264470968286052 2.589246179253307 5.404999999999999
      vertex -0.7982828624497714 2.6315859232635743 5.404999999999999
    endloop
  endfacet
  facet normal -0.2667127574748991 0.9637760657954396 0
    outer loop
      vertex -0.7982828624497714 2.6315859232635743 -0.3
      vertex -0.7982828624497714 2.6315859232635743 5.404999999999999
      vertex -0.6681954947339757 2.667585946284996 5.404999999999999
    endloop
  endfacet
  facet normal -0.2191012401568692 0.9757021300385286 0
    outer loop
      vertex -0.6681954947339757 2.667585946284996 -0.3
      vertex -0.6681954947339757 2.667585946284996 5.404999999999999
      vertex -0.5364983855443527 2.6971595211088837 5.404999999999999
    endloop
  endfacet
  facet normal -0.17096188876030302 0.9852776423889409 0
    outer loop
      vertex -0.5364983855443527 2.6971595211088837 -0.3
      vertex -0.5364983855443527 2.6971595211088837 5.404999999999999
      vertex -0.4035088047522448 2.720235402403148 5.404999999999999
    endloop
  endfacet
  facet normal -0.12241067519921521 0.9924795345987102 0
    outer loop
      vertex -0.4035088047522448 2.720235402403148 -0.3
      vertex -0.4035088047522448 2.720235402403148 5.404999999999999
      vertex -0.26954713590629165 2.7367579983485415 5.404999999999999
    endloop
  endfacet
  facet normal -0.07356456359966845 0.9972904566786902 0
    outer loop
      vertex -0.26954713590629165 2.7367579983485415 -0.3
      vertex -0.26954713590629165 2.7367579983485415 5.404999999999999
      vertex -0.13493610440039955 2.7466875045642243 5.404999999999999
    endloop
  endfacet
  facet normal -0.024541228522910803 0.9996988186962044 0
    outer loop
      vertex -0.13493610440039955 2.7466875045642243 -0.3
      vertex -0.13493610440039955 2.7466875045642243 5.404999999999999
      vertex 0 2.75 5.404999999999999
    endloop
  endfacet
  facet normal 0 0 -1
    outer loop
      vertex -0.4035088047522448 -2.720235402403148 -0.3
      vertex 0.735 -2.05 -0.3
      vertex -0.26954713590629165 -2.7367579983485415 -0.3
    endloop
  endfacet
  facet normal 0 0 -1
    outer loop
      vertex -0.26954713590629165 -2.7367579983485415 -0.3
      vertex 0.735 -2.05 -0.3
      vertex -0.13493610440039955 -2.7466875045642243 -0.3
    endloop
  endfacet
  facet normal 0 0 -1
    outer loop
      vertex -0.13493610440039955 -2.7466875045642243 -0.3
      vertex 0.735 -2.05 -0.3
      vertex 0 -2.75 -0.3
    endloop
  endfacet
  facet normal 0 0 -1
    outer loop
      vertex 0 -2.75 -0.3
      vertex 0.735 -2.05 -0.3
      vertex 0.13493610440039955 -2.7466875045642243 -0.3
    endloop
  endfacet
  facet normal 0 0 -1
    outer loop
      vertex 0.13493610440039955 -2.7466875045642243 -0.3
      vertex 0.735 -2.05 -0.3
      vertex 0.26954713590629165 -2.7367579983485415 -0.3
    endloop
  endfacet
  facet normal 0 0 -1
    outer loop
      vertex 0.26954713590629165 -2.7367579983485415 -0.3
      vertex 0.735 -2.05 -0.3
      vertex 0.4035088047522448 -2.720235402403148 -0.3
    endloop
  endfacet
  facet normal 0 0 -1
    outer loop
      vertex 0.4035088047522448 -2.720235402403148 -0.3
      vertex 0.735 -2.05 -0.3
      vertex 0.5364983855443527 -2.6971595211088837 -0.3
    endloop
  endfacet
  facet normal 0 0 -1
    outer loop
      vertex 0.5364983855443527 -2.6971595211088837 -0.3
      vertex 0.735 -2.05 -0.3
      vertex 0.6681954947339757 -2.667585946284996 -0.3
    endloop
  endfacet
  facet normal 0 0 -1
    outer loop
      vertex 0.6681954947339757 -2.667585946284996 -0.3
      vertex 0.735 -2.05 -0.3
      vertex 0.7982828624497714 -2.6315859232635743 -0.3
    endloop
  endfacet
  facet normal 0.024541228522910803 -0.9996988186962044 0
    outer loop
      vertex 0 -2.75 -0.3
      vertex 0.13493610440039955 -2.7466875045642243 -0.3
      vertex 0 -2.75 5.404999999999999
    endloop
  endfacet
  facet normal 0.07356456359966845 -0.9972904566786902 0
    outer loop
      vertex 0.13493610440039955 -2.7466875045642243 -0.3
      vertex 0.26954713590629165 -2.7367579983485415 -0.3
      vertex 0.13493610440039955 -2.7466875045642243 5.404999999999999
    endloop
  endfacet
  facet normal 0.12241067519921521 -0.9924795345987102 0
    outer loop
      vertex 0.26954713590629165 -2.7367579983485415 -0.3
      vertex 0.4035088047522448 -2.720235402403148 -0.3
      vertex 0.26954713590629165 -2.7367579983485415 5.404999999999999
    endloop
  endfacet
  facet normal 0.17096188876030302 -0.9852776423889409 0
    outer loop
      vertex 0.4035088047522448 -2.720235402403148 -0.3
      vertex 0.5364983855443527 -2.6971595211088837 -0.3
      vertex 0.4035088047522448 -2.720235402403148 5.404999999999999
    endloop
  endfacet
  facet normal 0.2191012401568692 -0.9757021300385286 0
    outer loop
      vertex 0.5364983855443527 -2.6971595211088837 -0.3
      vertex 0.6681954947339757 -2.667585946284996 -0.3
      vertex 0.5364983855443527 -2.6971595211088837 5.404999999999999
    endloop
  endfacet
  facet normal 0.2667127574748991 -0.9637760657954396 0
    outer loop
      vertex 0.6681954947339757 -2.667585946284996 -0.3
      vertex 0.7982828624497714 -2.6315859232635743 -0.3
      vertex 0.6681954947339757 -2.667585946284996 5.404999999999999
    endloop
  endfacet
  facet normal 0.3136817403988917 -0.9495281805930367 0
    outer loop
      vertex 0.7982828624497714 -2.6315859232635743 -0.3
      vertex 0.9264470968286052 -2.589246179253307 -0.3
      vertex 0.7982828624497714 -2.6315859232635743 5.404999999999999
    endloop
  endfacet
  facet normal 0.35989503653498806 -0.932992798834739 0
    outer loop
      vertex 0.9264470968286052 -2.589246179253307 -0.3
      vertex 1.0523794390039969 -2.5406687144060385 -0.3
      vertex 0.9264470968286052 -2.589246179253307 5.404999999999999
    endloop
  endfacet
  facet normal 0.40524131400498936 -0.9142097557035308 0
    outer loop
      vertex 1.0523794390039969 -2.5406687144060385 -0.3
      vertex 1.1757765069332757 -2.485970556089469 -0.3
      vertex 1.0523794390039969 -2.5406687144060385 5.404999999999999
    endloop
  endfacet
  facet normal 0.44961132965460504 -0.8932243011955161 0
    outer loop
      vertex 1.1757765069332757 -2.485970556089469 -0.3
      vertex 1.2963410262714936 -2.4252834769579765 -0.3
      vertex 1.1757765069332757 -2.485970556089469 5.404999999999999
    endloop
  endfacet
  facet normal 0.492898192229786 -0.8700869911087104 0
    outer loop
      vertex 1.2963410262714936 -2.4252834769579765 -0.3
      vertex 1.4137825465313598 -2.358753677500748 -0.3
      vertex 1.2963410262714936 -2.4252834769579765 5.404999999999999
    endloop
  endfacet
  facet normal 0.5349976198870973 -0.844853565249707 0
    outer loop
      vertex 1.4137825465313598 -2.358753677500748 -0.3
      vertex 1.527818140803906 -2.2865414338319994 -0.3
      vertex 1.4137825465313598 -2.358753677500748 5.404999999999999
    endloop
  endfacet
  facet normal 0.5758081914178433 -0.817584813151585 0
    outer loop
      vertex 1.527818140803906 -2.2865414338319994 -0.3
      vertex 1.6381730873541918 -2.2088207115717737 -0.3
      vertex 1.527818140803906 -2.2865414338319994 5.404999999999999
    endloop
  endfacet
  facet normal 0.6152315905806274 -0.7883464276266059 0
    outer loop
      vertex 1.6381730873541918 -2.2088207115717737 -0.3
      vertex 1.744581531450025 -2.125778746747527 -0.3
      vertex 1.6381730873541918 -2.2088207115717737 5.404999999999999
    endloop
  endfacet
  facet normal 0.6531728429537773 -0.7572088465064839 0
    outer loop
      vertex 1.744581531450025 -2.125778746747527 -0.3
      vertex 1.8467871258293007 -2.0376155947261374 -0.3
      vertex 1.744581531450025 -2.125778746747527 5.404999999999999
    endloop
  endfacet
  facet normal 0 0 -1
    outer loop
      vertex 0.7982828624497714 -2.6315859232635743 -0.3
      vertex 2.6629355133716164 -0.6849999999999999 -0.3
      vertex 0.9264470968286052 -2.589246179253307 -0.3
    endloop
  endfacet
  facet normal 0 0 -1
    outer loop
      vertex 0.9264470968286052 -2.589246179253307 -0.3
      vertex 2.6629355133716164 -0.6849999999999999 -0.3
      vertex 1.0523794390039969 -2.5406687144060385 -0.3
    endloop
  endfacet
  facet normal 0 0 -1
    outer loop
      vertex 0.7982828624497714 -2.6315859232635743 -0.3
      vertex 0.735 -2.05 -0.3
      vertex 2.6629355133716164 -0.6849999999999999 -0.3
    endloop
  endfacet
  facet normal 0 0 -1
    outer loop
      vertex 0.735 -2.05 -0.3
      vertex 0.735 -0.6849999999999999 -0.3
      vertex 2.6629355133716164 -0.6849999999999999 -0.3
    endloop
  endfacet
  facet normal 0 0 -1
    outer loop
      vertex 1.0523794390039969 -2.5406687144060385 -0.3
      vertex 2.6629355133716164 -0.6849999999999999 -0.3
      vertex 1.1757765069332757 -2.485970556089469 -0.3
    endloop
  endfacet
  facet normal 0 0 -1
    outer loop
      vertex 1.1757765069332757 -2.485970556089469 -0.3
      vertex 2.6629355133716164 -0.6849999999999999 -0.3
      vertex 1.2963410262714936 -2.4252834769579765 -0.3
    endloop
  endfacet
  facet normal 0 0 -1
    outer loop
      vertex 1.2963410262714936 -2.4252834769579765 -0.3
      vertex 2.6629355133716164 -0.6849999999999999 -0.3
      vertex 1.4137825465313598 -2.358753677500748 -0.3
    endloop
  endfacet
  facet normal 0 0 -1
    outer loop
      vertex 1.4137825465313598 -2.358753677500748 -0.3
      vertex 2.6629355133716164 -0.6849999999999999 -0.3
      vertex 1.527818140803906 -2.2865414338319994 -0.3
    endloop
  endfacet
  facet normal 0 0 -1
    outer loop
      vertex 1.527818140803906 -2.2865414338319994 -0.3
      vertex 2.6629355133716164 -0.6849999999999999 -0.3
      vertex 1.6381730873541918 -2.2088207115717737 -0.3
    endloop
  endfacet
  facet normal 0 0 -1
    outer loop
      vertex 1.6381730873541918 -2.2088207115717737 -0.3
      vertex 2.6629355133716164 -0.6849999999999999 -0.3
      vertex 1.744581531450025 -2.125778746747527 -0.3
    endloop
  endfacet
  facet normal 0.6895405447370658 -0.7242470829514681 0
    outer loop
      vertex 1.8467871258293007 -2.0376155947261374 -0.3
      vertex 1.9445436482630059 -1.9445436482630059 -0.3
      vertex 1.8467871258293007 -2.0376155947261374 5.404999999999999
    endloop
  endfacet
  facet normal 0.7242470829514681 -0.6895405447370658 0
    outer loop
      vertex 1.9445436482630059 -1.9445436482630059 -0.3
      vertex 2.0376155947261374 -1.8467871258293007 -0.3
      vertex 1.9445436482630059 -1.9445436482630059 5.404999999999999
    endloop
  endfacet
  facet normal 0.7572088465064839 -0.6531728429537773 0
    outer loop
      vertex 2.0376155947261374 -1.8467871258293007 -0.3
      vertex 2.125778746747527 -1.744581531450025 -0.3
      vertex 2.0376155947261374 -1.8467871258293007 5.404999999999999
    endloop
  endfacet
  facet normal 0 0 -1
    outer loop
      vertex 1.744581531450025 -2.125778746747527 -0.3
      vertex 2.6629355133716164 -0.6849999999999999 -0.3
      vertex 1.8467871258293007 -2.0376155947261374 -0.3
    endloop
  endfacet
  facet normal 0 0 -1
    outer loop
      vertex 1.8467871258293007 -2.0376155947261374 -0.3
      vertex 2.6629355133716164 -0.6849999999999999 -0.3
      vertex 1.9445436482630059 -1.9445436482630059 -0.3
    endloop
  endfacet
  facet normal 0 0 -1
    outer loop
      vertex 1.9445436482630059 -1.9445436482630059 -0.3
      vertex 2.6629355133716164 -0.6849999999999999 -0.3
      vertex 2.0376155947261374 -1.8467871258293007 -0.3
    endloop
  endfacet
  facet normal 0 0 -1
    outer loop
      vertex 2.0376155947261374 -1.8467871258293007 -0.3
      vertex 2.6629355133716164 -0.6849999999999999 -0.3
      vertex 2.125778746747527 -1.744581531450025 -0.3
    endloop
  endfacet
  facet normal 0 0 -1
    outer loop
      vertex 2.125778746747527 -1.744581531450025 -0.3
      vertex 2.6629355133716164 -0.6849999999999999 -0.3
      vertex 2.2088207115717737 -1.6381730873541918 -0.3
    endloop
  endfacet
  facet normal 0 0 -1
    outer loop
      vertex 2.2088207115717737 -1.6381730873541918 -0.3
      vertex 2.6629355133716164 -0.6849999999999999 -0.3
      vertex 2.2865414338319994 -1.527818140803906 -0.3
    endloop
  endfacet
  facet normal 0 0 -1
    outer loop
      vertex 2.2865414338319994 -1.527818140803906 -0.3
      vertex 2.6629355133716164 -0.6849999999999999 -0.3
      vertex 2.358753677500748 -1.4137825465313598 -0.3
    endloop
  endfacet
  facet normal 0 0 -1
    outer loop
      vertex 2.358753677500748 -1.4137825465313598 -0.3
      vertex 2.6629355133716164 -0.6849999999999999 -0.3
      vertex 2.4252834769579765 -1.2963410262714936 -0.3
    endloop
  endfacet
  facet normal 0 0 -1
    outer loop
      vertex 2.4252834769579765 -1.2963410262714936 -0.3
      vertex 2.6629355133716164 -0.6849999999999999 -0.3
      vertex 2.485970556089469 -1.1757765069332757 -0.3
    endloop
  endfacet
  facet normal 0 0 -1
    outer loop
      vertex 2.485970556089469 -1.1757765069332757 -0.3
      vertex 2.6629355133716164 -0.6849999999999999 -0.3
      vertex 2.5406687144060385 -1.0523794390039969 -0.3
    endloop
  endfacet
  facet normal 0 0 -1
    outer loop
      vertex 2.5406687144060385 -1.0523794390039969 -0.3
      vertex 2.6629355133716164 -0.6849999999999999 -0.3
      vertex 2.589246179253307 -0.9264470968286052 -0.3
    endloop
  endfacet
  facet normal 0 0 -1
    outer loop
      vertex 2.589246179253307 -0.9264470968286052 -0.3
      vertex 2.6629355133716164 -0.6849999999999999 -0.3
      vertex 2.6315859232635743 -0.7982828624497714 -0.3
    endloop
  endfacet
  facet normal 0.7883464276266059 -0.6152315905806274 0
    outer loop
      vertex 2.125778746747527 -1.744581531450025 -0.3
      vertex 2.2088207115717737 -1.6381730873541918 -0.3
      vertex 2.125778746747527 -1.744581531450025 5.404999999999999
    endloop
  endfacet
  facet normal 0.817584813151585 -0.5758081914178433 0
    outer loop
      vertex 2.2088207115717737 -1.6381730873541918 -0.3
      vertex 2.2865414338319994 -1.527818140803906 -0.3
      vertex 2.2088207115717737 -1.6381730873541918 5.404999999999999
    endloop
  endfacet
  facet normal 0.844853565249707 -0.5349976198870973 0
    outer loop
      vertex 2.2865414338319994 -1.527818140803906 -0.3
      vertex 2.358753677500748 -1.4137825465313598 -0.3
      vertex 2.2865414338319994 -1.527818140803906 5.404999999999999
    endloop
  endfacet
  facet normal 0.8700869911087104 -0.492898192229786 0
    outer loop
      vertex 2.358753677500748 -1.4137825465313598 -0.3
      vertex 2.4252834769579765 -1.2963410262714936 -0.3
      vertex 2.358753677500748 -1.4137825465313598 5.404999999999999
    endloop
  endfacet
  facet normal 0.8932243011955161 -0.44961132965460504 0
    outer loop
      vertex 2.4252834769579765 -1.2963410262714936 -0.3
      vertex 2.485970556089469 -1.1757765069332757 -0.3
      vertex 2.4252834769579765 -1.2963410262714936 5.404999999999999
    endloop
  endfacet
  facet normal 0.9142097557035308 -0.40524131400498936 0
    outer loop
      vertex 2.485970556089469 -1.1757765069332757 -0.3
      vertex 2.5406687144060385 -1.0523794390039969 -0.3
      vertex 2.485970556089469 -1.1757765069332757 5.404999999999999
    endloop
  endfacet
  facet normal 0.932992798834739 -0.35989503653498806 0
    outer loop
      vertex 2.5406687144060385 -1.0523794390039969 -0.3
      vertex 2.589246179253307 -0.9264470968286052 -0.3
      vertex 2.5406687144060385 -1.0523794390039969 5.404999999999999
    endloop
  endfacet
  facet normal 0.9495281805930367 -0.3136817403988917 0
    outer loop
      vertex 2.589246179253307 -0.9264470968286052 -0.3
      vertex 2.6315859232635743 -0.7982828624497714 -0.3
      vertex 2.589246179253307 -0.9264470968286052 5.404999999999999
    endloop
  endfacet
  facet normal 0.9637760657954394 -0.26671275747490036 0
    outer loop
      vertex 2.6315859232635743 -0.7982828624497714 -0.3
      vertex 2.6629355133716164 -0.6849999999999999 -0.3
      vertex 2.6315859232635743 -0.7982828624497714 5.404999999999999
    endloop
  endfacet
  facet normal 0.024541228522910803 -0.9996988186962044 0
    outer loop
      vertex 0.13493610440039955 -2.7466875045642243 -0.3
      vertex 0.13493610440039955 -2.7466875045642243 5.404999999999999
      vertex 0 -2.75 5.404999999999999
    endloop
  endfacet
  facet normal 0.07356456359966845 -0.9972904566786902 0
    outer loop
      vertex 0.26954713590629165 -2.7367579983485415 -0.3
      vertex 0.26954713590629165 -2.7367579983485415 5.404999999999999
      vertex 0.13493610440039955 -2.7466875045642243 5.404999999999999
    endloop
  endfacet
  facet normal 0.12241067519921521 -0.9924795345987102 0
    outer loop
      vertex 0.4035088047522448 -2.720235402403148 -0.3
      vertex 0.4035088047522448 -2.720235402403148 5.404999999999999
      vertex 0.26954713590629165 -2.7367579983485415 5.404999999999999
    endloop
  endfacet
  facet normal 0.17096188876030302 -0.9852776423889409 0
    outer loop
      vertex 0.5364983855443527 -2.6971595211088837 -0.3
      vertex 0.5364983855443527 -2.6971595211088837 5.404999999999999
      vertex 0.4035088047522448 -2.720235402403148 5.404999999999999
    endloop
  endfacet
  facet normal 0.2191012401568692 -0.9757021300385286 0
    outer loop
      vertex 0.6681954947339757 -2.667585946284996 -0.3
      vertex 0.6681954947339757 -2.667585946284996 5.404999999999999
      vertex 0.5364983855443527 -2.6971595211088837 5.404999999999999
    endloop
  endfacet
  facet normal 0.2667127574748991 -0.9637760657954396 0
    outer loop
      vertex 0.7982828624497714 -2.6315859232635743 -0.3
      vertex 0.7982828624497714 -2.6315859232635743 5.404999999999999
      vertex 0.6681954947339757 -2.667585946284996 5.404999999999999
    endloop
  endfacet
  facet normal 0.3136817403988917 -0.9495281805930367 0
    outer loop
      vertex 0.9264470968286052 -2.589246179253307 -0.3
      vertex 0.9264470968286052 -2.589246179253307 5.404999999999999
      vertex 0.7982828624497714 -2.6315859232635743 5.404999999999999
    endloop
  endfacet
  facet normal 0.35989503653498806 -0.932992798834739 0
    outer loop
      vertex 1.0523794390039969 -2.5406687144060385 -0.3
      vertex 1.0523794390039969 -2.5406687144060385 5.404999999999999
      vertex 0.9264470968286052 -2.589246179253307 5.404999999999999
    endloop
  endfacet
  facet normal 0.40524131400498936 -0.9142097557035308 0
    outer loop
      vertex 1.1757765069332757 -2.485970556089469 -0.3
      vertex 1.1757765069332757 -2.485970556089469 5.404999999999999
      vertex 1.0523794390039969 -2.5406687144060385 5.404999999999999
    endloop
  endfacet
  facet normal 0.44961132965460504 -0.8932243011955161 0
    outer loop
      vertex 1.2963410262714936 -2.4252834769579765 -0.3
      vertex 1.2963410262714936 -2.4252834769579765 5.404999999999999
      vertex 1.1757765069332757 -2.485970556089469 5.404999999999999
    endloop
  endfacet
  facet normal 0.492898192229786 -0.8700869911087104 0
    outer loop
      vertex 1.4137825465313598 -2.358753677500748 -0.3
      vertex 1.4137825465313598 -2.358753677500748 5.404999999999999
      vertex 1.2963410262714936 -2.4252834769579765 5.404999999999999
    endloop
  endfacet
  facet normal 0.5349976198870973 -0.844853565249707 0
    outer loop
      vertex 1.527818140803906 -2.2865414338319994 -0.3
      vertex 1.527818140803906 -2.2865414338319994 5.404999999999999
      vertex 1.4137825465313598 -2.358753677500748 5.404999999999999
    endloop
  endfacet
  facet normal 0.5758081914178433 -0.817584813151585 0
    outer loop
      vertex 1.6381730873541918 -2.2088207115717737 -0.3
      vertex 1.6381730873541918 -2.2088207115717737 5.404999999999999
      vertex 1.527818140803906 -2.2865414338319994 5.404999999999999
    endloop
  endfacet
  facet normal 0.6152315905806274 -0.7883464276266059 0
    outer loop
      vertex 1.744581531450025 -2.125778746747527 -0.3
      vertex 1.744581531450025 -2.125778746747527 5.404999999999999
      vertex 1.6381730873541918 -2.2088207115717737 5.404999999999999
    endloop
  endfacet
  facet normal 0.6531728429537773 -0.7572088465064839 0
    outer loop
      vertex 1.8467871258293007 -2.0376155947261374 -0.3
      vertex 1.8467871258293007 -2.0376155947261374 5.404999999999999
      vertex 1.744581531450025 -2.125778746747527 5.404999999999999
    endloop
  endfacet
  facet normal 0.6895405447370658 -0.7242470829514681 0
    outer loop
      vertex 1.9445436482630059 -1.9445436482630059 -0.3
      vertex 1.9445436482630059 -1.9445436482630059 5.404999999999999
      vertex 1.8467871258293007 -2.0376155947261374 5.404999999999999
    endloop
  endfacet
  facet normal 0.7242470829514681 -0.6895405447370658 0
    outer loop
      vertex 2.0376155947261374 -1.8467871258293007 -0.3
      vertex 2.0376155947261374 -1.8467871258293007 5.404999999999999
      vertex 1.9445436482630059 -1.9445436482630059 5.404999999999999
    endloop
  endfacet
  facet normal 0.7572088465064839 -0.6531728429537773 0
    outer loop
      vertex 2.125778746747527 -1.744581531450025 -0.3
      vertex 2.125778746747527 -1.744581531450025 5.404999999999999
      vertex 2.0376155947261374 -1.8467871258293007 5.404999999999999
    endloop
  endfacet
  facet normal 0.7883464276266059 -0.6152315905806274 0
    outer loop
      vertex 2.2088207115717737 -1.6381730873541918 -0.3
      vertex 2.2088207115717737 -1.6381730873541918 5.404999999999999
      vertex 2.125778746747527 -1.744581531450025 5.404999999999999
    endloop
  endfacet
  facet normal 0.817584813151585 -0.5758081914178433 0
    outer loop
      vertex 2.2865414338319994 -1.527818140803906 -0.3
      vertex 2.2865414338319994 -1.527818140803906 5.404999999999999
      vertex 2.2088207115717737 -1.6381730873541918 5.404999999999999
    endloop
  endfacet
  facet normal 0.844853565249707 -0.5349976198870973 0
    outer loop
      vertex 2.358753677500748 -1.4137825465313598 -0.3
      vertex 2.358753677500748 -1.4137825465313598 5.404999999999999
      vertex 2.2865414338319994 -1.527818140803906 5.404999999999999
    endloop
  endfacet
  facet normal 0.8700869911087104 -0.492898192229786 0
    outer loop
      vertex 2.4252834769579765 -1.2963410262714936 -0.3
      vertex 2.4252834769579765 -1.2963410262714936 5.404999999999999
      vertex 2.358753677500748 -1.4137825465313598 5.404999999999999
    endloop
  endfacet
  facet normal 0.8932243011955161 -0.44961132965460504 0
    outer loop
      vertex 2.485970556089469 -1.1757765069332757 -0.3
      vertex 2.485970556089469 -1.1757765069332757 5.404999999999999
      vertex 2.4252834769579765 -1.2963410262714936 5.404999999999999
    endloop
  endfacet
  facet normal 0.9142097557035308 -0.40524131400498936 0
    outer loop
      vertex 2.5406687144060385 -1.0523794390039969 -0.3
      vertex 2.5406687144060385 -1.0523794390039969 5.404999999999999
      vertex 2.485970556089469 -1.1757765069332757 5.404999999999999
    endloop
  endfacet
  facet normal 0.932992798834739 -0.35989503653498806 0
    outer loop
      vertex 2.589246179253307 -0.9264470968286052 -0.3
      vertex 2.589246179253307 -0.9264470968286052 5.404999999999999
      vertex 2.5406687144060385 -1.0523794390039969 5.404999999999999
    endloop
  endfacet
  facet normal 0.9495281805930367 -0.3136817403988917 0
    outer loop
      vertex 2.6315859232635743 -0.7982828624497714 -0.3
      vertex 2.6315859232635743 -0.7982828624497714 5.404999999999999
      vertex 2.589246179253307 -0.9264470968286052 5.404999999999999
    endloop
  endfacet
  facet normal 0.9637760657954394 -0.26671275747490036 0
    outer loop
      vertex 2.6629355133716164 -0.6849999999999999 -0.3
      vertex 2.6629355133716164 -0.6849999999999999 5.404999999999999
      vertex 2.6315859232635743 -0.7982828624497714 5.404999999999999
    endloop
  endfacet
  facet normal 0 0 -1
    outer loop
      vertex 0.735 0.6849999999999999 -0.3
      vertex 0.735 2.05 -0.3
      vertex 0.7982828624497714 2.6315859232635743 -0.3
    endloop
  endfacet
  facet normal 0 0 -1
    outer loop
      vertex 0.735 0.6849999999999999 -0.3
      vertex 0.9264470968286052 2.589246179253307 -0.3
      vertex 1.0523794390039969 2.5406687144060385 -0.3
    endloop
  endfacet
  facet normal 0 0 -1
    outer loop
      vertex 0.735 0.6849999999999999 -0.3
      vertex 0.7982828624497714 2.6315859232635743 -0.3
      vertex 0.9264470968286052 2.589246179253307 -0.3
    endloop
  endfacet
  facet normal 0 0 -1
    outer loop
      vertex 0.735 0.6849999999999999 -0.3
      vertex 1.0523794390039969 2.5406687144060385 -0.3
      vertex 1.1757765069332757 2.485970556089469 -0.3
    endloop
  endfacet
  facet normal 0 0 -1
    outer loop
      vertex 0.735 0.6849999999999999 -0.3
      vertex 2.6315859232635743 0.7982828624497714 -0.3
      vertex 2.6629355133716164 0.6849999999999999 -0.3
    endloop
  endfacet
  facet normal 0 0 -1
    outer loop
      vertex 0.735 0.6849999999999999 -0.3
      vertex 2.485970556089469 1.1757765069332757 -0.3
      vertex 2.5406687144060385 1.0523794390039969 -0.3
    endloop
  endfacet
  facet normal 0 0 -1
    outer loop
      vertex 0.735 0.6849999999999999 -0.3
      vertex 2.589246179253307 0.9264470968286052 -0.3
      vertex 2.6315859232635743 0.7982828624497714 -0.3
    endloop
  endfacet
  facet normal 0 0 -1
    outer loop
      vertex 0.735 0.6849999999999999 -0.3
      vertex 2.5406687144060385 1.0523794390039969 -0.3
      vertex 2.589246179253307 0.9264470968286052 -0.3
    endloop
  endfacet
  facet normal 0 0 -1
    outer loop
      vertex 0.735 0.6849999999999999 -0.3
      vertex 1.8467871258293007 2.0376155947261374 -0.3
      vertex 1.9445436482630059 1.9445436482630059 -0.3
    endloop
  endfacet
  facet normal 0 0 -1
    outer loop
      vertex 0.735 0.6849999999999999 -0.3
      vertex 1.4137825465313598 2.358753677500748 -0.3
      vertex 1.527818140803906 2.2865414338319994 -0.3
    endloop
  endfacet
  facet normal 0 0 -1
    outer loop
      vertex 0.735 0.6849999999999999 -0.3
      vertex 1.1757765069332757 2.485970556089469 -0.3
      vertex 1.2963410262714936 2.4252834769579765 -0.3
    endloop
  endfacet
  facet normal 0 0 -1
    outer loop
      vertex 0.735 0.6849999999999999 -0.3
      vertex 1.2963410262714936 2.4252834769579765 -0.3
      vertex 1.4137825465313598 2.358753677500748 -0.3
    endloop
  endfacet
  facet normal 0 0 -1
    outer loop
      vertex 0.735 0.6849999999999999 -0.3
      vertex 1.6381730873541918 2.2088207115717737 -0.3
      vertex 1.744581531450025 2.125778746747527 -0.3
    endloop
  endfacet
  facet normal 0 0 -1
    outer loop
      vertex 0.735 0.6849999999999999 -0.3
      vertex 1.527818140803906 2.2865414338319994 -0.3
      vertex 1.6381730873541918 2.2088207115717737 -0.3
    endloop
  endfacet
  facet normal 0 0 -1
    outer loop
      vertex 0.735 0.6849999999999999 -0.3
      vertex 1.744581531450025 2.125778746747527 -0.3
      vertex 1.8467871258293007 2.0376155947261374 -0.3
    endloop
  endfacet
  facet normal 0 0 -1
    outer loop
      vertex 0.735 0.6849999999999999 -0.3
      vertex 2.2088207115717737 1.6381730873541918 -0.3
      vertex 2.2865414338319994 1.527818140803906 -0.3
    endloop
  endfacet
  facet normal 0 0 -1
    outer loop
      vertex 0.735 0.6849999999999999 -0.3
      vertex 2.2865414338319994 1.527818140803906 -0.3
      vertex 2.358753677500748 1.4137825465313598 -0.3
    endloop
  endfacet
  facet normal 0 0 -1
    outer loop
      vertex 0.735 0.6849999999999999 -0.3
      vertex 2.0376155947261374 1.8467871258293007 -0.3
      vertex 2.125778746747527 1.744581531450025 -0.3
    endloop
  endfacet
  facet normal 0 0 -1
    outer loop
      vertex 0.735 0.6849999999999999 -0.3
      vertex 1.9445436482630059 1.9445436482630059 -0.3
      vertex 2.0376155947261374 1.8467871258293007 -0.3
    endloop
  endfacet
  facet normal 0 0 -1
    outer loop
      vertex 0.735 0.6849999999999999 -0.3
      vertex 2.125778746747527 1.744581531450025 -0.3
      vertex 2.2088207115717737 1.6381730873541918 -0.3
    endloop
  endfacet
  facet normal 0 0 -1
    outer loop
      vertex 0.735 0.6849999999999999 -0.3
      vertex 2.358753677500748 1.4137825465313598 -0.3
      vertex 2.4252834769579765 1.2963410262714936 -0.3
    endloop
  endfacet
  facet normal 0 0 -1
    outer loop
      vertex 0.735 0.6849999999999999 -0.3
      vertex 2.4252834769579765 1.2963410262714936 -0.3
      vertex 2.485970556089469 1.1757765069332757 -0.3
    endloop
  endfacet
  facet normal 0.6531728429537773 0.7572088465064839 0
    outer loop
      vertex 1.8467871258293007 2.0376155947261374 -0.3
      vertex 1.744581531450025 2.125778746747527 -0.3
      vertex 1.8467871258293007 2.0376155947261374 5.404999999999999
    endloop
  endfacet
  facet normal 0.6895405447370658 0.7242470829514681 -1.7149034641046605e-19
    outer loop
      vertex 1.8467871258293007 2.0376155947261374 -0.3
      vertex 1.9445436482630059 1.9445436482630059 5.404999999999999
      vertex 1.9445436482630059 1.9445436482630059 -0.3
    endloop
  endfacet
  facet normal 0.7242470829514681 0.6895405447370658 -1.7149034641046605e-19
    outer loop
      vertex 1.9445436482630059 1.9445436482630059 -0.3
      vertex 2.0376155947261374 1.8467871258293007 5.404999999999999
      vertex 2.0376155947261374 1.8467871258293007 -0.3
    endloop
  endfacet
  facet normal 0 0 -1
    outer loop
      vertex -0.735 2.05 -0.3
      vertex 0.4035088047522448 2.720235402403148 -0.3
      vertex 0.5364983855443527 2.6971595211088837 -0.3
    endloop
  endfacet
  facet normal 0 0 -1
    outer loop
      vertex -0.735 2.05 -0.3
      vertex 0.6681954947339757 2.667585946284996 -0.3
      vertex 0.7982828624497714 2.6315859232635743 -0.3
    endloop
  endfacet
  facet normal 0 0 -1
    outer loop
      vertex -0.735 2.05 -0.3
      vertex 0.5364983855443527 2.6971595211088837 -0.3
      vertex 0.6681954947339757 2.667585946284996 -0.3
    endloop
  endfacet
  facet normal 0 0 -1
    outer loop
      vertex -0.735 2.05 -0.3
      vertex 0.7982828624497714 2.6315859232635743 -0.3
      vertex 0.735 2.05 -0.3
    endloop
  endfacet
  facet normal 0.024541228522910803 0.9996988186962044 -5.8726443113421e-21
    outer loop
      vertex 0 2.75 -0.3
      vertex 0.13493610440039955 2.7466875045642243 5.404999999999999
      vertex 0.13493610440039955 2.7466875045642243 -0.3
    endloop
  endfacet
  facet normal 0.07356456359966845 0.9972904566786902 -8.251153571796293e-20
    outer loop
      vertex 0.13493610440039955 2.7466875045642243 -0.3
      vertex 0.26954713590629165 2.7367579983485415 5.404999999999999
      vertex 0.26954713590629165 2.7367579983485415 -0.3
    endloop
  endfacet
  facet normal 0.12241067519921521 0.9924795345987102 -7.558059902188401e-22
    outer loop
      vertex 0.26954713590629165 2.7367579983485415 -0.3
      vertex 0.4035088047522448 2.720235402403148 5.404999999999999
      vertex 0.4035088047522448 2.720235402403148 -0.3
    endloop
  endfacet
  facet normal 0.17096188876030302 0.9852776423889409 1.5035922380659942e-19
    outer loop
      vertex 0.4035088047522448 2.720235402403148 -0.3
      vertex 0.5364983855443527 2.6971595211088837 5.404999999999999
      vertex 0.5364983855443527 2.6971595211088837 -0.3
    endloop
  endfacet
  facet normal 0.35989503653498806 0.932992798834739 -2.621646733919818e-19
    outer loop
      vertex 0.9264470968286052 2.589246179253307 -0.3
      vertex 1.0523794390039969 2.5406687144060385 5.404999999999999
      vertex 1.0523794390039969 2.5406687144060385 -0.3
    endloop
  endfacet
  facet normal 0.2191012401568692 0.9757021300385286 2.0812277941075905e-19
    outer loop
      vertex 0.5364983855443527 2.6971595211088837 -0.3
      vertex 0.6681954947339757 2.667585946284996 5.404999999999999
      vertex 0.6681954947339757 2.667585946284996 -0.3
    endloop
  endfacet
  facet normal 0.2667127574748991 0.9637760657954396 -2.800852051993347e-20
    outer loop
      vertex 0.6681954947339757 2.667585946284996 -0.3
      vertex 0.7982828624497714 2.6315859232635743 5.404999999999999
      vertex 0.7982828624497714 2.6315859232635743 -0.3
    endloop
  endfacet
  facet normal 0.3136817403988917 0.9495281805930367 -1.768400595657261e-19
    outer loop
      vertex 0.7982828624497714 2.6315859232635743 -0.3
      vertex 0.9264470968286052 2.589246179253307 5.404999999999999
      vertex 0.9264470968286052 2.589246179253307 -0.3
    endloop
  endfacet
  facet normal 0.40524131400498936 0.9142097557035308 5.511702449831115e-19
    outer loop
      vertex 1.0523794390039969 2.5406687144060385 -0.3
      vertex 1.1757765069332757 2.485970556089469 5.404999999999999
      vertex 1.1757765069332757 2.485970556089469 -0.3
    endloop
  endfacet
  facet normal 0.44961132965460504 0.8932243011955161 3.0682033098684176e-19
    outer loop
      vertex 1.1757765069332757 2.485970556089469 -0.3
      vertex 1.2963410262714936 2.4252834769579765 5.404999999999999
      vertex 1.2963410262714936 2.4252834769579765 -0.3
    endloop
  endfacet
  facet normal 0.5349976198870973 0.844853565249707 -4.658893456851306e-19
    outer loop
      vertex 1.4137825465313598 2.358753677500748 -0.3
      vertex 1.527818140803906 2.2865414338319994 5.404999999999999
      vertex 1.527818140803906 2.2865414338319994 -0.3
    endloop
  endfacet
  facet normal 0.492898192229786 0.8700869911087104 6.893183887666575e-19
    outer loop
      vertex 1.2963410262714936 2.4252834769579765 -0.3
      vertex 1.4137825465313598 2.358753677500748 5.404999999999999
      vertex 1.4137825465313598 2.358753677500748 -0.3
    endloop
  endfacet
  facet normal 0.5758081914178433 0.817584813151585 0
    outer loop
      vertex 1.6381730873541918 2.2088207115717737 -0.3
      vertex 1.527818140803906 2.2865414338319994 -0.3
      vertex 1.6381730873541918 2.2088207115717737 5.404999999999999
    endloop
  endfacet
  facet normal 0.6152315905806274 0.7883464276266059 -4.397106166118348e-19
    outer loop
      vertex 1.6381730873541918 2.2088207115717737 -0.3
      vertex 1.744581531450025 2.125778746747527 5.404999999999999
      vertex 1.744581531450025 2.125778746747527 -0.3
    endloop
  endfacet
  facet normal 0.932992798834739 0.35989503653498806 0
    outer loop
      vertex 2.589246179253307 0.9264470968286052 -0.3
      vertex 2.5406687144060385 1.0523794390039969 -0.3
      vertex 2.589246179253307 0.9264470968286052 5.404999999999999
    endloop
  endfacet
  facet normal 0.9637760657954394 0.26671275747490036 0
    outer loop
      vertex 2.6629355133716164 0.6849999999999999 -0.3
      vertex 2.6315859232635743 0.7982828624497714 -0.3
      vertex 2.6629355133716164 0.6849999999999999 5.404999999999999
    endloop
  endfacet
  facet normal 0.9495281805930367 0.3136817403988917 0
    outer loop
      vertex 2.6315859232635743 0.7982828624497714 -0.3
      vertex 2.589246179253307 0.9264470968286052 -0.3
      vertex 2.6315859232635743 0.7982828624497714 5.404999999999999
    endloop
  endfacet
  facet normal 0.9142097557035308 0.40524131400498936 5.511702449831115e-19
    outer loop
      vertex 2.485970556089469 1.1757765069332757 -0.3
      vertex 2.5406687144060385 1.0523794390039969 5.404999999999999
      vertex 2.5406687144060385 1.0523794390039969 -0.3
    endloop
  endfacet
  facet normal 0.8932243011955161 0.44961132965460504 0
    outer loop
      vertex 2.485970556089469 1.1757765069332757 -0.3
      vertex 2.4252834769579765 1.2963410262714936 -0.3
      vertex 2.485970556089469 1.1757765069332757 5.404999999999999
    endloop
  endfacet
  facet normal 0.8700869911087104 0.492898192229786 0
    outer loop
      vertex 2.4252834769579765 1.2963410262714936 -0.3
      vertex 2.358753677500748 1.4137825465313598 -0.3
      vertex 2.4252834769579765 1.2963410262714936 5.404999999999999
    endloop
  endfacet
  facet normal 0.844853565249707 0.5349976198870973 -4.658893456851306e-19
    outer loop
      vertex 2.2865414338319994 1.527818140803906 -0.3
      vertex 2.358753677500748 1.4137825465313598 5.404999999999999
      vertex 2.358753677500748 1.4137825465313598 -0.3
    endloop
  endfacet
  facet normal 0.7883464276266059 0.6152315905806274 0
    outer loop
      vertex 2.2088207115717737 1.6381730873541918 -0.3
      vertex 2.125778746747527 1.744581531450025 -0.3
      vertex 2.2088207115717737 1.6381730873541918 5.404999999999999
    endloop
  endfacet
  facet normal 0.7572088465064839 0.6531728429537773 7.160988608422316e-19
    outer loop
      vertex 2.0376155947261374 1.8467871258293007 -0.3
      vertex 2.125778746747527 1.744581531450025 5.404999999999999
      vertex 2.125778746747527 1.744581531450025 -0.3
    endloop
  endfacet
  facet normal 0.817584813151585 0.5758081914178433 0
    outer loop
      vertex 2.2865414338319994 1.527818140803906 -0.3
      vertex 2.2088207115717737 1.6381730873541918 -0.3
      vertex 2.2865414338319994 1.527818140803906 5.404999999999999
    endloop
  endfacet
  facet normal 0.7572088465064839 0.6531728429537773 0
    outer loop
      vertex 2.0376155947261374 1.8467871258293007 -0.3
      vertex 2.0376155947261374 1.8467871258293007 5.404999999999999
      vertex 2.125778746747527 1.744581531450025 5.404999999999999
    endloop
  endfacet
  facet normal 0.6895405447370658 0.7242470829514681 0
    outer loop
      vertex 1.8467871258293007 2.0376155947261374 -0.3
      vertex 1.8467871258293007 2.0376155947261374 5.404999999999999
      vertex 1.9445436482630059 1.9445436482630059 5.404999999999999
    endloop
  endfacet
  facet normal 0.7242470829514681 0.6895405447370658 0
    outer loop
      vertex 1.9445436482630059 1.9445436482630059 -0.3
      vertex 1.9445436482630059 1.9445436482630059 5.404999999999999
      vertex 2.0376155947261374 1.8467871258293007 5.404999999999999
    endloop
  endfacet
  facet normal 0.024541228522910803 0.9996988186962044 0
    outer loop
      vertex 0 2.75 -0.3
      vertex 0 2.75 5.404999999999999
      vertex 0.13493610440039955 2.7466875045642243 5.404999999999999
    endloop
  endfacet
  facet normal 0.07356456359966845 0.9972904566786902 0
    outer loop
      vertex 0.13493610440039955 2.7466875045642243 -0.3
      vertex 0.13493610440039955 2.7466875045642243 5.404999999999999
      vertex 0.26954713590629165 2.7367579983485415 5.404999999999999
    endloop
  endfacet
  facet normal 0.12241067519921521 0.9924795345987102 0
    outer loop
      vertex 0.26954713590629165 2.7367579983485415 -0.3
      vertex 0.26954713590629165 2.7367579983485415 5.404999999999999
      vertex 0.4035088047522448 2.720235402403148 5.404999999999999
    endloop
  endfacet
  facet normal 0.17096188876030302 0.9852776423889409 0
    outer loop
      vertex 0.4035088047522448 2.720235402403148 -0.3
      vertex 0.4035088047522448 2.720235402403148 5.404999999999999
      vertex 0.5364983855443527 2.6971595211088837 5.404999999999999
    endloop
  endfacet
  facet normal 0.35989503653498806 0.932992798834739 0
    outer loop
      vertex 0.9264470968286052 2.589246179253307 -0.3
      vertex 0.9264470968286052 2.589246179253307 5.404999999999999
      vertex 1.0523794390039969 2.5406687144060385 5.404999999999999
    endloop
  endfacet
  facet normal 0.2191012401568692 0.9757021300385286 0
    outer loop
      vertex 0.5364983855443527 2.6971595211088837 -0.3
      vertex 0.5364983855443527 2.6971595211088837 5.404999999999999
      vertex 0.6681954947339757 2.667585946284996 5.404999999999999
    endloop
  endfacet
  facet normal 0.2667127574748991 0.9637760657954396 0
    outer loop
      vertex 0.6681954947339757 2.667585946284996 -0.3
      vertex 0.6681954947339757 2.667585946284996 5.404999999999999
      vertex 0.7982828624497714 2.6315859232635743 5.404999999999999
    endloop
  endfacet
  facet normal 0.3136817403988917 0.9495281805930367 0
    outer loop
      vertex 0.7982828624497714 2.6315859232635743 -0.3
      vertex 0.7982828624497714 2.6315859232635743 5.404999999999999
      vertex 0.9264470968286052 2.589246179253307 5.404999999999999
    endloop
  endfacet
  facet normal 0.40524131400498936 0.9142097557035308 0
    outer loop
      vertex 1.0523794390039969 2.5406687144060385 -0.3
      vertex 1.0523794390039969 2.5406687144060385 5.404999999999999
      vertex 1.1757765069332757 2.485970556089469 5.404999999999999
    endloop
  endfacet
  facet normal 0.44961132965460504 0.8932243011955161 0
    outer loop
      vertex 1.1757765069332757 2.485970556089469 -0.3
      vertex 1.1757765069332757 2.485970556089469 5.404999999999999
      vertex 1.2963410262714936 2.4252834769579765 5.404999999999999
    endloop
  endfacet
  facet normal 0.492898192229786 0.8700869911087104 0
    outer loop
      vertex 1.2963410262714936 2.4252834769579765 -0.3
      vertex 1.2963410262714936 2.4252834769579765 5.404999999999999
      vertex 1.4137825465313598 2.358753677500748 5.404999999999999
    endloop
  endfacet
  facet normal 0.5349976198870973 0.844853565249707 0
    outer loop
      vertex 1.4137825465313598 2.358753677500748 -0.3
      vertex 1.4137825465313598 2.358753677500748 5.404999999999999
      vertex 1.527818140803906 2.2865414338319994 5.404999999999999
    endloop
  endfacet
  facet normal 0.6152315905806274 0.7883464276266059 0
    outer loop
      vertex 1.6381730873541918 2.2088207115717737 -0.3
      vertex 1.6381730873541918 2.2088207115717737 5.404999999999999
      vertex 1.744581531450025 2.125778746747527 5.404999999999999
    endloop
  endfacet
  facet normal 0.5758081914178433 0.817584813151585 0
    outer loop
      vertex 1.527818140803906 2.2865414338319994 -0.3
      vertex 1.527818140803906 2.2865414338319994 5.404999999999999
      vertex 1.6381730873541918 2.2088207115717737 5.404999999999999
    endloop
  endfacet
  facet normal 0.6531728429537773 0.7572088465064839 0
    outer loop
      vertex 1.744581531450025 2.125778746747527 -0.3
      vertex 1.744581531450025 2.125778746747527 5.404999999999999
      vertex 1.8467871258293007 2.0376155947261374 5.404999999999999
    endloop
  endfacet
  facet normal 0.932992798834739 0.35989503653498806 0
    outer loop
      vertex 2.5406687144060385 1.0523794390039969 -0.3
      vertex 2.5406687144060385 1.0523794390039969 5.404999999999999
      vertex 2.589246179253307 0.9264470968286052 5.404999999999999
    endloop
  endfacet
  facet normal 0.9637760657954394 0.26671275747490036 0
    outer loop
      vertex 2.6315859232635743 0.7982828624497714 -0.3
      vertex 2.6315859232635743 0.7982828624497714 5.404999999999999
      vertex 2.6629355133716164 0.6849999999999999 5.404999999999999
    endloop
  endfacet
  facet normal 0.9495281805930367 0.3136817403988917 0
    outer loop
      vertex 2.589246179253307 0.9264470968286052 -0.3
      vertex 2.589246179253307 0.9264470968286052 5.404999999999999
      vertex 2.6315859232635743 0.7982828624497714 5.404999999999999
    endloop
  endfacet
  facet normal 0.844853565249707 0.5349976198870973 0
    outer loop
      vertex 2.2865414338319994 1.527818140803906 -0.3
      vertex 2.2865414338319994 1.527818140803906 5.404999999999999
      vertex 2.358753677500748 1.4137825465313598 5.404999999999999
    endloop
  endfacet
  facet normal 0.8932243011955161 0.44961132965460504 0
    outer loop
      vertex 2.4252834769579765 1.2963410262714936 -0.3
      vertex 2.4252834769579765 1.2963410262714936 5.404999999999999
      vertex 2.485970556089469 1.1757765069332757 5.404999999999999
    endloop
  endfacet
  facet normal 0.9142097557035308 0.40524131400498936 0
    outer loop
      vertex 2.485970556089469 1.1757765069332757 -0.3
      vertex 2.485970556089469 1.1757765069332757 5.404999999999999
      vertex 2.5406687144060385 1.0523794390039969 5.404999999999999
    endloop
  endfacet
  facet normal 0.8700869911087104 0.492898192229786 0
    outer loop
      vertex 2.358753677500748 1.4137825465313598 -0.3
      vertex 2.358753677500748 1.4137825465313598 5.404999999999999
      vertex 2.4252834769579765 1.2963410262714936 5.404999999999999
    endloop
  endfacet
  facet normal 0.7883464276266059 0.6152315905806274 0
    outer loop
      vertex 2.125778746747527 1.744581531450025 -0.3
      vertex 2.125778746747527 1.744581531450025 5.404999999999999
      vertex 2.2088207115717737 1.6381730873541918 5.404999999999999
    endloop
  endfacet
  facet normal 0.817584813151585 0.5758081914178433 0
    outer loop
      vertex 2.2088207115717737 1.6381730873541918 -0.3
      vertex 2.2088207115717737 1.6381730873541918 5.404999999999999
      vertex 2.2865414338319994 1.527818140803906 5.404999999999999
    endloop
  endfacet
  facet normal 1 0 0
    outer loop
      vertex -0.735 -2.05 -0.3
      vertex -0.735 -0.6849999999999999 -0.3
      vertex -0.735 -2.05 5.404999999999999
    endloop
  endfacet
  facet normal 1 0 0
    outer loop
      vertex -0.735 -0.6849999999999999 -0.3
      vertex -0.735 -0.6849999999999999 5.404999999999999
      vertex -0.735 -2.05 5.404999999999999
    endloop
  endfacet
  facet normal 0 1 0
    outer loop
      vertex -0.735 -2.05 -0.3
      vertex -0.735 -2.05 5.404999999999999
      vertex 0.735 -2.05 5.404999999999999
    endloop
  endfacet
  facet normal 1 0 0
    outer loop
      vertex -0.735 0.6849999999999999 -0.3
      vertex -0.735 2.05 -0.3
      vertex -0.735 0.6849999999999999 5.404999999999999
    endloop
  endfacet
  facet normal 0 -1 0
    outer loop
      vertex -0.735 2.05 -0.3
      vertex 0.735 2.05 -0.3
      vertex -0.735 2.05 5.404999999999999
    endloop
  endfacet
  facet normal 1 0 0
    outer loop
      vertex -0.735 2.05 -0.3
      vertex -0.735 2.05 5.404999999999999
      vertex -0.735 0.6849999999999999 5.404999999999999
    endloop
  endfacet
  facet normal 0 1 0
    outer loop
      vertex -0.735 -2.05 -0.3
      vertex 0.735 -2.05 5.404999999999999
      vertex 0.735 -2.05 -0.3
    endloop
  endfacet
  facet normal -1 0 0
    outer loop
      vertex 0.735 -2.05 -0.3
      vertex 0.735 -0.6849999999999999 5.404999999999999
      vertex 0.735 -0.6849999999999999 -0.3
    endloop
  endfacet
  facet normal -1 0 0
    outer loop
      vertex 0.735 -2.05 -0.3
      vertex 0.735 -2.05 5.404999999999999
      vertex 0.735 -0.6849999999999999 5.404999999999999
    endloop
  endfacet
  facet normal -1 0 0
    outer loop
      vertex 0.735 0.6849999999999999 -0.3
      vertex 0.735 2.05 5.404999999999999
      vertex 0.735 2.05 -0.3
    endloop
  endfacet
  facet normal 0 -1 0
    outer loop
      vertex 0.735 2.05 -0.3
      vertex 0.735 2.05 5.404999999999999
      vertex -0.735 2.05 5.404999999999999
    endloop
  endfacet
  facet normal -1 0 0
    outer loop
      vertex 0.735 0.6849999999999999 -0.3
      vertex 0.735 0.6849999999999999 5.404999999999999
      vertex 0.735 2.05 5.404999999999999
    endloop
  endfacet
  facet normal 0 1 0
    outer loop
      vertex -2.6629355133716164 -0.6849999999999999 -0.3
      vertex -0.735 -0.6849999999999999 5.404999999999999
      vertex -0.735 -0.6849999999999999 -0.3
    endloop
  endfacet
  facet normal 0 1 0
    outer loop
      vertex -2.6629355133716164 -0.6849999999999999 -0.3
      vertex -2.6629355133716164 -0.6849999999999999 5.404999999999999
      vertex -0.735 -0.6849999999999999 5.404999999999999
    endloop
  endfacet
  facet normal 0 -1 0
    outer loop
      vertex -2.6629355133716164 0.6849999999999999 -0.3
      vertex -0.735 0.6849999999999999 -0.3
      vertex -2.6629355133716164 0.6849999999999999 5.404999999999999
    endloop
  endfacet
  facet normal 0 -1 0
    outer loop
      vertex -0.735 0.6849999999999999 -0.3
      vertex -0.735 0.6849999999999999 5.404999999999999
      vertex -2.6629355133716164 0.6849999999999999 5.404999999999999
    endloop
  endfacet
  facet normal 0 1 0
    outer loop
      vertex 0.735 -0.6849999999999999 -0.3
      vertex 2.6629355133716164 -0.6849999999999999 5.404999999999999
      vertex 2.6629355133716164 -0.6849999999999999 -0.3
    endloop
  endfacet
  facet normal 0 1 0
    outer loop
      vertex 0.735 -0.6849999999999999 -0.3
      vertex 0.735 -0.6849999999999999 5.404999999999999
      vertex 2.6629355133716164 -0.6849999999999999 5.404999999999999
    endloop
  endfacet
  facet normal 0 -1 0
    outer loop
      vertex 0.735 0.6849999999999999 -0.3
      vertex 2.6629355133716164 0.6849999999999999 -0.3
      vertex 0.735 0.6849999999999999 5.404999999999999
    endloop
  endfacet
  facet normal 0 -1 0
    outer loop
      vertex 2.6629355133716164 0.6849999999999999 -0.3
      vertex 2.6629355133716164 0.6849999999999999 5.404999999999999
      vertex 0.735 0.6849999999999999 5.404999999999999
    endloop
  endfacet
  facet normal 3.5590011117689873e-16 -0.27196716915625924 0.9623065306341481
    outer loop
      vertex -1.0523794390039969 -2.5406687144060385 7.594542278845771
      vertex -0.9264470968286052 -2.589246179253307 7.580813310810406
      vertex -0.1920919721350106 -2.6041273303455172 7.576607598381469
    endloop
  endfacet
  facet normal -3.0191641208699374e-16 -0.27196716915626945 0.9623065306341453
    outer loop
      vertex -1.2963410262714936 -2.4252834769579765 7.627152466340283
      vertex -1.2360587666023846 -2.4556270165237226 7.618576772114828
      vertex 0.9264470968286052 -2.589246179253307 7.580813310810406
    endloop
  endfacet
  facet normal -6.860489731865667e-16 -0.271967169156281 0.9623065306341421
    outer loop
      vertex -1.2963410262714936 -2.4252834769579765 7.627152466340283
      vertex 1.0523794390039969 -2.5406687144060385 7.594542278845771
      vertex -1.3550617864014267 -2.3920185772293623 7.636553795670863
    endloop
  endfacet
  facet normal -2.1686967567124825e-16 -0.271967169156274 0.9623065306341441
    outer loop
      vertex 1.527818140803906 -2.2865414338319994 7.666363756621212
      vertex -1.8086042605574846 -2.070552360820166 7.7274066103125465
      vertex -1.744581531450025 -2.125778746747527 7.71179852352808
    endloop
  endfacet
  facet normal -3.0942749986013347e-16 -0.27196716915627395 0.9623065306341438
    outer loop
      vertex -0.6681954947339757 -2.667585946284996 7.558672917917166
      vertex 0.4035088047522448 -2.720235402403148 7.543793123296386
      vertex -0.7982828624497714 -2.6315859232635743 7.568847248069789
    endloop
  endfacet
  facet normal 6.706391643011448e-16 -0.2719671691562529 0.96230653063415
    outer loop
      vertex -0.6681954947339757 -2.667585946284996 7.558672917917166
      vertex -0.5364983855443527 -2.6971595211088837 7.550314831205042
      vertex 0.26954713590629165 -2.7367579983485415 7.539123505556788
    endloop
  endfacet
  facet normal -1.4230625425753245e-16 -0.27196716915627145 0.9623065306341447
    outer loop
      vertex -1.0523794390039969 -2.5406687144060385 7.594542278845771
      vertex 0.7982828624497714 -2.6315859232635743 7.568847248069789
      vertex -1.1140779729686363 -2.513319635247754 7.602271678367572
    endloop
  endfacet
  facet normal -8.123108851537215e-15 -0.2719671691563293 0.9623065306341283
    outer loop
      vertex -0.11900301979904215 -2.4223621167951084 7.627978101445407
      vertex -0.5201092293109126 -2.3608745088283865 7.645355735436814
      vertex -0.48434897719884773 -2.3835194387351004 7.638955823052957
    endloop
  endfacet
  facet normal 7.975967240588331e-16 -0.27196716915625363 0.9623065306341497
    outer loop
      vertex -1.0523794390039969 -2.5406687144060385 7.594542278845771
      vertex -0.1920919721350106 -2.6041273303455172 7.576607598381469
      vertex 0.7982828624497714 -2.6315859232635743 7.568847248069789
    endloop
  endfacet
  facet normal 2.4816452341049053e-16 -0.21905131513062326 0.9757133397363922
    outer loop
      vertex -2.485970556089469 -1.1757765069332757 7.948070671636537
      vertex -2.4252834769579765 -1.2963410262714936 7.921003483515215
      vertex -0.735 -1.3855597221114386 7.900973550683448
    endloop
  endfacet
  facet normal -1.0187381115882166e-15 -0.21905131513063333 0.97571333973639
    outer loop
      vertex -2.485970556089469 -1.1757765069332757 7.948070671636537
      vertex -0.735 -1.3855597221114386 7.900973550683448
      vertex -2.5406687144060385 -1.0523794390039969 7.975773777571806
    endloop
  endfacet
  facet normal -2.2574135941697233e-16 -0.24562278783240316 0.9693654863349728
    outer loop
      vertex -2.0736282774827073 -1.6150010587197339 7.84283653060571
      vertex -0.735 -2.05 7.732614272677619
      vertex -0.735 -1.3855597221114386 7.900973550683448
    endloop
  endfacet
  facet normal 4.802978997684529e-16 -0.21905131513062745 0.9757133397363913
    outer loop
      vertex -2.589246179253307 -0.9264470968286052 8.004046062112318
      vertex -0.735 -0.6972291486714466 8.055506353727203
      vertex -2.5984659337582268 -0.8985385016090097 8.010311646723421
    endloop
  endfacet
  facet normal 2.8164539787641217e-16 -0.21905131513062595 0.9757133397363916
    outer loop
      vertex -2.589246179253307 -0.9264470968286052 8.004046062112318
      vertex -0.735 -1.0002303581964678 7.987481442383306
      vertex -0.735 -0.6972291486714466 8.055506353727203
    endloop
  endfacet
  facet normal -6.060760392790176e-16 -0.10903369782159625 0.9940380539694388
    outer loop
      vertex -2.125778746747527 1.744581531450025 8.442367930106062
      vertex -2.2088207115717737 1.6381730873541918 8.43069623796824
      vertex -0.735 1.371191465675636 8.401411651381464
    endloop
  endfacet
  facet normal 5.4634585294186465e-17 -0.1090336978215938 0.994038053969439
    outer loop
      vertex -2.125778746747527 1.744581531450025 8.442367930106062
      vertex -0.735 1.371191465675636 8.401411651381464
      vertex -2.0539231450024475 1.827882143071245 8.451504978410796
    endloop
  endfacet
  facet normal 2.5447309916656586e-15 -0.10903369782158669 0.9940380539694398
    outer loop
      vertex -2.0539231450024475 1.827882143071245 8.451504978410796
      vertex -0.735 1.371191465675636 8.401411651381464
      vertex -1.9736769449650504 1.823442599273981 8.45101801528607
    endloop
  endfacet
  facet normal 3.360395318292825e-15 -0.10903369782158841 0.9940380539694397
    outer loop
      vertex -1.8467871258293007 2.0376155947261374 8.474510147779817
      vertex -1.9445436482630059 1.9445436482630059 8.464301304722145
      vertex -0.735 1.371191465675636 8.401411651381464
    endloop
  endfacet
  facet normal -1.7090225077373406e-14 -0.1090336978216221 0.9940380539694359
    outer loop
      vertex -1.8467871258293007 2.0376155947261374 8.474510147779817
      vertex -0.735 1.371191465675636 8.401411651381464
      vertex -1.8251605008997367 2.056270849685071 8.476556398850242
    endloop
  endfacet
  facet normal 1.1014975123483481e-15 -0.2719671691562474 0.9623065306341514
    outer loop
      vertex -0.6681954947339757 -2.667585946284996 7.558672917917166
      vertex 0.26954713590629165 -2.7367579983485415 7.539123505556788
      vertex 0.4035088047522448 -2.720235402403148 7.543793123296386
    endloop
  endfacet
  facet normal 3.729027716394399e-16 -0.27196716915626096 0.9623065306341476
    outer loop
      vertex -1.2963410262714936 -2.4252834769579765 7.627152466340283
      vertex 0.9264470968286052 -2.589246179253307 7.580813310810406
      vertex 1.0523794390039969 -2.5406687144060385 7.594542278845771
    endloop
  endfacet
  facet normal -5.731031199078209e-16 -0.2719671691562837 0.9623065306341412
    outer loop
      vertex 1.1757765069332757 -2.485970556089469 7.610001077889373
      vertex -0.5201092293109126 -2.3608745088283865 7.645355735436814
      vertex -0.11900301979904215 -2.4223621167951084 7.627978101445407
    endloop
  endfacet
  facet normal 4.491867279994445e-16 -0.2719671691562613 0.9623065306341475
    outer loop
      vertex 1.527818140803906 -2.2865414338319994 7.666363756621212
      vertex -1.744581531450025 -2.125778746747527 7.71179852352808
      vertex 1.4137825465313598 -2.358753677500748 7.645955125001442
    endloop
  endfacet
  facet normal 1.2395517264283715e-16 -0.27196716915626906 0.9623065306341454
    outer loop
      vertex 1.527818140803906 -2.2865414338319994 7.666363756621212
      vertex 1.6381730873541918 -2.2088207115717737 7.68832919501844
      vertex -1.8086042605574846 -2.070552360820166 7.7274066103125465
    endloop
  endfacet
  facet normal -1.492215425355487e-15 -0.27196716915629526 0.962306530634138
    outer loop
      vertex 1.1757765069332757 -2.485970556089469 7.610001077889373
      vertex 1.2012299323831206 -2.4731583784030224 7.6136220568448145
      vertex -0.5201092293109126 -2.3608745088283865 7.645355735436814
    endloop
  endfacet
  facet normal 1.8116509017371734e-16 -0.2719671691562695 0.9623065306341453
    outer loop
      vertex 1.1757765069332757 -2.485970556089469 7.610001077889373
      vertex -0.11900301979904215 -2.4223621167951084 7.627978101445407
      vertex 1.0523794390039969 -2.5406687144060385 7.594542278845771
    endloop
  endfacet
  facet normal 5.992641486498314e-16 -0.24562278783240027 0.9693654863349735
    outer loop
      vertex 2.2865414338319994 -1.527818140803906 7.864927384521721
      vertex 0.735 -1.3855597221114386 7.900973550683448
      vertex 2.2088207115717737 -1.6381730873541918 7.836965083403224
    endloop
  endfacet
  facet normal -2.508501498910394e-16 -0.24562278783240898 0.9693654863349712
    outer loop
      vertex 2.2865414338319994 -1.527818140803906 7.864927384521721
      vertex 2.358753677500748 -1.4137825465313598 7.893822306996472
      vertex 0.735 -1.3855597221114386 7.900973550683448
    endloop
  endfacet
  facet normal 1.045575977287993e-15 -0.21905131513062387 0.9757133397363921
    outer loop
      vertex 2.485970556089469 -1.1757765069332757 7.948070671636537
      vertex 0.735 -0.6972291486714466 8.055506353727203
      vertex 2.4252834769579765 -1.2963410262714936 7.921003483515215
    endloop
  endfacet
  facet normal 3.3532064324178127e-16 -0.21905131513062637 0.9757133397363916
    outer loop
      vertex 2.485970556089469 -1.1757765069332757 7.948070671636537
      vertex 2.5406687144060385 -1.0523794390039969 7.975773777571805
      vertex 0.735 -0.6972291486714466 8.055506353727203
    endloop
  endfacet
  facet normal 4.2464535811487325e-16 -0.10903369782159324 0.9940380539694391
    outer loop
      vertex 2.2088207115717737 1.6381730873541918 8.43069623796824
      vertex 0.735 2.05 8.475868564086857
      vertex 2.073436920877728 1.5995399191277382 8.426458656546208
    endloop
  endfacet
  facet normal -7.112725802040221e-16 -0.10903369782159728 0.9940380539694386
    outer loop
      vertex 2.2088207115717737 1.6381730873541918 8.43069623796824
      vertex 2.125778746747527 1.744581531450025 8.442367930106062
      vertex 0.735 2.05 8.475868564086857
    endloop
  endfacet
  facet normal 0 -0.08020237593034776 0.9967786007409707
    outer loop
      vertex 1.1757765069332757 2.485970556089469 8.511130713913364
      vertex -1.0523794390039969 2.5406687144060385 8.515531813869504
      vertex 0 2.485970556089469 8.511130713913364
    endloop
  endfacet
  facet normal -1.324389920887808e-20 -0.08020237593034775 0.9967786007409706
    outer loop
      vertex 1.1757765069332757 2.485970556089469 8.511130713913364
      vertex 1.0523794390039969 2.5406687144060385 8.515531813869504
      vertex -1.0523794390039969 2.5406687144060385 8.515531813869504
    endloop
  endfacet
  facet normal 0 -0.08020237593029854 0.9967786007409745
    outer loop
      vertex 1.1757765069332757 2.485970556089469 8.511130713913364
      vertex 0 2.485970556089469 8.511130713913364
      vertex 1.2963410262714936 2.4252834769579765 8.506247735957178
    endloop
  endfacet
  facet normal -1.7791309199626494e-15 -0.1090336978215856 0.99403805396944
    outer loop
      vertex 2.2088207115717737 1.6381730873541918 8.43069623796824
      vertex 2.073436920877728 1.5995399191277382 8.426458656546208
      vertex 2.242621287655883 1.5901799568395052 8.42543198428182
    endloop
  endfacet
endsolid OpenSCAD_Model
