solid OpenSCAD_Model
  facet normal -0.6152315905806282 -0.7883464276266051 0
    outer loop
      vertex -12.084393284163646 -8.073010453362738 -0.00495
      vertex -12.045699304492434 -8.103207531480646 0.005050000000000001
      vertex -12.084393284163646 -8.073010453362738 0.005050000000000001
    endloop
  endfacet
  facet normal -0.6531728429537672 -0.7572088465064929 -8.721383940955896e-17
    outer loop
      vertex -12.12155895484702 -8.04095112535496 0.005050000000000001
      vertex -12.084393284163646 -8.073010453362738 -0.00495
      vertex -12.084393284163646 -8.073010453362738 0.005050000000000001
    endloop
  endfacet
  facet normal -0.6531728429537672 -0.7572088465064929 0
    outer loop
      vertex -12.12155895484702 -8.04095112535496 -0.00495
      vertex -12.084393284163646 -8.073010453362738 -0.00495
      vertex -12.12155895484702 -8.04095112535496 0.005050000000000001
    endloop
  endfacet
  facet normal 0 0 -1
    outer loop
      vertex -12.084393284163646 -8.073010453362738 -0.00495
      vertex -12.157106781186549 -8.007106781186549 -0.00495
      vertex -12.005570233019604 -8.131469612302546 -0.00495
    endloop
  endfacet
  facet normal -0.8175848131515888 -0.575808191417838 7.808484056361628e-18
    outer loop
      vertex -12.281469612302546 -7.855570233019603 -0.00495
      vertex -12.253207531480646 -7.895699304492434 -0.00495
      vertex -12.253207531480646 -7.895699304492434 0.005050000000000001
    endloop
  endfacet
  facet normal -0.8175848131515888 -0.575808191417838 0
    outer loop
      vertex -12.281469612302546 -7.855570233019603 -0.00495
      vertex -12.253207531480646 -7.895699304492434 0.005050000000000001
      vertex -12.281469612302546 -7.855570233019603 0.005050000000000001
    endloop
  endfacet
  facet normal -0.8700869911087146 -0.49289819222977843 0
    outer loop
      vertex -12.307728610000273 -7.814102744193223 -0.00495
      vertex -12.307728610000273 -7.814102744193223 0.005050000000000001
      vertex -12.331921264348356 -7.771396736825999 0.005050000000000001
    endloop
  endfacet
  facet normal -0.8700869911087146 -0.49289819222977843 1.0638569812861197e-16
    outer loop
      vertex -12.307728610000273 -7.814102744193223 -0.00495
      vertex -12.331921264348356 -7.771396736825999 0.005050000000000001
      vertex -12.331921264348356 -7.771396736825999 -0.00495
    endloop
  endfacet
  facet normal -0.8448535652496996 -0.5349976198871089 0
    outer loop
      vertex -12.281469612302546 -7.855570233019603 -0.00495
      vertex -12.281469612302546 -7.855570233019603 0.005050000000000001
      vertex -12.307728610000273 -7.814102744193223 0.005050000000000001
    endloop
  endfacet
  facet normal -0.8448535652496996 -0.5349976198871089 -4.369913759878488e-17
    outer loop
      vertex -12.281469612302546 -7.855570233019603 -0.00495
      vertex -12.307728610000273 -7.814102744193223 0.005050000000000001
      vertex -12.307728610000273 -7.814102744193223 -0.00495
    endloop
  endfacet
  facet normal -0.7242470829514729 -0.6895405447370607 1.8613048138239457e-16
    outer loop
      vertex -12.19095112535496 -7.971558954847019 0.005050000000000001
      vertex -12.157106781186549 -8.007106781186549 -0.00495
      vertex -12.157106781186549 -8.007106781186549 0.005050000000000001
    endloop
  endfacet
  facet normal -0.7242470829514729 -0.6895405447370607 0
    outer loop
      vertex -12.19095112535496 -7.971558954847019 -0.00495
      vertex -12.157106781186549 -8.007106781186549 -0.00495
      vertex -12.19095112535496 -7.971558954847019 0.005050000000000001
    endloop
  endfacet
  facet normal -0.7572088465064851 -0.6531728429537761 0
    outer loop
      vertex -12.223010453362738 -7.934393284163646 -0.00495
      vertex -12.19095112535496 -7.971558954847019 0.005050000000000001
      vertex -12.223010453362738 -7.934393284163646 0.005050000000000001
    endloop
  endfacet
  facet normal -0.7883464276266051 -0.6152315905806282 0
    outer loop
      vertex -12.223010453362738 -7.934393284163646 -0.00495
      vertex -12.223010453362738 -7.934393284163646 0.005050000000000001
      vertex -12.253207531480646 -7.895699304492434 0.005050000000000001
    endloop
  endfacet
  facet normal 0 0 -1
    outer loop
      vertex -12.281469612302546 -7.855570233019603 -0.00495
      vertex -12.157106781186549 -8.007106781186549 -0.00495
      vertex -12.223010453362738 -7.934393284163646 -0.00495
    endloop
  endfacet
  facet normal 0 0 -1
    outer loop
      vertex -12.223010453362738 -7.934393284163646 -0.00495
      vertex -12.157106781186549 -8.007106781186549 -0.00495
      vertex -12.19095112535496 -7.971558954847019 -0.00495
    endloop
  endfacet
  facet normal -0.7572088465064851 -0.6531728429537761 5.195272149007608e-17
    outer loop
      vertex -12.223010453362738 -7.934393284163646 -0.00495
      vertex -12.19095112535496 -7.971558954847019 -0.00495
      vertex -12.19095112535496 -7.971558954847019 0.005050000000000001
    endloop
  endfacet
  facet normal -0.6895405447370607 -0.7242470829514729 1.8613048138239457e-16
    outer loop
      vertex -12.12155895484702 -8.04095112535496 -0.00495
      vertex -12.157106781186549 -8.007106781186549 0.005050000000000001
      vertex -12.157106781186549 -8.007106781186549 -0.00495
    endloop
  endfacet
  facet normal -0.6895405447370607 -0.7242470829514729 0
    outer loop
      vertex -12.12155895484702 -8.04095112535496 -0.00495
      vertex -12.12155895484702 -8.04095112535496 0.005050000000000001
      vertex -12.157106781186549 -8.007106781186549 0.005050000000000001
    endloop
  endfacet
  facet normal 0 0 -1
    outer loop
      vertex -12.12155895484702 -8.04095112535496 -0.00495
      vertex -12.157106781186549 -8.007106781186549 -0.00495
      vertex -12.084393284163646 -8.073010453362738 -0.00495
    endloop
  endfacet
  facet normal 0 0 -1
    outer loop
      vertex -12.307728610000273 -7.814102744193223 -0.00495
      vertex -12.005570233019604 -8.131469612302546 -0.00495
      vertex -12.157106781186549 -8.007106781186549 -0.00495
    endloop
  endfacet
  facet normal -0.7883464276266051 -0.6152315905806282 1.2258921321545644e-16
    outer loop
      vertex -12.223010453362738 -7.934393284163646 -0.00495
      vertex -12.253207531480646 -7.895699304492434 0.005050000000000001
      vertex -12.253207531480646 -7.895699304492434 -0.00495
    endloop
  endfacet
  facet normal 0 0 -1
    outer loop
      vertex -12.281469612302546 -7.855570233019603 -0.00495
      vertex -12.223010453362738 -7.934393284163646 -0.00495
      vertex -12.253207531480646 -7.895699304492434 -0.00495
    endloop
  endfacet
  facet normal 0 0 -1
    outer loop
      vertex -12.281469612302546 -7.855570233019603 -0.00495
      vertex -12.307728610000273 -7.814102744193223 -0.00495
      vertex -12.157106781186549 -8.007106781186549 -0.00495
    endloop
  endfacet
  facet normal 0 0 -1
    outer loop
      vertex -11.921396736825999 -8.181921264348356 -0.00495
      vertex -11.964102744193223 -8.157728610000273 -0.00495
      vertex -11.877555093430283 -8.203989293123444 -0.00495
    endloop
  endfacet
  facet normal -0.49289819222977843 -0.8700869911087146 0
    outer loop
      vertex -11.921396736825999 -8.181921264348356 -0.00495
      vertex -11.921396736825999 -8.181921264348356 0.005050000000000001
      vertex -11.964102744193223 -8.157728610000273 0.005050000000000001
    endloop
  endfacet
  facet normal -0.4496113296546005 -0.8932243011955183 6.462560192373798e-17
    outer loop
      vertex -11.921396736825999 -8.181921264348356 -0.00495
      vertex -11.877555093430283 -8.203989293123444 -0.00495
      vertex -11.877555093430283 -8.203989293123444 0.005050000000000001
    endloop
  endfacet
  facet normal -0.4496113296546005 -0.8932243011955183 0
    outer loop
      vertex -11.921396736825999 -8.181921264348356 -0.00495
      vertex -11.877555093430283 -8.203989293123444 0.005050000000000001
      vertex -11.921396736825999 -8.181921264348356 0.005050000000000001
    endloop
  endfacet
  facet normal 0 0 -1
    outer loop
      vertex -11.877555093430283 -8.203989293123444 -0.00495
      vertex -12.005570233019604 -8.131469612302546 -0.00495
      vertex -11.740284677254463 -8.25694033573221 -0.00495
    endloop
  endfacet
  facet normal -0.5758081914178551 -0.8175848131515769 0
    outer loop
      vertex -12.005570233019604 -8.131469612302546 -0.00495
      vertex -12.005570233019604 -8.131469612302546 0.005050000000000001
      vertex -12.045699304492434 -8.103207531480646 0.005050000000000001
    endloop
  endfacet
  facet normal -0.5758081914178551 -0.8175848131515769 -2.0293939999107173e-16
    outer loop
      vertex -12.005570233019604 -8.131469612302546 -0.00495
      vertex -12.045699304492434 -8.103207531480646 0.005050000000000001
      vertex -12.045699304492434 -8.103207531480646 -0.00495
    endloop
  endfacet
  facet normal -0.5349976198871008 -0.8448535652497048 1.520772220084748e-16
    outer loop
      vertex -11.964102744193223 -8.157728610000273 0.005050000000000001
      vertex -12.005570233019604 -8.131469612302546 0.005050000000000001
      vertex -12.005570233019604 -8.131469612302546 -0.00495
    endloop
  endfacet
  facet normal -0.5349976198871008 -0.8448535652497048 0
    outer loop
      vertex -11.964102744193223 -8.157728610000273 -0.00495
      vertex -11.964102744193223 -8.157728610000273 0.005050000000000001
      vertex -12.005570233019604 -8.131469612302546 -0.00495
    endloop
  endfacet
  facet normal 0 0 -1
    outer loop
      vertex -12.084393284163646 -8.073010453362738 -0.00495
      vertex -12.005570233019604 -8.131469612302546 -0.00495
      vertex -12.045699304492434 -8.103207531480646 -0.00495
    endloop
  endfacet
  facet normal -0.6152315905806282 -0.7883464276266051 1.2258921321545644e-16
    outer loop
      vertex -12.084393284163646 -8.073010453362738 -0.00495
      vertex -12.045699304492434 -8.103207531480646 -0.00495
      vertex -12.045699304492434 -8.103207531480646 0.005050000000000001
    endloop
  endfacet
  facet normal 0 0 -1
    outer loop
      vertex -11.877555093430283 -8.203989293123444 -0.00495
      vertex -11.964102744193223 -8.157728610000273 -0.00495
      vertex -12.005570233019604 -8.131469612302546 -0.00495
    endloop
  endfacet
  facet normal -0.49289819222977843 -0.8700869911087146 1.0638569812861197e-16
    outer loop
      vertex -11.921396736825999 -8.181921264348356 -0.00495
      vertex -11.964102744193223 -8.157728610000273 0.005050000000000001
      vertex -11.964102744193223 -8.157728610000273 -0.00495
    endloop
  endfacet
  facet normal -0.35989503653499316 -0.932992798834737 0
    outer loop
      vertex -11.786889853392221 -8.241544065183021 -0.00495
      vertex -11.786889853392221 -8.241544065183021 0.005050000000000001
      vertex -11.83268343236509 -8.223879532511287 -0.00495
    endloop
  endfacet
  facet normal -0.3136817403989097 -0.9495281805930307 0
    outer loop
      vertex -11.786889853392221 -8.241544065183021 -0.00495
      vertex -11.740284677254463 -8.25694033573221 0.005050000000000001
      vertex -11.786889853392221 -8.241544065183021 0.005050000000000001
    endloop
  endfacet
  facet normal -0.4052413140049827 -0.914209755703534 0
    outer loop
      vertex -11.877555093430283 -8.203989293123444 -0.00495
      vertex -11.83268343236509 -8.223879532511287 -0.00495
      vertex -11.877555093430283 -8.203989293123444 0.005050000000000001
    endloop
  endfacet
  facet normal -0.4052413140049827 -0.914209755703534 1.0375808606099149e-16
    outer loop
      vertex -11.877555093430283 -8.203989293123444 0.005050000000000001
      vertex -11.83268343236509 -8.223879532511287 -0.00495
      vertex -11.83268343236509 -8.223879532511287 0.005050000000000001
    endloop
  endfacet
  facet normal 0 0 -1
    outer loop
      vertex -11.877555093430283 -8.203989293123444 -0.00495
      vertex -11.786889853392221 -8.241544065183021 -0.00495
      vertex -11.83268343236509 -8.223879532511287 -0.00495
    endloop
  endfacet
  facet normal 0 0 -1
    outer loop
      vertex -11.877555093430283 -8.203989293123444 -0.00495
      vertex -11.740284677254463 -8.25694033573221 -0.00495
      vertex -11.786889853392221 -8.241544065183021 -0.00495
    endloop
  endfacet
  facet normal -0.35989503653499316 -0.932992798834737 3.5145105410712124e-17
    outer loop
      vertex -11.786889853392221 -8.241544065183021 0.005050000000000001
      vertex -11.83268343236509 -8.223879532511287 0.005050000000000001
      vertex -11.83268343236509 -8.223879532511287 -0.00495
    endloop
  endfacet
  facet normal -0.3136817403989097 -0.9495281805930307 7.424109525557104e-17
    outer loop
      vertex -11.786889853392221 -8.241544065183021 -0.00495
      vertex -11.740284677254463 -8.25694033573221 -0.00495
      vertex -11.740284677254463 -8.25694033573221 0.005050000000000001
    endloop
  endfacet
  facet normal -0.26671275747486933 -0.963776065795448 0
    outer loop
      vertex -11.740284677254463 -8.25694033573221 -0.00495
      vertex -11.692980179903264 -8.270031253194544 -0.00495
      vertex -11.740284677254463 -8.25694033573221 0.005050000000000001
    endloop
  endfacet
  facet normal 0 0 -1
    outer loop
      vertex -11.740284677254463 -8.25694033573221 -0.00495
      vertex -11.596730474455363 -8.289176509964781 -0.00495
      vertex -11.692980179903264 -8.270031253194544 -0.00495
    endloop
  endfacet
  facet normal -0.2191012401568868 -0.9757021300385248 0
    outer loop
      vertex -11.692980179903264 -8.270031253194544 -0.00495
      vertex -11.645090322016129 -8.280785280403231 -0.00495
      vertex -11.692980179903264 -8.270031253194544 0.005050000000000001
    endloop
  endfacet
  facet normal -0.26671275747486933 -0.963776065795448 8.835868664011109e-17
    outer loop
      vertex -11.740284677254463 -8.25694033573221 0.005050000000000001
      vertex -11.692980179903264 -8.270031253194544 -0.00495
      vertex -11.692980179903264 -8.270031253194544 0.005050000000000001
    endloop
  endfacet
  facet normal 0 0 -1
    outer loop
      vertex -12.005570233019604 -8.131469612302546 -0.00495
      vertex -11.450000000000001 -8.3 -0.00495
      vertex -11.740284677254463 -8.25694033573221 -0.00495
    endloop
  endfacet
  facet normal 0 0 -1
    outer loop
      vertex -12.307728610000273 -7.814102744193223 -0.00495
      vertex -12.353989293123444 -7.727555093430283 -0.00495
      vertex -12.40694033573221 -7.590284677254463 -0.00495
    endloop
  endfacet
  facet normal -0.914209755703534 -0.4052413140049827 0
    outer loop
      vertex -12.353989293123444 -7.727555093430283 -0.00495
      vertex -12.353989293123444 -7.727555093430283 0.005050000000000001
      vertex -12.373879532511287 -7.68268343236509 -0.00495
    endloop
  endfacet
  facet normal -0.914209755703534 -0.4052413140049827 1.0375808606099149e-16
    outer loop
      vertex -12.353989293123444 -7.727555093430283 0.005050000000000001
      vertex -12.373879532511287 -7.68268343236509 0.005050000000000001
      vertex -12.373879532511287 -7.68268343236509 -0.00495
    endloop
  endfacet
  facet normal 0 0 -1
    outer loop
      vertex -12.353989293123444 -7.727555093430283 -0.00495
      vertex -12.373879532511287 -7.68268343236509 -0.00495
      vertex -12.40694033573221 -7.590284677254463 -0.00495
    endloop
  endfacet
  facet normal -0.932992798834737 -0.35989503653499316 3.5145105410712124e-17
    outer loop
      vertex -12.373879532511287 -7.68268343236509 0.005050000000000001
      vertex -12.391544065183021 -7.636889853392221 0.005050000000000001
      vertex -12.391544065183021 -7.636889853392221 -0.00495
    endloop
  endfacet
  facet normal -0.932992798834737 -0.35989503653499316 0
    outer loop
      vertex -12.373879532511287 -7.68268343236509 -0.00495
      vertex -12.373879532511287 -7.68268343236509 0.005050000000000001
      vertex -12.391544065183021 -7.636889853392221 -0.00495
    endloop
  endfacet
  facet normal 0 0 -1
    outer loop
      vertex -12.307728610000273 -7.814102744193223 -0.00495
      vertex -12.331921264348356 -7.771396736825999 -0.00495
      vertex -12.353989293123444 -7.727555093430283 -0.00495
    endloop
  endfacet
  facet normal -0.8932243011955183 -0.4496113296546005 6.462560192373798e-17
    outer loop
      vertex -12.353989293123444 -7.727555093430283 -0.00495
      vertex -12.331921264348356 -7.771396736825999 -0.00495
      vertex -12.331921264348356 -7.771396736825999 0.005050000000000001
    endloop
  endfacet
  facet normal -0.8932243011955183 -0.4496113296546005 0
    outer loop
      vertex -12.353989293123444 -7.727555093430283 -0.00495
      vertex -12.331921264348356 -7.771396736825999 0.005050000000000001
      vertex -12.353989293123444 -7.727555093430283 0.005050000000000001
    endloop
  endfacet
  facet normal -0.9495281805930307 -0.3136817403989097 0
    outer loop
      vertex -12.40694033573221 -7.590284677254463 -0.00495
      vertex -12.391544065183021 -7.636889853392221 -0.00495
      vertex -12.40694033573221 -7.590284677254463 0.005050000000000001
    endloop
  endfacet
  facet normal 0 0 -1
    outer loop
      vertex -12.373879532511287 -7.68268343236509 -0.00495
      vertex -12.391544065183021 -7.636889853392221 -0.00495
      vertex -12.40694033573221 -7.590284677254463 -0.00495
    endloop
  endfacet
  facet normal -0.9495281805930307 -0.3136817403989097 7.424109525557104e-17
    outer loop
      vertex -12.40694033573221 -7.590284677254463 0.005050000000000001
      vertex -12.391544065183021 -7.636889853392221 -0.00495
      vertex -12.391544065183021 -7.636889853392221 0.005050000000000001
    endloop
  endfacet
  facet normal -0.9637760657954466 -0.2667127574748739 0
    outer loop
      vertex -12.40694033573221 -7.590284677254463 -0.00495
      vertex -12.40694033573221 -7.590284677254463 0.005050000000000001
      vertex -12.420031253194544 -7.542980179903265 0.005050000000000001
    endloop
  endfacet
  facet normal -0.9637760657954466 -0.2667127574748739 -7.934497710735335e-17
    outer loop
      vertex -12.40694033573221 -7.590284677254463 -0.00495
      vertex -12.420031253194544 -7.542980179903265 0.005050000000000001
      vertex -12.420031253194544 -7.542980179903265 -0.00495
    endloop
  endfacet
  facet normal 0 0 -1
    outer loop
      vertex -12.40694033573221 -7.590284677254463 -0.00495
      vertex -12.420031253194544 -7.542980179903265 -0.00495
      vertex -12.430785280403231 -7.495090322016129 -0.00495
    endloop
  endfacet
  facet normal -0.9757021300385256 -0.21910124015688293 0
    outer loop
      vertex -12.420031253194544 -7.542980179903265 -0.00495
      vertex -12.420031253194544 -7.542980179903265 0.005050000000000001
      vertex -12.430785280403231 -7.495090322016129 -0.00495
    endloop
  endfacet
  facet normal 0 0 -1
    outer loop
      vertex -12.307728610000273 -7.814102744193223 -0.00495
      vertex -12.40694033573221 -7.590284677254463 -0.00495
      vertex -12.448795456205174 -7.349067674327419 -0.00495
    endloop
  endfacet
  facet normal 0 0 -1
    outer loop
      vertex -12.307728610000273 -7.814102744193223 -0.00495
      vertex -12.448795456205174 -7.349067674327419 -0.00495
      vertex -12.005570233019604 -8.131469612302546 -0.00495
    endloop
  endfacet
  facet normal -0.9757021300385256 -0.21910124015688293 -9.260387099027372e-17
    outer loop
      vertex -12.420031253194544 -7.542980179903265 0.005050000000000001
      vertex -12.430785280403231 -7.495090322016129 0.005050000000000001
      vertex -12.430785280403231 -7.495090322016129 -0.00495
    endloop
  endfacet
  facet normal 0 0 -1
    outer loop
      vertex -12.40694033573221 -7.590284677254463 -0.00495
      vertex -12.430785280403231 -7.495090322016129 -0.00495
      vertex -12.448795456205174 -7.349067674327419 -0.00495
    endloop
  endfacet
  facet normal -0.9852776423889434 -0.17096188876028862 0
    outer loop
      vertex -12.430785280403231 -7.495090322016129 -0.00495
      vertex -12.430785280403231 -7.495090322016129 0.005050000000000001
      vertex -12.439176509964781 -7.446730474455363 0.005050000000000001
    endloop
  endfacet
  facet normal -0.9852776423889434 -0.17096188876028862 -1.471406909311094e-17
    outer loop
      vertex -12.430785280403231 -7.495090322016129 -0.00495
      vertex -12.439176509964781 -7.446730474455363 0.005050000000000001
      vertex -12.439176509964781 -7.446730474455363 -0.00495
    endloop
  endfacet
  facet normal 0 0 -1
    outer loop
      vertex -12.430785280403231 -7.495090322016129 -0.00495
      vertex -12.439176509964781 -7.446730474455363 -0.00495
      vertex -12.445184726672197 -7.398017140329562 -0.00495
    endloop
  endfacet
  facet normal -0.9924795345987096 -0.12241067519921875 0
    outer loop
      vertex -12.439176509964781 -7.446730474455363 -0.00495
      vertex -12.439176509964781 -7.446730474455363 0.005050000000000001
      vertex -12.445184726672197 -7.398017140329562 -0.00495
    endloop
  endfacet
  facet normal 0 0 -1
    outer loop
      vertex -12.430785280403231 -7.495090322016129 -0.00495
      vertex -12.445184726672197 -7.398017140329562 -0.00495
      vertex -12.448795456205174 -7.349067674327419 -0.00495
    endloop
  endfacet
  facet normal -0.9924795345987096 -0.12241067519921875 -6.899163172176291e-18
    outer loop
      vertex -12.439176509964781 -7.446730474455363 0.005050000000000001
      vertex -12.445184726672197 -7.398017140329562 0.005050000000000001
      vertex -12.445184726672197 -7.398017140329562 -0.00495
    endloop
  endfacet
  facet normal -0.9972904566786889 -0.07356456359968419 0
    outer loop
      vertex -12.445184726672197 -7.398017140329562 -0.00495
      vertex -12.445184726672197 -7.398017140329562 0.005050000000000001
      vertex -12.448795456205174 -7.349067674327419 -0.00495
    endloop
  endfacet
  facet normal -0.9972904566786889 -0.07356456359968419 -5.316206543072558e-18
    outer loop
      vertex -12.445184726672197 -7.398017140329562 0.005050000000000001
      vertex -12.448795456205174 -7.349067674327419 0.005050000000000001
      vertex -12.448795456205174 -7.349067674327419 -0.00495
    endloop
  endfacet
  facet normal -0.9996988186962044 -0.024541228522907587 0
    outer loop
      vertex -12.448795456205174 -7.349067674327419 -0.00495
      vertex -12.448795456205174 -7.349067674327419 0.005050000000000001
      vertex -12.450000000000001 -7.300000000000001 -0.00495
    endloop
  endfacet
  facet normal -0.9996988186962044 -0.024541228522907587 1.1764332665181406e-18
    outer loop
      vertex -12.448795456205174 -7.349067674327419 0.005050000000000001
      vertex -12.450000000000001 -7.300000000000001 0.005050000000000001
      vertex -12.450000000000001 -7.300000000000001 -0.00495
    endloop
  endfacet
  facet normal -0.2191012401568868 -0.9757021300385248 -7.117916166547695e-17
    outer loop
      vertex -11.692980179903264 -8.270031253194544 0.005050000000000001
      vertex -11.645090322016129 -8.280785280403231 -0.00495
      vertex -11.645090322016129 -8.280785280403231 0.005050000000000001
    endloop
  endfacet
  facet normal 0 0 -1
    outer loop
      vertex -11.692980179903264 -8.270031253194544 -0.00495
      vertex -11.596730474455363 -8.289176509964781 -0.00495
      vertex -11.645090322016129 -8.280785280403231 -0.00495
    endloop
  endfacet
  facet normal -0.17096188876028862 -0.9852776423889434 0
    outer loop
      vertex -11.645090322016129 -8.280785280403231 -0.00495
      vertex -11.596730474455363 -8.289176509964781 0.005050000000000001
      vertex -11.645090322016129 -8.280785280403231 0.005050000000000001
    endloop
  endfacet
  facet normal -0.17096188876028862 -0.9852776423889434 -1.471406909311094e-17
    outer loop
      vertex -11.645090322016129 -8.280785280403231 -0.00495
      vertex -11.596730474455363 -8.289176509964781 -0.00495
      vertex -11.596730474455363 -8.289176509964781 0.005050000000000001
    endloop
  endfacet
  facet normal -0.12241067519921656 -0.99247953459871 0
    outer loop
      vertex -11.596730474455363 -8.289176509964781 -0.00495
      vertex -11.548017140329561 -8.295184726672197 -0.00495
      vertex -11.596730474455363 -8.289176509964781 0.005050000000000001
    endloop
  endfacet
  facet normal 0 0 -1
    outer loop
      vertex -11.740284677254463 -8.25694033573221 -0.00495
      vertex -11.450000000000001 -8.3 -0.00495
      vertex -11.596730474455363 -8.289176509964781 -0.00495
    endloop
  endfacet
  facet normal -0.12241067519921656 -0.99247953459871 5.5103302120421223e-17
    outer loop
      vertex -11.596730474455363 -8.289176509964781 0.005050000000000001
      vertex -11.548017140329561 -8.295184726672197 -0.00495
      vertex -11.548017140329561 -8.295184726672197 0.005050000000000001
    endloop
  endfacet
  facet normal -0.07356456359968552 -0.9972904566786889 0
    outer loop
      vertex -11.548017140329561 -8.295184726672197 -0.00495
      vertex -11.499067674327419 -8.298795456205173 0.005050000000000001
      vertex -11.548017140329561 -8.295184726672197 0.005050000000000001
    endloop
  endfacet
  facet normal 0 0 -1
    outer loop
      vertex -11.596730474455363 -8.289176509964781 -0.00495
      vertex -11.450000000000001 -8.3 -0.00495
      vertex -11.548017140329561 -8.295184726672197 -0.00495
    endloop
  endfacet
  facet normal -0.07356456359968552 -0.9972904566786889 1.2155701440820978e-17
    outer loop
      vertex -11.548017140329561 -8.295184726672197 -0.00495
      vertex -11.499067674327419 -8.298795456205173 -0.00495
      vertex -11.499067674327419 -8.298795456205173 0.005050000000000001
    endloop
  endfacet
  facet normal -0.024541228522907587 -0.9996988186962044 0
    outer loop
      vertex -11.499067674327419 -8.298795456205173 -0.00495
      vertex -11.450000000000001 -8.3 -0.00495
      vertex -11.499067674327419 -8.298795456205173 0.005050000000000001
    endloop
  endfacet
  facet normal 0 0 -1
    outer loop
      vertex -11.548017140329561 -8.295184726672197 -0.00495
      vertex -11.450000000000001 -8.3 -0.00495
      vertex -11.499067674327419 -8.298795456205173 -0.00495
    endloop
  endfacet
  facet normal -0.024541228522907587 -0.9996988186962044 1.1764332665181406e-18
    outer loop
      vertex -11.499067674327419 -8.298795456205173 0.005050000000000001
      vertex -11.450000000000001 -8.3 -0.00495
      vertex -11.450000000000001 -8.3 0.005050000000000001
    endloop
  endfacet
  facet normal -0.6444026704377988 -0.6135223446022067 0.45643787201156416
    outer loop
      vertex -12.19095112535496 -7.971558954847019 0.005050000000000001
      vertex -12.157106781186549 -8.007106781186549 0.005050000000000001
      vertex -9.560247889093477 -6.054463666905382 6.2959674775648455
    endloop
  endfacet
  facet normal -0.7003632994660695 -0.5465688834438311 0.4590791918743044
    outer loop
      vertex -12.223010453362738 -7.934393284163646 0.005050000000000001
      vertex -9.609314876031265 -5.965822997364835 6.33619236807289
      vertex -12.253207531480646 -7.895699304492434 0.005050000000000001
    endloop
  endfacet
  facet normal -0.6729907948603215 -0.5805258520006911 0.45833734867687176
    outer loop
      vertex -12.223010453362738 -7.934393284163646 0.005050000000000001
      vertex -12.19095112535496 -7.971558954847019 0.005050000000000001
      vertex -9.560247889093477 -6.054463666905382 6.2959674775648455
    endloop
  endfacet
  facet normal -0.5178982224973506 -0.735358975059729 0.4370681971193851
    outer loop
      vertex -12.005570233019604 -8.131469612302546 0.005050000000000001
      vertex -9.328136540071727 -6.3659740525450825 6.148052793210759
      vertex -12.045699304492434 -8.103207531480646 0.005050000000000001
    endloop
  endfacet
  facet normal -0.3717667703834415 -0.8386923953335097 0.39797554503814103
    outer loop
      vertex -11.877555093430283 -8.203989293123444 0.005050000000000001
      vertex -11.83268343236509 -8.223879532511287 0.005050000000000001
      vertex -9.039985320668347 -6.599425913233972 6.037202690365037
    endloop
  endfacet
  facet normal -0.4472984608346662 -0.7895922079863553 0.42008122074447757
    outer loop
      vertex -11.921396736825999 -8.181921264348356 0.005050000000000001
      vertex -9.190458045115623 -6.492798640261216 6.0878325895669985
      vertex -11.964102744193223 -8.157728610000273 0.005050000000000001
    endloop
  endfacet
  facet normal -0.48321456073584224 -0.7630791787529774 0.4292014157089287
    outer loop
      vertex -11.964102744193223 -8.157728610000273 0.005050000000000001
      vertex -9.26097390276905 -6.431873491777916 6.1167617184903476
      vertex -12.005570233019604 -8.131469612302546 0.005050000000000001
    endloop
  endfacet
  facet normal -0.41014829461031843 -0.8148247156522398 0.4096816559116284
    outer loop
      vertex -11.921396736825999 -8.181921264348356 0.005050000000000001
      vertex -11.877555093430283 -8.203989293123444 0.005050000000000001
      vertex -9.116743159446465 -6.548672511432402 6.061301962021611
    endloop
  endfacet
  facet normal -0.5835864561752188 -0.6765388856629602 0.44913470624609925
    outer loop
      vertex -12.12155895484702 -8.04095112535496 0.005050000000000001
      vertex -12.084393284163646 -8.073010453362738 0.005050000000000001
      vertex -9.391793825971314 -6.295185412073064 6.1816654106192335
    endloop
  endfacet
  facet normal -0.6146015606769836 -0.6455362065293271 0.4533739380171097
    outer loop
      vertex -12.12155895484702 -8.04095112535496 0.005050000000000001
      vertex -9.50799543438919 -6.139323370379008 6.255673487918539
      vertex -12.157106781186549 -8.007106781186549 0.005050000000000001
    endloop
  endfacet
  facet normal -0.5513537223591772 -0.706494503915636 0.4437055203371698
    outer loop
      vertex -12.084393284163646 -8.073010453362738 0.005050000000000001
      vertex -12.045699304492434 -8.103207531480646 0.005050000000000001
      vertex -9.391793825971314 -6.295185412073064 6.1816654106192335
    endloop
  endfacet
  facet normal -0.7265129770211928 -0.5116681677679342 0.4586660880344316
    outer loop
      vertex -12.281469612302546 -7.855570233019603 0.005050000000000001
      vertex -12.253207531480646 -7.895699304492434 0.005050000000000001
      vertex -9.695966735664722 -5.776899325463108 6.419282932006281
    endloop
  endfacet
  facet normal -0.7514271963461584 -0.4758360242521104 0.45709653971048286
    outer loop
      vertex -12.281469612302546 -7.855570233019603 0.005050000000000001
      vertex -9.695966735664722 -5.776899325463108 6.419282932006281
      vertex -12.307728610000273 -7.814102744193223 0.005050000000000001
    endloop
  endfacet
  facet normal -0.7750871198646704 -0.4390814299097447 0.45436489139050346
    outer loop
      vertex -12.307728610000273 -7.814102744193223 0.005050000000000001
      vertex -9.76484144884167 -5.572320155391319 6.509258944218939
      vertex -12.331921264348356 -7.771396736825999 0.005050000000000001
    endloop
  endfacet
  facet normal -0.7974669849544381 -0.40141114721253757 0.4504614287607682
    outer loop
      vertex -12.353989293123444 -7.727555093430283 0.005050000000000001
      vertex -12.331921264348356 -7.771396736825999 0.005050000000000001
      vertex -9.792305384363813 -5.4645864064634795 6.556641349308592
    endloop
  endfacet
  facet normal -0.8185334489279382 -0.36283092400969214 0.44537255592190167
    outer loop
      vertex -12.353989293123444 -7.727555093430283 0.005050000000000001
      vertex -9.815495379165274 -5.353952298288343 6.60415143718752
      vertex -12.373879532511287 -7.68268343236509 0.005050000000000001
    endloop
  endfacet
  facet normal -0.8382450029813577 -0.3233467786139778 0.43908105827597116
    outer loop
      vertex -12.373879532511287 -7.68268343236509 0.005050000000000001
      vertex -9.834977564572721 -5.241290762874546 6.649924078949204
      vertex -12.391544065183021 -7.636889853392221 0.005050000000000001
    endloop
  endfacet
  facet normal -0.8565514667043872 -0.28296638299798876 0.43156646183363084
    outer loop
      vertex -12.40694033573221 -7.590284677254463 0.005050000000000001
      vertex -12.391544065183021 -7.636889853392221 0.005050000000000001
      vertex -9.849490627453015 -5.125788922696691 6.696850692667525
    endloop
  endfacet
  facet normal -0.8733935817150172 -0.24170055556194892 0.42280550240040476
    outer loop
      vertex -12.40694033573221 -7.590284677254463 0.005050000000000001
      vertex -9.858946548731728 -5.00767396264993 6.744838976628493
      vertex -12.420031253194544 -7.542980179903265 0.005050000000000001
    endloop
  endfacet
  facet normal -0.8887027305911177 -0.19956487170488574 0.4127727202969012
    outer loop
      vertex -12.420031253194544 -7.542980179903265 0.005050000000000001
      vertex -9.858946548731728 -5.00767396264993 6.744838976628493
      vertex -12.430785280403231 -7.495090322016129 0.005050000000000001
    endloop
  endfacet
  facet normal -0.9024008153319885 -0.1565813951019096 0.4014411976816803
    outer loop
      vertex -12.430785280403231 -7.495090322016129 0.005050000000000001
      vertex -9.862380699006168 -4.764568385195788 6.843609017940329
      vertex -12.439176509964781 -7.446730474455363 0.005050000000000001
    endloop
  endfacet
  facet normal -0.9144003377651176 -0.11278052478279006 0.3887834558269647
    outer loop
      vertex -12.439176509964781 -7.446730474455363 0.005050000000000001
      vertex -9.862380699006168 -4.764568385195788 6.843609017940329
      vertex -12.445184726672197 -7.398017140329562 0.005050000000000001
    endloop
  endfacet
  facet normal -0.9246047320854122 -0.06820294244526258 0.3747725284049932
    outer loop
      vertex -12.445184726672197 -7.398017140329562 0.005050000000000001
      vertex -9.857717942979708 -4.641671226802293 6.890226309473204
      vertex -12.448795456205174 -7.349067674327419 0.005050000000000001
    endloop
  endfacet
  facet normal -0.9329090062841302 -0.02290163065727787 0.35938322346374807
    outer loop
      vertex -12.448795456205174 -7.349067674327419 0.005050000000000001
      vertex -9.833086399083307 -4.392318221203674 6.983486269111182
      vertex -12.450000000000001 -7.300000000000001 0.005050000000000001
    endloop
  endfacet
  facet normal -0.16203310741154048 -0.9338198075434477 0.31894488417605726
    outer loop
      vertex -11.645090322016129 -8.280785280403231 0.005050000000000001
      vertex -11.596730474455363 -8.289176509964781 0.005050000000000001
      vertex -8.619123035262932 -6.775963689053379 5.9482056524778635
    endloop
  endfacet
  facet normal -0.11681448684076334 -0.9471068380713414 0.2989030159477067
    outer loop
      vertex -11.596730474455363 -8.289176509964781 0.005050000000000001
      vertex -11.548017140329561 -8.295184726672197 0.005050000000000001
      vertex -8.527935082352542 -6.795136715375213 5.938396169596852
    endloop
  endfacet
  facet normal -0.07067678427108455 -0.9581417874759528 0.27743306806775
    outer loop
      vertex -11.548017140329561 -8.295184726672197 0.005050000000000001
      vertex -11.499067674327419 -8.298795456205173 0.005050000000000001
      vertex -8.434734136611985 -6.808845484752617 5.931382360912186
    endloop
  endfacet
  facet normal -0.023732846864940007 -0.9667690007055718 0.25454754222823556
    outer loop
      vertex -11.499067674327419 -8.298795456205173 0.005050000000000001
      vertex -11.450000000000001 -8.3 0.005050000000000001
      vertex -8.339682772523357 -6.817076229545655 5.927171270352459
    endloop
  endfacet
  facet normal -0.2913534379240447 -0.8819394443225431 0.37053473623654176
    outer loop
      vertex -11.786889853392221 -8.241544065183021 0.005050000000000001
      vertex -11.740284677254463 -8.25694033573221 0.005050000000000001
      vertex -8.879001870749821 -6.685881884125717 5.994294147246281
    endloop
  endfacet
  facet normal -0.3321627855175767 -0.8610996414746435 0.3849354379236145
    outer loop
      vertex -11.786889853392221 -8.241544065183021 0.005050000000000001
      vertex -8.960536724630503 -6.645104010203071 6.015157304134181
      vertex -11.83268343236509 -8.223879532511287 0.005050000000000001
    endloop
  endfacet
  facet normal -0.24936617875369108 -0.9010935846378549 0.35474901073615867
    outer loop
      vertex -11.740284677254463 -8.25694033573221 0.005050000000000001
      vertex -11.692980179903264 -8.270031253194544 0.005050000000000001
      vertex -8.794815938512347 -6.72130818618529 5.976169011560466
    endloop
  endfacet
  facet normal -0.20624107210180806 -0.9184332010493095 0.3375575141936788
    outer loop
      vertex -11.692980179903264 -8.270031253194544 0.005050000000000001
      vertex -11.645090322016129 -8.280785280403231 0.005050000000000001
      vertex -8.708136686412061 -6.751345799701177 5.960800887059692
    endloop
  endfacet
  facet normal -0.20624107210180118 -0.9184332010493116 0.337557514193677
    outer loop
      vertex -11.645090322016129 -8.280785280403231 0.005050000000000001
      vertex -8.619123035262932 -6.775963689053379 5.9482056524778635
      vertex -8.708136686412061 -6.751345799701177 5.960800887059692
    endloop
  endfacet
  facet normal -0.16203310741155397 -0.9338198075434431 0.31894488417606404
    outer loop
      vertex -11.596730474455363 -8.289176509964781 0.005050000000000001
      vertex -8.527935082352542 -6.795136715375213 5.938396169596852
      vertex -8.619123035262932 -6.775963689053379 5.9482056524778635
    endloop
  endfacet
  facet normal -0.11681448684075152 -0.9471068380713448 0.2989030159477011
    outer loop
      vertex -11.548017140329561 -8.295184726672197 0.005050000000000001
      vertex -8.434734136611985 -6.808845484752617 5.931382360912186
      vertex -8.527935082352542 -6.795136715375213 5.938396169596852
    endloop
  endfacet
  facet normal -0.07067678427107064 -0.9581417874759552 0.2774330680677448
    outer loop
      vertex -11.499067674327419 -8.298795456205173 0.005050000000000001
      vertex -8.339682772523357 -6.817076229545655 5.927171270352459
      vertex -8.434734136611985 -6.808845484752617 5.931382360912186
    endloop
  endfacet
  facet normal -0.0237328468649467 -0.9667690007055709 0.2545475422282383
    outer loop
      vertex -11.450000000000001 -8.3 0.005050000000000001
      vertex -8.242944900475198 -6.819820723296245 5.925767106815021
      vertex -8.339682772523357 -6.817076229545655 5.927171270352459
    endloop
  endfacet
  facet normal -0.48321456073584357 -0.7630791787529765 0.4292014157089288
    outer loop
      vertex -11.964102744193223 -8.157728610000273 0.005050000000000001
      vertex -9.190458045115623 -6.492798640261216 6.0878325895669985
      vertex -9.26097390276905 -6.431873491777916 6.1167617184903476
    endloop
  endfacet
  facet normal -0.5835864561752285 -0.6765388856629502 0.4491347062461013
    outer loop
      vertex -12.12155895484702 -8.04095112535496 0.005050000000000001
      vertex -9.391793825971314 -6.295185412073064 6.1816654106192335
      vertex -9.45179590292809 -6.219601088721383 6.217555165330693
    endloop
  endfacet
  facet normal -0.5513537223591763 -0.7064945039156362 0.44370552033717053
    outer loop
      vertex -12.045699304492434 -8.103207531480646 0.005050000000000001
      vertex -9.328136540071727 -6.3659740525450825 6.148052793210759
      vertex -9.391793825971314 -6.295185412073064 6.1816654106192335
    endloop
  endfacet
  facet normal -0.5178982224973402 -0.7353589750597371 0.43706819711938383
    outer loop
      vertex -12.005570233019604 -8.131469612302546 0.005050000000000001
      vertex -9.26097390276905 -6.431873491777916 6.1167617184903476
      vertex -9.328136540071727 -6.3659740525450825 6.148052793210759
    endloop
  endfacet
  facet normal -0.2913534379240314 -0.8819394443225496 0.3705347362365374
    outer loop
      vertex -11.740284677254463 -8.25694033573221 0.005050000000000001
      vertex -8.794815938512347 -6.72130818618529 5.976169011560466
      vertex -8.879001870749821 -6.685881884125717 5.994294147246281
    endloop
  endfacet
  facet normal -0.2493661787537045 -0.9010935846378496 0.3547490107361627
    outer loop
      vertex -11.692980179903264 -8.270031253194544 0.005050000000000001
      vertex -8.708136686412061 -6.751345799701177 5.960800887059692
      vertex -8.794815938512347 -6.72130818618529 5.976169011560466
    endloop
  endfacet
  facet normal -0.37176677038345934 -0.8386923953334992 0.39797554503814614
    outer loop
      vertex -11.83268343236509 -8.223879532511287 0.005050000000000001
      vertex -8.960536724630503 -6.645104010203071 6.015157304134181
      vertex -8.97706409145542 -6.635429071071399 6.0201072868961045
    endloop
  endfacet
  facet normal -0.37176677038344536 -0.8386923953335075 0.39797554503814175
    outer loop
      vertex -11.83268343236509 -8.223879532511287 0.005050000000000001
      vertex -8.97706409145542 -6.635429071071399 6.0201072868961045
      vertex -9.039985320668347 -6.599425913233972 6.037202690365037
    endloop
  endfacet
  facet normal -0.4472984608346722 -0.7895922079863513 0.42008122074447907
    outer loop
      vertex -11.921396736825999 -8.181921264348356 0.005050000000000001
      vertex -9.116743159446465 -6.548672511432402 6.061301962021611
      vertex -9.190458045115623 -6.492798640261216 6.0878325895669985
    endloop
  endfacet
  facet normal -0.41014829461031876 -0.81482471565224 0.40968165591162786
    outer loop
      vertex -11.877555093430283 -8.203989293123444 0.005050000000000001
      vertex -9.039985320668347 -6.599425913233972 6.037202690365037
      vertex -9.116743159446465 -6.548672511432402 6.061301962021611
    endloop
  endfacet
  facet normal -0.33216278551757394 -0.8610996414746448 0.3849354379236137
    outer loop
      vertex -11.786889853392221 -8.241544065183021 0.005050000000000001
      vertex -8.879001870749821 -6.685881884125717 5.994294147246281
      vertex -8.960536724630503 -6.645104010203071 6.015157304134181
    endloop
  endfacet
  facet normal 0 0 -1
    outer loop
      vertex -12.005570233019604 -8.131469612302546 -0.00495
      vertex -12.448795456205174 -7.349067674327419 -0.00495
      vertex -12.448795456205174 7.349067674327419 -0.00495
    endloop
  endfacet
  facet normal 0 0 -1
    outer loop
      vertex -12.448795456205174 -7.349067674327419 -0.00495
      vertex -12.450000000000001 -7.300000000000001 -0.00495
      vertex -12.450000000000001 7.300000000000001 -0.00495
    endloop
  endfacet
  facet normal -1 0 0
    outer loop
      vertex -12.450000000000001 -7.300000000000001 -0.00495
      vertex -12.450000000000001 -7.300000000000001 0.005050000000000001
      vertex -12.450000000000001 7.300000000000001 0.005050000000000001
    endloop
  endfacet
  facet normal 0 0 -1
    outer loop
      vertex -12.005570233019604 -8.131469612302546 -0.00495
      vertex -9.75 6.5 -0.00495
      vertex -9.75 -6.5 -0.00495
    endloop
  endfacet
  facet normal -0.9363291775690444 0 0.3511234415883919
    outer loop
      vertex -12.450000000000001 -7.300000000000001 0.005050000000000001
      vertex -9.431078867352298 -0.6972291486714466 8.055506353727203
      vertex -12.450000000000001 7.300000000000001 0.005050000000000001
    endloop
  endfacet
  facet normal 0 0 -1
    outer loop
      vertex -12.005570233019604 -8.131469612302546 -0.00495
      vertex 11.499067674327419 -8.298795456205173 -0.00495
      vertex -11.450000000000001 -8.3 -0.00495
    endloop
  endfacet
  facet normal 0 -1 0
    outer loop
      vertex -11.450000000000001 -8.3 -0.00495
      vertex 11.450000000000001 -8.3 0.005050000000000001
      vertex -11.450000000000001 -8.3 0.005050000000000001
    endloop
  endfacet
  facet normal 0 0 -1
    outer loop
      vertex -12.005570233019604 -8.131469612302546 -0.00495
      vertex -9.75 -6.5 -0.00495
      vertex 9.75 -6.5 -0.00495
    endloop
  endfacet
  facet normal 0 -0.9701425001453319 0.24253562503633302
    outer loop
      vertex -11.450000000000001 -8.3 0.005050000000000001
      vertex 11.450000000000001 -8.3 0.005050000000000001
      vertex -8.242944900475198 -6.819820723296245 5.925767106815021
    endloop
  endfacet
  facet normal -0.6146015606769863 -0.6455362065293244 0.4533739380171095
    outer loop
      vertex -12.12155895484702 -8.04095112535496 0.005050000000000001
      vertex -9.45179590292809 -6.219601088721383 6.217555165330693
      vertex -9.50799543438919 -6.139323370379008 6.255673487918539
    endloop
  endfacet
  facet normal -0.7003632994660727 -0.5465688834438274 0.45907919187430396
    outer loop
      vertex -12.253207531480646 -7.895699304492434 0.005050000000000001
      vertex -9.609314876031265 -5.965822997364835 6.33619236807289
      vertex -9.654798829936418 -5.87339804223708 6.376841809012606
    endloop
  endfacet
  facet normal -0.7265129770211923 -0.5116681677679351 0.45866608803443115
    outer loop
      vertex -12.253207531480646 -7.895699304492434 0.005050000000000001
      vertex -9.654798829936418 -5.87339804223708 6.376841809012606
      vertex -9.695966735664722 -5.776899325463108 6.419282932006281
    endloop
  endfacet
  facet normal -0.7514271963461628 -0.47583602425210364 0.45709653971048225
    outer loop
      vertex -12.307728610000273 -7.814102744193223 0.005050000000000001
      vertex -9.695966735664722 -5.776899325463108 6.419282932006281
      vertex -9.732689045298956 -5.676484066600457 6.463446590283869
    endloop
  endfacet
  facet normal -0.7750871198646712 -0.4390814299097442 0.45436489139050273
    outer loop
      vertex -12.307728610000273 -7.814102744193223 0.005050000000000001
      vertex -9.732689045298956 -5.676484066600457 6.463446590283869
      vertex -9.76484144884167 -5.572320155391319 6.509258944218939
    endloop
  endfacet
  facet normal -0.7974669849544317 -0.4014111472125483 0.4504614287607701
    outer loop
      vertex -12.331921264348356 -7.771396736825999 0.005050000000000001
      vertex -9.76484144884167 -5.572320155391319 6.509258944218939
      vertex -9.792305384363813 -5.4645864064634795 6.556641349308592
    endloop
  endfacet
  facet normal -0.644402670437794 -0.6135223446022113 0.4564378720115646
    outer loop
      vertex -12.157106781186549 -8.007106781186549 0.005050000000000001
      vertex -9.50799543438919 -6.139323370379008 6.255673487918539
      vertex -9.560247889093477 -6.054463666905382 6.2959674775648455
    endloop
  endfacet
  facet normal -0.6729907948603189 -0.5805258520006944 0.4583373486768716
    outer loop
      vertex -12.223010453362738 -7.934393284163646 0.005050000000000001
      vertex -9.560247889093477 -6.054463666905382 6.2959674775648455
      vertex -9.579337883749544 -6.019060992313805 6.312777753173314
    endloop
  endfacet
  facet normal -0.672990794860319 -0.5805258520006942 0.45833734867687165
    outer loop
      vertex -12.223010453362738 -7.934393284163646 0.005050000000000001
      vertex -9.579337883749544 -6.019060992313805 6.312777753173314
      vertex -9.609314876031265 -5.965822997364835 6.33619236807289
    endloop
  endfacet
  facet normal -0.8185334489279348 -0.36283092400969746 0.4453725559219038
    outer loop
      vertex -12.353989293123444 -7.727555093430283 0.005050000000000001
      vertex -9.792305384363813 -5.4645864064634795 6.556641349308592
      vertex -9.8078870125294 -5.388192468418251 6.590240184909101
    endloop
  endfacet
  facet normal -0.8185334489279432 -0.3628309240096814 0.4453725559219012
    outer loop
      vertex -12.353989293123444 -7.727555093430283 0.005050000000000001
      vertex -9.8078870125294 -5.388192468418251 6.590240184909101
      vertex -9.815495379165274 -5.353952298288343 6.60415143718752
    endloop
  endfacet
  facet normal -0.8382450029813557 -0.32334677861398203 0.4390810582759719
    outer loop
      vertex -12.373879532511287 -7.68268343236509 0.005050000000000001
      vertex -9.815495379165274 -5.353952298288343 6.60415143718752
      vertex -9.834977564572721 -5.241290762874546 6.649924078949204
    endloop
  endfacet
  facet normal -0.8565514667043937 -0.282966382997974 0.4315664618336274
    outer loop
      vertex -12.391544065183021 -7.636889853392221 0.005050000000000001
      vertex -9.834977564572721 -5.241290762874546 6.649924078949204
      vertex -9.849490627453015 -5.125788922696691 6.696850692667525
    endloop
  endfacet
  facet normal -0.873393581715013 -0.2417005555619602 0.4228055024004072
    outer loop
      vertex -12.40694033573221 -7.590284677254463 0.005050000000000001
      vertex -9.849490627453015 -5.125788922696691 6.696850692667525
      vertex -9.858946548731728 -5.00767396264993 6.744838976628493
    endloop
  endfacet
  facet normal -0.8887027305911213 -0.19956487170487344 0.4127727202968992
    outer loop
      vertex -12.430785280403231 -7.495090322016129 0.005050000000000001
      vertex -9.858946548731728 -5.00767396264993 6.744838976628493
      vertex -9.863266341524437 -4.887184071663496 6.79379215834903
    endloop
  endfacet
  facet normal -0.9024008153319852 -0.15658139510191996 0.40144119768168374
    outer loop
      vertex -12.430785280403231 -7.495090322016129 0.005050000000000001
      vertex -9.863266341524437 -4.887184071663496 6.79379215834903
      vertex -9.862380699006168 -4.764568385195788 6.843609017940329
    endloop
  endfacet
  facet normal -0.9144003377651257 -0.11278052478274901 0.3887834558269574
    outer loop
      vertex -12.445184726672197 -7.398017140329562 0.005050000000000001
      vertex -9.862380699006168 -4.764568385195788 6.843609017940329
      vertex -9.86138147420373 -4.744343316916356 6.8518261508025775
    endloop
  endfacet
  facet normal -0.9144003377651159 -0.11278052478279892 0.3887834558269661
    outer loop
      vertex -12.445184726672197 -7.398017140329562 0.005050000000000001
      vertex -9.86138147420373 -4.744343316916356 6.8518261508025775
      vertex -9.857717942979708 -4.641671226802293 6.890226309473204
    endloop
  endfacet
  facet normal -0.9246047320854163 -0.06820294244524241 0.3747725284049867
    outer loop
      vertex -12.448795456205174 -7.349067674327419 0.005050000000000001
      vertex -9.857717942979708 -4.641671226802293 6.890226309473204
      vertex -9.848060672569574 -4.5175946439076125 6.936631914591125
    endloop
  endfacet
  facet normal -0.9329090062841291 -0.022901630657285118 0.35938322346375046
    outer loop
      vertex -12.448795456205174 -7.349067674327419 0.005050000000000001
      vertex -9.848060672569574 -4.5175946439076125 6.936631914591125
      vertex -9.833086399083307 -4.392318221203674 6.983486269111182
    endloop
  endfacet
  facet normal -0.9363291775690444 2.1267737334599792e-16 0.35112344158839204
    outer loop
      vertex -12.450000000000001 -7.300000000000001 0.005050000000000001
      vertex -9.833086399083307 -4.392318221203674 6.983486269111182
      vertex -9.79055419974387 -4.089064626808615 7.096905467349681
    endloop
  endfacet
  facet normal -0.9363291775690445 8.91869946283462e-16 0.3511234415883915
    outer loop
      vertex -12.450000000000001 -7.300000000000001 0.005050000000000001
      vertex -9.79055419974387 -4.089064626808615 7.096905467349681
      vertex -9.705060856121086 -3.4239350218551317 7.324887717010435
    endloop
  endfacet
  facet normal -0.9363291775690445 1.4555714567319732e-16 0.35112344158839154
    outer loop
      vertex -12.450000000000001 -7.300000000000001 0.005050000000000001
      vertex -9.705060856121086 -3.4239350218551317 7.324887717010435
      vertex -9.626184873533804 -2.75055685753271 7.5352236705765225
    endloop
  endfacet
  facet normal -0.9363291775690443 -1.3036373556885004e-16 0.35112344158839204
    outer loop
      vertex -12.450000000000001 -7.300000000000001 0.005050000000000001
      vertex -9.626184873533804 -2.75055685753271 7.5352236705765225
      vertex -9.554116271132795 -2.070552360820166 7.7274066103125465
    endloop
  endfacet
  facet normal -0.9363291775690441 -1.123311353653464e-15 0.35112344158839276
    outer loop
      vertex -12.450000000000001 -7.300000000000001 0.005050000000000001
      vertex -9.554116271132795 -2.070552360820166 7.7274066103125465
      vertex -9.489028668493708 -1.3855597221114386 7.900973550683448
    endloop
  endfacet
  facet normal -0.936329177569045 2.9275133368739173e-15 0.35112344158839004
    outer loop
      vertex -12.450000000000001 -7.300000000000001 0.005050000000000001
      vertex -9.489028668493708 -1.3855597221114386 7.900973550683448
      vertex -9.431078867352298 -0.6972291486714466 8.055506353727203
    endloop
  endfacet
  facet normal 0 0 -1
    outer loop
      vertex -12.448795456205174 -7.349067674327419 -0.00495
      vertex -12.450000000000001 7.300000000000001 -0.00495
      vertex -12.448795456205174 7.349067674327419 -0.00495
    endloop
  endfacet
  facet normal -1 0 0
    outer loop
      vertex -12.450000000000001 -7.300000000000001 -0.00495
      vertex -12.450000000000001 7.300000000000001 0.005050000000000001
      vertex -12.450000000000001 7.300000000000001 -0.00495
    endloop
  endfacet
  facet normal 0 0 -1
    outer loop
      vertex -12.005570233019604 -8.131469612302546 -0.00495
      vertex -12.448795456205174 7.349067674327419 -0.00495
      vertex -11.450000000000001 8.3 -0.00495
    endloop
  endfacet
  facet normal 0 0 -1
    outer loop
      vertex -12.005570233019604 -8.131469612302546 -0.00495
      vertex -11.450000000000001 8.3 -0.00495
      vertex -9.75 6.5 -0.00495
    endloop
  endfacet
  facet normal -0.9996988186962044 0.024541228522907587 0
    outer loop
      vertex -12.450000000000001 7.300000000000001 -0.00495
      vertex -12.450000000000001 7.300000000000001 0.005050000000000001
      vertex -12.448795456205174 7.349067674327419 -0.00495
    endloop
  endfacet
  facet normal -0.9996988186962044 0.024541228522907587 -1.1764332665181406e-18
    outer loop
      vertex -12.450000000000001 7.300000000000001 0.005050000000000001
      vertex -12.448795456205174 7.349067674327419 0.005050000000000001
      vertex -12.448795456205174 7.349067674327419 -0.00495
    endloop
  endfacet
  facet normal -0.9972904566786889 0.07356456359968419 0
    outer loop
      vertex -12.448795456205174 7.349067674327419 -0.00495
      vertex -12.448795456205174 7.349067674327419 0.005050000000000001
      vertex -12.445184726672197 7.398017140329562 -0.00495
    endloop
  endfacet
  facet normal -0.9972904566786889 0.07356456359968419 5.316206543072558e-18
    outer loop
      vertex -12.448795456205174 7.349067674327419 0.005050000000000001
      vertex -12.445184726672197 7.398017140329562 0.005050000000000001
      vertex -12.445184726672197 7.398017140329562 -0.00495
    endloop
  endfacet
  facet normal -0.9924795345987096 0.12241067519921875 0
    outer loop
      vertex -12.445184726672197 7.398017140329562 -0.00495
      vertex -12.445184726672197 7.398017140329562 0.005050000000000001
      vertex -12.439176509964781 7.446730474455363 0.005050000000000001
    endloop
  endfacet
  facet normal -0.9924795345987096 0.12241067519921875 6.899163172176291e-18
    outer loop
      vertex -12.445184726672197 7.398017140329562 -0.00495
      vertex -12.439176509964781 7.446730474455363 0.005050000000000001
      vertex -12.439176509964781 7.446730474455363 -0.00495
    endloop
  endfacet
  facet normal 0 0 -1
    outer loop
      vertex -12.448795456205174 7.349067674327419 -0.00495
      vertex -12.445184726672197 7.398017140329562 -0.00495
      vertex -12.40694033573221 7.590284677254463 -0.00495
    endloop
  endfacet
  facet normal 0 0 -1
    outer loop
      vertex -12.445184726672197 7.398017140329562 -0.00495
      vertex -12.439176509964781 7.446730474455363 -0.00495
      vertex -12.430785280403231 7.495090322016129 -0.00495
    endloop
  endfacet
  facet normal -0.9852776423889434 0.17096188876028862 0
    outer loop
      vertex -12.439176509964781 7.446730474455363 -0.00495
      vertex -12.439176509964781 7.446730474455363 0.005050000000000001
      vertex -12.430785280403231 7.495090322016129 -0.00495
    endloop
  endfacet
  facet normal -0.9852776423889434 0.17096188876028862 1.471406909311094e-17
    outer loop
      vertex -12.439176509964781 7.446730474455363 0.005050000000000001
      vertex -12.430785280403231 7.495090322016129 0.005050000000000001
      vertex -12.430785280403231 7.495090322016129 -0.00495
    endloop
  endfacet
  facet normal 0 0 -1
    outer loop
      vertex -12.445184726672197 7.398017140329562 -0.00495
      vertex -12.430785280403231 7.495090322016129 -0.00495
      vertex -12.40694033573221 7.590284677254463 -0.00495
    endloop
  endfacet
  facet normal -0.9757021300385256 0.21910124015688293 0
    outer loop
      vertex -12.430785280403231 7.495090322016129 -0.00495
      vertex -12.430785280403231 7.495090322016129 0.005050000000000001
      vertex -12.420031253194544 7.542980179903265 0.005050000000000001
    endloop
  endfacet
  facet normal -0.9757021300385256 0.21910124015688293 9.260387099027372e-17
    outer loop
      vertex -12.430785280403231 7.495090322016129 -0.00495
      vertex -12.420031253194544 7.542980179903265 0.005050000000000001
      vertex -12.420031253194544 7.542980179903265 -0.00495
    endloop
  endfacet
  facet normal 0 0 -1
    outer loop
      vertex -12.430785280403231 7.495090322016129 -0.00495
      vertex -12.420031253194544 7.542980179903265 -0.00495
      vertex -12.40694033573221 7.590284677254463 -0.00495
    endloop
  endfacet
  facet normal -0.9637760657954466 0.2667127574748739 0
    outer loop
      vertex -12.420031253194544 7.542980179903265 -0.00495
      vertex -12.420031253194544 7.542980179903265 0.005050000000000001
      vertex -12.40694033573221 7.590284677254463 -0.00495
    endloop
  endfacet
  facet normal -0.9637760657954466 0.2667127574748739 7.934497710735335e-17
    outer loop
      vertex -12.420031253194544 7.542980179903265 0.005050000000000001
      vertex -12.40694033573221 7.590284677254463 0.005050000000000001
      vertex -12.40694033573221 7.590284677254463 -0.00495
    endloop
  endfacet
  facet normal -0.9495281805930307 0.3136817403989097 0
    outer loop
      vertex -12.40694033573221 7.590284677254463 -0.00495
      vertex -12.40694033573221 7.590284677254463 0.005050000000000001
      vertex -12.391544065183021 7.636889853392221 0.005050000000000001
    endloop
  endfacet
  facet normal 0 0 -1
    outer loop
      vertex -12.448795456205174 7.349067674327419 -0.00495
      vertex -12.40694033573221 7.590284677254463 -0.00495
      vertex -12.253207531480646 7.895699304492434 -0.00495
    endloop
  endfacet
  facet normal -0.9495281805930307 0.3136817403989097 -7.424109525557104e-17
    outer loop
      vertex -12.40694033573221 7.590284677254463 -0.00495
      vertex -12.391544065183021 7.636889853392221 0.005050000000000001
      vertex -12.391544065183021 7.636889853392221 -0.00495
    endloop
  endfacet
  facet normal 0 0 -1
    outer loop
      vertex -12.40694033573221 7.590284677254463 -0.00495
      vertex -12.391544065183021 7.636889853392221 -0.00495
      vertex -12.353989293123444 7.727555093430283 -0.00495
    endloop
  endfacet
  facet normal -0.932992798834737 0.35989503653499316 -3.5145105410712124e-17
    outer loop
      vertex -12.391544065183021 7.636889853392221 -0.00495
      vertex -12.373879532511287 7.68268343236509 0.005050000000000001
      vertex -12.373879532511287 7.68268343236509 -0.00495
    endloop
  endfacet
  facet normal -0.932992798834737 0.35989503653499316 0
    outer loop
      vertex -12.391544065183021 7.636889853392221 -0.00495
      vertex -12.391544065183021 7.636889853392221 0.005050000000000001
      vertex -12.373879532511287 7.68268343236509 0.005050000000000001
    endloop
  endfacet
  facet normal 0 0 -1
    outer loop
      vertex -12.391544065183021 7.636889853392221 -0.00495
      vertex -12.373879532511287 7.68268343236509 -0.00495
      vertex -12.353989293123444 7.727555093430283 -0.00495
    endloop
  endfacet
  facet normal -0.914209755703534 0.4052413140049827 0
    outer loop
      vertex -12.373879532511287 7.68268343236509 -0.00495
      vertex -12.373879532511287 7.68268343236509 0.005050000000000001
      vertex -12.353989293123444 7.727555093430283 0.005050000000000001
    endloop
  endfacet
  facet normal -0.914209755703534 0.4052413140049827 -1.0375808606099149e-16
    outer loop
      vertex -12.373879532511287 7.68268343236509 -0.00495
      vertex -12.353989293123444 7.727555093430283 0.005050000000000001
      vertex -12.353989293123444 7.727555093430283 -0.00495
    endloop
  endfacet
  facet normal -0.8932243011955183 0.4496113296546005 0
    outer loop
      vertex -12.353989293123444 7.727555093430283 -0.00495
      vertex -12.353989293123444 7.727555093430283 0.005050000000000001
      vertex -12.331921264348356 7.771396736825999 0.005050000000000001
    endloop
  endfacet
  facet normal 0 0 -1
    outer loop
      vertex -12.40694033573221 7.590284677254463 -0.00495
      vertex -12.353989293123444 7.727555093430283 -0.00495
      vertex -12.253207531480646 7.895699304492434 -0.00495
    endloop
  endfacet
  facet normal -0.8932243011955183 0.4496113296546005 -6.462560192373798e-17
    outer loop
      vertex -12.353989293123444 7.727555093430283 -0.00495
      vertex -12.331921264348356 7.771396736825999 0.005050000000000001
      vertex -12.331921264348356 7.771396736825999 -0.00495
    endloop
  endfacet
  facet normal 0 0 -1
    outer loop
      vertex -12.353989293123444 7.727555093430283 -0.00495
      vertex -12.331921264348356 7.771396736825999 -0.00495
      vertex -12.307728610000273 7.814102744193223 -0.00495
    endloop
  endfacet
  facet normal -0.8700869911087146 0.49289819222977843 0
    outer loop
      vertex -12.331921264348356 7.771396736825999 -0.00495
      vertex -12.331921264348356 7.771396736825999 0.005050000000000001
      vertex -12.307728610000273 7.814102744193223 -0.00495
    endloop
  endfacet
  facet normal -0.8700869911087146 0.49289819222977843 -1.0638569812861197e-16
    outer loop
      vertex -12.331921264348356 7.771396736825999 0.005050000000000001
      vertex -12.307728610000273 7.814102744193223 0.005050000000000001
      vertex -12.307728610000273 7.814102744193223 -0.00495
    endloop
  endfacet
  facet normal 0 0 -1
    outer loop
      vertex -12.353989293123444 7.727555093430283 -0.00495
      vertex -12.307728610000273 7.814102744193223 -0.00495
      vertex -12.253207531480646 7.895699304492434 -0.00495
    endloop
  endfacet
  facet normal -0.8448535652496996 0.5349976198871089 0
    outer loop
      vertex -12.307728610000273 7.814102744193223 -0.00495
      vertex -12.307728610000273 7.814102744193223 0.005050000000000001
      vertex -12.281469612302546 7.855570233019603 0.005050000000000001
    endloop
  endfacet
  facet normal -0.8448535652496996 0.5349976198871089 4.369913759878488e-17
    outer loop
      vertex -12.307728610000273 7.814102744193223 -0.00495
      vertex -12.281469612302546 7.855570233019603 0.005050000000000001
      vertex -12.281469612302546 7.855570233019603 -0.00495
    endloop
  endfacet
  facet normal 0 0 -1
    outer loop
      vertex -12.307728610000273 7.814102744193223 -0.00495
      vertex -12.281469612302546 7.855570233019603 -0.00495
      vertex -12.253207531480646 7.895699304492434 -0.00495
    endloop
  endfacet
  facet normal -0.8175848131515888 0.575808191417838 0
    outer loop
      vertex -12.281469612302546 7.855570233019603 -0.00495
      vertex -12.281469612302546 7.855570233019603 0.005050000000000001
      vertex -12.253207531480646 7.895699304492434 -0.00495
    endloop
  endfacet
  facet normal -0.8175848131515888 0.575808191417838 -7.808484056361628e-18
    outer loop
      vertex -12.281469612302546 7.855570233019603 0.005050000000000001
      vertex -12.253207531480646 7.895699304492434 0.005050000000000001
      vertex -12.253207531480646 7.895699304492434 -0.00495
    endloop
  endfacet
  facet normal -0.7883464276266051 0.6152315905806282 0
    outer loop
      vertex -12.253207531480646 7.895699304492434 -0.00495
      vertex -12.253207531480646 7.895699304492434 0.005050000000000001
      vertex -12.223010453362738 7.934393284163646 0.005050000000000001
    endloop
  endfacet
  facet normal -0.7883464276266051 0.6152315905806282 -1.2258921321545644e-16
    outer loop
      vertex -12.253207531480646 7.895699304492434 -0.00495
      vertex -12.223010453362738 7.934393284163646 0.005050000000000001
      vertex -12.223010453362738 7.934393284163646 -0.00495
    endloop
  endfacet
  facet normal 0 0 -1
    outer loop
      vertex -12.253207531480646 7.895699304492434 -0.00495
      vertex -12.223010453362738 7.934393284163646 -0.00495
      vertex -12.19095112535496 7.971558954847019 -0.00495
    endloop
  endfacet
  facet normal -0.7572088465064851 0.6531728429537761 0
    outer loop
      vertex -12.223010453362738 7.934393284163646 -0.00495
      vertex -12.223010453362738 7.934393284163646 0.005050000000000001
      vertex -12.19095112535496 7.971558954847019 -0.00495
    endloop
  endfacet
  facet normal -0.7572088465064851 0.6531728429537761 -5.195272149007608e-17
    outer loop
      vertex -12.223010453362738 7.934393284163646 0.005050000000000001
      vertex -12.19095112535496 7.971558954847019 0.005050000000000001
      vertex -12.19095112535496 7.971558954847019 -0.00495
    endloop
  endfacet
  facet normal 0 0 -1
    outer loop
      vertex -12.253207531480646 7.895699304492434 -0.00495
      vertex -12.19095112535496 7.971558954847019 -0.00495
      vertex -12.084393284163646 8.073010453362738 -0.00495
    endloop
  endfacet
  facet normal -0.7242470829514729 0.6895405447370607 0
    outer loop
      vertex -12.19095112535496 7.971558954847019 -0.00495
      vertex -12.19095112535496 7.971558954847019 0.005050000000000001
      vertex -12.157106781186549 8.007106781186549 0.005050000000000001
    endloop
  endfacet
  facet normal -0.7242470829514729 0.6895405447370607 -1.8613048138239457e-16
    outer loop
      vertex -12.19095112535496 7.971558954847019 -0.00495
      vertex -12.157106781186549 8.007106781186549 0.005050000000000001
      vertex -12.157106781186549 8.007106781186549 -0.00495
    endloop
  endfacet
  facet normal 0 0 -1
    outer loop
      vertex -12.19095112535496 7.971558954847019 -0.00495
      vertex -12.157106781186549 8.007106781186549 -0.00495
      vertex -12.084393284163646 8.073010453362738 -0.00495
    endloop
  endfacet
  facet normal -0.6895405447370607 0.7242470829514729 0
    outer loop
      vertex -12.157106781186549 8.007106781186549 -0.00495
      vertex -12.157106781186549 8.007106781186549 0.005050000000000001
      vertex -12.12155895484702 8.04095112535496 -0.00495
    endloop
  endfacet
  facet normal -0.6895405447370607 0.7242470829514729 -1.8613048138239457e-16
    outer loop
      vertex -12.157106781186549 8.007106781186549 0.005050000000000001
      vertex -12.12155895484702 8.04095112535496 0.005050000000000001
      vertex -12.12155895484702 8.04095112535496 -0.00495
    endloop
  endfacet
  facet normal 0 0 -1
    outer loop
      vertex -12.157106781186549 8.007106781186549 -0.00495
      vertex -12.12155895484702 8.04095112535496 -0.00495
      vertex -12.084393284163646 8.073010453362738 -0.00495
    endloop
  endfacet
  facet normal -0.6531728429537672 0.7572088465064929 0
    outer loop
      vertex -12.12155895484702 8.04095112535496 -0.00495
      vertex -12.12155895484702 8.04095112535496 0.005050000000000001
      vertex -12.084393284163646 8.073010453362738 -0.00495
    endloop
  endfacet
  facet normal -0.6531728429537672 0.7572088465064929 8.721383940955896e-17
    outer loop
      vertex -12.12155895484702 8.04095112535496 0.005050000000000001
      vertex -12.084393284163646 8.073010453362738 0.005050000000000001
      vertex -12.084393284163646 8.073010453362738 -0.00495
    endloop
  endfacet
  facet normal -0.6152315905806282 0.7883464276266051 0
    outer loop
      vertex -12.084393284163646 8.073010453362738 -0.00495
      vertex -12.084393284163646 8.073010453362738 0.005050000000000001
      vertex -12.045699304492434 8.103207531480646 0.005050000000000001
    endloop
  endfacet
  facet normal 0 0 -1
    outer loop
      vertex -12.448795456205174 7.349067674327419 -0.00495
      vertex -12.253207531480646 7.895699304492434 -0.00495
      vertex -11.450000000000001 8.3 -0.00495
    endloop
  endfacet
  facet normal -0.6152315905806282 0.7883464276266051 -1.2258921321545644e-16
    outer loop
      vertex -12.084393284163646 8.073010453362738 -0.00495
      vertex -12.045699304492434 8.103207531480646 0.005050000000000001
      vertex -12.045699304492434 8.103207531480646 -0.00495
    endloop
  endfacet
  facet normal 0 0 -1
    outer loop
      vertex -12.084393284163646 8.073010453362738 -0.00495
      vertex -12.045699304492434 8.103207531480646 -0.00495
      vertex -12.005570233019604 8.131469612302546 -0.00495
    endloop
  endfacet
  facet normal -0.5758081914178551 0.8175848131515769 0
    outer loop
      vertex -12.045699304492434 8.103207531480646 -0.00495
      vertex -12.045699304492434 8.103207531480646 0.005050000000000001
      vertex -12.005570233019604 8.131469612302546 -0.00495
    endloop
  endfacet
  facet normal -0.5758081914178551 0.8175848131515769 2.0293939999107173e-16
    outer loop
      vertex -12.045699304492434 8.103207531480646 0.005050000000000001
      vertex -12.005570233019604 8.131469612302546 0.005050000000000001
      vertex -12.005570233019604 8.131469612302546 -0.00495
    endloop
  endfacet
  facet normal 0 0 -1
    outer loop
      vertex -12.084393284163646 8.073010453362738 -0.00495
      vertex -12.005570233019604 8.131469612302546 -0.00495
      vertex -11.921396736825999 8.181921264348356 -0.00495
    endloop
  endfacet
  facet normal -0.5349976198871008 0.8448535652497048 0
    outer loop
      vertex -12.005570233019604 8.131469612302546 -0.00495
      vertex -12.005570233019604 8.131469612302546 0.005050000000000001
      vertex -11.964102744193223 8.157728610000273 0.005050000000000001
    endloop
  endfacet
  facet normal -0.5349976198871008 0.8448535652497048 -1.520772220084748e-16
    outer loop
      vertex -12.005570233019604 8.131469612302546 -0.00495
      vertex -11.964102744193223 8.157728610000273 0.005050000000000001
      vertex -11.964102744193223 8.157728610000273 -0.00495
    endloop
  endfacet
  facet normal 0 0 -1
    outer loop
      vertex -12.005570233019604 8.131469612302546 -0.00495
      vertex -11.964102744193223 8.157728610000273 -0.00495
      vertex -11.921396736825999 8.181921264348356 -0.00495
    endloop
  endfacet
  facet normal 0 0 -1
    outer loop
      vertex -12.253207531480646 7.895699304492434 -0.00495
      vertex -12.084393284163646 8.073010453362738 -0.00495
      vertex -11.450000000000001 8.3 -0.00495
    endloop
  endfacet
  facet normal -0.49289819222977843 0.8700869911087146 0
    outer loop
      vertex -11.964102744193223 8.157728610000273 -0.00495
      vertex -11.964102744193223 8.157728610000273 0.005050000000000001
      vertex -11.921396736825999 8.181921264348356 -0.00495
    endloop
  endfacet
  facet normal 0 0 -1
    outer loop
      vertex -12.084393284163646 8.073010453362738 -0.00495
      vertex -11.921396736825999 8.181921264348356 -0.00495
      vertex -11.740284677254463 8.25694033573221 -0.00495
    endloop
  endfacet
  facet normal -0.49289819222977843 0.8700869911087146 -1.0638569812861197e-16
    outer loop
      vertex -11.964102744193223 8.157728610000273 0.005050000000000001
      vertex -11.921396736825999 8.181921264348356 0.005050000000000001
      vertex -11.921396736825999 8.181921264348356 -0.00495
    endloop
  endfacet
  facet normal -0.4496113296546005 0.8932243011955183 0
    outer loop
      vertex -11.921396736825999 8.181921264348356 -0.00495
      vertex -11.921396736825999 8.181921264348356 0.005050000000000001
      vertex -11.877555093430283 8.203989293123444 -0.00495
    endloop
  endfacet
  facet normal -0.4496113296546005 0.8932243011955183 -6.462560192373798e-17
    outer loop
      vertex -11.921396736825999 8.181921264348356 0.005050000000000001
      vertex -11.877555093430283 8.203989293123444 0.005050000000000001
      vertex -11.877555093430283 8.203989293123444 -0.00495
    endloop
  endfacet
  facet normal 0 0 -1
    outer loop
      vertex -11.921396736825999 8.181921264348356 -0.00495
      vertex -11.877555093430283 8.203989293123444 -0.00495
      vertex -11.83268343236509 8.223879532511287 -0.00495
    endloop
  endfacet
  facet normal -0.4052413140049827 0.914209755703534 -1.0375808606099149e-16
    outer loop
      vertex -11.877555093430283 8.203989293123444 -0.00495
      vertex -11.83268343236509 8.223879532511287 0.005050000000000001
      vertex -11.83268343236509 8.223879532511287 -0.00495
    endloop
  endfacet
  facet normal -0.4052413140049827 0.914209755703534 0
    outer loop
      vertex -11.877555093430283 8.203989293123444 -0.00495
      vertex -11.877555093430283 8.203989293123444 0.005050000000000001
      vertex -11.83268343236509 8.223879532511287 0.005050000000000001
    endloop
  endfacet
  facet normal 0 0 -1
    outer loop
      vertex -11.921396736825999 8.181921264348356 -0.00495
      vertex -11.83268343236509 8.223879532511287 -0.00495
      vertex -11.740284677254463 8.25694033573221 -0.00495
    endloop
  endfacet
  facet normal -0.35989503653499316 0.932992798834737 0
    outer loop
      vertex -11.83268343236509 8.223879532511287 -0.00495
      vertex -11.83268343236509 8.223879532511287 0.005050000000000001
      vertex -11.786889853392221 8.241544065183021 0.005050000000000001
    endloop
  endfacet
  facet normal -0.35989503653499316 0.932992798834737 -3.5145105410712124e-17
    outer loop
      vertex -11.83268343236509 8.223879532511287 -0.00495
      vertex -11.786889853392221 8.241544065183021 0.005050000000000001
      vertex -11.786889853392221 8.241544065183021 -0.00495
    endloop
  endfacet
  facet normal 0 0 -1
    outer loop
      vertex -11.83268343236509 8.223879532511287 -0.00495
      vertex -11.786889853392221 8.241544065183021 -0.00495
      vertex -11.740284677254463 8.25694033573221 -0.00495
    endloop
  endfacet
  facet normal -0.3136817403989097 0.9495281805930307 0
    outer loop
      vertex -11.786889853392221 8.241544065183021 -0.00495
      vertex -11.786889853392221 8.241544065183021 0.005050000000000001
      vertex -11.740284677254463 8.25694033573221 -0.00495
    endloop
  endfacet
  facet normal 0 0 -1
    outer loop
      vertex -12.084393284163646 8.073010453362738 -0.00495
      vertex -11.740284677254463 8.25694033573221 -0.00495
      vertex -11.450000000000001 8.3 -0.00495
    endloop
  endfacet
  facet normal -0.3136817403989097 0.9495281805930307 -7.424109525557104e-17
    outer loop
      vertex -11.786889853392221 8.241544065183021 0.005050000000000001
      vertex -11.740284677254463 8.25694033573221 0.005050000000000001
      vertex -11.740284677254463 8.25694033573221 -0.00495
    endloop
  endfacet
  facet normal -0.26671275747486933 0.963776065795448 0
    outer loop
      vertex -11.740284677254463 8.25694033573221 -0.00495
      vertex -11.740284677254463 8.25694033573221 0.005050000000000001
      vertex -11.692980179903264 8.270031253194544 -0.00495
    endloop
  endfacet
  facet normal -0.26671275747486933 0.963776065795448 -8.835868664011109e-17
    outer loop
      vertex -11.740284677254463 8.25694033573221 0.005050000000000001
      vertex -11.692980179903264 8.270031253194544 0.005050000000000001
      vertex -11.692980179903264 8.270031253194544 -0.00495
    endloop
  endfacet
  facet normal 0 0 -1
    outer loop
      vertex -11.740284677254463 8.25694033573221 -0.00495
      vertex -11.692980179903264 8.270031253194544 -0.00495
      vertex -11.645090322016129 8.280785280403231 -0.00495
    endloop
  endfacet
  facet normal -0.2191012401568868 0.9757021300385248 0
    outer loop
      vertex -11.692980179903264 8.270031253194544 -0.00495
      vertex -11.692980179903264 8.270031253194544 0.005050000000000001
      vertex -11.645090322016129 8.280785280403231 0.005050000000000001
    endloop
  endfacet
  facet normal 0 0 -1
    outer loop
      vertex -11.740284677254463 8.25694033573221 -0.00495
      vertex -11.645090322016129 8.280785280403231 -0.00495
      vertex -11.596730474455363 8.289176509964781 -0.00495
    endloop
  endfacet
  facet normal -0.2191012401568868 0.9757021300385248 7.117916166547695e-17
    outer loop
      vertex -11.692980179903264 8.270031253194544 -0.00495
      vertex -11.645090322016129 8.280785280403231 0.005050000000000001
      vertex -11.645090322016129 8.280785280403231 -0.00495
    endloop
  endfacet
  facet normal -0.17096188876028862 0.9852776423889434 0
    outer loop
      vertex -11.645090322016129 8.280785280403231 -0.00495
      vertex -11.645090322016129 8.280785280403231 0.005050000000000001
      vertex -11.596730474455363 8.289176509964781 0.005050000000000001
    endloop
  endfacet
  facet normal -0.17096188876028862 0.9852776423889434 1.471406909311094e-17
    outer loop
      vertex -11.645090322016129 8.280785280403231 -0.00495
      vertex -11.596730474455363 8.289176509964781 0.005050000000000001
      vertex -11.596730474455363 8.289176509964781 -0.00495
    endloop
  endfacet
  facet normal 0 0 -1
    outer loop
      vertex -11.740284677254463 8.25694033573221 -0.00495
      vertex -11.596730474455363 8.289176509964781 -0.00495
      vertex -11.450000000000001 8.3 -0.00495
    endloop
  endfacet
  facet normal -0.12241067519921656 0.99247953459871 0
    outer loop
      vertex -11.596730474455363 8.289176509964781 -0.00495
      vertex -11.596730474455363 8.289176509964781 0.005050000000000001
      vertex -11.548017140329561 8.295184726672197 0.005050000000000001
    endloop
  endfacet
  facet normal -0.12241067519921656 0.99247953459871 -5.5103302120421223e-17
    outer loop
      vertex -11.596730474455363 8.289176509964781 -0.00495
      vertex -11.548017140329561 8.295184726672197 0.005050000000000001
      vertex -11.548017140329561 8.295184726672197 -0.00495
    endloop
  endfacet
  facet normal 0 0 -1
    outer loop
      vertex -11.596730474455363 8.289176509964781 -0.00495
      vertex -11.548017140329561 8.295184726672197 -0.00495
      vertex -11.499067674327419 8.298795456205173 -0.00495
    endloop
  endfacet
  facet normal -0.07356456359968552 0.9972904566786889 0
    outer loop
      vertex -11.548017140329561 8.295184726672197 -0.00495
      vertex -11.548017140329561 8.295184726672197 0.005050000000000001
      vertex -11.499067674327419 8.298795456205173 -0.00495
    endloop
  endfacet
  facet normal 0 0 -1
    outer loop
      vertex -11.596730474455363 8.289176509964781 -0.00495
      vertex -11.499067674327419 8.298795456205173 -0.00495
      vertex -11.450000000000001 8.3 -0.00495
    endloop
  endfacet
  facet normal -0.07356456359968552 0.9972904566786889 -1.2155701440820978e-17
    outer loop
      vertex -11.548017140329561 8.295184726672197 0.005050000000000001
      vertex -11.499067674327419 8.298795456205173 0.005050000000000001
      vertex -11.499067674327419 8.298795456205173 -0.00495
    endloop
  endfacet
  facet normal -0.024541228522907587 0.9996988186962044 0
    outer loop
      vertex -11.499067674327419 8.298795456205173 -0.00495
      vertex -11.499067674327419 8.298795456205173 0.005050000000000001
      vertex -11.450000000000001 8.3 0.005050000000000001
    endloop
  endfacet
  facet normal -0.024541228522907587 0.9996988186962044 -1.1764332665181406e-18
    outer loop
      vertex -11.499067674327419 8.298795456205173 -0.00495
      vertex -11.450000000000001 8.3 0.005050000000000001
      vertex -11.450000000000001 8.3 -0.00495
    endloop
  endfacet
  facet normal -0.9329090062841302 0.022901630657277877 0.35938322346374824
    outer loop
      vertex -12.450000000000001 7.300000000000001 0.005050000000000001
      vertex -9.23357757091075 3.848594351781149 8.57437674773631
      vertex -12.448795456205174 7.349067674327419 0.005050000000000001
    endloop
  endfacet
  facet normal -0.9246047320854119 0.06820294244526257 0.37477252840499337
    outer loop
      vertex -12.448795456205174 7.349067674327419 0.005050000000000001
      vertex -9.223908457630992 3.9664941787697523 8.57677551688556
      vertex -12.445184726672197 7.398017140329562 0.005050000000000001
    endloop
  endfacet
  facet normal -0.9144003377651175 0.11278052478279005 0.38878345582696466
    outer loop
      vertex -12.445184726672197 7.398017140329562 0.005050000000000001
      vertex -9.209554095821726 4.07524853440983 8.578988213882825
      vertex -12.439176509964781 7.446730474455363 0.005050000000000001
    endloop
  endfacet
  facet normal -0.9024008153319885 0.15658139510190958 0.4014411976816805
    outer loop
      vertex -12.439176509964781 7.446730474455363 0.005050000000000001
      vertex -9.188622021487827 4.201927533787016 8.577610095568716
      vertex -12.430785280403231 7.495090322016129 0.005050000000000001
    endloop
  endfacet
  facet normal -0.8887027305911176 0.1995648717048857 0.4127727202969014
    outer loop
      vertex -12.430785280403231 7.495090322016129 0.005050000000000001
      vertex -9.162985871659075 4.318718447640428 8.576339547979185
      vertex -12.420031253194544 7.542980179903265 0.005050000000000001
    endloop
  endfacet
  facet normal -0.8733935817150171 0.24170055556194886 0.42280550240040493
    outer loop
      vertex -12.420031253194544 7.542980179903265 0.005050000000000001
      vertex -9.131673502118877 4.434061827454934 8.575084747855131
      vertex -12.40694033573221 7.590284677254463 0.005050000000000001
    endloop
  endfacet
  facet normal -0.8565514667043873 0.28296638299798876 0.4315664618336307
    outer loop
      vertex -12.40694033573221 7.590284677254463 0.005050000000000001
      vertex -9.094761692739683 4.547680614682951 8.57384870926724
      vertex -12.391544065183021 7.636889853392221 0.005050000000000001
    endloop
  endfacet
  facet normal -0.8382450029813578 0.32334677861397776 0.4390810582759711
    outer loop
      vertex -12.391544065183021 7.636889853392221 0.005050000000000001
      vertex -9.052340627665984 4.659302033350337 8.57263439969684
      vertex -12.373879532511287 7.68268343236509 0.005050000000000001
    endloop
  endfacet
  facet normal -0.8185334489279382 0.3628309240096921 0.44537255592190167
    outer loop
      vertex -12.373879532511287 7.68268343236509 0.005050000000000001
      vertex -9.004998963225974 4.7690869453510025 8.570203569199855
      vertex -12.353989293123444 7.727555093430283 0.005050000000000001
    endloop
  endfacet
  facet normal -0.797466984954438 0.40141114721253746 0.45046142876076833
    outer loop
      vertex -12.353989293123444 7.727555093430283 0.005050000000000001
      vertex -8.953266802292232 4.8770886364754436 8.565545251758735
      vertex -12.331921264348356 7.771396736825999 0.005050000000000001
    endloop
  endfacet
  facet normal -0.7750871198646704 0.4390814299097447 0.4543648913905034
    outer loop
      vertex -12.331921264348356 7.771396736825999 0.005050000000000001
      vertex -8.896365371581064 4.9822263433566105 8.561010463381027
      vertex -12.307728610000273 7.814102744193223 0.005050000000000001
    endloop
  endfacet
  facet normal -0.7514271963461584 0.47583602425211036 0.45709653971048275
    outer loop
      vertex -12.307728610000273 7.814102744193223 0.005050000000000001
      vertex -8.834435035975325 5.084252298742003 8.556609890737482
      vertex -12.281469612302546 7.855570233019603 0.005050000000000001
    endloop
  endfacet
  facet normal -0.7265129770211927 0.5116681677679342 0.45866608803443154
    outer loop
      vertex -12.281469612302546 7.855570233019603 0.005050000000000001
      vertex -8.767627736186322 5.182926515698149 8.552353884918963
      vertex -12.253207531480646 7.895699304492434 0.005050000000000001
    endloop
  endfacet
  facet normal -0.7003632994660695 0.5465688834438313 0.45907919187430446
    outer loop
      vertex -12.253207531480646 7.895699304492434 0.005050000000000001
      vertex -8.696106597367852 5.278017310035742 8.548252438903248
      vertex -12.223010453362738 7.934393284163646 0.005050000000000001
    endloop
  endfacet
  facet normal -0.6729907948603215 0.5805258520006911 0.45833734867687165
    outer loop
      vertex -12.223010453362738 7.934393284163646 0.005050000000000001
      vertex -8.62004551619183 5.3693018006954985 8.544315165972455
      vertex -12.19095112535496 7.971558954847019 0.005050000000000001
    endloop
  endfacet
  facet normal -0.6444026704377986 0.6135223446022066 0.45643787201156427
    outer loop
      vertex -12.19095112535496 7.971558954847019 0.005050000000000001
      vertex -8.54081595616444 5.457403455277808 8.537749992906937
      vertex -12.157106781186549 8.007106781186549 0.005050000000000001
    endloop
  endfacet
  facet normal -0.6146015606769836 0.6455362065293272 0.4533739380171096
    outer loop
      vertex -12.157106781186549 8.007106781186549 0.005050000000000001
      vertex -8.457476495798495 5.541262354765467 8.531323965277643
      vertex -12.12155895484702 8.04095112535496 0.005050000000000001
    endloop
  endfacet
  facet normal -0.5835864561752186 0.67653888566296 0.4491347062460992
    outer loop
      vertex -12.12155895484702 8.04095112535496 0.005050000000000001
      vertex -8.370148005636539 5.620630005328882 8.52524209777749
      vertex -12.084393284163646 8.073010453362738 0.005050000000000001
    endloop
  endfacet
  facet normal -0.5513537223591772 0.7064945039156358 0.4437055203371699
    outer loop
      vertex -12.084393284163646 8.073010453362738 0.005050000000000001
      vertex -8.279039508150278 5.695326621557643 8.51951816719131
      vertex -12.045699304492434 8.103207531480646 0.005050000000000001
    endloop
  endfacet
  facet normal -0.5178982224973505 0.7353589750597289 0.4370681971193852
    outer loop
      vertex -12.045699304492434 8.103207531480646 0.005050000000000001
      vertex -8.279039508150278 5.695326621557643 8.51951816719131
      vertex -12.005570233019604 8.131469612302546 0.005050000000000001
    endloop
  endfacet
  facet normal -0.48321456073584224 0.7630791787529774 0.4292014157089287
    outer loop
      vertex -12.005570233019604 8.131469612302546 0.005050000000000001
      vertex -8.184368060566861 5.765183424253869 8.51416510690835
      vertex -11.964102744193223 8.157728610000273 0.005050000000000001
    endloop
  endfacet
  facet normal -0.4472984608346662 0.7895922079863555 0.42008122074447757
    outer loop
      vertex -11.964102744193223 8.157728610000273 0.005050000000000001
      vertex -7.9852417211540105 5.8897592938005765 8.504618976628306
      vertex -11.921396736825999 8.181921264348356 0.005050000000000001
    endloop
  endfacet
  facet normal -0.41014829461031843 0.8148247156522399 0.4096816559116284
    outer loop
      vertex -11.921396736825999 8.181921264348356 0.005050000000000001
      vertex -7.881256593520679 5.944198436308397 8.500447356967094
      vertex -11.877555093430283 8.203989293123444 0.005050000000000001
    endloop
  endfacet
  facet normal -0.3717667703834416 0.8386923953335096 0.39797554503814103
    outer loop
      vertex -11.877555093430283 8.203989293123444 0.005050000000000001
      vertex -7.881256593520679 5.944198436308397 8.500447356967094
      vertex -11.83268343236509 8.223879532511287 0.005050000000000001
    endloop
  endfacet
  facet normal -0.33216278551757666 0.8610996414746435 0.3849354379236146
    outer loop
      vertex -11.83268343236509 8.223879532511287 0.005050000000000001
      vertex -7.66620067798162 6.037057390199983 8.492245405657433
      vertex -11.786889853392221 8.241544065183021 0.005050000000000001
    endloop
  endfacet
  facet normal -0.2913534379240448 0.8819394443225432 0.3705347362365419
    outer loop
      vertex -11.786889853392221 8.241544065183021 0.005050000000000001
      vertex -7.66620067798162 6.037057390199983 8.492245405657433
      vertex -11.740284677254463 8.25694033573221 0.005050000000000001
    endloop
  endfacet
  facet normal -0.24936617875369108 0.9010935846378549 0.3547490107361583
    outer loop
      vertex -11.740284677254463 8.25694033573221 0.005050000000000001
      vertex -7.443413048471039 6.1078556482682504 8.484343225201652
      vertex -11.692980179903264 8.270031253194544 0.005050000000000001
    endloop
  endfacet
  facet normal -0.206241072101808 0.9184332010493095 0.33755751419367863
    outer loop
      vertex -11.692980179903264 8.270031253194544 0.005050000000000001
      vertex -7.443413048471039 6.1078556482682504 8.484343225201652
      vertex -11.645090322016129 8.280785280403231 0.005050000000000001
    endloop
  endfacet
  facet normal -0.16203310741154048 0.9338198075434477 0.3189448841760572
    outer loop
      vertex -11.645090322016129 8.280785280403231 0.005050000000000001
      vertex -7.213886058025233 6.155393336120028 8.479037284093705
      vertex -11.596730474455363 8.289176509964781 0.005050000000000001
    endloop
  endfacet
  facet normal -0.11681448684076336 0.9471068380713413 0.2989030159477069
    outer loop
      vertex -11.596730474455363 8.289176509964781 0.005050000000000001
      vertex -7.213886058025233 6.155393336120028 8.479037284093705
      vertex -11.548017140329561 8.295184726672197 0.005050000000000001
    endloop
  endfacet
  facet normal -0.07067678427108454 0.9581417874759527 0.2774330680677501
    outer loop
      vertex -11.548017140329561 8.295184726672197 0.005050000000000001
      vertex -6.979712432018953 6.179264040197844 8.476372944371567
      vertex -11.499067674327419 8.298795456205173 0.005050000000000001
    endloop
  endfacet
  facet normal -0.023732846864940007 0.9667690007055717 0.25454754222823556
    outer loop
      vertex -11.499067674327419 8.298795456205173 0.005050000000000001
      vertex -6.979712432018953 6.179264040197844 8.476372944371567
      vertex -11.450000000000001 8.3 0.005050000000000001
    endloop
  endfacet
  facet normal 0 1 0
    outer loop
      vertex -11.450000000000001 8.3 -0.00495
      vertex -11.450000000000001 8.3 0.005050000000000001
      vertex 11.450000000000001 8.3 0.005050000000000001
    endloop
  endfacet
  facet normal 0 0 -1
    outer loop
      vertex -11.450000000000001 8.3 -0.00495
      vertex 12.005570233019604 8.131469612302546 -0.00495
      vertex -9.75 6.5 -0.00495
    endloop
  endfacet
  facet normal -0.9363291775690452 -2.310334762461247e-15 0.35112344158838993
    outer loop
      vertex -9.431078867352298 -0.6972291486714466 8.055506353727203
      vertex -9.380406473855324 -0.007218889142243976 8.190632736385806
      vertex -12.450000000000001 7.300000000000001 0.005050000000000001
    endloop
  endfacet
  facet normal -0.9363291775690443 7.797818171789214e-16 0.35112344158839237
    outer loop
      vertex -9.380406473855324 -0.007218889142243976 8.190632736385806
      vertex -9.337133562237092 0.6828087613232018 8.306027167367755
      vertex -12.450000000000001 7.300000000000001 0.005050000000000001
    endloop
  endfacet
  facet normal -0.9363291775690441 1.5875687454727084e-15 0.3511234415883925
    outer loop
      vertex -12.450000000000001 7.300000000000001 0.005050000000000001
      vertex -9.337133562237092 0.6828087613232018 8.306027167367755
      vertex -9.30136438073195 1.371191465675636 8.401411651381464
    endloop
  endfacet
  facet normal -0.9363291775690449 -2.1543274274701114e-15 0.3511234415883909
    outer loop
      vertex -12.450000000000001 7.300000000000001 0.005050000000000001
      vertex -9.30136438073195 1.371191465675636 8.401411651381464
      vertex -9.27318510043116 2.056270849685071 8.476556398850242
    endloop
  endfacet
  facet normal -0.9363291775690441 1.8630347487699984e-15 0.351123441588393
    outer loop
      vertex -12.450000000000001 7.300000000000001 0.005050000000000001
      vertex -9.27318510043116 2.056270849685071 8.476556398850242
      vertex -9.252663607689172 2.736396497109559 8.53128037949554
    endloop
  endfacet
  facet normal -0.9363291775690442 6.459388172664317e-16 0.3511234415883925
    outer loop
      vertex -12.450000000000001 7.300000000000001 0.005050000000000001
      vertex -9.252663607689172 2.736396497109559 8.53128037949554
      vertex -9.239849340579477 3.409929925692485 8.565451758454724
    endloop
  endfacet
  facet normal -0.936329177569045 -4.402420187693699e-15 0.3511234415883904
    outer loop
      vertex -12.450000000000001 7.300000000000001 0.005050000000000001
      vertex -9.239849340579477 3.409929925692485 8.565451758454724
      vertex -9.237403883144822 3.730448759049802 8.571972978280476
    endloop
  endfacet
  facet normal -0.9329090062841291 0.022901630657287102 0.35938322346375035
    outer loop
      vertex -12.450000000000001 7.300000000000001 0.005050000000000001
      vertex -9.237403883144822 3.730448759049802 8.571972978280476
      vertex -9.23357757091075 3.848594351781149 8.57437674773631
    endloop
  endfacet
  facet normal -0.924604732085413 0.06820294244525603 0.37477252840499237
    outer loop
      vertex -12.448795456205174 7.349067674327419 0.005050000000000001
      vertex -9.23357757091075 3.848594351781149 8.57437674773631
      vertex -9.223908457630992 3.9664941787697523 8.57677551688556
    endloop
  endfacet
  facet normal -0.9144003377651203 0.1127805247827777 0.38878345582696183
    outer loop
      vertex -12.445184726672197 7.398017140329562 0.005050000000000001
      vertex -9.223908457630992 3.9664941787697523 8.57677551688556
      vertex -9.209554095821726 4.07524853440983 8.578988213882825
    endloop
  endfacet
  facet normal -0.9144003377651204 0.11278052478279779 0.3887834558269558
    outer loop
      vertex -12.439176509964781 7.446730474455363 0.005050000000000001
      vertex -9.209554095821726 4.07524853440983 8.578988213882825
      vertex -9.208518773883785 4.0839697674414746 8.578893337139075
    endloop
  endfacet
  facet normal -0.9024008153319852 0.15658139510191885 0.40144119768168435
    outer loop
      vertex -12.439176509964781 7.446730474455363 0.005050000000000001
      vertex -9.208518773883785 4.0839697674414746 8.578893337139075
      vertex -9.188622021487827 4.201927533787016 8.577610095568716
    endloop
  endfacet
  facet normal -0.8887027305911175 0.1995648717048878 0.4127727202969009
    outer loop
      vertex -12.430785280403231 7.495090322016129 0.005050000000000001
      vertex -9.188622021487827 4.201927533787016 8.577610095568716
      vertex -9.162985871659075 4.318718447640428 8.576339547979185
    endloop
  endfacet
  facet normal -0.8733935817150141 0.24170055556195671 0.42280550240040643
    outer loop
      vertex -12.420031253194544 7.542980179903265 0.005050000000000001
      vertex -9.162985871659075 4.318718447640428 8.576339547979185
      vertex -9.131673502118877 4.434061827454934 8.575084747855131
    endloop
  endfacet
  facet normal -0.8565514667043952 0.28296638299796895 0.4315664618336282
    outer loop
      vertex -12.40694033573221 7.590284677254463 0.005050000000000001
      vertex -9.131673502118877 4.434061827454934 8.575084747855131
      vertex -9.094761692739683 4.547680614682951 8.57384870926724
    endloop
  endfacet
  facet normal -0.8382450029813592 0.3233467786139738 0.43908105827597116
    outer loop
      vertex -12.391544065183021 7.636889853392221 0.005050000000000001
      vertex -9.094761692739683 4.547680614682951 8.57384870926724
      vertex -9.052340627665984 4.659302033350337 8.57263439969684
    endloop
  endfacet
  facet normal -0.8185334489279329 0.3628309240097033 0.4453725559219024
    outer loop
      vertex -12.373879532511287 7.68268343236509 0.005050000000000001
      vertex -9.052340627665984 4.659302033350337 8.57263439969684
      vertex -9.004998963225974 4.7690869453510025 8.570203569199855
    endloop
  endfacet
  facet normal -0.7974669849544336 0.4014111472125453 0.45046142876076906
    outer loop
      vertex -12.353989293123444 7.727555093430283 0.005050000000000001
      vertex -9.004998963225974 4.7690869453510025 8.570203569199855
      vertex -8.953266802292232 4.8770886364754436 8.565545251758735
    endloop
  endfacet
  facet normal -0.7750871198646702 0.4390814299097447 0.4543648913905036
    outer loop
      vertex -12.331921264348356 7.771396736825999 0.005050000000000001
      vertex -8.953266802292232 4.8770886364754436 8.565545251758735
      vertex -8.896365371581064 4.9822263433566105 8.561010463381027
    endloop
  endfacet
  facet normal -0.7514271963461678 0.4758360242520962 0.45709653971048236
    outer loop
      vertex -12.307728610000273 7.814102744193223 0.005050000000000001
      vertex -8.896365371581064 4.9822263433566105 8.561010463381027
      vertex -8.834435035975325 5.084252298742003 8.556609890737482
    endloop
  endfacet
  facet normal -0.7265129770211892 0.5116681677679396 0.4586660880344313
    outer loop
      vertex -12.281469612302546 7.855570233019603 0.005050000000000001
      vertex -8.834435035975325 5.084252298742003 8.556609890737482
      vertex -8.767627736186322 5.182926515698149 8.552353884918963
    endloop
  endfacet
  facet normal -0.7003632994660693 0.5465688834438314 0.45907919187430424
    outer loop
      vertex -12.253207531480646 7.895699304492434 0.005050000000000001
      vertex -8.767627736186322 5.182926515698149 8.552353884918963
      vertex -8.696106597367852 5.278017310035742 8.548252438903248
    endloop
  endfacet
  facet normal -0.6729907948603263 0.5805258520006851 0.4583373486768722
    outer loop
      vertex -12.223010453362738 7.934393284163646 0.005050000000000001
      vertex -8.696106597367852 5.278017310035742 8.548252438903248
      vertex -8.62004551619183 5.3693018006954985 8.544315165972455
    endloop
  endfacet
  facet normal -0.6444026704377241 0.6135223446022777 0.45643787201157376
    outer loop
      vertex -12.19095112535496 7.971558954847019 0.005050000000000001
      vertex -8.62004551619183 5.3693018006954985 8.544315165972455
      vertex -8.614929283191316 5.374853700566278 8.544075702018416
    endloop
  endfacet
  facet normal -0.6444026704377898 0.6135223446022163 0.4564378720115636
    outer loop
      vertex -12.19095112535496 7.971558954847019 0.005050000000000001
      vertex -8.614929283191316 5.374853700566278 8.544075702018416
      vertex -8.54081595616444 5.457403455277808 8.537749992906937
    endloop
  endfacet
  facet normal -0.6146015606769895 0.6455362065293213 0.4533739380171099
    outer loop
      vertex -12.157106781186549 8.007106781186549 0.005050000000000001
      vertex -8.54081595616444 5.457403455277808 8.537749992906937
      vertex -8.457476495798495 5.541262354765467 8.531323965277643
    endloop
  endfacet
  facet normal -0.5835864561752288 0.676538885662951 0.4491347062460996
    outer loop
      vertex -12.12155895484702 8.04095112535496 0.005050000000000001
      vertex -8.457476495798495 5.541262354765467 8.531323965277643
      vertex -8.370148005636539 5.620630005328882 8.52524209777749
    endloop
  endfacet
  facet normal -0.5513537223591722 0.7064945039156405 0.44370552033716926
    outer loop
      vertex -12.084393284163646 8.073010453362738 0.005050000000000001
      vertex -8.370148005636539 5.620630005328882 8.52524209777749
      vertex -8.279039508150278 5.695326621557643 8.51951816719131
    endloop
  endfacet
  facet normal -0.5178982224973435 0.7353589750597346 0.4370681971193839
    outer loop
      vertex -12.005570233019604 8.131469612302546 0.005050000000000001
      vertex -8.279039508150278 5.695326621557643 8.51951816719131
      vertex -8.184368060566861 5.765183424253869 8.51416510690835
    endloop
  endfacet
  facet normal -0.48321456073584174 0.7630791787529778 0.42920141570892867
    outer loop
      vertex -11.964102744193223 8.157728610000273 0.005050000000000001
      vertex -8.184368060566861 5.765183424253869 8.51416510690835
      vertex -8.08635825685468 5.830042942795886 8.50919498375243
    endloop
  endfacet
  facet normal -0.44729846083467395 0.7895922079863501 0.4200812207444792
    outer loop
      vertex -11.964102744193223 8.157728610000273 0.005050000000000001
      vertex -8.08635825685468 5.830042942795886 8.50919498375243
      vertex -7.9852417211540105 5.8897592938005765 8.504618976628306
    endloop
  endfacet
  facet normal -0.4101482946103191 0.8148247156522392 0.4096816559116291
    outer loop
      vertex -11.921396736825999 8.181921264348356 0.005050000000000001
      vertex -7.9852417211540105 5.8897592938005765 8.504618976628306
      vertex -7.881256593520679 5.944198436308397 8.500447356967094
    endloop
  endfacet
  facet normal -0.37176677038344325 0.8386923953335087 0.3979755450381417
    outer loop
      vertex -11.83268343236509 8.223879532511287 0.005050000000000001
      vertex -7.881256593520679 5.944198436308397 8.500447356967094
      vertex -7.774647008790925 5.9932384037273785 8.496689470952617
    endloop
  endfacet
  facet normal -0.33216278551757694 0.861099641474643 0.3849354379236149
    outer loop
      vertex -11.83268343236509 8.223879532511287 0.005050000000000001
      vertex -7.774647008790925 5.9932384037273785 8.496689470952617
      vertex -7.66620067798162 6.037057390199983 8.492245405657433
    endloop
  endfacet
  facet normal -0.2913534379240318 0.8819394443225492 0.3705347362365373
    outer loop
      vertex -11.740284677254463 8.25694033573221 0.005050000000000001
      vertex -7.66620067798162 6.037057390199983 8.492245405657433
      vertex -7.555778233711364 6.075330821371777 8.487973498861509
    endloop
  endfacet
  facet normal -0.24936617875371392 0.9010935846378453 0.35474901073616727
    outer loop
      vertex -11.740284677254463 8.25694033573221 0.005050000000000001
      vertex -7.555778233711364 6.075330821371777 8.487973498861509
      vertex -7.443413048471039 6.1078556482682504 8.484343225201652
    endloop
  endfacet
  facet normal -0.20624107210179257 0.9184332010493156 0.337557514193671
    outer loop
      vertex -11.645090322016129 8.280785280403231 0.005050000000000001
      vertex -7.443413048471039 6.1078556482682504 8.484343225201652
      vertex -7.329362210893051 6.134562195823263 8.481362361492728
    endloop
  endfacet
  facet normal -0.1620331074115484 0.9338198075434452 0.3189448841760602
    outer loop
      vertex -11.645090322016129 8.280785280403231 0.005050000000000001
      vertex -7.329362210893051 6.134562195823263 8.481362361492728
      vertex -7.213886058025233 6.155393336120028 8.479037284093705
    endloop
  endfacet
  facet normal -0.11681448684075961 0.9471068380713427 0.29890301594770446
    outer loop
      vertex -11.548017140329561 8.295184726672197 0.005050000000000001
      vertex -7.213886058025233 6.155393336120028 8.479037284093705
      vertex -7.097247681342755 6.170304561351581 8.477372960764127
    endloop
  endfacet
  facet normal -0.0706767842710772 0.9581417874759542 0.27743306806774665
    outer loop
      vertex -11.548017140329561 8.295184726672197 0.005050000000000001
      vertex -7.097247681342755 6.170304561351581 8.477372960764127
      vertex -6.979712432018953 6.179264040197844 8.476372944371567
    endloop
  endfacet
  facet normal -0.023732846864935778 0.9667690007055725 0.25454754222823356
    outer loop
      vertex -11.450000000000001 8.3 0.005050000000000001
      vertex -6.979712432018953 6.179264040197844 8.476372944371567
      vertex -6.861547425439575 6.182252657895188 8.476039368419245
    endloop
  endfacet
  facet normal -0.8185334489277462 0.36283092400963224 0.4453725559223032
    outer loop
      vertex -9.052340627665984 4.659302033350337 8.57263439969684
      vertex -9.021093055983588 4.730749512458169 8.571857135273063
      vertex -9.004998963225974 4.7690869453510025 8.570203569199855
    endloop
  endfacet
  facet normal -0.3321627855176156 0.8610996414747154 0.3849354379234198
    outer loop
      vertex -7.774647008790925 5.9932384037273785 8.496689470952617
      vertex -7.74267356746363 6.006009395328137 8.495710842024963
      vertex -7.66620067798162 6.037057390199983 8.492245405657433
    endloop
  endfacet
  facet normal -9.04387643177496e-17 0.9701425001453318 0.24253562503633316
    outer loop
      vertex -11.450000000000001 8.3 0.005050000000000001
      vertex -6.861547425439575 6.182252657895188 8.476039368419245
      vertex 6.861547425439575 6.182252657895189 8.476039368419247
    endloop
  endfacet
  facet normal 0 -1 0
    outer loop
      vertex -11.450000000000001 -8.3 -0.00495
      vertex 11.450000000000001 -8.3 -0.00495
      vertex 11.450000000000001 -8.3 0.005050000000000001
    endloop
  endfacet
  facet normal 0 0 -1
    outer loop
      vertex -11.450000000000001 -8.3 -0.00495
      vertex 11.499067674327419 -8.298795456205173 -0.00495
      vertex 11.450000000000001 -8.3 -0.00495
    endloop
  endfacet
  facet normal 0 0 -1
    outer loop
      vertex -12.005570233019604 -8.131469612302546 -0.00495
      vertex 9.75 -6.5 -0.00495
      vertex 12.450000000000001 -7.300000000000001 -0.00495
    endloop
  endfacet
  facet normal 0 0 -1
    outer loop
      vertex -12.005570233019604 -8.131469612302546 -0.00495
      vertex 12.450000000000001 -7.300000000000001 -0.00495
      vertex 11.499067674327419 -8.298795456205173 -0.00495
    endloop
  endfacet
  facet normal 1.3066623079897936e-17 -0.9701425001453319 0.24253562503633308
    outer loop
      vertex -8.242944900475198 -6.819820723296245 5.925767106815021
      vertex 11.450000000000001 -8.3 0.005050000000000001
      vertex 8.242944900475198 -6.819820723296245 5.92576710681502
    endloop
  endfacet
  facet normal 0.024541228522907587 -0.9996988186962044 0
    outer loop
      vertex 11.450000000000001 -8.3 -0.00495
      vertex 11.499067674327419 -8.298795456205173 -0.00495
      vertex 11.450000000000001 -8.3 0.005050000000000001
    endloop
  endfacet
  facet normal 0.024541228522907587 -0.9996988186962044 -1.1764332665181406e-18
    outer loop
      vertex 11.450000000000001 -8.3 0.005050000000000001
      vertex 11.499067674327419 -8.298795456205173 -0.00495
      vertex 11.499067674327419 -8.298795456205173 0.005050000000000001
    endloop
  endfacet
  facet normal 0.07356456359968552 -0.9972904566786889 0
    outer loop
      vertex 11.499067674327419 -8.298795456205173 -0.00495
      vertex 11.548017140329561 -8.295184726672197 -0.00495
      vertex 11.499067674327419 -8.298795456205173 0.005050000000000001
    endloop
  endfacet
  facet normal 0.07356456359968552 -0.9972904566786889 -1.2155701440820978e-17
    outer loop
      vertex 11.499067674327419 -8.298795456205173 0.005050000000000001
      vertex 11.548017140329561 -8.295184726672197 -0.00495
      vertex 11.548017140329561 -8.295184726672197 0.005050000000000001
    endloop
  endfacet
  facet normal 0.12241067519921656 -0.99247953459871 0
    outer loop
      vertex 11.548017140329561 -8.295184726672197 -0.00495
      vertex 11.596730474455363 -8.289176509964781 -0.00495
      vertex 11.548017140329561 -8.295184726672197 0.005050000000000001
    endloop
  endfacet
  facet normal 0.12241067519921656 -0.99247953459871 -5.5103302120421223e-17
    outer loop
      vertex 11.548017140329561 -8.295184726672197 0.005050000000000001
      vertex 11.596730474455363 -8.289176509964781 -0.00495
      vertex 11.596730474455363 -8.289176509964781 0.005050000000000001
    endloop
  endfacet
  facet normal 0 0 -1
    outer loop
      vertex 11.499067674327419 -8.298795456205173 -0.00495
      vertex 11.692980179903264 -8.270031253194544 -0.00495
      vertex 11.548017140329561 -8.295184726672197 -0.00495
    endloop
  endfacet
  facet normal 0.17096188876028862 -0.9852776423889434 0
    outer loop
      vertex 11.596730474455363 -8.289176509964781 -0.00495
      vertex 11.645090322016129 -8.280785280403231 0.005050000000000001
      vertex 11.596730474455363 -8.289176509964781 0.005050000000000001
    endloop
  endfacet
  facet normal 0 0 -1
    outer loop
      vertex 11.548017140329561 -8.295184726672197 -0.00495
      vertex 11.692980179903264 -8.270031253194544 -0.00495
      vertex 11.596730474455363 -8.289176509964781 -0.00495
    endloop
  endfacet
  facet normal 0 0 -1
    outer loop
      vertex 11.596730474455363 -8.289176509964781 -0.00495
      vertex 11.692980179903264 -8.270031253194544 -0.00495
      vertex 11.645090322016129 -8.280785280403231 -0.00495
    endloop
  endfacet
  facet normal 0.17096188876028862 -0.9852776423889434 1.471406909311094e-17
    outer loop
      vertex 11.596730474455363 -8.289176509964781 -0.00495
      vertex 11.645090322016129 -8.280785280403231 -0.00495
      vertex 11.645090322016129 -8.280785280403231 0.005050000000000001
    endloop
  endfacet
  facet normal 0.2191012401568868 -0.9757021300385248 0
    outer loop
      vertex 11.645090322016129 -8.280785280403231 -0.00495
      vertex 11.692980179903264 -8.270031253194544 -0.00495
      vertex 11.645090322016129 -8.280785280403231 0.005050000000000001
    endloop
  endfacet
  facet normal 0.2191012401568868 -0.9757021300385248 7.117916166547695e-17
    outer loop
      vertex 11.645090322016129 -8.280785280403231 0.005050000000000001
      vertex 11.692980179903264 -8.270031253194544 -0.00495
      vertex 11.692980179903264 -8.270031253194544 0.005050000000000001
    endloop
  endfacet
  facet normal 0 0 -1
    outer loop
      vertex 11.499067674327419 -8.298795456205173 -0.00495
      vertex 11.877555093430283 -8.203989293123444 -0.00495
      vertex 11.692980179903264 -8.270031253194544 -0.00495
    endloop
  endfacet
  facet normal 0.26671275747486933 -0.963776065795448 0
    outer loop
      vertex 11.692980179903264 -8.270031253194544 -0.00495
      vertex 11.740284677254463 -8.25694033573221 0.005050000000000001
      vertex 11.692980179903264 -8.270031253194544 0.005050000000000001
    endloop
  endfacet
  facet normal 0.26671275747486933 -0.963776065795448 -8.835868664011109e-17
    outer loop
      vertex 11.692980179903264 -8.270031253194544 -0.00495
      vertex 11.740284677254463 -8.25694033573221 -0.00495
      vertex 11.740284677254463 -8.25694033573221 0.005050000000000001
    endloop
  endfacet
  facet normal 0 0 -1
    outer loop
      vertex 11.692980179903264 -8.270031253194544 -0.00495
      vertex 11.786889853392221 -8.241544065183021 -0.00495
      vertex 11.740284677254463 -8.25694033573221 -0.00495
    endloop
  endfacet
  facet normal 0.3136817403989097 -0.9495281805930307 0
    outer loop
      vertex 11.740284677254463 -8.25694033573221 -0.00495
      vertex 11.786889853392221 -8.241544065183021 -0.00495
      vertex 11.740284677254463 -8.25694033573221 0.005050000000000001
    endloop
  endfacet
  facet normal 0 0 -1
    outer loop
      vertex 11.692980179903264 -8.270031253194544 -0.00495
      vertex 11.877555093430283 -8.203989293123444 -0.00495
      vertex 11.786889853392221 -8.241544065183021 -0.00495
    endloop
  endfacet
  facet normal 0.3136817403989097 -0.9495281805930307 -7.424109525557104e-17
    outer loop
      vertex 11.740284677254463 -8.25694033573221 0.005050000000000001
      vertex 11.786889853392221 -8.241544065183021 -0.00495
      vertex 11.786889853392221 -8.241544065183021 0.005050000000000001
    endloop
  endfacet
  facet normal 0.35989503653499316 -0.932992798834737 0
    outer loop
      vertex 11.786889853392221 -8.241544065183021 -0.00495
      vertex 11.83268343236509 -8.223879532511287 0.005050000000000001
      vertex 11.786889853392221 -8.241544065183021 0.005050000000000001
    endloop
  endfacet
  facet normal 0.35989503653499316 -0.932992798834737 -3.5145105410712124e-17
    outer loop
      vertex 11.786889853392221 -8.241544065183021 -0.00495
      vertex 11.83268343236509 -8.223879532511287 -0.00495
      vertex 11.83268343236509 -8.223879532511287 0.005050000000000001
    endloop
  endfacet
  facet normal 0 0 -1
    outer loop
      vertex 11.786889853392221 -8.241544065183021 -0.00495
      vertex 11.877555093430283 -8.203989293123444 -0.00495
      vertex 11.83268343236509 -8.223879532511287 -0.00495
    endloop
  endfacet
  facet normal 0.4052413140049827 -0.914209755703534 0
    outer loop
      vertex 11.83268343236509 -8.223879532511287 -0.00495
      vertex 11.877555093430283 -8.203989293123444 -0.00495
      vertex 11.83268343236509 -8.223879532511287 0.005050000000000001
    endloop
  endfacet
  facet normal 0.4052413140049827 -0.914209755703534 -1.0375808606099149e-16
    outer loop
      vertex 11.83268343236509 -8.223879532511287 0.005050000000000001
      vertex 11.877555093430283 -8.203989293123444 -0.00495
      vertex 11.877555093430283 -8.203989293123444 0.005050000000000001
    endloop
  endfacet
  facet normal 0 0 -1
    outer loop
      vertex 11.499067674327419 -8.298795456205173 -0.00495
      vertex 12.157106781186549 -8.007106781186549 -0.00495
      vertex 11.877555093430283 -8.203989293123444 -0.00495
    endloop
  endfacet
  facet normal 0.4496113296546005 -0.8932243011955183 0
    outer loop
      vertex 11.877555093430283 -8.203989293123444 -0.00495
      vertex 11.921396736825999 -8.181921264348356 0.005050000000000001
      vertex 11.877555093430283 -8.203989293123444 0.005050000000000001
    endloop
  endfacet
  facet normal 0.4496113296546005 -0.8932243011955183 -6.462560192373798e-17
    outer loop
      vertex 11.877555093430283 -8.203989293123444 -0.00495
      vertex 11.921396736825999 -8.181921264348356 -0.00495
      vertex 11.921396736825999 -8.181921264348356 0.005050000000000001
    endloop
  endfacet
  facet normal 0 0 -1
    outer loop
      vertex 11.877555093430283 -8.203989293123444 -0.00495
      vertex 11.964102744193223 -8.157728610000273 -0.00495
      vertex 11.921396736825999 -8.181921264348356 -0.00495
    endloop
  endfacet
  facet normal 0.49289819222977843 -0.8700869911087146 0
    outer loop
      vertex 11.921396736825999 -8.181921264348356 -0.00495
      vertex 11.964102744193223 -8.157728610000273 -0.00495
      vertex 11.921396736825999 -8.181921264348356 0.005050000000000001
    endloop
  endfacet
  facet normal 0 0 -1
    outer loop
      vertex 11.877555093430283 -8.203989293123444 -0.00495
      vertex 12.005570233019604 -8.131469612302546 -0.00495
      vertex 11.964102744193223 -8.157728610000273 -0.00495
    endloop
  endfacet
  facet normal 0.49289819222977843 -0.8700869911087146 -1.0638569812861197e-16
    outer loop
      vertex 11.921396736825999 -8.181921264348356 0.005050000000000001
      vertex 11.964102744193223 -8.157728610000273 -0.00495
      vertex 11.964102744193223 -8.157728610000273 0.005050000000000001
    endloop
  endfacet
  facet normal 0.5349976198871008 -0.8448535652497048 0
    outer loop
      vertex 11.964102744193223 -8.157728610000273 -0.00495
      vertex 12.005570233019604 -8.131469612302546 -0.00495
      vertex 11.964102744193223 -8.157728610000273 0.005050000000000001
    endloop
  endfacet
  facet normal 0.5349976198871008 -0.8448535652497048 -1.520772220084748e-16
    outer loop
      vertex 11.964102744193223 -8.157728610000273 0.005050000000000001
      vertex 12.005570233019604 -8.131469612302546 -0.00495
      vertex 12.005570233019604 -8.131469612302546 0.005050000000000001
    endloop
  endfacet
  facet normal 0.5758081914178551 -0.8175848131515769 0
    outer loop
      vertex 12.005570233019604 -8.131469612302546 -0.00495
      vertex 12.045699304492434 -8.103207531480646 0.005050000000000001
      vertex 12.005570233019604 -8.131469612302546 0.005050000000000001
    endloop
  endfacet
  facet normal 0 0 -1
    outer loop
      vertex 11.877555093430283 -8.203989293123444 -0.00495
      vertex 12.157106781186549 -8.007106781186549 -0.00495
      vertex 12.005570233019604 -8.131469612302546 -0.00495
    endloop
  endfacet
  facet normal 0.5758081914178551 -0.8175848131515769 2.0293939999107173e-16
    outer loop
      vertex 12.005570233019604 -8.131469612302546 -0.00495
      vertex 12.045699304492434 -8.103207531480646 -0.00495
      vertex 12.045699304492434 -8.103207531480646 0.005050000000000001
    endloop
  endfacet
  facet normal 0.6152315905806282 -0.7883464276266051 0
    outer loop
      vertex 12.045699304492434 -8.103207531480646 -0.00495
      vertex 12.084393284163646 -8.073010453362738 -0.00495
      vertex 12.045699304492434 -8.103207531480646 0.005050000000000001
    endloop
  endfacet
  facet normal 0 0 -1
    outer loop
      vertex 12.005570233019604 -8.131469612302546 -0.00495
      vertex 12.084393284163646 -8.073010453362738 -0.00495
      vertex 12.045699304492434 -8.103207531480646 -0.00495
    endloop
  endfacet
  facet normal 0 0 -1
    outer loop
      vertex 11.499067674327419 -8.298795456205173 -0.00495
      vertex 12.450000000000001 -7.300000000000001 -0.00495
      vertex 12.157106781186549 -8.007106781186549 -0.00495
    endloop
  endfacet
  facet normal 0.6152315905806282 -0.7883464276266051 -1.2258921321545644e-16
    outer loop
      vertex 12.045699304492434 -8.103207531480646 0.005050000000000001
      vertex 12.084393284163646 -8.073010453362738 -0.00495
      vertex 12.084393284163646 -8.073010453362738 0.005050000000000001
    endloop
  endfacet
  facet normal 0 0 -1
    outer loop
      vertex 12.005570233019604 -8.131469612302546 -0.00495
      vertex 12.157106781186549 -8.007106781186549 -0.00495
      vertex 12.084393284163646 -8.073010453362738 -0.00495
    endloop
  endfacet
  facet normal 0.6531728429537672 -0.7572088465064929 0
    outer loop
      vertex 12.084393284163646 -8.073010453362738 -0.00495
      vertex 12.12155895484702 -8.04095112535496 0.005050000000000001
      vertex 12.084393284163646 -8.073010453362738 0.005050000000000001
    endloop
  endfacet
  facet normal 0.6531728429537672 -0.7572088465064929 8.721383940955896e-17
    outer loop
      vertex 12.084393284163646 -8.073010453362738 -0.00495
      vertex 12.12155895484702 -8.04095112535496 -0.00495
      vertex 12.12155895484702 -8.04095112535496 0.005050000000000001
    endloop
  endfacet
  facet normal 0 0 -1
    outer loop
      vertex 12.084393284163646 -8.073010453362738 -0.00495
      vertex 12.157106781186549 -8.007106781186549 -0.00495
      vertex 12.12155895484702 -8.04095112535496 -0.00495
    endloop
  endfacet
  facet normal 0.6895405447370607 -0.7242470829514729 0
    outer loop
      vertex 12.12155895484702 -8.04095112535496 -0.00495
      vertex 12.157106781186549 -8.007106781186549 0.005050000000000001
      vertex 12.12155895484702 -8.04095112535496 0.005050000000000001
    endloop
  endfacet
  facet normal 0.6895405447370607 -0.7242470829514729 -1.8613048138239457e-16
    outer loop
      vertex 12.12155895484702 -8.04095112535496 -0.00495
      vertex 12.157106781186549 -8.007106781186549 -0.00495
      vertex 12.157106781186549 -8.007106781186549 0.005050000000000001
    endloop
  endfacet
  facet normal 0.7242470829514729 -0.6895405447370607 0
    outer loop
      vertex 12.157106781186549 -8.007106781186549 -0.00495
      vertex 12.19095112535496 -7.971558954847019 0.005050000000000001
      vertex 12.157106781186549 -8.007106781186549 0.005050000000000001
    endloop
  endfacet
  facet normal 0.7242470829514729 -0.6895405447370607 -1.8613048138239457e-16
    outer loop
      vertex 12.157106781186549 -8.007106781186549 -0.00495
      vertex 12.19095112535496 -7.971558954847019 -0.00495
      vertex 12.19095112535496 -7.971558954847019 0.005050000000000001
    endloop
  endfacet
  facet normal 0 0 -1
    outer loop
      vertex 12.157106781186549 -8.007106781186549 -0.00495
      vertex 12.223010453362738 -7.934393284163646 -0.00495
      vertex 12.19095112535496 -7.971558954847019 -0.00495
    endloop
  endfacet
  facet normal 0.7572088465064851 -0.6531728429537761 0
    outer loop
      vertex 12.19095112535496 -7.971558954847019 -0.00495
      vertex 12.223010453362738 -7.934393284163646 -0.00495
      vertex 12.19095112535496 -7.971558954847019 0.005050000000000001
    endloop
  endfacet
  facet normal 0.7572088465064851 -0.6531728429537761 -5.195272149007608e-17
    outer loop
      vertex 12.19095112535496 -7.971558954847019 0.005050000000000001
      vertex 12.223010453362738 -7.934393284163646 -0.00495
      vertex 12.223010453362738 -7.934393284163646 0.005050000000000001
    endloop
  endfacet
  facet normal 0.7883464276266051 -0.6152315905806282 0
    outer loop
      vertex 12.223010453362738 -7.934393284163646 -0.00495
      vertex 12.253207531480646 -7.895699304492434 0.005050000000000001
      vertex 12.223010453362738 -7.934393284163646 0.005050000000000001
    endloop
  endfacet
  facet normal 0 0 -1
    outer loop
      vertex 12.157106781186549 -8.007106781186549 -0.00495
      vertex 12.331921264348356 -7.771396736825999 -0.00495
      vertex 12.223010453362738 -7.934393284163646 -0.00495
    endloop
  endfacet
  facet normal 0.7883464276266051 -0.6152315905806282 -1.2258921321545644e-16
    outer loop
      vertex 12.223010453362738 -7.934393284163646 -0.00495
      vertex 12.253207531480646 -7.895699304492434 -0.00495
      vertex 12.253207531480646 -7.895699304492434 0.005050000000000001
    endloop
  endfacet
  facet normal 0 0 -1
    outer loop
      vertex 12.223010453362738 -7.934393284163646 -0.00495
      vertex 12.281469612302546 -7.855570233019603 -0.00495
      vertex 12.253207531480646 -7.895699304492434 -0.00495
    endloop
  endfacet
  facet normal 0.8175848131515888 -0.575808191417838 0
    outer loop
      vertex 12.253207531480646 -7.895699304492434 -0.00495
      vertex 12.281469612302546 -7.855570233019603 -0.00495
      vertex 12.253207531480646 -7.895699304492434 0.005050000000000001
    endloop
  endfacet
  facet normal 0.8175848131515888 -0.575808191417838 -7.808484056361628e-18
    outer loop
      vertex 12.253207531480646 -7.895699304492434 0.005050000000000001
      vertex 12.281469612302546 -7.855570233019603 -0.00495
      vertex 12.281469612302546 -7.855570233019603 0.005050000000000001
    endloop
  endfacet
  facet normal 0 0 -1
    outer loop
      vertex 12.223010453362738 -7.934393284163646 -0.00495
      vertex 12.331921264348356 -7.771396736825999 -0.00495
      vertex 12.281469612302546 -7.855570233019603 -0.00495
    endloop
  endfacet
  facet normal 0.8448535652496996 -0.5349976198871089 0
    outer loop
      vertex 12.281469612302546 -7.855570233019603 -0.00495
      vertex 12.307728610000273 -7.814102744193223 0.005050000000000001
      vertex 12.281469612302546 -7.855570233019603 0.005050000000000001
    endloop
  endfacet
  facet normal 0.8448535652496996 -0.5349976198871089 4.369913759878488e-17
    outer loop
      vertex 12.281469612302546 -7.855570233019603 -0.00495
      vertex 12.307728610000273 -7.814102744193223 -0.00495
      vertex 12.307728610000273 -7.814102744193223 0.005050000000000001
    endloop
  endfacet
  facet normal 0 0 -1
    outer loop
      vertex 12.157106781186549 -8.007106781186549 -0.00495
      vertex 12.40694033573221 -7.590284677254463 -0.00495
      vertex 12.331921264348356 -7.771396736825999 -0.00495
    endloop
  endfacet
  facet normal 0 0 -1
    outer loop
      vertex 12.281469612302546 -7.855570233019603 -0.00495
      vertex 12.331921264348356 -7.771396736825999 -0.00495
      vertex 12.307728610000273 -7.814102744193223 -0.00495
    endloop
  endfacet
  facet normal 0.8700869911087146 -0.49289819222977843 0
    outer loop
      vertex 12.307728610000273 -7.814102744193223 -0.00495
      vertex 12.331921264348356 -7.771396736825999 -0.00495
      vertex 12.307728610000273 -7.814102744193223 0.005050000000000001
    endloop
  endfacet
  facet normal 0.8700869911087146 -0.49289819222977843 -1.0638569812861197e-16
    outer loop
      vertex 12.307728610000273 -7.814102744193223 0.005050000000000001
      vertex 12.331921264348356 -7.771396736825999 -0.00495
      vertex 12.331921264348356 -7.771396736825999 0.005050000000000001
    endloop
  endfacet
  facet normal 0.8932243011955183 -0.4496113296546005 0
    outer loop
      vertex 12.331921264348356 -7.771396736825999 -0.00495
      vertex 12.353989293123444 -7.727555093430283 0.005050000000000001
      vertex 12.331921264348356 -7.771396736825999 0.005050000000000001
    endloop
  endfacet
  facet normal 0.8932243011955183 -0.4496113296546005 -6.462560192373798e-17
    outer loop
      vertex 12.331921264348356 -7.771396736825999 -0.00495
      vertex 12.353989293123444 -7.727555093430283 -0.00495
      vertex 12.353989293123444 -7.727555093430283 0.005050000000000001
    endloop
  endfacet
  facet normal 0 0 -1
    outer loop
      vertex 12.331921264348356 -7.771396736825999 -0.00495
      vertex 12.373879532511287 -7.68268343236509 -0.00495
      vertex 12.353989293123444 -7.727555093430283 -0.00495
    endloop
  endfacet
  facet normal 0.914209755703534 -0.4052413140049827 0
    outer loop
      vertex 12.353989293123444 -7.727555093430283 -0.00495
      vertex 12.373879532511287 -7.68268343236509 -0.00495
      vertex 12.353989293123444 -7.727555093430283 0.005050000000000001
    endloop
  endfacet
  facet normal 0.914209755703534 -0.4052413140049827 -1.0375808606099149e-16
    outer loop
      vertex 12.353989293123444 -7.727555093430283 0.005050000000000001
      vertex 12.373879532511287 -7.68268343236509 -0.00495
      vertex 12.373879532511287 -7.68268343236509 0.005050000000000001
    endloop
  endfacet
  facet normal 0 0 -1
    outer loop
      vertex 12.331921264348356 -7.771396736825999 -0.00495
      vertex 12.40694033573221 -7.590284677254463 -0.00495
      vertex 12.373879532511287 -7.68268343236509 -0.00495
    endloop
  endfacet
  facet normal 0.932992798834737 -0.35989503653499316 0
    outer loop
      vertex 12.373879532511287 -7.68268343236509 -0.00495
      vertex 12.391544065183021 -7.636889853392221 0.005050000000000001
      vertex 12.373879532511287 -7.68268343236509 0.005050000000000001
    endloop
  endfacet
  facet normal 0.932992798834737 -0.35989503653499316 -3.5145105410712124e-17
    outer loop
      vertex 12.373879532511287 -7.68268343236509 -0.00495
      vertex 12.391544065183021 -7.636889853392221 -0.00495
      vertex 12.391544065183021 -7.636889853392221 0.005050000000000001
    endloop
  endfacet
  facet normal 0 0 -1
    outer loop
      vertex 12.157106781186549 -8.007106781186549 -0.00495
      vertex 12.450000000000001 -7.300000000000001 -0.00495
      vertex 12.40694033573221 -7.590284677254463 -0.00495
    endloop
  endfacet
  facet normal 0 0 -1
    outer loop
      vertex 12.373879532511287 -7.68268343236509 -0.00495
      vertex 12.40694033573221 -7.590284677254463 -0.00495
      vertex 12.391544065183021 -7.636889853392221 -0.00495
    endloop
  endfacet
  facet normal 0.9495281805930307 -0.3136817403989097 0
    outer loop
      vertex 12.391544065183021 -7.636889853392221 -0.00495
      vertex 12.40694033573221 -7.590284677254463 -0.00495
      vertex 12.391544065183021 -7.636889853392221 0.005050000000000001
    endloop
  endfacet
  facet normal 0.9495281805930307 -0.3136817403989097 -7.424109525557104e-17
    outer loop
      vertex 12.391544065183021 -7.636889853392221 0.005050000000000001
      vertex 12.40694033573221 -7.590284677254463 -0.00495
      vertex 12.40694033573221 -7.590284677254463 0.005050000000000001
    endloop
  endfacet
  facet normal 0.9637760657954466 -0.2667127574748739 0
    outer loop
      vertex 12.40694033573221 -7.590284677254463 -0.00495
      vertex 12.420031253194544 -7.542980179903265 -0.00495
      vertex 12.40694033573221 -7.590284677254463 0.005050000000000001
    endloop
  endfacet
  facet normal 0.9637760657954466 -0.2667127574748739 7.934497710735335e-17
    outer loop
      vertex 12.40694033573221 -7.590284677254463 0.005050000000000001
      vertex 12.420031253194544 -7.542980179903265 -0.00495
      vertex 12.420031253194544 -7.542980179903265 0.005050000000000001
    endloop
  endfacet
  facet normal 0.9757021300385256 -0.21910124015688293 0
    outer loop
      vertex 12.420031253194544 -7.542980179903265 -0.00495
      vertex 12.430785280403231 -7.495090322016129 -0.00495
      vertex 12.420031253194544 -7.542980179903265 0.005050000000000001
    endloop
  endfacet
  facet normal 0 0 -1
    outer loop
      vertex 12.40694033573221 -7.590284677254463 -0.00495
      vertex 12.439176509964781 -7.446730474455363 -0.00495
      vertex 12.420031253194544 -7.542980179903265 -0.00495
    endloop
  endfacet
  facet normal 0.9757021300385256 -0.21910124015688293 9.260387099027372e-17
    outer loop
      vertex 12.420031253194544 -7.542980179903265 0.005050000000000001
      vertex 12.430785280403231 -7.495090322016129 -0.00495
      vertex 12.430785280403231 -7.495090322016129 0.005050000000000001
    endloop
  endfacet
  facet normal 0 0 -1
    outer loop
      vertex 12.420031253194544 -7.542980179903265 -0.00495
      vertex 12.439176509964781 -7.446730474455363 -0.00495
      vertex 12.430785280403231 -7.495090322016129 -0.00495
    endloop
  endfacet
  facet normal 0.9852776423889434 -0.17096188876028862 0
    outer loop
      vertex 12.430785280403231 -7.495090322016129 -0.00495
      vertex 12.439176509964781 -7.446730474455363 0.005050000000000001
      vertex 12.430785280403231 -7.495090322016129 0.005050000000000001
    endloop
  endfacet
  facet normal 0.9852776423889434 -0.17096188876028862 1.471406909311094e-17
    outer loop
      vertex 12.430785280403231 -7.495090322016129 -0.00495
      vertex 12.439176509964781 -7.446730474455363 -0.00495
      vertex 12.439176509964781 -7.446730474455363 0.005050000000000001
    endloop
  endfacet
  facet normal 0 0 -1
    outer loop
      vertex 12.40694033573221 -7.590284677254463 -0.00495
      vertex 12.450000000000001 -7.300000000000001 -0.00495
      vertex 12.439176509964781 -7.446730474455363 -0.00495
    endloop
  endfacet
  facet normal 0.9924795345987096 -0.12241067519921875 0
    outer loop
      vertex 12.439176509964781 -7.446730474455363 -0.00495
      vertex 12.445184726672197 -7.398017140329562 -0.00495
      vertex 12.439176509964781 -7.446730474455363 0.005050000000000001
    endloop
  endfacet
  facet normal 0.9924795345987096 -0.12241067519921875 6.899163172176291e-18
    outer loop
      vertex 12.439176509964781 -7.446730474455363 0.005050000000000001
      vertex 12.445184726672197 -7.398017140329562 -0.00495
      vertex 12.445184726672197 -7.398017140329562 0.005050000000000001
    endloop
  endfacet
  facet normal 0.9972904566786889 -0.07356456359968419 0
    outer loop
      vertex 12.445184726672197 -7.398017140329562 -0.00495
      vertex 12.448795456205174 -7.349067674327419 0.005050000000000001
      vertex 12.445184726672197 -7.398017140329562 0.005050000000000001
    endloop
  endfacet
  facet normal 0 0 -1
    outer loop
      vertex 12.439176509964781 -7.446730474455363 -0.00495
      vertex 12.450000000000001 -7.300000000000001 -0.00495
      vertex 12.445184726672197 -7.398017140329562 -0.00495
    endloop
  endfacet
  facet normal 0.9972904566786889 -0.07356456359968419 5.316206543072558e-18
    outer loop
      vertex 12.445184726672197 -7.398017140329562 -0.00495
      vertex 12.448795456205174 -7.349067674327419 -0.00495
      vertex 12.448795456205174 -7.349067674327419 0.005050000000000001
    endloop
  endfacet
  facet normal 0 0 -1
    outer loop
      vertex 12.445184726672197 -7.398017140329562 -0.00495
      vertex 12.450000000000001 -7.300000000000001 -0.00495
      vertex 12.448795456205174 -7.349067674327419 -0.00495
    endloop
  endfacet
  facet normal 0.9996988186962044 -0.024541228522907587 0
    outer loop
      vertex 12.448795456205174 -7.349067674327419 -0.00495
      vertex 12.450000000000001 -7.300000000000001 -0.00495
      vertex 12.448795456205174 -7.349067674327419 0.005050000000000001
    endloop
  endfacet
  facet normal 0.9996988186962044 -0.024541228522907587 -1.1764332665181406e-18
    outer loop
      vertex 12.448795456205174 -7.349067674327419 0.005050000000000001
      vertex 12.450000000000001 -7.300000000000001 -0.00495
      vertex 12.450000000000001 -7.300000000000001 0.005050000000000001
    endloop
  endfacet
  facet normal 0.023732846864940003 -0.9667690007055717 0.2545475422282355
    outer loop
      vertex 11.450000000000001 -8.3 0.005050000000000001
      vertex 11.499067674327419 -8.298795456205173 0.005050000000000001
      vertex 8.242944900475198 -6.819820723296245 5.92576710681502
    endloop
  endfacet
  facet normal 0.07067678427108455 -0.9581417874759528 0.27743306806775
    outer loop
      vertex 11.499067674327419 -8.298795456205173 0.005050000000000001
      vertex 11.548017140329561 -8.295184726672197 0.005050000000000001
      vertex 8.434734136611985 -6.808845484752617 5.931382360912186
    endloop
  endfacet
  facet normal 0.11681448684076336 -0.9471068380713413 0.2989030159477069
    outer loop
      vertex 11.548017140329561 -8.295184726672197 0.005050000000000001
      vertex 11.596730474455363 -8.289176509964781 0.005050000000000001
      vertex 8.434734136611985 -6.808845484752617 5.931382360912186
    endloop
  endfacet
  facet normal 0.16203310741154048 -0.9338198075434477 0.31894488417605726
    outer loop
      vertex 11.596730474455363 -8.289176509964781 0.005050000000000001
      vertex 11.645090322016129 -8.280785280403231 0.005050000000000001
      vertex 8.619123035262932 -6.775963689053379 5.9482056524778635
    endloop
  endfacet
  facet normal 0.20624107210180803 -0.9184332010493095 0.3375575141936789
    outer loop
      vertex 11.645090322016129 -8.280785280403231 0.005050000000000001
      vertex 11.692980179903264 -8.270031253194544 0.005050000000000001
      vertex 8.619123035262932 -6.775963689053379 5.9482056524778635
    endloop
  endfacet
  facet normal 0.24936617875369108 -0.901093584637855 0.3547490107361582
    outer loop
      vertex 11.692980179903264 -8.270031253194544 0.005050000000000001
      vertex 11.740284677254463 -8.25694033573221 0.005050000000000001
      vertex 8.708136686412061 -6.751345799701178 5.960800887059692
    endloop
  endfacet
  facet normal 0.2913534379240447 -0.881939444322543 0.3705347362365421
    outer loop
      vertex 11.740284677254463 -8.25694033573221 0.005050000000000001
      vertex 11.786889853392221 -8.241544065183021 0.005050000000000001
      vertex 8.794815938512345 -6.72130818618529 5.976169011560466
    endloop
  endfacet
  facet normal 0.3321627855175767 -0.8610996414746435 0.38493543792361457
    outer loop
      vertex 11.786889853392221 -8.241544065183021 0.005050000000000001
      vertex 11.83268343236509 -8.223879532511287 0.005050000000000001
      vertex 8.960536724630503 -6.645104010203071 6.015157304134181
    endloop
  endfacet
  facet normal 0.3717667703834415 -0.8386923953335096 0.3979755450381409
    outer loop
      vertex 11.83268343236509 -8.223879532511287 0.005050000000000001
      vertex 11.877555093430283 -8.203989293123444 0.005050000000000001
      vertex 8.97706409145542 -6.635429071071399 6.0201072868961045
    endloop
  endfacet
  facet normal 0.41014829461031843 -0.8148247156522398 0.40968165591162853
    outer loop
      vertex 11.877555093430283 -8.203989293123444 0.005050000000000001
      vertex 11.921396736825999 -8.181921264348356 0.005050000000000001
      vertex 9.039985320668345 -6.599425913233972 6.037202690365037
    endloop
  endfacet
  facet normal 0.44729846083466623 -0.7895922079863555 0.42008122074447757
    outer loop
      vertex 11.921396736825999 -8.181921264348356 0.005050000000000001
      vertex 11.964102744193223 -8.157728610000273 0.005050000000000001
      vertex 9.116743159446465 -6.548672511432402 6.061301962021611
    endloop
  endfacet
  facet normal 0.48321456073584224 -0.7630791787529774 0.4292014157089287
    outer loop
      vertex 11.964102744193223 -8.157728610000273 0.005050000000000001
      vertex 12.005570233019604 -8.131469612302546 0.005050000000000001
      vertex 9.26097390276905 -6.431873491777916 6.1167617184903476
    endloop
  endfacet
  facet normal 0.5178982224973506 -0.7353589750597289 0.43706819711938516
    outer loop
      vertex 12.005570233019604 -8.131469612302546 0.005050000000000001
      vertex 12.045699304492434 -8.103207531480646 0.005050000000000001
      vertex 9.328136540071727 -6.3659740525450825 6.148052793210758
    endloop
  endfacet
  facet normal 0.5513537223591772 -0.706494503915636 0.4437055203371698
    outer loop
      vertex 12.045699304492434 -8.103207531480646 0.005050000000000001
      vertex 12.084393284163646 -8.073010453362738 0.005050000000000001
      vertex 9.391793825971314 -6.295185412073064 6.1816654106192335
    endloop
  endfacet
  facet normal 0.5835864561752188 -0.6765388856629602 0.44913470624609925
    outer loop
      vertex 12.084393284163646 -8.073010453362738 0.005050000000000001
      vertex 12.12155895484702 -8.04095112535496 0.005050000000000001
      vertex 9.391793825971314 -6.295185412073064 6.1816654106192335
    endloop
  endfacet
  facet normal 0.6146015606769836 -0.6455362065293272 0.4533739380171096
    outer loop
      vertex 12.12155895484702 -8.04095112535496 0.005050000000000001
      vertex 12.157106781186549 -8.007106781186549 0.005050000000000001
      vertex 9.45179590292809 -6.219601088721383 6.217555165330693
    endloop
  endfacet
  facet normal 0.6444026704377988 -0.6135223446022066 0.4564378720115642
    outer loop
      vertex 12.157106781186549 -8.007106781186549 0.005050000000000001
      vertex 12.19095112535496 -7.971558954847019 0.005050000000000001
      vertex 9.50799543438919 -6.139323370379008 6.25567348791854
    endloop
  endfacet
  facet normal 0.6729907948603215 -0.5805258520006911 0.45833734867687187
    outer loop
      vertex 12.19095112535496 -7.971558954847019 0.005050000000000001
      vertex 12.223010453362738 -7.934393284163646 0.005050000000000001
      vertex 9.560247889093477 -6.054463666905381 6.2959674775648455
    endloop
  endfacet
  facet normal 0.7003632994660695 -0.5465688834438311 0.4590791918743044
    outer loop
      vertex 12.223010453362738 -7.934393284163646 0.005050000000000001
      vertex 12.253207531480646 -7.895699304492434 0.005050000000000001
      vertex 9.609314876031265 -5.965822997364835 6.33619236807289
    endloop
  endfacet
  facet normal 0.7265129770211928 -0.5116681677679342 0.4586660880344315
    outer loop
      vertex 12.253207531480646 -7.895699304492434 0.005050000000000001
      vertex 12.281469612302546 -7.855570233019603 0.005050000000000001
      vertex 9.65479882993642 -5.873398042237081 6.376841809012605
    endloop
  endfacet
  facet normal 0.7514271963461585 -0.47583602425211047 0.4570965397104827
    outer loop
      vertex 12.281469612302546 -7.855570233019603 0.005050000000000001
      vertex 12.307728610000273 -7.814102744193223 0.005050000000000001
      vertex 9.695966735664724 -5.776899325463108 6.419282932006281
    endloop
  endfacet
  facet normal 0.7750871198646705 -0.4390814299097447 0.4543648913905034
    outer loop
      vertex 12.307728610000273 -7.814102744193223 0.005050000000000001
      vertex 12.331921264348356 -7.771396736825999 0.005050000000000001
      vertex 9.732689045298956 -5.676484066600457 6.463446590283869
    endloop
  endfacet
  facet normal 0.797466984954438 -0.4014111472125375 0.45046142876076806
    outer loop
      vertex 12.331921264348356 -7.771396736825999 0.005050000000000001
      vertex 12.353989293123444 -7.727555093430283 0.005050000000000001
      vertex 9.764841448841672 -5.57232015539132 6.509258944218939
    endloop
  endfacet
  facet normal 0.8185334489279382 -0.36283092400969214 0.44537255592190156
    outer loop
      vertex 12.353989293123444 -7.727555093430283 0.005050000000000001
      vertex 12.373879532511287 -7.68268343236509 0.005050000000000001
      vertex 9.8078870125294 -5.388192468418251 6.590240184909101
    endloop
  endfacet
  facet normal 0.8382450029813577 -0.32334677861397776 0.4390810582759712
    outer loop
      vertex 12.373879532511287 -7.68268343236509 0.005050000000000001
      vertex 12.391544065183021 -7.636889853392221 0.005050000000000001
      vertex 9.815495379165274 -5.353952298288343 6.60415143718752
    endloop
  endfacet
  facet normal 0.8565514667043873 -0.2829663829979888 0.4315664618336306
    outer loop
      vertex 12.391544065183021 -7.636889853392221 0.005050000000000001
      vertex 12.40694033573221 -7.590284677254463 0.005050000000000001
      vertex 9.834977564572721 -5.241290762874546 6.649924078949204
    endloop
  endfacet
  facet normal 0.8733935817150172 -0.2417005555619489 0.42280550240040493
    outer loop
      vertex 12.40694033573221 -7.590284677254463 0.005050000000000001
      vertex 12.420031253194544 -7.542980179903265 0.005050000000000001
      vertex 9.849490627453015 -5.125788922696691 6.696850692667525
    endloop
  endfacet
  facet normal 0.8887027305911177 -0.19956487170488574 0.41277272029690126
    outer loop
      vertex 12.420031253194544 -7.542980179903265 0.005050000000000001
      vertex 12.430785280403231 -7.495090322016129 0.005050000000000001
      vertex 9.858946548731728 -5.00767396264993 6.744838976628492
    endloop
  endfacet
  facet normal 0.9024008153319885 -0.15658139510190963 0.4014411976816805
    outer loop
      vertex 12.430785280403231 -7.495090322016129 0.005050000000000001
      vertex 12.439176509964781 -7.446730474455363 0.005050000000000001
      vertex 9.863266341524437 -4.887184071663495 6.793792158349031
    endloop
  endfacet
  facet normal 0.9144003377651175 -0.11278052478279006 0.3887834558269648
    outer loop
      vertex 12.439176509964781 -7.446730474455363 0.005050000000000001
      vertex 12.445184726672197 -7.398017140329562 0.005050000000000001
      vertex 9.86138147420373 -4.744343316916356 6.8518261508025775
    endloop
  endfacet
  facet normal 0.9246047320854122 -0.06820294244526258 0.37477252840499325
    outer loop
      vertex 12.445184726672197 -7.398017140329562 0.005050000000000001
      vertex 12.448795456205174 -7.349067674327419 0.005050000000000001
      vertex 9.857717942979708 -4.641671226802293 6.890226309473203
    endloop
  endfacet
  facet normal 0.9329090062841301 -0.022901630657277874 0.35938322346374796
    outer loop
      vertex 12.448795456205174 -7.349067674327419 0.005050000000000001
      vertex 12.450000000000001 -7.300000000000001 0.005050000000000001
      vertex 9.848060672569575 -4.5175946439076125 6.936631914591124
    endloop
  endfacet
  facet normal 0.023732846864946335 -0.9667690007055709 0.25454754222823883
    outer loop
      vertex 11.499067674327419 -8.298795456205173 0.005050000000000001
      vertex 8.339682772523359 -6.817076229545655 5.927171270352458
      vertex 8.242944900475198 -6.819820723296245 5.92576710681502
    endloop
  endfacet
  facet normal 0.07067678427107128 -0.9581417874759558 0.277433068067743
    outer loop
      vertex 11.499067674327419 -8.298795456205173 0.005050000000000001
      vertex 8.434734136611985 -6.808845484752617 5.931382360912186
      vertex 8.339682772523359 -6.817076229545655 5.927171270352458
    endloop
  endfacet
  facet normal 0.11681448684076026 -0.9471068380713422 0.29890301594770513
    outer loop
      vertex 11.596730474455363 -8.289176509964781 0.005050000000000001
      vertex 8.527935082352544 -6.795136715375212 5.938396169596851
      vertex 8.434734136611985 -6.808845484752617 5.931382360912186
    endloop
  endfacet
  facet normal 0.16203310741154783 -0.9338198075434456 0.31894488417605965
    outer loop
      vertex 11.596730474455363 -8.289176509964781 0.005050000000000001
      vertex 8.619123035262932 -6.775963689053379 5.9482056524778635
      vertex 8.527935082352544 -6.795136715375212 5.938396169596851
    endloop
  endfacet
  facet normal 0.20624107210179318 -0.918433201049315 0.33755751419367225
    outer loop
      vertex 11.692980179903264 -8.270031253194544 0.005050000000000001
      vertex 8.708136686412061 -6.751345799701178 5.960800887059692
      vertex 8.619123035262932 -6.775963689053379 5.9482056524778635
    endloop
  endfacet
  facet normal 0.24936617875371636 -0.9010935846378446 0.3547490107361672
    outer loop
      vertex 11.740284677254463 -8.25694033573221 0.005050000000000001
      vertex 8.794815938512345 -6.72130818618529 5.976169011560466
      vertex 8.708136686412061 -6.751345799701178 5.960800887059692
    endloop
  endfacet
  facet normal 0.29135343792402707 -0.881939444322552 0.3705347362365349
    outer loop
      vertex 11.786889853392221 -8.241544065183021 0.005050000000000001
      vertex 8.879001870749821 -6.685881884125717 5.994294147246281
      vertex 8.794815938512345 -6.72130818618529 5.976169011560466
    endloop
  endfacet
  facet normal 0.3321627855175747 -0.8610996414746449 0.3849354379236127
    outer loop
      vertex 11.786889853392221 -8.241544065183021 0.005050000000000001
      vertex 8.960536724630503 -6.645104010203071 6.015157304134181
      vertex 8.879001870749821 -6.685881884125717 5.994294147246281
    endloop
  endfacet
  facet normal 0.37176677038346473 -0.8386923953334989 0.39797554503814203
    outer loop
      vertex 11.83268343236509 -8.223879532511287 0.005050000000000001
      vertex 8.97706409145542 -6.635429071071399 6.0201072868961045
      vertex 8.960536724630503 -6.645104010203071 6.015157304134181
    endloop
  endfacet
  facet normal 0.3717667703834545 -0.8386923953335025 0.3979755450381441
    outer loop
      vertex 11.877555093430283 -8.203989293123444 0.005050000000000001
      vertex 9.039985320668345 -6.599425913233972 6.037202690365037
      vertex 8.97706409145542 -6.635429071071399 6.0201072868961045
    endloop
  endfacet
  facet normal 0.41014829461031216 -0.8148247156522436 0.4096816559116275
    outer loop
      vertex 11.921396736825999 -8.181921264348356 0.005050000000000001
      vertex 9.116743159446465 -6.548672511432402 6.061301962021611
      vertex 9.039985320668345 -6.599425913233972 6.037202690365037
    endloop
  endfacet
  facet normal 0.447298460834675 -0.789592207986349 0.42008122074448057
    outer loop
      vertex 11.964102744193223 -8.157728610000273 0.005050000000000001
      vertex 9.190458045115623 -6.492798640261216 6.087832589566998
      vertex 9.116743159446465 -6.548672511432402 6.061301962021611
    endloop
  endfacet
  facet normal 0.4832145607358403 -0.7630791787529788 0.4292014157089281
    outer loop
      vertex 11.964102744193223 -8.157728610000273 0.005050000000000001
      vertex 9.26097390276905 -6.431873491777916 6.1167617184903476
      vertex 9.190458045115623 -6.492798640261216 6.087832589566998
    endloop
  endfacet
  facet normal 0.5178982224973432 -0.7353589750597354 0.43706819711938294
    outer loop
      vertex 12.005570233019604 -8.131469612302546 0.005050000000000001
      vertex 9.328136540071727 -6.3659740525450825 6.148052793210758
      vertex 9.26097390276905 -6.431873491777916 6.1167617184903476
    endloop
  endfacet
  facet normal 0.5513537223591739 -0.7064945039156391 0.4437055203371691
    outer loop
      vertex 12.045699304492434 -8.103207531480646 0.005050000000000001
      vertex 9.391793825971314 -6.295185412073064 6.1816654106192335
      vertex 9.328136540071727 -6.3659740525450825 6.148052793210758
    endloop
  endfacet
  facet normal 0.583586456175227 -0.6765388856629524 0.44913470624609997
    outer loop
      vertex 12.12155895484702 -8.04095112535496 0.005050000000000001
      vertex 9.45179590292809 -6.219601088721383 6.217555165330693
      vertex 9.391793825971314 -6.295185412073064 6.1816654106192335
    endloop
  endfacet
  facet normal 0 0 -1
    outer loop
      vertex 9.75 -6.5 -0.00495
      vertex 9.75 6.5 -0.00495
      vertex 12.450000000000001 -7.300000000000001 -0.00495
    endloop
  endfacet
  facet normal 1 0 0
    outer loop
      vertex 12.450000000000001 -7.300000000000001 -0.00495
      vertex 12.450000000000001 7.300000000000001 0.005050000000000001
      vertex 12.450000000000001 -7.300000000000001 0.005050000000000001
    endloop
  endfacet
  facet normal 0.9363291775690445 0 0.35112344158839176
    outer loop
      vertex 12.450000000000001 -7.300000000000001 0.005050000000000001
      vertex 12.450000000000001 7.300000000000001 0.005050000000000001
      vertex 9.489028668493708 -1.3855597221114386 7.900973550683448
    endloop
  endfacet
  facet normal 0.6146015606769852 -0.6455362065293256 0.4533739380171095
    outer loop
      vertex 12.157106781186549 -8.007106781186549 0.005050000000000001
      vertex 9.50799543438919 -6.139323370379008 6.25567348791854
      vertex 9.45179590292809 -6.219601088721383 6.217555165330693
    endloop
  endfacet
  facet normal 0.6444026704378021 -0.6135223446022033 0.45643787201156394
    outer loop
      vertex 12.19095112535496 -7.971558954847019 0.005050000000000001
      vertex 9.560247889093477 -6.054463666905381 6.2959674775648455
      vertex 9.50799543438919 -6.139323370379008 6.25567348791854
    endloop
  endfacet
  facet normal 0.6729907948603171 -0.5805258520006962 0.4583373486768717
    outer loop
      vertex 12.223010453362738 -7.934393284163646 0.005050000000000001
      vertex 9.609314876031265 -5.965822997364835 6.33619236807289
      vertex 9.560247889093477 -6.054463666905381 6.2959674775648455
    endloop
  endfacet
  facet normal 0.7003632994660645 -0.5465688834438378 0.459079191874304
    outer loop
      vertex 12.253207531480646 -7.895699304492434 0.005050000000000001
      vertex 9.65479882993642 -5.873398042237081 6.376841809012605
      vertex 9.609314876031265 -5.965822997364835 6.33619236807289
    endloop
  endfacet
  facet normal 0.7265129770211909 -0.5116681677679366 0.458666088034432
    outer loop
      vertex 12.281469612302546 -7.855570233019603 0.005050000000000001
      vertex 9.695966735664724 -5.776899325463108 6.419282932006281
      vertex 9.65479882993642 -5.873398042237081 6.376841809012605
    endloop
  endfacet
  facet normal 0.75142719634617 -0.4758360242520934 0.45709653971048153
    outer loop
      vertex 12.307728610000273 -7.814102744193223 0.005050000000000001
      vertex 9.732689045298956 -5.676484066600457 6.463446590283869
      vertex 9.695966735664724 -5.776899325463108 6.419282932006281
    endloop
  endfacet
  facet normal 0.7750871198646633 -0.43908142990975657 0.4543648913905042
    outer loop
      vertex 12.331921264348356 -7.771396736825999 0.005050000000000001
      vertex 9.764841448841672 -5.57232015539132 6.509258944218939
      vertex 9.732689045298956 -5.676484066600457 6.463446590283869
    endloop
  endfacet
  facet normal 0.797466984954438 -0.40141114721253807 0.45046142876076806
    outer loop
      vertex 12.353989293123444 -7.727555093430283 0.005050000000000001
      vertex 9.792305384363813 -5.4645864064634795 6.556641349308593
      vertex 9.764841448841672 -5.57232015539132 6.509258944218939
    endloop
  endfacet
  facet normal 0.8185334489279367 -0.36283092400969685 0.44537255592190084
    outer loop
      vertex 12.353989293123444 -7.727555093430283 0.005050000000000001
      vertex 9.8078870125294 -5.388192468418251 6.590240184909101
      vertex 9.792305384363813 -5.4645864064634795 6.556641349308593
    endloop
  endfacet
  facet normal 0.8185334489279447 -0.36283092400967987 0.4453725559218998
    outer loop
      vertex 12.373879532511287 -7.68268343236509 0.005050000000000001
      vertex 9.815495379165274 -5.353952298288343 6.60415143718752
      vertex 9.8078870125294 -5.388192468418251 6.590240184909101
    endloop
  endfacet
  facet normal 0.8382450029813552 -0.32334677861398387 0.4390810582759714
    outer loop
      vertex 12.391544065183021 -7.636889853392221 0.005050000000000001
      vertex 9.834977564572721 -5.241290762874546 6.649924078949204
      vertex 9.815495379165274 -5.353952298288343 6.60415143718752
    endloop
  endfacet
  facet normal 0.8565514667043932 -0.2829663829979734 0.4315664618336286
    outer loop
      vertex 12.40694033573221 -7.590284677254463 0.005050000000000001
      vertex 9.849490627453015 -5.125788922696691 6.696850692667525
      vertex 9.834977564572721 -5.241290762874546 6.649924078949204
    endloop
  endfacet
  facet normal 0.8733935817150129 -0.24170055556196055 0.4228055024004071
    outer loop
      vertex 12.420031253194544 -7.542980179903265 0.005050000000000001
      vertex 9.858946548731728 -5.00767396264993 6.744838976628492
      vertex 9.849490627453015 -5.125788922696691 6.696850692667525
    endloop
  endfacet
  facet normal 0.8887027305911195 -0.19956487170488066 0.41277272029689976
    outer loop
      vertex 12.430785280403231 -7.495090322016129 0.005050000000000001
      vertex 9.863266341524437 -4.887184071663495 6.793792158349031
      vertex 9.858946548731728 -5.00767396264993 6.744838976628492
    endloop
  endfacet
  facet normal 0.9024008153319847 -0.15658139510192276 0.4014411976816841
    outer loop
      vertex 12.439176509964781 -7.446730474455363 0.005050000000000001
      vertex 9.862380699006168 -4.764568385195788 6.84360901794033
      vertex 9.863266341524437 -4.887184071663495 6.793792158349031
    endloop
  endfacet
  facet normal 0.9144003377651325 -0.11278052478272665 0.3887834558269479
    outer loop
      vertex 12.439176509964781 -7.446730474455363 0.005050000000000001
      vertex 9.86138147420373 -4.744343316916356 6.8518261508025775
      vertex 9.862380699006168 -4.764568385195788 6.84360901794033
    endloop
  endfacet
  facet normal 0.9144003377651168 -0.11278052478279386 0.3887834558269658
    outer loop
      vertex 12.445184726672197 -7.398017140329562 0.005050000000000001
      vertex 9.857717942979708 -4.641671226802293 6.890226309473203
      vertex 9.86138147420373 -4.744343316916356 6.8518261508025775
    endloop
  endfacet
  facet normal 0.9246047320854134 -0.06820294244525578 0.3747725284049914
    outer loop
      vertex 12.448795456205174 -7.349067674327419 0.005050000000000001
      vertex 9.848060672569575 -4.5175946439076125 6.936631914591124
      vertex 9.857717942979708 -4.641671226802293 6.890226309473203
    endloop
  endfacet
  facet normal 0.932909006284131 -0.02290163065727082 0.3593832234637466
    outer loop
      vertex 12.450000000000001 -7.300000000000001 0.005050000000000001
      vertex 9.833086399083307 -4.392318221203674 6.983486269111182
      vertex 9.848060672569575 -4.5175946439076125 6.936631914591124
    endloop
  endfacet
  facet normal 0.9363291775690442 -6.781511556202633e-16 0.3511234415883924
    outer loop
      vertex 12.450000000000001 -7.300000000000001 0.005050000000000001
      vertex 9.79055419974387 -4.089064626808615 7.096905467349681
      vertex 9.833086399083307 -4.392318221203674 6.983486269111182
    endloop
  endfacet
  facet normal 0.9363291775690444 4.503196982488588e-16 0.3511234415883917
    outer loop
      vertex 12.450000000000001 -7.300000000000001 0.005050000000000001
      vertex 9.705060856121086 -3.4239350218551317 7.324887717010435
      vertex 9.79055419974387 -4.089064626808615 7.096905467349681
    endloop
  endfacet
  facet normal 0.9363291775690444 -2.0402374361306307e-16 0.3511234415883917
    outer loop
      vertex 12.450000000000001 -7.300000000000001 0.005050000000000001
      vertex 9.626184873533804 -2.75055685753271 7.5352236705765225
      vertex 9.705060856121086 -3.4239350218551317 7.324887717010435
    endloop
  endfacet
  facet normal 0.6729907948605954 -0.5805258520006773 0.4583373486764871
    outer loop
      vertex 9.560247889093477 -6.054463666905381 6.2959674775648455
      vertex 9.609314876031265 -5.965822997364835 6.33619236807289
      vertex 9.579337883749544 -6.019060992313805 6.312777753173314
    endloop
  endfacet
  facet normal 0.9363291775690443 -1.0573909743345804e-16 0.3511234415883921
    outer loop
      vertex 12.450000000000001 -7.300000000000001 0.005050000000000001
      vertex 9.554116271132795 -2.070552360820166 7.7274066103125465
      vertex 9.626184873533804 -2.75055685753271 7.5352236705765225
    endloop
  endfacet
  facet normal 0.9363291775690442 -9.593201953996984e-16 0.35112344158839254
    outer loop
      vertex 12.450000000000001 -7.300000000000001 0.005050000000000001
      vertex 9.489028668493708 -1.3855597221114386 7.900973550683448
      vertex 9.554116271132795 -2.070552360820166 7.7274066103125465
    endloop
  endfacet
  facet normal 0 0 -1
    outer loop
      vertex -9.75 6.5 -0.00495
      vertex 12.005570233019604 8.131469612302546 -0.00495
      vertex 9.75 6.5 -0.00495
    endloop
  endfacet
  facet normal 0 1 0
    outer loop
      vertex -11.450000000000001 8.3 -0.00495
      vertex 11.450000000000001 8.3 0.005050000000000001
      vertex 11.450000000000001 8.3 -0.00495
    endloop
  endfacet
  facet normal 0 0 -1
    outer loop
      vertex -11.450000000000001 8.3 -0.00495
      vertex 11.450000000000001 8.3 -0.00495
      vertex 12.005570233019604 8.131469612302546 -0.00495
    endloop
  endfacet
  facet normal 0 0.970142500145332 0.242535625036333
    outer loop
      vertex -11.450000000000001 8.3 0.005050000000000001
      vertex 6.861547425439575 6.182252657895189 8.476039368419247
      vertex 11.450000000000001 8.3 0.005050000000000001
    endloop
  endfacet
  facet normal 0 0 -1
    outer loop
      vertex 12.450000000000001 -7.300000000000001 -0.00495
      vertex 9.75 6.5 -0.00495
      vertex 12.005570233019604 8.131469612302546 -0.00495
    endloop
  endfacet
  facet normal 1 0 0
    outer loop
      vertex 12.450000000000001 -7.300000000000001 -0.00495
      vertex 12.450000000000001 7.300000000000001 -0.00495
      vertex 12.450000000000001 7.300000000000001 0.005050000000000001
    endloop
  endfacet
  facet normal 0 0 -1
    outer loop
      vertex 12.450000000000001 -7.300000000000001 -0.00495
      vertex 12.448795456205174 7.349067674327419 -0.00495
      vertex 12.450000000000001 7.300000000000001 -0.00495
    endloop
  endfacet
  facet normal 0 0 -1
    outer loop
      vertex 12.450000000000001 -7.300000000000001 -0.00495
      vertex 12.005570233019604 8.131469612302546 -0.00495
      vertex 12.448795456205174 7.349067674327419 -0.00495
    endloop
  endfacet
  facet normal 0.024541228522907587 0.9996988186962044 0
    outer loop
      vertex 11.450000000000001 8.3 -0.00495
      vertex 11.450000000000001 8.3 0.005050000000000001
      vertex 11.499067674327419 8.298795456205173 0.005050000000000001
    endloop
  endfacet
  facet normal 0.024541228522907587 0.9996988186962044 1.1764332665181406e-18
    outer loop
      vertex 11.450000000000001 8.3 -0.00495
      vertex 11.499067674327419 8.298795456205173 0.005050000000000001
      vertex 11.499067674327419 8.298795456205173 -0.00495
    endloop
  endfacet
  facet normal 0 0 -1
    outer loop
      vertex 11.450000000000001 8.3 -0.00495
      vertex 11.499067674327419 8.298795456205173 -0.00495
      vertex 11.548017140329561 8.295184726672197 -0.00495
    endloop
  endfacet
  facet normal 0.07356456359968552 0.9972904566786889 0
    outer loop
      vertex 11.499067674327419 8.298795456205173 -0.00495
      vertex 11.499067674327419 8.298795456205173 0.005050000000000001
      vertex 11.548017140329561 8.295184726672197 -0.00495
    endloop
  endfacet
  facet normal 0.07356456359968552 0.9972904566786889 1.2155701440820978e-17
    outer loop
      vertex 11.499067674327419 8.298795456205173 0.005050000000000001
      vertex 11.548017140329561 8.295184726672197 0.005050000000000001
      vertex 11.548017140329561 8.295184726672197 -0.00495
    endloop
  endfacet
  facet normal 0.12241067519921656 0.99247953459871 0
    outer loop
      vertex 11.548017140329561 8.295184726672197 -0.00495
      vertex 11.548017140329561 8.295184726672197 0.005050000000000001
      vertex 11.596730474455363 8.289176509964781 0.005050000000000001
    endloop
  endfacet
  facet normal 0 0 -1
    outer loop
      vertex 11.450000000000001 8.3 -0.00495
      vertex 11.548017140329561 8.295184726672197 -0.00495
      vertex 11.692980179903264 8.270031253194544 -0.00495
    endloop
  endfacet
  facet normal 0 0 -1
    outer loop
      vertex 11.548017140329561 8.295184726672197 -0.00495
      vertex 11.596730474455363 8.289176509964781 -0.00495
      vertex 11.645090322016129 8.280785280403231 -0.00495
    endloop
  endfacet
  facet normal 0.12241067519921656 0.99247953459871 5.5103302120421223e-17
    outer loop
      vertex 11.548017140329561 8.295184726672197 -0.00495
      vertex 11.596730474455363 8.289176509964781 0.005050000000000001
      vertex 11.596730474455363 8.289176509964781 -0.00495
    endloop
  endfacet
  facet normal 0.17096188876028862 0.9852776423889434 0
    outer loop
      vertex 11.596730474455363 8.289176509964781 -0.00495
      vertex 11.596730474455363 8.289176509964781 0.005050000000000001
      vertex 11.645090322016129 8.280785280403231 0.005050000000000001
    endloop
  endfacet
  facet normal 0.17096188876028862 0.9852776423889434 -1.471406909311094e-17
    outer loop
      vertex 11.596730474455363 8.289176509964781 -0.00495
      vertex 11.645090322016129 8.280785280403231 0.005050000000000001
      vertex 11.645090322016129 8.280785280403231 -0.00495
    endloop
  endfacet
  facet normal 0 0 -1
    outer loop
      vertex 11.548017140329561 8.295184726672197 -0.00495
      vertex 11.645090322016129 8.280785280403231 -0.00495
      vertex 11.692980179903264 8.270031253194544 -0.00495
    endloop
  endfacet
  facet normal 0.2191012401568868 0.9757021300385248 0
    outer loop
      vertex 11.645090322016129 8.280785280403231 -0.00495
      vertex 11.645090322016129 8.280785280403231 0.005050000000000001
      vertex 11.692980179903264 8.270031253194544 -0.00495
    endloop
  endfacet
  facet normal 0.9996988186962044 0.024541228522907587 0
    outer loop
      vertex 12.450000000000001 7.300000000000001 -0.00495
      vertex 12.448795456205174 7.349067674327419 0.005050000000000001
      vertex 12.450000000000001 7.300000000000001 0.005050000000000001
    endloop
  endfacet
  facet normal 0.9996988186962044 0.024541228522907587 1.1764332665181406e-18
    outer loop
      vertex 12.450000000000001 7.300000000000001 -0.00495
      vertex 12.448795456205174 7.349067674327419 -0.00495
      vertex 12.448795456205174 7.349067674327419 0.005050000000000001
    endloop
  endfacet
  facet normal 0.9972904566786889 0.07356456359968419 0
    outer loop
      vertex 12.448795456205174 7.349067674327419 -0.00495
      vertex 12.445184726672197 7.398017140329562 -0.00495
      vertex 12.448795456205174 7.349067674327419 0.005050000000000001
    endloop
  endfacet
  facet normal 0.9972904566786889 0.07356456359968419 -5.316206543072558e-18
    outer loop
      vertex 12.448795456205174 7.349067674327419 0.005050000000000001
      vertex 12.445184726672197 7.398017140329562 -0.00495
      vertex 12.445184726672197 7.398017140329562 0.005050000000000001
    endloop
  endfacet
  facet normal 0.9924795345987096 0.12241067519921875 0
    outer loop
      vertex 12.445184726672197 7.398017140329562 -0.00495
      vertex 12.439176509964781 7.446730474455363 -0.00495
      vertex 12.445184726672197 7.398017140329562 0.005050000000000001
    endloop
  endfacet
  facet normal 0 0 -1
    outer loop
      vertex 12.448795456205174 7.349067674327419 -0.00495
      vertex 12.420031253194544 7.542980179903265 -0.00495
      vertex 12.445184726672197 7.398017140329562 -0.00495
    endloop
  endfacet
  facet normal 0.9924795345987096 0.12241067519921875 -6.899163172176291e-18
    outer loop
      vertex 12.445184726672197 7.398017140329562 0.005050000000000001
      vertex 12.439176509964781 7.446730474455363 -0.00495
      vertex 12.439176509964781 7.446730474455363 0.005050000000000001
    endloop
  endfacet
  facet normal 0 0 -1
    outer loop
      vertex 12.445184726672197 7.398017140329562 -0.00495
      vertex 12.420031253194544 7.542980179903265 -0.00495
      vertex 12.439176509964781 7.446730474455363 -0.00495
    endloop
  endfacet
  facet normal 0.9852776423889434 0.17096188876028862 0
    outer loop
      vertex 12.439176509964781 7.446730474455363 -0.00495
      vertex 12.430785280403231 7.495090322016129 0.005050000000000001
      vertex 12.439176509964781 7.446730474455363 0.005050000000000001
    endloop
  endfacet
  facet normal 0.9852776423889434 0.17096188876028862 -1.471406909311094e-17
    outer loop
      vertex 12.439176509964781 7.446730474455363 -0.00495
      vertex 12.430785280403231 7.495090322016129 -0.00495
      vertex 12.430785280403231 7.495090322016129 0.005050000000000001
    endloop
  endfacet
  facet normal 0 0 -1
    outer loop
      vertex 12.448795456205174 7.349067674327419 -0.00495
      vertex 12.40694033573221 7.590284677254463 -0.00495
      vertex 12.420031253194544 7.542980179903265 -0.00495
    endloop
  endfacet
  facet normal 0 0 -1
    outer loop
      vertex 12.439176509964781 7.446730474455363 -0.00495
      vertex 12.420031253194544 7.542980179903265 -0.00495
      vertex 12.430785280403231 7.495090322016129 -0.00495
    endloop
  endfacet
  facet normal 0.9757021300385256 0.21910124015688293 0
    outer loop
      vertex 12.430785280403231 7.495090322016129 -0.00495
      vertex 12.420031253194544 7.542980179903265 -0.00495
      vertex 12.430785280403231 7.495090322016129 0.005050000000000001
    endloop
  endfacet
  facet normal 0 0 -1
    outer loop
      vertex 12.448795456205174 7.349067674327419 -0.00495
      vertex 12.005570233019604 8.131469612302546 -0.00495
      vertex 12.307728610000273 7.814102744193223 -0.00495
    endloop
  endfacet
  facet normal 0 0 -1
    outer loop
      vertex 12.448795456205174 7.349067674327419 -0.00495
      vertex 12.307728610000273 7.814102744193223 -0.00495
      vertex 12.40694033573221 7.590284677254463 -0.00495
    endloop
  endfacet
  facet normal 0.9757021300385256 0.21910124015688293 -9.260387099027372e-17
    outer loop
      vertex 12.430785280403231 7.495090322016129 0.005050000000000001
      vertex 12.420031253194544 7.542980179903265 -0.00495
      vertex 12.420031253194544 7.542980179903265 0.005050000000000001
    endloop
  endfacet
  facet normal 0.9637760657954466 0.2667127574748739 0
    outer loop
      vertex 12.420031253194544 7.542980179903265 -0.00495
      vertex 12.40694033573221 7.590284677254463 0.005050000000000001
      vertex 12.420031253194544 7.542980179903265 0.005050000000000001
    endloop
  endfacet
  facet normal 0.9637760657954466 0.2667127574748739 -7.934497710735335e-17
    outer loop
      vertex 12.420031253194544 7.542980179903265 -0.00495
      vertex 12.40694033573221 7.590284677254463 -0.00495
      vertex 12.40694033573221 7.590284677254463 0.005050000000000001
    endloop
  endfacet
  facet normal 0.9495281805930307 0.3136817403989097 0
    outer loop
      vertex 12.391544065183021 7.636889853392221 -0.00495
      vertex 12.391544065183021 7.636889853392221 0.005050000000000001
      vertex 12.40694033573221 7.590284677254463 -0.00495
    endloop
  endfacet
  facet normal 0 0 -1
    outer loop
      vertex 12.391544065183021 7.636889853392221 -0.00495
      vertex 12.40694033573221 7.590284677254463 -0.00495
      vertex 12.373879532511287 7.68268343236509 -0.00495
    endloop
  endfacet
  facet normal 0.9495281805930307 0.3136817403989097 7.424109525557104e-17
    outer loop
      vertex 12.391544065183021 7.636889853392221 0.005050000000000001
      vertex 12.40694033573221 7.590284677254463 0.005050000000000001
      vertex 12.40694033573221 7.590284677254463 -0.00495
    endloop
  endfacet
  facet normal 0.8932243011955183 0.4496113296546005 6.462560192373798e-17
    outer loop
      vertex 12.331921264348356 7.771396736825999 -0.00495
      vertex 12.353989293123444 7.727555093430283 0.005050000000000001
      vertex 12.353989293123444 7.727555093430283 -0.00495
    endloop
  endfacet
  facet normal 0 0 -1
    outer loop
      vertex 12.331921264348356 7.771396736825999 -0.00495
      vertex 12.373879532511287 7.68268343236509 -0.00495
      vertex 12.307728610000273 7.814102744193223 -0.00495
    endloop
  endfacet
  facet normal 0.8932243011955183 0.4496113296546005 0
    outer loop
      vertex 12.331921264348356 7.771396736825999 -0.00495
      vertex 12.331921264348356 7.771396736825999 0.005050000000000001
      vertex 12.353989293123444 7.727555093430283 0.005050000000000001
    endloop
  endfacet
  facet normal 0.932992798834737 0.35989503653499316 3.5145105410712124e-17
    outer loop
      vertex 12.391544065183021 7.636889853392221 0.005050000000000001
      vertex 12.373879532511287 7.68268343236509 -0.00495
      vertex 12.373879532511287 7.68268343236509 0.005050000000000001
    endloop
  endfacet
  facet normal 0.932992798834737 0.35989503653499316 0
    outer loop
      vertex 12.391544065183021 7.636889853392221 -0.00495
      vertex 12.373879532511287 7.68268343236509 -0.00495
      vertex 12.391544065183021 7.636889853392221 0.005050000000000001
    endloop
  endfacet
  facet normal 0 0 -1
    outer loop
      vertex 12.40694033573221 7.590284677254463 -0.00495
      vertex 12.307728610000273 7.814102744193223 -0.00495
      vertex 12.373879532511287 7.68268343236509 -0.00495
    endloop
  endfacet
  facet normal 0.914209755703534 0.4052413140049827 0
    outer loop
      vertex 12.373879532511287 7.68268343236509 -0.00495
      vertex 12.353989293123444 7.727555093430283 0.005050000000000001
      vertex 12.373879532511287 7.68268343236509 0.005050000000000001
    endloop
  endfacet
  facet normal 0.914209755703534 0.4052413140049827 1.0375808606099149e-16
    outer loop
      vertex 12.373879532511287 7.68268343236509 -0.00495
      vertex 12.353989293123444 7.727555093430283 -0.00495
      vertex 12.353989293123444 7.727555093430283 0.005050000000000001
    endloop
  endfacet
  facet normal 0 0 -1
    outer loop
      vertex 12.331921264348356 7.771396736825999 -0.00495
      vertex 12.353989293123444 7.727555093430283 -0.00495
      vertex 12.373879532511287 7.68268343236509 -0.00495
    endloop
  endfacet
  facet normal 0 0 -1
    outer loop
      vertex 11.450000000000001 8.3 -0.00495
      vertex 11.692980179903264 8.270031253194544 -0.00495
      vertex 12.005570233019604 8.131469612302546 -0.00495
    endloop
  endfacet
  facet normal 0.26671275747486933 0.963776065795448 0
    outer loop
      vertex 11.692980179903264 8.270031253194544 -0.00495
      vertex 11.692980179903264 8.270031253194544 0.005050000000000001
      vertex 11.740284677254463 8.25694033573221 0.005050000000000001
    endloop
  endfacet
  facet normal 0.2191012401568868 0.9757021300385248 -7.117916166547695e-17
    outer loop
      vertex 11.645090322016129 8.280785280403231 0.005050000000000001
      vertex 11.692980179903264 8.270031253194544 0.005050000000000001
      vertex 11.692980179903264 8.270031253194544 -0.00495
    endloop
  endfacet
  facet normal 0.26671275747486933 0.963776065795448 8.835868664011109e-17
    outer loop
      vertex 11.692980179903264 8.270031253194544 -0.00495
      vertex 11.740284677254463 8.25694033573221 0.005050000000000001
      vertex 11.740284677254463 8.25694033573221 -0.00495
    endloop
  endfacet
  facet normal 0.3136817403989097 0.9495281805930307 0
    outer loop
      vertex 11.740284677254463 8.25694033573221 -0.00495
      vertex 11.740284677254463 8.25694033573221 0.005050000000000001
      vertex 11.786889853392221 8.241544065183021 0.005050000000000001
    endloop
  endfacet
  facet normal 0.35989503653499316 0.932992798834737 0
    outer loop
      vertex 11.83268343236509 8.223879532511287 -0.00495
      vertex 11.786889853392221 8.241544065183021 0.005050000000000001
      vertex 11.83268343236509 8.223879532511287 0.005050000000000001
    endloop
  endfacet
  facet normal 0 0 -1
    outer loop
      vertex 11.692980179903264 8.270031253194544 -0.00495
      vertex 11.740284677254463 8.25694033573221 -0.00495
      vertex 12.005570233019604 8.131469612302546 -0.00495
    endloop
  endfacet
  facet normal 0 0 -1
    outer loop
      vertex 11.740284677254463 8.25694033573221 -0.00495
      vertex 11.83268343236509 8.223879532511287 -0.00495
      vertex 11.877555093430283 8.203989293123444 -0.00495
    endloop
  endfacet
  facet normal 0.4052413140049827 0.914209755703534 1.0375808606099149e-16
    outer loop
      vertex 11.83268343236509 8.223879532511287 0.005050000000000001
      vertex 11.877555093430283 8.203989293123444 0.005050000000000001
      vertex 11.877555093430283 8.203989293123444 -0.00495
    endloop
  endfacet
  facet normal 0.4052413140049827 0.914209755703534 0
    outer loop
      vertex 11.83268343236509 8.223879532511287 -0.00495
      vertex 11.83268343236509 8.223879532511287 0.005050000000000001
      vertex 11.877555093430283 8.203989293123444 -0.00495
    endloop
  endfacet
  facet normal 0.3136817403989097 0.9495281805930307 7.424109525557104e-17
    outer loop
      vertex 11.740284677254463 8.25694033573221 -0.00495
      vertex 11.786889853392221 8.241544065183021 0.005050000000000001
      vertex 11.786889853392221 8.241544065183021 -0.00495
    endloop
  endfacet
  facet normal 0 0 -1
    outer loop
      vertex 11.740284677254463 8.25694033573221 -0.00495
      vertex 11.786889853392221 8.241544065183021 -0.00495
      vertex 11.83268343236509 8.223879532511287 -0.00495
    endloop
  endfacet
  facet normal 0.35989503653499316 0.932992798834737 3.5145105410712124e-17
    outer loop
      vertex 11.83268343236509 8.223879532511287 -0.00495
      vertex 11.786889853392221 8.241544065183021 -0.00495
      vertex 11.786889853392221 8.241544065183021 0.005050000000000001
    endloop
  endfacet
  facet normal 0 0 -1
    outer loop
      vertex 12.005570233019604 8.131469612302546 -0.00495
      vertex 11.877555093430283 8.203989293123444 -0.00495
      vertex 11.964102744193223 8.157728610000273 -0.00495
    endloop
  endfacet
  facet normal 0.49289819222977843 0.8700869911087146 0
    outer loop
      vertex 11.964102744193223 8.157728610000273 -0.00495
      vertex 11.921396736825999 8.181921264348356 0.005050000000000001
      vertex 11.964102744193223 8.157728610000273 0.005050000000000001
    endloop
  endfacet
  facet normal 0 0 -1
    outer loop
      vertex 12.045699304492434 8.103207531480646 -0.00495
      vertex 12.084393284163646 8.073010453362738 -0.00495
      vertex 12.005570233019604 8.131469612302546 -0.00495
    endloop
  endfacet
  facet normal 0.6152315905806282 0.7883464276266051 0
    outer loop
      vertex 12.045699304492434 8.103207531480646 -0.00495
      vertex 12.045699304492434 8.103207531480646 0.005050000000000001
      vertex 12.084393284163646 8.073010453362738 -0.00495
    endloop
  endfacet
  facet normal 0.5349976198871008 0.8448535652497048 1.520772220084748e-16
    outer loop
      vertex 12.005570233019604 8.131469612302546 -0.00495
      vertex 11.964102744193223 8.157728610000273 -0.00495
      vertex 11.964102744193223 8.157728610000273 0.005050000000000001
    endloop
  endfacet
  facet normal 0.5349976198871008 0.8448535652497048 0
    outer loop
      vertex 12.005570233019604 8.131469612302546 -0.00495
      vertex 11.964102744193223 8.157728610000273 0.005050000000000001
      vertex 12.005570233019604 8.131469612302546 0.005050000000000001
    endloop
  endfacet
  facet normal 0.5758081914178551 0.8175848131515769 0
    outer loop
      vertex 12.045699304492434 8.103207531480646 -0.00495
      vertex 12.005570233019604 8.131469612302546 -0.00495
      vertex 12.045699304492434 8.103207531480646 0.005050000000000001
    endloop
  endfacet
  facet normal 0.5758081914178551 0.8175848131515769 -2.0293939999107173e-16
    outer loop
      vertex 12.045699304492434 8.103207531480646 0.005050000000000001
      vertex 12.005570233019604 8.131469612302546 -0.00495
      vertex 12.005570233019604 8.131469612302546 0.005050000000000001
    endloop
  endfacet
  facet normal 0 0 -1
    outer loop
      vertex 11.740284677254463 8.25694033573221 -0.00495
      vertex 11.877555093430283 8.203989293123444 -0.00495
      vertex 12.005570233019604 8.131469612302546 -0.00495
    endloop
  endfacet
  facet normal 0.4496113296546005 0.8932243011955183 6.462560192373798e-17
    outer loop
      vertex 11.877555093430283 8.203989293123444 0.005050000000000001
      vertex 11.921396736825999 8.181921264348356 0.005050000000000001
      vertex 11.921396736825999 8.181921264348356 -0.00495
    endloop
  endfacet
  facet normal 0.4496113296546005 0.8932243011955183 0
    outer loop
      vertex 11.877555093430283 8.203989293123444 -0.00495
      vertex 11.877555093430283 8.203989293123444 0.005050000000000001
      vertex 11.921396736825999 8.181921264348356 -0.00495
    endloop
  endfacet
  facet normal 0 0 -1
    outer loop
      vertex 11.964102744193223 8.157728610000273 -0.00495
      vertex 11.877555093430283 8.203989293123444 -0.00495
      vertex 11.921396736825999 8.181921264348356 -0.00495
    endloop
  endfacet
  facet normal 0.49289819222977843 0.8700869911087146 1.0638569812861197e-16
    outer loop
      vertex 11.964102744193223 8.157728610000273 -0.00495
      vertex 11.921396736825999 8.181921264348356 -0.00495
      vertex 11.921396736825999 8.181921264348356 0.005050000000000001
    endloop
  endfacet
  facet normal 0.7883464276266051 0.6152315905806282 0
    outer loop
      vertex 12.253207531480646 7.895699304492434 -0.00495
      vertex 12.223010453362738 7.934393284163646 0.005050000000000001
      vertex 12.253207531480646 7.895699304492434 0.005050000000000001
    endloop
  endfacet
  facet normal 0 0 -1
    outer loop
      vertex 12.253207531480646 7.895699304492434 -0.00495
      vertex 12.307728610000273 7.814102744193223 -0.00495
      vertex 12.157106781186549 8.007106781186549 -0.00495
    endloop
  endfacet
  facet normal 0 0 -1
    outer loop
      vertex 12.005570233019604 8.131469612302546 -0.00495
      vertex 12.157106781186549 8.007106781186549 -0.00495
      vertex 12.307728610000273 7.814102744193223 -0.00495
    endloop
  endfacet
  facet normal 0 0 -1
    outer loop
      vertex 12.157106781186549 8.007106781186549 -0.00495
      vertex 12.084393284163646 8.073010453362738 -0.00495
      vertex 12.12155895484702 8.04095112535496 -0.00495
    endloop
  endfacet
  facet normal 0.6895405447370607 0.7242470829514729 1.8613048138239457e-16
    outer loop
      vertex 12.157106781186549 8.007106781186549 -0.00495
      vertex 12.12155895484702 8.04095112535496 -0.00495
      vertex 12.12155895484702 8.04095112535496 0.005050000000000001
    endloop
  endfacet
  facet normal 0.6895405447370607 0.7242470829514729 0
    outer loop
      vertex 12.157106781186549 8.007106781186549 -0.00495
      vertex 12.12155895484702 8.04095112535496 0.005050000000000001
      vertex 12.157106781186549 8.007106781186549 0.005050000000000001
    endloop
  endfacet
  facet normal 0 0 -1
    outer loop
      vertex 12.253207531480646 7.895699304492434 -0.00495
      vertex 12.157106781186549 8.007106781186549 -0.00495
      vertex 12.19095112535496 7.971558954847019 -0.00495
    endloop
  endfacet
  facet normal 0.7572088465064851 0.6531728429537761 0
    outer loop
      vertex 12.19095112535496 7.971558954847019 -0.00495
      vertex 12.19095112535496 7.971558954847019 0.005050000000000001
      vertex 12.223010453362738 7.934393284163646 0.005050000000000001
    endloop
  endfacet
  facet normal 0 0 -1
    outer loop
      vertex 12.253207531480646 7.895699304492434 -0.00495
      vertex 12.19095112535496 7.971558954847019 -0.00495
      vertex 12.223010453362738 7.934393284163646 -0.00495
    endloop
  endfacet
  facet normal 0.7883464276266051 0.6152315905806282 1.2258921321545644e-16
    outer loop
      vertex 12.253207531480646 7.895699304492434 -0.00495
      vertex 12.223010453362738 7.934393284163646 -0.00495
      vertex 12.223010453362738 7.934393284163646 0.005050000000000001
    endloop
  endfacet
  facet normal 0.7572088465064851 0.6531728429537761 5.195272149007608e-17
    outer loop
      vertex 12.19095112535496 7.971558954847019 -0.00495
      vertex 12.223010453362738 7.934393284163646 0.005050000000000001
      vertex 12.223010453362738 7.934393284163646 -0.00495
    endloop
  endfacet
  facet normal 0.7242470829514729 0.6895405447370607 1.8613048138239457e-16
    outer loop
      vertex 12.157106781186549 8.007106781186549 -0.00495
      vertex 12.19095112535496 7.971558954847019 0.005050000000000001
      vertex 12.19095112535496 7.971558954847019 -0.00495
    endloop
  endfacet
  facet normal 0.7242470829514729 0.6895405447370607 0
    outer loop
      vertex 12.157106781186549 8.007106781186549 -0.00495
      vertex 12.157106781186549 8.007106781186549 0.005050000000000001
      vertex 12.19095112535496 7.971558954847019 0.005050000000000001
    endloop
  endfacet
  facet normal 0.8448535652496996 0.5349976198871089 0
    outer loop
      vertex 12.307728610000273 7.814102744193223 -0.00495
      vertex 12.281469612302546 7.855570233019603 -0.00495
      vertex 12.307728610000273 7.814102744193223 0.005050000000000001
    endloop
  endfacet
  facet normal 0.8448535652496996 0.5349976198871089 -4.369913759878488e-17
    outer loop
      vertex 12.307728610000273 7.814102744193223 0.005050000000000001
      vertex 12.281469612302546 7.855570233019603 -0.00495
      vertex 12.281469612302546 7.855570233019603 0.005050000000000001
    endloop
  endfacet
  facet normal 0.8700869911087146 0.49289819222977843 0
    outer loop
      vertex 12.331921264348356 7.771396736825999 -0.00495
      vertex 12.307728610000273 7.814102744193223 -0.00495
      vertex 12.331921264348356 7.771396736825999 0.005050000000000001
    endloop
  endfacet
  facet normal 0.8700869911087146 0.49289819222977843 1.0638569812861197e-16
    outer loop
      vertex 12.331921264348356 7.771396736825999 0.005050000000000001
      vertex 12.307728610000273 7.814102744193223 -0.00495
      vertex 12.307728610000273 7.814102744193223 0.005050000000000001
    endloop
  endfacet
  facet normal 0.8175848131515888 0.575808191417838 7.808484056361628e-18
    outer loop
      vertex 12.253207531480646 7.895699304492434 0.005050000000000001
      vertex 12.281469612302546 7.855570233019603 0.005050000000000001
      vertex 12.281469612302546 7.855570233019603 -0.00495
    endloop
  endfacet
  facet normal 0 0 -1
    outer loop
      vertex 12.253207531480646 7.895699304492434 -0.00495
      vertex 12.281469612302546 7.855570233019603 -0.00495
      vertex 12.307728610000273 7.814102744193223 -0.00495
    endloop
  endfacet
  facet normal 0.8175848131515888 0.575808191417838 0
    outer loop
      vertex 12.253207531480646 7.895699304492434 -0.00495
      vertex 12.253207531480646 7.895699304492434 0.005050000000000001
      vertex 12.281469612302546 7.855570233019603 -0.00495
    endloop
  endfacet
  facet normal 0 0 -1
    outer loop
      vertex 12.005570233019604 8.131469612302546 -0.00495
      vertex 12.084393284163646 8.073010453362738 -0.00495
      vertex 12.157106781186549 8.007106781186549 -0.00495
    endloop
  endfacet
  facet normal 0.6531728429537672 0.7572088465064929 -8.721383940955896e-17
    outer loop
      vertex 12.084393284163646 8.073010453362738 -0.00495
      vertex 12.12155895484702 8.04095112535496 0.005050000000000001
      vertex 12.12155895484702 8.04095112535496 -0.00495
    endloop
  endfacet
  facet normal 0.6531728429537672 0.7572088465064929 0
    outer loop
      vertex 12.084393284163646 8.073010453362738 -0.00495
      vertex 12.084393284163646 8.073010453362738 0.005050000000000001
      vertex 12.12155895484702 8.04095112535496 0.005050000000000001
    endloop
  endfacet
  facet normal 0.6152315905806282 0.7883464276266051 1.2258921321545644e-16
    outer loop
      vertex 12.045699304492434 8.103207531480646 0.005050000000000001
      vertex 12.084393284163646 8.073010453362738 0.005050000000000001
      vertex 12.084393284163646 8.073010453362738 -0.00495
    endloop
  endfacet
  facet normal 0.9329090062841302 0.022901630657277874 0.3593832234637481
    outer loop
      vertex 12.450000000000001 7.300000000000001 0.005050000000000001
      vertex 12.448795456205174 7.349067674327419 0.005050000000000001
      vertex 9.237403883144822 3.730448759049803 8.571972978280474
    endloop
  endfacet
  facet normal 0.5835864561752186 0.6765388856629602 0.44913470624609925
    outer loop
      vertex 12.084393284163646 8.073010453362738 0.005050000000000001
      vertex 8.457476495798495 5.541262354765468 8.531323965277643
      vertex 12.12155895484702 8.04095112535496 0.005050000000000001
    endloop
  endfacet
  facet normal 0.023732846864940007 0.9667690007055717 0.25454754222823567
    outer loop
      vertex 11.450000000000001 8.3 0.005050000000000001
      vertex 6.979712432018953 6.179264040197843 8.476372944371567
      vertex 11.499067674327419 8.298795456205173 0.005050000000000001
    endloop
  endfacet
  facet normal 0.07067678427108455 0.9581417874759527 0.2774330680677499
    outer loop
      vertex 11.499067674327419 8.298795456205173 0.005050000000000001
      vertex 7.097247681342755 6.170304561351582 8.477372960764127
      vertex 11.548017140329561 8.295184726672197 0.005050000000000001
    endloop
  endfacet
  facet normal 0.2913534379240448 0.8819394443225432 0.37053473623654193
    outer loop
      vertex 11.740284677254463 8.25694033573221 0.005050000000000001
      vertex 7.66620067798162 6.037057390199983 8.492245405657433
      vertex 11.786889853392221 8.241544065183021 0.005050000000000001
    endloop
  endfacet
  facet normal 0.3321627855175766 0.8610996414746434 0.38493543792361457
    outer loop
      vertex 11.83268343236509 8.223879532511287 0.005050000000000001
      vertex 11.786889853392221 8.241544065183021 0.005050000000000001
      vertex 7.74267356746363 6.006009395328137 8.495710842024963
    endloop
  endfacet
  facet normal 0.11681448684076336 0.9471068380713413 0.2989030159477069
    outer loop
      vertex 11.548017140329561 8.295184726672197 0.005050000000000001
      vertex 7.213886058025232 6.155393336120028 8.479037284093705
      vertex 11.596730474455363 8.289176509964781 0.005050000000000001
    endloop
  endfacet
  facet normal 0.16203310741154045 0.9338198075434476 0.3189448841760572
    outer loop
      vertex 11.596730474455363 8.289176509964781 0.005050000000000001
      vertex 7.329362210893051 6.134562195823263 8.481362361492728
      vertex 11.645090322016129 8.280785280403231 0.005050000000000001
    endloop
  endfacet
  facet normal 0.206241072101808 0.9184332010493095 0.3375575141936787
    outer loop
      vertex 11.645090322016129 8.280785280403231 0.005050000000000001
      vertex 7.44341304847104 6.10785564826825 8.484343225201652
      vertex 11.692980179903264 8.270031253194544 0.005050000000000001
    endloop
  endfacet
  facet normal 0.24936617875369108 0.9010935846378549 0.35474901073615867
    outer loop
      vertex 11.692980179903264 8.270031253194544 0.005050000000000001
      vertex 7.555778233711363 6.075330821371777 8.487973498861509
      vertex 11.740284677254463 8.25694033573221 0.005050000000000001
    endloop
  endfacet
  facet normal 0.4472984608346662 0.7895922079863555 0.4200812207444776
    outer loop
      vertex 11.964102744193223 8.157728610000273 0.005050000000000001
      vertex 11.921396736825999 8.181921264348356 0.005050000000000001
      vertex 8.08635825685468 5.830042942795886 8.50919498375243
    endloop
  endfacet
  facet normal 0.4101482946103185 0.8148247156522398 0.4096816559116285
    outer loop
      vertex 11.877555093430283 8.203989293123444 0.005050000000000001
      vertex 7.9852417211540105 5.8897592938005765 8.504618976628306
      vertex 11.921396736825999 8.181921264348356 0.005050000000000001
    endloop
  endfacet
  facet normal 0.3717667703834416 0.8386923953335096 0.39797554503814103
    outer loop
      vertex 11.83268343236509 8.223879532511287 0.005050000000000001
      vertex 7.881256593520679 5.944198436308397 8.500447356967094
      vertex 11.877555093430283 8.203989293123444 0.005050000000000001
    endloop
  endfacet
  facet normal 0.5178982224973506 0.735358975059729 0.4370681971193851
    outer loop
      vertex 12.045699304492434 8.103207531480646 0.005050000000000001
      vertex 12.005570233019604 8.131469612302546 0.005050000000000001
      vertex 8.279039508150278 5.695326621557644 8.519518167191311
    endloop
  endfacet
  facet normal 0.48321456073584224 0.7630791787529774 0.4292014157089287
    outer loop
      vertex 12.005570233019604 8.131469612302546 0.005050000000000001
      vertex 11.964102744193223 8.157728610000273 0.005050000000000001
      vertex 8.184368060566861 5.765183424253869 8.51416510690835
    endloop
  endfacet
  facet normal 0.5513537223591773 0.706494503915636 0.4437055203371699
    outer loop
      vertex 12.045699304492434 8.103207531480646 0.005050000000000001
      vertex 8.370148005636539 5.620630005328882 8.52524209777749
      vertex 12.084393284163646 8.073010453362738 0.005050000000000001
    endloop
  endfacet
  facet normal 0.8185334489279382 0.3628309240096921 0.4453725559219016
    outer loop
      vertex 12.373879532511287 7.68268343236509 0.005050000000000001
      vertex 12.353989293123444 7.727555093430283 0.005050000000000001
      vertex 9.052340627665982 4.659302033350338 8.57263439969684
    endloop
  endfacet
  facet normal 0.9246047320854119 0.06820294244526257 0.37477252840499337
    outer loop
      vertex 12.448795456205174 7.349067674327419 0.005050000000000001
      vertex 12.445184726672197 7.398017140329562 0.005050000000000001
      vertex 9.223908457630992 3.9664941787697523 8.57677551688556
    endloop
  endfacet
  facet normal 0.9144003377651175 0.11278052478279005 0.3887834558269647
    outer loop
      vertex 12.445184726672197 7.398017140329562 0.005050000000000001
      vertex 12.439176509964781 7.446730474455363 0.005050000000000001
      vertex 9.208518773883785 4.0839697674414746 8.578893337139075
    endloop
  endfacet
  facet normal 0.9024008153319886 0.15658139510190963 0.40144119768168046
    outer loop
      vertex 12.439176509964781 7.446730474455363 0.005050000000000001
      vertex 12.430785280403231 7.495090322016129 0.005050000000000001
      vertex 9.208518773883785 4.0839697674414746 8.578893337139075
    endloop
  endfacet
  facet normal 0.8733935817150174 0.24170055556194894 0.42280550240040465
    outer loop
      vertex 12.420031253194544 7.542980179903265 0.005050000000000001
      vertex 12.40694033573221 7.590284677254463 0.005050000000000001
      vertex 9.162985871659076 4.318718447640428 8.576339547979186
    endloop
  endfacet
  facet normal 0.8887027305911177 0.19956487170488574 0.41277272029690115
    outer loop
      vertex 12.430785280403231 7.495090322016129 0.005050000000000001
      vertex 12.420031253194544 7.542980179903265 0.005050000000000001
      vertex 9.162985871659076 4.318718447640428 8.576339547979186
    endloop
  endfacet
  facet normal 0.8565514667043872 0.28296638299798876 0.43156646183363073
    outer loop
      vertex 12.391544065183021 7.636889853392221 0.005050000000000001
      vertex 9.094761692739683 4.547680614682951 8.573848709267239
      vertex 12.40694033573221 7.590284677254463 0.005050000000000001
    endloop
  endfacet
  facet normal 0.8382450029813577 0.32334677861397776 0.4390810582759712
    outer loop
      vertex 12.391544065183021 7.636889853392221 0.005050000000000001
      vertex 12.373879532511287 7.68268343236509 0.005050000000000001
      vertex 9.094761692739683 4.547680614682951 8.573848709267239
    endloop
  endfacet
  facet normal 0.797466984954438 0.4014111472125375 0.45046142876076817
    outer loop
      vertex 12.331921264348356 7.771396736825999 0.005050000000000001
      vertex 9.004998963225974 4.7690869453510025 8.570203569199855
      vertex 12.353989293123444 7.727555093430283 0.005050000000000001
    endloop
  endfacet
  facet normal 0.7750871198646704 0.43908142990974464 0.4543648913905034
    outer loop
      vertex 12.331921264348356 7.771396736825999 0.005050000000000001
      vertex 12.307728610000273 7.814102744193223 0.005050000000000001
      vertex 8.953266802292232 4.8770886364754436 8.565545251758735
    endloop
  endfacet
  facet normal 0.7514271963461584 0.47583602425211036 0.45709653971048275
    outer loop
      vertex 12.307728610000273 7.814102744193223 0.005050000000000001
      vertex 12.281469612302546 7.855570233019603 0.005050000000000001
      vertex 8.834435035975325 5.084252298742002 8.556609890737482
    endloop
  endfacet
  facet normal 0.7265129770211927 0.5116681677679342 0.4586660880344316
    outer loop
      vertex 12.253207531480646 7.895699304492434 0.005050000000000001
      vertex 8.834435035975325 5.084252298742002 8.556609890737482
      vertex 12.281469612302546 7.855570233019603 0.005050000000000001
    endloop
  endfacet
  facet normal 0.6444026704377988 0.6135223446022066 0.45643787201156416
    outer loop
      vertex 12.157106781186549 8.007106781186549 0.005050000000000001
      vertex 8.614929283191316 5.374853700566278 8.544075702018416
      vertex 12.19095112535496 7.971558954847019 0.005050000000000001
    endloop
  endfacet
  facet normal 0.6729907948603215 0.5805258520006911 0.45833734867687187
    outer loop
      vertex 12.19095112535496 7.971558954847019 0.005050000000000001
      vertex 8.696106597367852 5.278017310035742 8.548252438903246
      vertex 12.223010453362738 7.934393284163646 0.005050000000000001
    endloop
  endfacet
  facet normal 0.7003632994660695 0.5465688834438311 0.45907919187430446
    outer loop
      vertex 12.253207531480646 7.895699304492434 0.005050000000000001
      vertex 12.223010453362738 7.934393284163646 0.005050000000000001
      vertex 8.767627736186322 5.18292651569815 8.552353884918961
    endloop
  endfacet
  facet normal 0.6146015606769836 0.6455362065293271 0.4533739380171097
    outer loop
      vertex 12.157106781186549 8.007106781186549 0.005050000000000001
      vertex 12.12155895484702 8.04095112535496 0.005050000000000001
      vertex 8.54081595616444 5.457403455277808 8.537749992906937
    endloop
  endfacet
  facet normal 0.936329177569044 1.6906676526674008e-15 0.35112344158839337
    outer loop
      vertex 9.489028668493708 -1.3855597221114386 7.900973550683448
      vertex 12.450000000000001 7.300000000000001 0.005050000000000001
      vertex 9.431078867352298 -0.6972291486714466 8.055506353727203
    endloop
  endfacet
  facet normal 0.9363291775690452 -2.3129209814223907e-15 0.35112344158838993
    outer loop
      vertex 9.431078867352298 -0.6972291486714466 8.055506353727203
      vertex 12.450000000000001 7.300000000000001 0.005050000000000001
      vertex 9.380406473855324 -0.007218889142243976 8.190632736385806
    endloop
  endfacet
  facet normal 0.9363291775690443 7.796851744470306e-16 0.35112344158839237
    outer loop
      vertex 9.380406473855324 -0.007218889142243976 8.190632736385806
      vertex 12.450000000000001 7.300000000000001 0.005050000000000001
      vertex 9.337133562237092 0.6828087613232018 8.306027167367755
    endloop
  endfacet
  facet normal 0.9363291775690441 1.332542910945268e-15 0.3511234415883928
    outer loop
      vertex 12.450000000000001 7.300000000000001 0.005050000000000001
      vertex 9.30136438073195 1.371191465675636 8.401411651381464
      vertex 9.337133562237092 0.6828087613232018 8.306027167367755
    endloop
  endfacet
  facet normal 0.936329177569045 -1.9869349378078483e-15 0.35112344158839043
    outer loop
      vertex 12.450000000000001 7.300000000000001 0.005050000000000001
      vertex 9.27318510043116 2.056270849685071 8.476556398850242
      vertex 9.30136438073195 1.371191465675636 8.401411651381464
    endloop
  endfacet
  facet normal 0.936329177569044 1.821386624080734e-15 0.35112344158839304
    outer loop
      vertex 12.450000000000001 7.300000000000001 0.005050000000000001
      vertex 9.252663607689172 2.736396497109559 8.53128037949554
      vertex 9.27318510043116 2.056270849685071 8.476556398850242
    endloop
  endfacet
  facet normal 0.02373284686495457 0.9667690007055698 0.25454754222824166
    outer loop
      vertex 11.450000000000001 8.3 0.005050000000000001
      vertex 6.861547425439575 6.182252657895189 8.476039368419247
      vertex 6.979712432018953 6.179264040197843 8.476372944371567
    endloop
  endfacet
  facet normal 0.07067678427106397 0.9581417874759575 0.27743306806773915
    outer loop
      vertex 11.499067674327419 8.298795456205173 0.005050000000000001
      vertex 6.979712432018953 6.179264040197843 8.476372944371567
      vertex 7.097247681342755 6.170304561351582 8.477372960764127
    endloop
  endfacet
  facet normal 0.33216278551758593 0.8610996414746391 0.3849354379236162
    outer loop
      vertex 11.83268343236509 8.223879532511287 0.005050000000000001
      vertex 7.74267356746363 6.006009395328137 8.495710842024963
      vertex 7.774647008790925 5.9932384037273785 8.496689470952617
    endloop
  endfacet
  facet normal 0.3717667703834426 0.8386923953335084 0.39797554503814275
    outer loop
      vertex 11.83268343236509 8.223879532511287 0.005050000000000001
      vertex 7.774647008790925 5.9932384037273785 8.496689470952617
      vertex 7.881256593520679 5.944198436308397 8.500447356967094
    endloop
  endfacet
  facet normal 0.4472984608346733 0.7895922079863502 0.42008122074448007
    outer loop
      vertex 11.921396736825999 8.181921264348356 0.005050000000000001
      vertex 7.9852417211540105 5.8897592938005765 8.504618976628306
      vertex 8.08635825685468 5.830042942795886 8.50919498375243
    endloop
  endfacet
  facet normal 0.4101482946103178 0.8148247156522406 0.4096816559116275
    outer loop
      vertex 11.877555093430283 8.203989293123444 0.005050000000000001
      vertex 7.881256593520679 5.944198436308397 8.500447356967094
      vertex 7.9852417211540105 5.8897592938005765 8.504618976628306
    endloop
  endfacet
  facet normal 0.16203310741154767 0.933819807543445 0.318944884176061
    outer loop
      vertex 11.596730474455363 8.289176509964781 0.005050000000000001
      vertex 7.213886058025232 6.155393336120028 8.479037284093705
      vertex 7.329362210893051 6.134562195823263 8.481362361492728
    endloop
  endfacet
  facet normal 0.11681448684076669 0.9471068380713403 0.29890301594770924
    outer loop
      vertex 11.548017140329561 8.295184726672197 0.005050000000000001
      vertex 7.097247681342755 6.170304561351582 8.477372960764127
      vertex 7.213886058025232 6.155393336120028 8.479037284093705
    endloop
  endfacet
  facet normal 0.2062410721017972 0.9184332010493133 0.3375575141936749
    outer loop
      vertex 11.645090322016129 8.280785280403231 0.005050000000000001
      vertex 7.329362210893051 6.134562195823263 8.481362361492728
      vertex 7.44341304847104 6.10785564826825 8.484343225201652
    endloop
  endfacet
  facet normal 0.24936617875371186 0.9010935846378463 0.35474901073616616
    outer loop
      vertex 11.692980179903264 8.270031253194544 0.005050000000000001
      vertex 7.44341304847104 6.10785564826825 8.484343225201652
      vertex 7.555778233711363 6.075330821371777 8.487973498861509
    endloop
  endfacet
  facet normal 0.29135343792403173 0.8819394443225496 0.3705347362365367
    outer loop
      vertex 11.740284677254463 8.25694033573221 0.005050000000000001
      vertex 7.555778233711363 6.075330821371777 8.487973498861509
      vertex 7.66620067798162 6.037057390199983 8.492245405657433
    endloop
  endfacet
  facet normal 0.33216278551757866 0.8610996414746416 0.3849354379236168
    outer loop
      vertex 11.786889853392221 8.241544065183021 0.005050000000000001
      vertex 7.66620067798162 6.037057390199983 8.492245405657433
      vertex 7.74267356746363 6.006009395328137 8.495710842024963
    endloop
  endfacet
  facet normal 0.9363291775690442 8.08726286241638e-16 0.35112344158839237
    outer loop
      vertex 12.450000000000001 7.300000000000001 0.005050000000000001
      vertex 9.239849340579477 3.409929925692485 8.565451758454724
      vertex 9.252663607689172 2.736396497109559 8.53128037949554
    endloop
  endfacet
  facet normal 0.936329177569045 -2.9794336868344354e-15 0.3511234415883905
    outer loop
      vertex 12.450000000000001 7.300000000000001 0.005050000000000001
      vertex 9.237403883144822 3.730448759049803 8.571972978280474
      vertex 9.239849340579477 3.409929925692485 8.565451758454724
    endloop
  endfacet
  facet normal 0.9329090062841309 0.02290163065727443 0.35938322346374635
    outer loop
      vertex 12.448795456205174 7.349067674327419 0.005050000000000001
      vertex 9.23357757091075 3.848594351781148 8.574376747736311
      vertex 9.237403883144822 3.730448759049803 8.571972978280474
    endloop
  endfacet
  facet normal 0.9246047320854125 0.0682029424452629 0.37477252840499226
    outer loop
      vertex 12.448795456205174 7.349067674327419 0.005050000000000001
      vertex 9.223908457630992 3.9664941787697523 8.57677551688556
      vertex 9.23357757091075 3.848594351781148 8.574376747736311
    endloop
  endfacet
  facet normal 0.9144003377651173 0.11278052478279144 0.38878345582696466
    outer loop
      vertex 12.445184726672197 7.398017140329562 0.005050000000000001
      vertex 9.209554095821725 4.07524853440983 8.578988213882825
      vertex 9.223908457630992 3.9664941787697523 8.57677551688556
    endloop
  endfacet
  facet normal 0.914400337765159 0.11278052478261798 0.3887834558269167
    outer loop
      vertex 12.445184726672197 7.398017140329562 0.005050000000000001
      vertex 9.208518773883785 4.0839697674414746 8.578893337139075
      vertex 9.209554095821725 4.07524853440983 8.578988213882825
    endloop
  endfacet
  facet normal 0.7974669849544325 0.40141114721254656 0.45046142876077
    outer loop
      vertex 12.331921264348356 7.771396736825999 0.005050000000000001
      vertex 8.953266802292232 4.8770886364754436 8.565545251758735
      vertex 9.004998963225974 4.7690869453510025 8.570203569199855
    endloop
  endfacet
  facet normal 0.751427196346163 0.47583602425210336 0.45709653971048275
    outer loop
      vertex 12.307728610000273 7.814102744193223 0.005050000000000001
      vertex 8.834435035975325 5.084252298742002 8.556609890737482
      vertex 8.896365371581066 4.9822263433566105 8.561010463381026
    endloop
  endfacet
  facet normal 0.775087119864673 0.4390814299097407 0.4543648913905028
    outer loop
      vertex 12.307728610000273 7.814102744193223 0.005050000000000001
      vertex 8.896365371581066 4.9822263433566105 8.561010463381026
      vertex 8.953266802292232 4.8770886364754436 8.565545251758735
    endloop
  endfacet
  facet normal 0.7003632994660655 0.5465688834438361 0.45907919187430457
    outer loop
      vertex 12.223010453362738 7.934393284163646 0.005050000000000001
      vertex 8.696106597367852 5.278017310035742 8.548252438903246
      vertex 8.767627736186322 5.18292651569815 8.552353884918961
    endloop
  endfacet
  facet normal 0.6729907948603311 0.5805258520006787 0.45833734867687315
    outer loop
      vertex 12.19095112535496 7.971558954847019 0.005050000000000001
      vertex 8.62004551619183 5.3693018006954985 8.544315165972455
      vertex 8.696106597367852 5.278017310035742 8.548252438903246
    endloop
  endfacet
  facet normal 0.7265129770211896 0.5116681677679399 0.4586660880344305
    outer loop
      vertex 12.253207531480646 7.895699304492434 0.005050000000000001
      vertex 8.767627736186322 5.18292651569815 8.552353884918961
      vertex 8.834435035975325 5.084252298742002 8.556609890737482
    endloop
  endfacet
  facet normal 0.902400815331985 0.15658139510192143 0.4014411976816839
    outer loop
      vertex 12.430785280403231 7.495090322016129 0.005050000000000001
      vertex 9.188622021487827 4.201927533787015 8.577610095568716
      vertex 9.208518773883785 4.0839697674414746 8.578893337139075
    endloop
  endfacet
  facet normal 0.8887027305911243 0.19956487170486528 0.4127727202968968
    outer loop
      vertex 12.430785280403231 7.495090322016129 0.005050000000000001
      vertex 9.162985871659076 4.318718447640428 8.576339547979186
      vertex 9.188622021487827 4.201927533787015 8.577610095568716
    endloop
  endfacet
  facet normal 0.856551466704393 0.2829663829979755 0.43156646183362807
    outer loop
      vertex 12.40694033573221 7.590284677254463 0.005050000000000001
      vertex 9.094761692739683 4.547680614682951 8.573848709267239
      vertex 9.131673502118877 4.434061827454934 8.575084747855131
    endloop
  endfacet
  facet normal 0.873393581715008 0.24170055556197306 0.42280550240040987
    outer loop
      vertex 12.40694033573221 7.590284677254463 0.005050000000000001
      vertex 9.131673502118877 4.434061827454934 8.575084747855131
      vertex 9.162985871659076 4.318718447640428 8.576339547979186
    endloop
  endfacet
  facet normal 0.8382450029813576 0.32334677861397776 0.4390810582759714
    outer loop
      vertex 12.373879532511287 7.68268343236509 0.005050000000000001
      vertex 9.052340627665982 4.659302033350338 8.57263439969684
      vertex 9.094761692739683 4.547680614682951 8.573848709267239
    endloop
  endfacet
  facet normal 0.8185334489279364 0.36283092400969513 0.4453725559219023
    outer loop
      vertex 12.353989293123444 7.727555093430283 0.005050000000000001
      vertex 9.004998963225974 4.7690869453510025 8.570203569199855
      vertex 9.052340627665982 4.659302033350338 8.57263439969684
    endloop
  endfacet
  facet normal 0.6146015606769922 0.6455362065293185 0.45337393801711035
    outer loop
      vertex 12.12155895484702 8.04095112535496 0.005050000000000001
      vertex 8.457476495798495 5.541262354765468 8.531323965277643
      vertex 8.54081595616444 5.457403455277808 8.537749992906937
    endloop
  endfacet
  facet normal 0.5513537223591823 0.7064945039156308 0.44370552033717175
    outer loop
      vertex 12.045699304492434 8.103207531480646 0.005050000000000001
      vertex 8.279039508150278 5.695326621557644 8.519518167191311
      vertex 8.370148005636539 5.620630005328882 8.52524209777749
    endloop
  endfacet
  facet normal 0.5835864561752239 0.6765388856629551 0.44913470624609986
    outer loop
      vertex 12.084393284163646 8.073010453362738 0.005050000000000001
      vertex 8.370148005636539 5.620630005328882 8.52524209777749
      vertex 8.457476495798495 5.541262354765468 8.531323965277643
    endloop
  endfacet
  facet normal 0.48321456073583896 0.76307917875298 0.4292014157089278
    outer loop
      vertex 11.964102744193223 8.157728610000273 0.005050000000000001
      vertex 8.08635825685468 5.830042942795886 8.50919498375243
      vertex 8.184368060566861 5.765183424253869 8.51416510690835
    endloop
  endfacet
  facet normal 0.517898222497335 0.7353589750597421 0.4370681971193814
    outer loop
      vertex 12.005570233019604 8.131469612302546 0.005050000000000001
      vertex 8.184368060566861 5.765183424253869 8.51416510690835
      vertex 8.279039508150278 5.695326621557644 8.519518167191311
    endloop
  endfacet
  facet normal 0.644402670437791 0.6135223446022149 0.4564378720115641
    outer loop
      vertex 12.157106781186549 8.007106781186549 0.005050000000000001
      vertex 8.54081595616444 5.457403455277808 8.537749992906937
      vertex 8.614929283191316 5.374853700566278 8.544075702018416
    endloop
  endfacet
  facet normal 0.6444026704377044 0.6135223446023038 0.4564378720115667
    outer loop
      vertex 12.19095112535496 7.971558954847019 0.005050000000000001
      vertex 8.614929283191316 5.374853700566278 8.544075702018416
      vertex 8.62004551619183 5.3693018006954985 8.544315165972455
    endloop
  endfacet
  facet normal 0.8185334489279307 0.3628309240096929 0.4453725559219147
    outer loop
      vertex 9.052340627665982 4.659302033350338 8.57263439969684
      vertex 9.004998963225974 4.7690869453510025 8.570203569199855
      vertex 9.021093055983588 4.730749512458169 8.571857135273063
    endloop
  endfacet
  facet normal 1 0 0
    outer loop
      vertex -9.75 -6.5 -0.00495
      vertex -9.75 6.5 0.005
      vertex -9.75 -6.5 0.005
    endloop
  endfacet
  facet normal 0.923076923076923 3.795634272222758e-18 -0.38461538461538464
    outer loop
      vertex -9.75 -6.5 0.005
      vertex -7.5 5 5.404999999999999
      vertex -7.5 -5 5.404999999999999
    endloop
  endfacet
  facet normal 0 1 0
    outer loop
      vertex -9.75 -6.5 -0.00495
      vertex -9.75 -6.5 0.005
      vertex 9.75 -6.5 -0.00495
    endloop
  endfacet
  facet normal 0 0.9635179096299405 -0.26764386378609467
    outer loop
      vertex -9.75 -6.5 0.005
      vertex -7.5 -5 5.404999999999999
      vertex 9.75 -6.5 0.005
    endloop
  endfacet
  facet normal 0 0 -1
    outer loop
      vertex -7.5 -5 5.404999999999999
      vertex -1.6381730873541918 -2.2088207115717737 5.404999999999999
      vertex -1.527818140803906 -2.2865414338319994 5.404999999999999
    endloop
  endfacet
  facet normal 0 0 -1
    outer loop
      vertex -7.5 -5 5.404999999999999
      vertex -1.0523794390039969 -2.5406687144060385 5.404999999999999
      vertex -0.9264470968286052 -2.589246179253307 5.404999999999999
    endloop
  endfacet
  facet normal 0 0 -1
    outer loop
      vertex -7.5 -5 5.404999999999999
      vertex -1.4137825465313598 -2.358753677500748 5.404999999999999
      vertex -1.2963410262714936 -2.4252834769579765 5.404999999999999
    endloop
  endfacet
  facet normal 0 0 -1
    outer loop
      vertex -7.5 -5 5.404999999999999
      vertex -1.2963410262714936 -2.4252834769579765 5.404999999999999
      vertex -1.1757765069332757 -2.485970556089469 5.404999999999999
    endloop
  endfacet
  facet normal 0 0 -1
    outer loop
      vertex -7.5 -5 5.404999999999999
      vertex -1.527818140803906 -2.2865414338319994 5.404999999999999
      vertex -1.4137825465313598 -2.358753677500748 5.404999999999999
    endloop
  endfacet
  facet normal 0 0 -1
    outer loop
      vertex -7.5 -5 5.404999999999999
      vertex -1.1757765069332757 -2.485970556089469 5.404999999999999
      vertex -1.0523794390039969 -2.5406687144060385 5.404999999999999
    endloop
  endfacet
  facet normal 0 0 -1
    outer loop
      vertex -7.5 -5 5.404999999999999
      vertex -2.2088207115717737 -1.6381730873541918 5.404999999999999
      vertex -2.125778746747527 -1.744581531450025 5.404999999999999
    endloop
  endfacet
  facet normal 0 0 -1
    outer loop
      vertex -7.5 -5 5.404999999999999
      vertex -2.2865414338319994 -1.527818140803906 5.404999999999999
      vertex -2.2088207115717737 -1.6381730873541918 5.404999999999999
    endloop
  endfacet
  facet normal 0 0 -1
    outer loop
      vertex -7.5 -5 5.404999999999999
      vertex -2.358753677500748 -1.4137825465313598 5.404999999999999
      vertex -2.2865414338319994 -1.527818140803906 5.404999999999999
    endloop
  endfacet
  facet normal 0 0 -1
    outer loop
      vertex -7.5 -5 5.404999999999999
      vertex -2.4252834769579765 -1.2963410262714936 5.404999999999999
      vertex -2.358753677500748 -1.4137825465313598 5.404999999999999
    endloop
  endfacet
  facet normal 0 0 -1
    outer loop
      vertex -7.5 -5 5.404999999999999
      vertex -2.485970556089469 -1.1757765069332757 5.404999999999999
      vertex -2.4252834769579765 -1.2963410262714936 5.404999999999999
    endloop
  endfacet
  facet normal 0 0 -1
    outer loop
      vertex -7.5 -5 5.404999999999999
      vertex -2.5406687144060385 -1.0523794390039969 5.404999999999999
      vertex -2.485970556089469 -1.1757765069332757 5.404999999999999
    endloop
  endfacet
  facet normal 0 0 -1
    outer loop
      vertex -7.5 -5 5.404999999999999
      vertex -2.589246179253307 -0.9264470968286052 5.404999999999999
      vertex -2.5406687144060385 -1.0523794390039969 5.404999999999999
    endloop
  endfacet
  facet normal 0 0 -1
    outer loop
      vertex -7.5 -5 5.404999999999999
      vertex -2.6315859232635743 -0.7982828624497714 5.404999999999999
      vertex -2.589246179253307 -0.9264470968286052 5.404999999999999
    endloop
  endfacet
  facet normal 0 0 -1
    outer loop
      vertex -7.5 -5 5.404999999999999
      vertex -2.6629355133716164 -0.6849999999999999 5.404999999999999
      vertex -2.6315859232635743 -0.7982828624497714 5.404999999999999
    endloop
  endfacet
  facet normal 0 0 -1
    outer loop
      vertex -7.5 -5 5.404999999999999
      vertex -1.8467871258293007 -2.0376155947261374 5.404999999999999
      vertex -1.744581531450025 -2.125778746747527 5.404999999999999
    endloop
  endfacet
  facet normal 0 0 -1
    outer loop
      vertex -7.5 -5 5.404999999999999
      vertex -1.9445436482630059 -1.9445436482630059 5.404999999999999
      vertex -1.8467871258293007 -2.0376155947261374 5.404999999999999
    endloop
  endfacet
  facet normal 0 0 -1
    outer loop
      vertex -7.5 -5 5.404999999999999
      vertex -2.0376155947261374 -1.8467871258293007 5.404999999999999
      vertex -1.9445436482630059 -1.9445436482630059 5.404999999999999
    endloop
  endfacet
  facet normal 0 0 -1
    outer loop
      vertex -7.5 -5 5.404999999999999
      vertex -2.125778746747527 -1.744581531450025 5.404999999999999
      vertex -2.0376155947261374 -1.8467871258293007 5.404999999999999
    endloop
  endfacet
  facet normal 0 0 -1
    outer loop
      vertex -7.5 -5 5.404999999999999
      vertex -1.744581531450025 -2.125778746747527 5.404999999999999
      vertex -1.6381730873541918 -2.2088207115717737 5.404999999999999
    endloop
  endfacet
  facet normal 0 0 -1
    outer loop
      vertex -7.5 -5 5.404999999999999
      vertex -2.6629355133716164 0.6849999999999999 5.404999999999999
      vertex -2.6629355133716164 -0.6849999999999999 5.404999999999999
    endloop
  endfacet
  facet normal 0 0 -1
    outer loop
      vertex -7.5 -5 5.404999999999999
      vertex -0.9264470968286052 -2.589246179253307 5.404999999999999
      vertex -0.7982828624497714 -2.6315859232635743 5.404999999999999
    endloop
  endfacet
  facet normal 0 0 -1
    outer loop
      vertex -7.5 -5 5.404999999999999
      vertex -0.7982828624497714 -2.6315859232635743 5.404999999999999
      vertex -0.6681954947339757 -2.667585946284996 5.404999999999999
    endloop
  endfacet
  facet normal 0 0 -1
    outer loop
      vertex -7.5 -5 5.404999999999999
      vertex -0.6681954947339757 -2.667585946284996 5.404999999999999
      vertex -0.5364983855443527 -2.6971595211088837 5.404999999999999
    endloop
  endfacet
  facet normal 0 0 -1
    outer loop
      vertex -7.5 -5 5.404999999999999
      vertex -0.5364983855443527 -2.6971595211088837 5.404999999999999
      vertex -0.4035088047522448 -2.720235402403148 5.404999999999999
    endloop
  endfacet
  facet normal 0 0 -1
    outer loop
      vertex -7.5 -5 5.404999999999999
      vertex -0.4035088047522448 -2.720235402403148 5.404999999999999
      vertex -0.26954713590629165 -2.7367579983485415 5.404999999999999
    endloop
  endfacet
  facet normal 0 0 -1
    outer loop
      vertex -7.5 -5 5.404999999999999
      vertex -0.26954713590629165 -2.7367579983485415 5.404999999999999
      vertex -0.13493610440039955 -2.7466875045642243 5.404999999999999
    endloop
  endfacet
  facet normal 0 0 -1
    outer loop
      vertex -7.5 -5 5.404999999999999
      vertex -0.13493610440039955 -2.7466875045642243 5.404999999999999
      vertex 0 -2.75 5.404999999999999
    endloop
  endfacet
  facet normal 0 0 -1
    outer loop
      vertex -7.5 -5 5.404999999999999
      vertex 0 -2.75 5.404999999999999
      vertex 0.13493610440039955 -2.7466875045642243 5.404999999999999
    endloop
  endfacet
  facet normal 0 0 -1
    outer loop
      vertex -7.5 -5 5.404999999999999
      vertex 0.13493610440039955 -2.7466875045642243 5.404999999999999
      vertex 0.26954713590629165 -2.7367579983485415 5.404999999999999
    endloop
  endfacet
  facet normal 0 0 -1
    outer loop
      vertex -7.5 -5 5.404999999999999
      vertex 0.26954713590629165 -2.7367579983485415 5.404999999999999
      vertex 0.4035088047522448 -2.720235402403148 5.404999999999999
    endloop
  endfacet
  facet normal 0 0 -1
    outer loop
      vertex -7.5 -5 5.404999999999999
      vertex 0.4035088047522448 -2.720235402403148 5.404999999999999
      vertex 0.5364983855443527 -2.6971595211088837 5.404999999999999
    endloop
  endfacet
  facet normal 0 0 -1
    outer loop
      vertex -7.5 -5 5.404999999999999
      vertex 0.5364983855443527 -2.6971595211088837 5.404999999999999
      vertex 0.6681954947339757 -2.667585946284996 5.404999999999999
    endloop
  endfacet
  facet normal 0 0 -1
    outer loop
      vertex -7.5 -5 5.404999999999999
      vertex 0.6681954947339757 -2.667585946284996 5.404999999999999
      vertex 0.7982828624497714 -2.6315859232635743 5.404999999999999
    endloop
  endfacet
  facet normal 0 0 -1
    outer loop
      vertex -0.735 -0.6849999999999999 5.404999999999999
      vertex -2.6629355133716164 -0.6849999999999999 5.404999999999999
      vertex -2.6629355133716164 0.6849999999999999 5.404999999999999
    endloop
  endfacet
  facet normal 0 0 -1
    outer loop
      vertex -0.735 -2.05 5.404999999999999
      vertex -0.735 -0.6849999999999999 5.404999999999999
      vertex 0.735 -0.6849999999999999 5.404999999999999
    endloop
  endfacet
  facet normal 0 0 -1
    outer loop
      vertex -0.735 -0.6849999999999999 5.404999999999999
      vertex -2.6629355133716164 0.6849999999999999 5.404999999999999
      vertex 0.735 -0.6849999999999999 5.404999999999999
    endloop
  endfacet
  facet normal 1 0 0
    outer loop
      vertex -9.75 -6.5 -0.00495
      vertex -9.75 6.5 -0.00495
      vertex -9.75 6.5 0.005
    endloop
  endfacet
  facet normal 0.9230769230769231 0 -0.3846153846153847
    outer loop
      vertex -9.75 -6.5 0.005
      vertex -9.75 6.5 0.005
      vertex -7.5 5 5.404999999999999
    endloop
  endfacet
  facet normal 0 -1 0
    outer loop
      vertex -9.75 6.5 -0.00495
      vertex 9.75 6.5 0.005
      vertex -9.75 6.5 0.005
    endloop
  endfacet
  facet normal 0 -0.9635179096299405 -0.26764386378609467
    outer loop
      vertex -9.75 6.5 0.005
      vertex 9.75 6.5 0.005
      vertex -7.5 5 5.404999999999999
    endloop
  endfacet
  facet normal 0 0 -1
    outer loop
      vertex -7.5 -5 5.404999999999999
      vertex -7.5 5 5.404999999999999
      vertex -2.6629355133716164 0.6849999999999999 5.404999999999999
    endloop
  endfacet
  facet normal 0 0 -1
    outer loop
      vertex -7.5 5 5.404999999999999
      vertex -2.6315859232635743 0.7982828624497714 5.404999999999999
      vertex -2.6629355133716164 0.6849999999999999 5.404999999999999
    endloop
  endfacet
  facet normal 0 0 -1
    outer loop
      vertex -7.5 5 5.404999999999999
      vertex -2.589246179253307 0.9264470968286052 5.404999999999999
      vertex -2.6315859232635743 0.7982828624497714 5.404999999999999
    endloop
  endfacet
  facet normal 0 0 -1
    outer loop
      vertex -7.5 5 5.404999999999999
      vertex -2.5406687144060385 1.0523794390039969 5.404999999999999
      vertex -2.589246179253307 0.9264470968286052 5.404999999999999
    endloop
  endfacet
  facet normal 0 0 -1
    outer loop
      vertex -7.5 5 5.404999999999999
      vertex -2.485970556089469 1.1757765069332757 5.404999999999999
      vertex -2.5406687144060385 1.0523794390039969 5.404999999999999
    endloop
  endfacet
  facet normal 0 0 -1
    outer loop
      vertex -7.5 5 5.404999999999999
      vertex -2.4252834769579765 1.2963410262714936 5.404999999999999
      vertex -2.485970556089469 1.1757765069332757 5.404999999999999
    endloop
  endfacet
  facet normal 0 0 -1
    outer loop
      vertex -7.5 5 5.404999999999999
      vertex -2.358753677500748 1.4137825465313598 5.404999999999999
      vertex -2.4252834769579765 1.2963410262714936 5.404999999999999
    endloop
  endfacet
  facet normal 0 0 -1
    outer loop
      vertex -7.5 5 5.404999999999999
      vertex -2.2865414338319994 1.527818140803906 5.404999999999999
      vertex -2.358753677500748 1.4137825465313598 5.404999999999999
    endloop
  endfacet
  facet normal 0 0 -1
    outer loop
      vertex -7.5 5 5.404999999999999
      vertex -2.2088207115717737 1.6381730873541918 5.404999999999999
      vertex -2.2865414338319994 1.527818140803906 5.404999999999999
    endloop
  endfacet
  facet normal 0 0 -1
    outer loop
      vertex -7.5 5 5.404999999999999
      vertex -2.125778746747527 1.744581531450025 5.404999999999999
      vertex -2.2088207115717737 1.6381730873541918 5.404999999999999
    endloop
  endfacet
  facet normal 0 0 -1
    outer loop
      vertex -7.5 5 5.404999999999999
      vertex -2.0376155947261374 1.8467871258293007 5.404999999999999
      vertex -2.125778746747527 1.744581531450025 5.404999999999999
    endloop
  endfacet
  facet normal 0 0 -1
    outer loop
      vertex -7.5 5 5.404999999999999
      vertex -1.9445436482630059 1.9445436482630059 5.404999999999999
      vertex -2.0376155947261374 1.8467871258293007 5.404999999999999
    endloop
  endfacet
  facet normal 0 0 -1
    outer loop
      vertex -7.5 5 5.404999999999999
      vertex -1.8467871258293007 2.0376155947261374 5.404999999999999
      vertex -1.9445436482630059 1.9445436482630059 5.404999999999999
    endloop
  endfacet
  facet normal 0 0 -1
    outer loop
      vertex -7.5 5 5.404999999999999
      vertex -1.744581531450025 2.125778746747527 5.404999999999999
      vertex -1.8467871258293007 2.0376155947261374 5.404999999999999
    endloop
  endfacet
  facet normal 0 0 -1
    outer loop
      vertex -7.5 5 5.404999999999999
      vertex -1.6381730873541918 2.2088207115717737 5.404999999999999
      vertex -1.744581531450025 2.125778746747527 5.404999999999999
    endloop
  endfacet
  facet normal 0 0 -1
    outer loop
      vertex -7.5 5 5.404999999999999
      vertex -1.527818140803906 2.2865414338319994 5.404999999999999
      vertex -1.6381730873541918 2.2088207115717737 5.404999999999999
    endloop
  endfacet
  facet normal 0 0 -1
    outer loop
      vertex -7.5 5 5.404999999999999
      vertex -1.4137825465313598 2.358753677500748 5.404999999999999
      vertex -1.527818140803906 2.2865414338319994 5.404999999999999
    endloop
  endfacet
  facet normal 0 0 -1
    outer loop
      vertex -7.5 5 5.404999999999999
      vertex -1.2963410262714936 2.4252834769579765 5.404999999999999
      vertex -1.4137825465313598 2.358753677500748 5.404999999999999
    endloop
  endfacet
  facet normal 0 0 -1
    outer loop
      vertex -7.5 5 5.404999999999999
      vertex -1.1757765069332757 2.485970556089469 5.404999999999999
      vertex -1.2963410262714936 2.4252834769579765 5.404999999999999
    endloop
  endfacet
  facet normal 0 0 -1
    outer loop
      vertex -7.5 5 5.404999999999999
      vertex -1.0523794390039969 2.5406687144060385 5.404999999999999
      vertex -1.1757765069332757 2.485970556089469 5.404999999999999
    endloop
  endfacet
  facet normal 0 0 -1
    outer loop
      vertex -7.5 5 5.404999999999999
      vertex -0.9264470968286052 2.589246179253307 5.404999999999999
      vertex -1.0523794390039969 2.5406687144060385 5.404999999999999
    endloop
  endfacet
  facet normal 0 0 -1
    outer loop
      vertex -0.735 0.6849999999999999 5.404999999999999
      vertex 2.6629355133716164 -0.6849999999999999 5.404999999999999
      vertex -2.6629355133716164 0.6849999999999999 5.404999999999999
    endloop
  endfacet
  facet normal 0 0 -1
    outer loop
      vertex -0.735 0.6849999999999999 5.404999999999999
      vertex -0.735 2.05 5.404999999999999
      vertex 0.735 2.05 5.404999999999999
    endloop
  endfacet
  facet normal 0 0 -1
    outer loop
      vertex -7.5 5 5.404999999999999
      vertex -0.7982828624497714 2.6315859232635743 5.404999999999999
      vertex -0.9264470968286052 2.589246179253307 5.404999999999999
    endloop
  endfacet
  facet normal 0 0 -1
    outer loop
      vertex -7.5 5 5.404999999999999
      vertex 7.5 5 5.404999999999999
      vertex -0.7982828624497714 2.6315859232635743 5.404999999999999
    endloop
  endfacet
  facet normal 0 1 0
    outer loop
      vertex -9.75 -6.5 0.005
      vertex 9.75 -6.5 0.005
      vertex 9.75 -6.5 -0.00495
    endloop
  endfacet
  facet normal 0 0.9635179096299408 -0.26764386378609467
    outer loop
      vertex -7.5 -5 5.404999999999999
      vertex 7.5 -5 5.404999999999999
      vertex 9.75 -6.5 0.005
    endloop
  endfacet
  facet normal -0.9230769230769231 0 -0.3846153846153847
    outer loop
      vertex 9.75 -6.5 0.005
      vertex 7.5 -5 5.404999999999999
      vertex 9.75 6.5 0.005
    endloop
  endfacet
  facet normal -1 0 0
    outer loop
      vertex 9.75 -6.5 -0.00495
      vertex 9.75 -6.5 0.005
      vertex 9.75 6.5 -0.00495
    endloop
  endfacet
  facet normal 0 0 -1
    outer loop
      vertex -7.5 -5 5.404999999999999
      vertex 0.7982828624497714 -2.6315859232635743 5.404999999999999
      vertex 7.5 -5 5.404999999999999
    endloop
  endfacet
  facet normal 0 0 -1
    outer loop
      vertex 7.5 -5 5.404999999999999
      vertex 0.7982828624497714 -2.6315859232635743 5.404999999999999
      vertex 0.9264470968286052 -2.589246179253307 5.404999999999999
    endloop
  endfacet
  facet normal 0 0 -1
    outer loop
      vertex -0.735 -2.05 5.404999999999999
      vertex 0.735 -0.6849999999999999 5.404999999999999
      vertex 0.735 -2.05 5.404999999999999
    endloop
  endfacet
  facet normal 0 0 -1
    outer loop
      vertex 0.735 -0.6849999999999999 5.404999999999999
      vertex -2.6629355133716164 0.6849999999999999 5.404999999999999
      vertex 2.6629355133716164 -0.6849999999999999 5.404999999999999
    endloop
  endfacet
  facet normal 0 0 -1
    outer loop
      vertex 7.5 -5 5.404999999999999
      vertex 0.9264470968286052 -2.589246179253307 5.404999999999999
      vertex 1.0523794390039969 -2.5406687144060385 5.404999999999999
    endloop
  endfacet
  facet normal 0 0 -1
    outer loop
      vertex 7.5 -5 5.404999999999999
      vertex 1.0523794390039969 -2.5406687144060385 5.404999999999999
      vertex 1.1757765069332757 -2.485970556089469 5.404999999999999
    endloop
  endfacet
  facet normal 0 0 -1
    outer loop
      vertex 7.5 -5 5.404999999999999
      vertex 1.1757765069332757 -2.485970556089469 5.404999999999999
      vertex 1.2963410262714936 -2.4252834769579765 5.404999999999999
    endloop
  endfacet
  facet normal 0 0 -1
    outer loop
      vertex 7.5 -5 5.404999999999999
      vertex 1.2963410262714936 -2.4252834769579765 5.404999999999999
      vertex 1.4137825465313598 -2.358753677500748 5.404999999999999
    endloop
  endfacet
  facet normal 0 0 -1
    outer loop
      vertex 7.5 -5 5.404999999999999
      vertex 1.4137825465313598 -2.358753677500748 5.404999999999999
      vertex 1.527818140803906 -2.2865414338319994 5.404999999999999
    endloop
  endfacet
  facet normal 0 0 -1
    outer loop
      vertex 7.5 -5 5.404999999999999
      vertex 1.527818140803906 -2.2865414338319994 5.404999999999999
      vertex 1.6381730873541918 -2.2088207115717737 5.404999999999999
    endloop
  endfacet
  facet normal 0 0 -1
    outer loop
      vertex 7.5 -5 5.404999999999999
      vertex 1.6381730873541918 -2.2088207115717737 5.404999999999999
      vertex 1.744581531450025 -2.125778746747527 5.404999999999999
    endloop
  endfacet
  facet normal 0 0 -1
    outer loop
      vertex 7.5 -5 5.404999999999999
      vertex 1.744581531450025 -2.125778746747527 5.404999999999999
      vertex 1.8467871258293007 -2.0376155947261374 5.404999999999999
    endloop
  endfacet
  facet normal 0 0 -1
    outer loop
      vertex 7.5 -5 5.404999999999999
      vertex 1.8467871258293007 -2.0376155947261374 5.404999999999999
      vertex 1.9445436482630059 -1.9445436482630059 5.404999999999999
    endloop
  endfacet
  facet normal 0 0 -1
    outer loop
      vertex 7.5 -5 5.404999999999999
      vertex 1.9445436482630059 -1.9445436482630059 5.404999999999999
      vertex 2.0376155947261374 -1.8467871258293007 5.404999999999999
    endloop
  endfacet
  facet normal 0 0 -1
    outer loop
      vertex 7.5 -5 5.404999999999999
      vertex 2.0376155947261374 -1.8467871258293007 5.404999999999999
      vertex 2.125778746747527 -1.744581531450025 5.404999999999999
    endloop
  endfacet
  facet normal 0 0 -1
    outer loop
      vertex 7.5 -5 5.404999999999999
      vertex 2.125778746747527 -1.744581531450025 5.404999999999999
      vertex 2.2088207115717737 -1.6381730873541918 5.404999999999999
    endloop
  endfacet
  facet normal 0 0 -1
    outer loop
      vertex 7.5 -5 5.404999999999999
      vertex 2.2088207115717737 -1.6381730873541918 5.404999999999999
      vertex 2.2865414338319994 -1.527818140803906 5.404999999999999
    endloop
  endfacet
  facet normal 0 0 -1
    outer loop
      vertex 7.5 -5 5.404999999999999
      vertex 2.2865414338319994 -1.527818140803906 5.404999999999999
      vertex 2.358753677500748 -1.4137825465313598 5.404999999999999
    endloop
  endfacet
  facet normal 0 0 -1
    outer loop
      vertex 7.5 -5 5.404999999999999
      vertex 2.358753677500748 -1.4137825465313598 5.404999999999999
      vertex 2.4252834769579765 -1.2963410262714936 5.404999999999999
    endloop
  endfacet
  facet normal 0 0 -1
    outer loop
      vertex 7.5 -5 5.404999999999999
      vertex 2.4252834769579765 -1.2963410262714936 5.404999999999999
      vertex 2.485970556089469 -1.1757765069332757 5.404999999999999
    endloop
  endfacet
  facet normal 0 0 -1
    outer loop
      vertex 7.5 -5 5.404999999999999
      vertex 2.485970556089469 -1.1757765069332757 5.404999999999999
      vertex 2.5406687144060385 -1.0523794390039969 5.404999999999999
    endloop
  endfacet
  facet normal 0 0 -1
    outer loop
      vertex 7.5 -5 5.404999999999999
      vertex 2.5406687144060385 -1.0523794390039969 5.404999999999999
      vertex 2.589246179253307 -0.9264470968286052 5.404999999999999
    endloop
  endfacet
  facet normal 0 0 -1
    outer loop
      vertex 7.5 -5 5.404999999999999
      vertex 2.589246179253307 -0.9264470968286052 5.404999999999999
      vertex 2.6315859232635743 -0.7982828624497714 5.404999999999999
    endloop
  endfacet
  facet normal 0 0 -1
    outer loop
      vertex 7.5 -5 5.404999999999999
      vertex 2.6315859232635743 -0.7982828624497714 5.404999999999999
      vertex 2.6629355133716164 -0.6849999999999999 5.404999999999999
    endloop
  endfacet
  facet normal 0 0 -1
    outer loop
      vertex 7.5 -5 5.404999999999999
      vertex 2.6629355133716164 -0.6849999999999999 5.404999999999999
      vertex 7.5 5 5.404999999999999
    endloop
  endfacet
  facet normal 0 -1 0
    outer loop
      vertex -9.75 6.5 -0.00495
      vertex 9.75 6.5 -0.00495
      vertex 9.75 6.5 0.005
    endloop
  endfacet
  facet normal 0 -0.9635179096299408 -0.26764386378609467
    outer loop
      vertex -7.5 5 5.404999999999999
      vertex 9.75 6.5 0.005
      vertex 7.5 5 5.404999999999999
    endloop
  endfacet
  facet normal -1 0 0
    outer loop
      vertex 9.75 -6.5 0.005
      vertex 9.75 6.5 0.005
      vertex 9.75 6.5 -0.00495
    endloop
  endfacet
  facet normal -0.923076923076923 0 -0.38461538461538464
    outer loop
      vertex 7.5 -5 5.404999999999999
      vertex 7.5 5 5.404999999999999
      vertex 9.75 6.5 0.005
    endloop
  endfacet
  facet normal 0 0 -1
    outer loop
      vertex -0.735 0.6849999999999999 5.404999999999999
      vertex 0.735 0.6849999999999999 5.404999999999999
      vertex 2.6629355133716164 -0.6849999999999999 5.404999999999999
    endloop
  endfacet
  facet normal 0 0 -1
    outer loop
      vertex -0.735 0.6849999999999999 5.404999999999999
      vertex 0.735 2.05 5.404999999999999
      vertex 0.735 0.6849999999999999 5.404999999999999
    endloop
  endfacet
  facet normal 0 0 -1
    outer loop
      vertex 2.6629355133716164 -0.6849999999999999 5.404999999999999
      vertex 0.735 0.6849999999999999 5.404999999999999
      vertex 2.6629355133716164 0.6849999999999999 5.404999999999999
    endloop
  endfacet
  facet normal 0 0 -1
    outer loop
      vertex 7.5 5 5.404999999999999
      vertex -0.6681954947339757 2.667585946284996 5.404999999999999
      vertex -0.7982828624497714 2.6315859232635743 5.404999999999999
    endloop
  endfacet
  facet normal 0 0 -1
    outer loop
      vertex 7.5 5 5.404999999999999
      vertex -0.5364983855443527 2.6971595211088837 5.404999999999999
      vertex -0.6681954947339757 2.667585946284996 5.404999999999999
    endloop
  endfacet
  facet normal 0 0 -1
    outer loop
      vertex 7.5 5 5.404999999999999
      vertex -0.4035088047522448 2.720235402403148 5.404999999999999
      vertex -0.5364983855443527 2.6971595211088837 5.404999999999999
    endloop
  endfacet
  facet normal 0 0 -1
    outer loop
      vertex 7.5 5 5.404999999999999
      vertex -0.26954713590629165 2.7367579983485415 5.404999999999999
      vertex -0.4035088047522448 2.720235402403148 5.404999999999999
    endloop
  endfacet
  facet normal 0 0 -1
    outer loop
      vertex 7.5 5 5.404999999999999
      vertex -0.13493610440039955 2.7466875045642243 5.404999999999999
      vertex -0.26954713590629165 2.7367579983485415 5.404999999999999
    endloop
  endfacet
  facet normal 0 0 -1
    outer loop
      vertex 7.5 5 5.404999999999999
      vertex 0 2.75 5.404999999999999
      vertex -0.13493610440039955 2.7466875045642243 5.404999999999999
    endloop
  endfacet
  facet normal 0 0 -1
    outer loop
      vertex 7.5 5 5.404999999999999
      vertex 0.13493610440039955 2.7466875045642243 5.404999999999999
      vertex 0 2.75 5.404999999999999
    endloop
  endfacet
  facet normal 0 0 -1
    outer loop
      vertex 7.5 5 5.404999999999999
      vertex 0.26954713590629165 2.7367579983485415 5.404999999999999
      vertex 0.13493610440039955 2.7466875045642243 5.404999999999999
    endloop
  endfacet
  facet normal 0 0 -1
    outer loop
      vertex 7.5 5 5.404999999999999
      vertex 0.4035088047522448 2.720235402403148 5.404999999999999
      vertex 0.26954713590629165 2.7367579983485415 5.404999999999999
    endloop
  endfacet
  facet normal 0 0 -1
    outer loop
      vertex 7.5 5 5.404999999999999
      vertex 0.5364983855443527 2.6971595211088837 5.404999999999999
      vertex 0.4035088047522448 2.720235402403148 5.404999999999999
    endloop
  endfacet
  facet normal 0 0 -1
    outer loop
      vertex 7.5 5 5.404999999999999
      vertex 0.6681954947339757 2.667585946284996 5.404999999999999
      vertex 0.5364983855443527 2.6971595211088837 5.404999999999999
    endloop
  endfacet
  facet normal 0 0 -1
    outer loop
      vertex 7.5 5 5.404999999999999
      vertex 0.7982828624497714 2.6315859232635743 5.404999999999999
      vertex 0.6681954947339757 2.667585946284996 5.404999999999999
    endloop
  endfacet
  facet normal 0 0 -1
    outer loop
      vertex 7.5 5 5.404999999999999
      vertex 0.9264470968286052 2.589246179253307 5.404999999999999
      vertex 0.7982828624497714 2.6315859232635743 5.404999999999999
    endloop
  endfacet
  facet normal 0 0 -1
    outer loop
      vertex 7.5 5 5.404999999999999
      vertex 2.6629355133716164 -0.6849999999999999 5.404999999999999
      vertex 2.6629355133716164 0.6849999999999999 5.404999999999999
    endloop
  endfacet
  facet normal 0 0 -1
    outer loop
      vertex 7.5 5 5.404999999999999
      vertex 1.744581531450025 2.125778746747527 5.404999999999999
      vertex 1.6381730873541918 2.2088207115717737 5.404999999999999
    endloop
  endfacet
  facet normal 0 0 -1
    outer loop
      vertex 7.5 5 5.404999999999999
      vertex 2.125778746747527 1.744581531450025 5.404999999999999
      vertex 2.0376155947261374 1.8467871258293007 5.404999999999999
    endloop
  endfacet
  facet normal 0 0 -1
    outer loop
      vertex 7.5 5 5.404999999999999
      vertex 2.0376155947261374 1.8467871258293007 5.404999999999999
      vertex 1.9445436482630059 1.9445436482630059 5.404999999999999
    endloop
  endfacet
  facet normal 0 0 -1
    outer loop
      vertex 7.5 5 5.404999999999999
      vertex 1.9445436482630059 1.9445436482630059 5.404999999999999
      vertex 1.8467871258293007 2.0376155947261374 5.404999999999999
    endloop
  endfacet
  facet normal 0 0 -1
    outer loop
      vertex 7.5 5 5.404999999999999
      vertex 1.8467871258293007 2.0376155947261374 5.404999999999999
      vertex 1.744581531450025 2.125778746747527 5.404999999999999
    endloop
  endfacet
  facet normal 0 0 -1
    outer loop
      vertex 7.5 5 5.404999999999999
      vertex 2.6629355133716164 0.6849999999999999 5.404999999999999
      vertex 2.6315859232635743 0.7982828624497714 5.404999999999999
    endloop
  endfacet
  facet normal 0 0 -1
    outer loop
      vertex 7.5 5 5.404999999999999
      vertex 2.6315859232635743 0.7982828624497714 5.404999999999999
      vertex 2.589246179253307 0.9264470968286052 5.404999999999999
    endloop
  endfacet
  facet normal 0 0 -1
    outer loop
      vertex 7.5 5 5.404999999999999
      vertex 2.589246179253307 0.9264470968286052 5.404999999999999
      vertex 2.5406687144060385 1.0523794390039969 5.404999999999999
    endloop
  endfacet
  facet normal 0 0 -1
    outer loop
      vertex 7.5 5 5.404999999999999
      vertex 2.5406687144060385 1.0523794390039969 5.404999999999999
      vertex 2.485970556089469 1.1757765069332757 5.404999999999999
    endloop
  endfacet
  facet normal 0 0 -1
    outer loop
      vertex 7.5 5 5.404999999999999
      vertex 2.485970556089469 1.1757765069332757 5.404999999999999
      vertex 2.4252834769579765 1.2963410262714936 5.404999999999999
    endloop
  endfacet
  facet normal 0 0 -1
    outer loop
      vertex 7.5 5 5.404999999999999
      vertex 2.4252834769579765 1.2963410262714936 5.404999999999999
      vertex 2.358753677500748 1.4137825465313598 5.404999999999999
    endloop
  endfacet
  facet normal 0 0 -1
    outer loop
      vertex 7.5 5 5.404999999999999
      vertex 2.358753677500748 1.4137825465313598 5.404999999999999
      vertex 2.2865414338319994 1.527818140803906 5.404999999999999
    endloop
  endfacet
  facet normal 0 0 -1
    outer loop
      vertex 7.5 5 5.404999999999999
      vertex 2.2865414338319994 1.527818140803906 5.404999999999999
      vertex 2.2088207115717737 1.6381730873541918 5.404999999999999
    endloop
  endfacet
  facet normal 0 0 -1
    outer loop
      vertex 7.5 5 5.404999999999999
      vertex 2.2088207115717737 1.6381730873541918 5.404999999999999
      vertex 2.125778746747527 1.744581531450025 5.404999999999999
    endloop
  endfacet
  facet normal 0 0 -1
    outer loop
      vertex 7.5 5 5.404999999999999
      vertex 1.1757765069332757 2.485970556089469 5.404999999999999
      vertex 1.0523794390039969 2.5406687144060385 5.404999999999999
    endloop
  endfacet
  facet normal 0 0 -1
    outer loop
      vertex 7.5 5 5.404999999999999
      vertex 1.527818140803906 2.2865414338319994 5.404999999999999
      vertex 1.4137825465313598 2.358753677500748 5.404999999999999
    endloop
  endfacet
  facet normal 0 0 -1
    outer loop
      vertex 7.5 5 5.404999999999999
      vertex 1.2963410262714936 2.4252834769579765 5.404999999999999
      vertex 1.1757765069332757 2.485970556089469 5.404999999999999
    endloop
  endfacet
  facet normal 0 0 -1
    outer loop
      vertex 7.5 5 5.404999999999999
      vertex 1.4137825465313598 2.358753677500748 5.404999999999999
      vertex 1.2963410262714936 2.4252834769579765 5.404999999999999
    endloop
  endfacet
  facet normal 0 0 -1
    outer loop
      vertex 7.5 5 5.404999999999999
      vertex 1.0523794390039969 2.5406687144060385 5.404999999999999
      vertex 0.9264470968286052 2.589246179253307 5.404999999999999
    endloop
  endfacet
  facet normal 0 0 -1
    outer loop
      vertex 7.5 5 5.404999999999999
      vertex 1.6381730873541918 2.2088207115717737 5.404999999999999
      vertex 1.527818140803906 2.2865414338319994 5.404999999999999
    endloop
  endfacet
  facet normal -3.33831786526667e-15 -0.45547681827199427 0.8902476442073972
    outer loop
      vertex -8.708136686412061 -6.751345799701177 5.960800887059692
      vertex -8.242944900475198 -6.819820723296245 5.925767106815021
      vertex -8.794815938512347 -6.72130818618529 5.976169011560466
    endloop
  endfacet
  facet normal 5.47719513820064e-15 -0.45547681827193376 0.8902476442074284
    outer loop
      vertex -8.619123035262932 -6.775963689053379 5.9482056524778635
      vertex -8.527935082352542 -6.795136715375213 5.938396169596852
      vertex -8.242944900475198 -6.819820723296245 5.925767106815021
    endloop
  endfacet
  facet normal -1.630741718602683e-14 -0.45547681827213315 0.8902476442073263
    outer loop
      vertex -8.527935082352542 -6.795136715375213 5.938396169596852
      vertex -8.434734136611985 -6.808845484752617 5.931382360912186
      vertex -8.242944900475198 -6.819820723296245 5.925767106815021
    endloop
  endfacet
  facet normal -2.551265865805135e-15 -0.4554768182719426 0.8902476442074237
    outer loop
      vertex -8.434734136611985 -6.808845484752617 5.931382360912186
      vertex -8.339682772523357 -6.817076229545655 5.927171270352459
      vertex -8.242944900475198 -6.819820723296245 5.925767106815021
    endloop
  endfacet
  facet normal -3.700763716056003e-15 -0.45547681827199615 0.8902476442073963
    outer loop
      vertex -8.708136686412061 -6.751345799701177 5.960800887059692
      vertex -8.619123035262932 -6.775963689053379 5.9482056524778635
      vertex -8.242944900475198 -6.819820723296245 5.925767106815021
    endloop
  endfacet
  facet normal 6.2841303774608885e-18 -0.27196716915626923 0.9623065306341453
    outer loop
      vertex -9.626184873533804 -2.75055685753271 7.5352236705765225
      vertex -1.4130289760811117 -2.359180569887878 7.6458344766317525
      vertex -9.554116271132795 -2.070552360820166 7.7274066103125465
    endloop
  endfacet
  facet normal 6.194854530704936e-17 -0.21905131513062687 0.9757133397363915
    outer loop
      vertex -9.489028668493708 -1.3855597221114386 7.900973550683448
      vertex -2.5406687144060385 -1.0523794390039969 7.975773777571805
      vertex -9.431078867352298 -0.6972291486714466 8.055506353727203
    endloop
  endfacet
  facet normal -1.0398439202379029e-16 -0.42893200537095727 0.9033367781555499
    outer loop
      vertex -9.560247889093477 -6.054463666905382 6.2959674775648455
      vertex -9.50799543438919 -6.139323370379008 6.255673487918539
      vertex 9.116743159446465 -6.548672511432402 6.061301962021611
    endloop
  endfacet
  facet normal -9.860353145226876e-17 -0.4289320053709639 0.9033367781555467
    outer loop
      vertex -9.26097390276905 -6.431873491777916 6.1167617184903476
      vertex 9.116743159446465 -6.548672511432402 6.061301962021611
      vertex -9.328136540071727 -6.3659740525450825 6.148052793210759
    endloop
  endfacet
  facet normal 3.712539433541875e-17 -0.42893200537095266 0.9033367781555521
    outer loop
      vertex -9.391793825971314 -6.295185412073064 6.1816654106192335
      vertex -9.328136540071727 -6.3659740525450825 6.148052793210759
      vertex 9.116743159446465 -6.548672511432402 6.061301962021611
    endloop
  endfacet
  facet normal 1.2308648928917177e-16 -0.4289320053709489 0.9033367781555539
    outer loop
      vertex -9.45179590292809 -6.219601088721383 6.217555165330693
      vertex 9.116743159446465 -6.548672511432402 6.061301962021611
      vertex -9.50799543438919 -6.139323370379008 6.255673487918539
    endloop
  endfacet
  facet normal 2.525483048953078e-17 -0.42893200537095344 0.9033367781555518
    outer loop
      vertex -9.391793825971314 -6.295185412073064 6.1816654106192335
      vertex 9.116743159446465 -6.548672511432402 6.061301962021611
      vertex -9.45179590292809 -6.219601088721383 6.217555165330693
    endloop
  endfacet
  facet normal -2.3972540531182982e-17 -0.42893200537095477 0.903336778155551
    outer loop
      vertex -9.560247889093477 -6.054463666905382 6.2959674775648455
      vertex 9.116743159446465 -6.548672511432402 6.061301962021611
      vertex -9.579337883749544 -6.019060992313805 6.312777753173314
    endloop
  endfacet
  facet normal 0 -0.4025930748026587 0.9153790559767798
    outer loop
      vertex -9.579337883749544 -6.019060992313805 6.312777753173314
      vertex 9.579337883749544 -6.019060992313805 6.312777753173314
      vertex -9.609314876031265 -5.965822997364835 6.33619236807289
    endloop
  endfacet
  facet normal 0 -0.40259307480266315 0.915379055976778
    outer loop
      vertex -9.609314876031265 -5.965822997364835 6.33619236807289
      vertex 9.609314876031265 -5.965822997364835 6.33619236807289
      vertex -9.654798829936418 -5.87339804223708 6.376841809012606
    endloop
  endfacet
  facet normal -1.1243186325510363e-17 -0.45547681827198294 0.8902476442074032
    outer loop
      vertex -8.960536724630503 -6.645104010203071 6.015157304134181
      vertex -8.879001870749821 -6.685881884125717 5.994294147246281
      vertex 8.97706409145542 -6.635429071071399 6.0201072868961045
    endloop
  endfacet
  facet normal 0 -0.42893200537095794 0.9033367781555495
    outer loop
      vertex -8.97706409145542 -6.635429071071399 6.0201072868961045
      vertex 8.97706409145542 -6.635429071071399 6.0201072868961045
      vertex -9.039985320668347 -6.599425913233972 6.037202690365037
    endloop
  endfacet
  facet normal 0 -0.4554768182719995 0.8902476442073947
    outer loop
      vertex -8.97706409145542 -6.635429071071399 6.0201072868961045
      vertex -8.960536724630503 -6.645104010203071 6.015157304134181
      vertex 8.97706409145542 -6.635429071071399 6.0201072868961045
    endloop
  endfacet
  facet normal 4.497402582023596e-20 -0.4289320053709526 0.9033367781555521
    outer loop
      vertex -9.116743159446465 -6.548672511432402 6.061301962021611
      vertex -9.039985320668347 -6.599425913233972 6.037202690365037
      vertex 9.039985320668345 -6.599425913233972 6.037202690365037
    endloop
  endfacet
  facet normal 3.2119671973529844e-20 -0.42893200537095466 0.903336778155551
    outer loop
      vertex -9.190458045115623 -6.492798640261216 6.0878325895669985
      vertex -9.116743159446465 -6.548672511432402 6.061301962021611
      vertex 9.116743159446465 -6.548672511432402 6.061301962021611
    endloop
  endfacet
  facet normal -2.936979130813146e-17 -0.4554768182719778 0.8902476442074058
    outer loop
      vertex -8.879001870749821 -6.685881884125717 5.994294147246281
      vertex -8.794815938512347 -6.72130818618529 5.976169011560466
      vertex 8.97706409145542 -6.635429071071399 6.0201072868961045
    endloop
  endfacet
  facet normal -1.9012126114111464e-17 -0.4554768182719795 0.890247644207405
    outer loop
      vertex -8.794815938512347 -6.72130818618529 5.976169011560466
      vertex -8.242944900475198 -6.819820723296245 5.925767106815021
      vertex 8.97706409145542 -6.635429071071399 6.0201072868961045
    endloop
  endfacet
  facet normal 2.5238652528475516e-17 -0.42893200537094794 0.9033367781555542
    outer loop
      vertex -9.190458045115623 -6.492798640261216 6.0878325895669985
      vertex 9.116743159446465 -6.548672511432402 6.061301962021611
      vertex -9.26097390276905 -6.431873491777916 6.1167617184903476
    endloop
  endfacet
  facet normal 1.2353823448405008e-17 -0.402593074802661 0.9153790559767789
    outer loop
      vertex -9.654798829936418 -5.87339804223708 6.376841809012606
      vertex 9.609314876031265 -5.965822997364835 6.33619236807289
      vertex -9.695966735664722 -5.776899325463108 6.419282932006281
    endloop
  endfacet
  facet normal 3.184523072316702e-17 -0.4025930748026593 0.9153790559767797
    outer loop
      vertex -9.695966735664722 -5.776899325463108 6.419282932006281
      vertex 9.609314876031265 -5.965822997364835 6.33619236807289
      vertex -9.732689045298956 -5.676484066600457 6.463446590283869
    endloop
  endfacet
  facet normal 5.28320323220874e-17 -0.4025930748026581 0.9153790559767803
    outer loop
      vertex -9.732689045298956 -5.676484066600457 6.463446590283869
      vertex 9.609314876031265 -5.965822997364835 6.33619236807289
      vertex -9.76484144884167 -5.572320155391319 6.509258944218939
    endloop
  endfacet
  facet normal 1.1090407519831153e-16 -0.4025930748026557 0.9153790559767813
    outer loop
      vertex -9.76484144884167 -5.572320155391319 6.509258944218939
      vertex 9.609314876031265 -5.965822997364835 6.33619236807289
      vertex -9.792305384363813 -5.4645864064634795 6.556641349308592
    endloop
  endfacet
  facet normal -2.5658445468537664e-16 -0.4025930748026677 0.915379055976776
    outer loop
      vertex -9.792305384363813 -5.4645864064634795 6.556641349308592
      vertex 9.609314876031265 -5.965822997364835 6.33619236807289
      vertex -9.8078870125294 -5.388192468418251 6.590240184909101
    endloop
  endfacet
  facet normal 0 -0.3764045252735232 0.9264554135810389
    outer loop
      vertex -9.8078870125294 -5.388192468418251 6.590240184909101
      vertex 9.8078870125294 -5.388192468418251 6.590240184909101
      vertex -9.815495379165274 -5.353952298288343 6.60415143718752
    endloop
  endfacet
  facet normal 0 -0.37640452527353346 0.9264554135810346
    outer loop
      vertex -9.815495379165274 -5.353952298288343 6.60415143718752
      vertex 9.815495379165274 -5.353952298288343 6.60415143718752
      vertex -9.834977564572721 -5.241290762874546 6.649924078949204
    endloop
  endfacet
  facet normal 4.944364619094397e-17 -0.37640452527352614 0.9264554135810377
    outer loop
      vertex -9.834977564572721 -5.241290762874546 6.649924078949204
      vertex 9.815495379165274 -5.353952298288343 6.60415143718752
      vertex -9.849490627453015 -5.125788922696691 6.696850692667525
    endloop
  endfacet
  facet normal -5.551417279553293e-17 -0.37640452527353385 0.9264554135810344
    outer loop
      vertex -9.849490627453015 -5.125788922696691 6.696850692667525
      vertex 9.815495379165274 -5.353952298288343 6.60415143718752
      vertex -9.858946548731728 -5.00767396264993 6.744838976628493
    endloop
  endfacet
  facet normal 1.5662894073865687e-16 -0.3764045252735236 0.9264554135810388
    outer loop
      vertex -9.858946548731728 -5.00767396264993 6.744838976628493
      vertex 9.815495379165274 -5.353952298288343 6.60415143718752
      vertex -9.863266341524437 -4.887184071663496 6.79379215834903
    endloop
  endfacet
  facet normal -1.0200029696607036e-17 -0.3764045252735296 0.9264554135810362
    outer loop
      vertex -9.863266341524437 -4.887184071663496 6.79379215834903
      vertex 9.815495379165274 -5.353952298288343 6.60415143718752
      vertex -9.862380699006168 -4.764568385195788 6.843609017940329
    endloop
  endfacet
  facet normal -6.89597132090329e-16 -0.37640452527354906 0.9264554135810283
    outer loop
      vertex -9.862380699006168 -4.764568385195788 6.843609017940329
      vertex 9.815495379165274 -5.353952298288343 6.60415143718752
      vertex -9.86138147420373 -4.744343316916356 6.8518261508025775
    endloop
  endfacet
  facet normal 0 -0.3503085238029745 0.9366343673766092
    outer loop
      vertex -9.86138147420373 -4.744343316916356 6.8518261508025775
      vertex 9.86138147420373 -4.744343316916356 6.8518261508025775
      vertex -9.857717942979708 -4.641671226802293 6.890226309473204
    endloop
  endfacet
  facet normal 6.408457331790372e-18 -0.35030852380297334 0.9366343673766095
    outer loop
      vertex -9.857717942979708 -4.641671226802293 6.890226309473204
      vertex 9.86138147420373 -4.744343316916356 6.8518261508025775
      vertex -9.848060672569574 -4.5175946439076125 6.936631914591125
    endloop
  endfacet
  facet normal 4.256614408733813e-17 -0.3503085238029706 0.9366343673766107
    outer loop
      vertex -9.848060672569574 -4.5175946439076125 6.936631914591125
      vertex 9.86138147420373 -4.744343316916356 6.8518261508025775
      vertex -9.833086399083307 -4.392318221203674 6.983486269111182
    endloop
  endfacet
  facet normal -5.723648036075731e-18 -0.35030852380297295 0.9366343673766097
    outer loop
      vertex -9.833086399083307 -4.392318221203674 6.983486269111182
      vertex 9.86138147420373 -4.744343316916356 6.8518261508025775
      vertex -9.79055419974387 -4.089064626808615 7.096905467349681
    endloop
  endfacet
  facet normal 0 -0.32424518246539785 0.945973076597839
    outer loop
      vertex -9.79055419974387 -4.089064626808615 7.096905467349681
      vertex 9.79055419974387 -4.089064626808615 7.096905467349681
      vertex -9.705060856121086 -3.4239350218551317 7.324887717010435
    endloop
  endfacet
  facet normal 0 -0.29815266623268305 0.9545181965883848
    outer loop
      vertex -9.705060856121086 -3.4239350218551317 7.324887717010435
      vertex 9.705060856121086 -3.4239350218551317 7.324887717010435
      vertex -9.626184873533804 -2.75055685753271 7.5352236705765225
    endloop
  endfacet
  facet normal 2.3072524487309304e-17 -0.27196716915627067 0.962306530634145
    outer loop
      vertex -9.554116271132795 -2.070552360820166 7.7274066103125465
      vertex -1.6381730873541918 -2.2088207115717737 7.68832919501844
      vertex -1.744581531450025 -2.125778746747527 7.71179852352808
    endloop
  endfacet
  facet normal 5.599363360747981e-17 -0.27196716915627017 0.9623065306341451
    outer loop
      vertex -9.626184873533804 -2.75055685753271 7.5352236705765225
      vertex -0.6681954947339757 -2.667585946284996 7.558672917917166
      vertex -1.4130289760811117 -2.359180569887878 7.6458344766317525
    endloop
  endfacet
  facet normal -3.1026172960105186e-14 -0.27196716915709607 0.9623065306339116
    outer loop
      vertex -9.554116271132795 -2.070552360820166 7.7274066103125465
      vertex -1.4130289760811117 -2.359180569887878 7.6458344766317525
      vertex -1.4137825465313598 -2.358753677500748 7.645955125001442
    endloop
  endfacet
  facet normal 3.0682466564189225e-16 -0.2719671691562603 0.9623065306341478
    outer loop
      vertex -9.554116271132795 -2.070552360820166 7.7274066103125465
      vertex -1.4137825465313598 -2.358753677500748 7.645955125001442
      vertex -1.527818140803906 -2.2865414338319994 7.666363756621212
    endloop
  endfacet
  facet normal 5.695587910745439e-17 -0.2719671691562688 0.9623065306341453
    outer loop
      vertex -9.554116271132795 -2.070552360820166 7.7274066103125465
      vertex -1.527818140803906 -2.2865414338319994 7.666363756621212
      vertex -1.6381730873541918 -2.2088207115717737 7.68832919501844
    endloop
  endfacet
  facet normal -8.630334409933736e-17 -0.271967169156256 0.9623065306341491
    outer loop
      vertex -9.626184873533804 -2.75055685753271 7.5352236705765225
      vertex -0.5364983855443527 -2.6971595211088837 7.550314831205042
      vertex -0.6681954947339757 -2.667585946284996 7.558672917917166
    endloop
  endfacet
  facet normal -5.694633504136854e-17 -0.21905131513062345 0.9757133397363923
    outer loop
      vertex -9.489028668493708 -1.3855597221114386 7.900973550683448
      vertex -2.4252834769579765 -1.2963410262714936 7.921003483515215
      vertex -2.485970556089469 -1.1757765069332757 7.948070671636537
    endloop
  endfacet
  facet normal 3.088877645675072e-17 -0.21905131513062623 0.9757133397363916
    outer loop
      vertex -9.489028668493708 -1.3855597221114386 7.900973550683448
      vertex -2.485970556089469 -1.1757765069332757 7.948070671636537
      vertex -2.5406687144060385 -1.0523794390039969 7.975773777571805
    endloop
  endfacet
  facet normal 0 -0.19218197322916503 0.9813593068625499
    outer loop
      vertex -9.431078867352298 -0.6972291486714466 8.055506353727203
      vertex 0.735 -0.6972291486714466 8.055506353727203
      vertex -9.380406473855324 -0.007218889142243976 8.190632736385806
    endloop
  endfacet
  facet normal 0 -0.21905131513062776 0.9757133397363913
    outer loop
      vertex -9.489028668493708 -1.3855597221114386 7.900973550683448
      vertex -0.735 -1.3855597221114386 7.900973550683448
      vertex -2.4252834769579765 -1.2963410262714936 7.921003483515215
    endloop
  endfacet
  facet normal 0 -0.24562278783240343 0.9693654863349727
    outer loop
      vertex -9.554116271132795 -2.070552360820166 7.7274066103125465
      vertex 9.554116271132795 -2.070552360820166 7.7274066103125465
      vertex -9.489028668493708 -1.3855597221114386 7.900973550683448
    endloop
  endfacet
  facet normal 0 -0.219051315130628 0.9757133397363911
    outer loop
      vertex -9.431078867352298 -0.6972291486714466 8.055506353727203
      vertex -2.5406687144060385 -1.0523794390039969 7.975773777571805
      vertex 0.735 -0.6972291486714466 8.055506353727203
    endloop
  endfacet
  facet normal 0 -0.2719671691562695 0.9623065306341452
    outer loop
      vertex -9.626184873533804 -2.75055685753271 7.5352236705765225
      vertex 9.626184873533804 -2.75055685753271 7.5352236705765225
      vertex -0.5364983855443527 -2.6971595211088837 7.550314831205042
    endloop
  endfacet
  facet normal 0 -0.27196716915627367 0.962306530634144
    outer loop
      vertex -9.554116271132795 -2.070552360820166 7.7274066103125465
      vertex -1.744581531450025 -2.125778746747527 7.71179852352808
      vertex 9.554116271132795 -2.070552360820166 7.7274066103125465
    endloop
  endfacet
  facet normal 5.20086169916883e-17 -0.2719671691562702 0.9623065306341452
    outer loop
      vertex 1.1757765069332757 -2.485970556089469 7.610001077889373
      vertex -1.4130289760811117 -2.359180569887878 7.6458344766317525
      vertex -0.6681954947339757 -2.667585946284996 7.558672917917166
    endloop
  endfacet
  facet normal -8.865705342963085e-20 -0.2456227878324034 0.9693654863349727
    outer loop
      vertex 9.554116271132795 -2.070552360820166 7.7274066103125465
      vertex -0.735 -1.3855597221114386 7.900973550683448
      vertex -9.489028668493708 -1.3855597221114386 7.900973550683448
    endloop
  endfacet
  facet normal -3.5444326734421424e-17 -0.13725182580422163 0.9905361862715605
    outer loop
      vertex -9.337133562237092 0.6828087613232018 8.306027167367755
      vertex -2.6629355133716164 0.6849999999999999 8.306330792326976
      vertex -9.30136438073195 1.371191465675636 8.401411651381464
    endloop
  endfacet
  facet normal -4.60450229810701e-17 -0.10903369782159522 0.9940380539694388
    outer loop
      vertex -9.30136438073195 1.371191465675636 8.401411651381464
      vertex -2.1672997291596503 1.6913773094021085 8.436532084037152
      vertex -9.27318510043116 2.056270849685071 8.476556398850242
    endloop
  endfacet
  facet normal -1.174492008834066e-16 -0.13725182580422243 0.9905361862715605
    outer loop
      vertex -9.30136438073195 1.371191465675636 8.401411651381464
      vertex -2.6629355133716164 0.6849999999999999 8.306330792326976
      vertex -2.5649574468296725 0.989413267916301 8.348511257210152
    endloop
  endfacet
  facet normal 1.650325940268594e-15 -0.1372518258041917 0.9905361862715646
    outer loop
      vertex -9.30136438073195 1.371191465675636 8.401411651381464
      vertex -2.5649574468296725 0.989413267916301 8.348511257210152
      vertex -2.5406687144060385 1.0523794390039969 8.357236048959775
    endloop
  endfacet
  facet normal -5.111505306006367e-16 -0.13725182580423673 0.9905361862715584
    outer loop
      vertex -9.30136438073195 1.371191465675636 8.401411651381464
      vertex -2.5406687144060385 1.0523794390039969 8.357236048959775
      vertex -2.5105248894194276 1.1203828185326699 8.36665881223741
    endloop
  endfacet
  facet normal 0 -0.13725182580422315 0.9905361862715603
    outer loop
      vertex -9.30136438073195 1.371191465675636 8.401411651381464
      vertex -2.5105248894194276 1.1203828185326699 8.36665881223741
      vertex -0.735 1.371191465675636 8.401411651381464
    endloop
  endfacet
  facet normal 0 -0.10903369782159625 0.9940380539694389
    outer loop
      vertex -9.30136438073195 1.371191465675636 8.401411651381464
      vertex -0.735 1.371191465675636 8.401411651381464
      vertex -2.1672997291596503 1.6913773094021085 8.436532084037152
    endloop
  endfacet
  facet normal 6.914299487512009e-16 -0.10903369782158111 0.9940380539694404
    outer loop
      vertex -9.27318510043116 2.056270849685071 8.476556398850242
      vertex -2.1672997291596503 1.6913773094021085 8.436532084037152
      vertex -2.125778746747527 1.744581531450025 8.442367930106062
    endloop
  endfacet
  facet normal -1.1528744046852473e-17 -0.10903369782159693 0.9940380539694387
    outer loop
      vertex -9.27318510043116 2.056270849685071 8.476556398850242
      vertex -2.125778746747527 1.744581531450025 8.442367930106062
      vertex -2.0376155947261374 1.8467871258293007 8.453578621536563
    endloop
  endfacet
  facet normal 8.343758482335408e-17 -0.10903369782159372 0.994038053969439
    outer loop
      vertex -9.27318510043116 2.056270849685071 8.476556398850242
      vertex -2.0376155947261374 1.8467871258293007 8.453578621536563
      vertex 0.735 2.05 8.475868564086857
    endloop
  endfacet
  facet normal -4.1634000917543975e-17 -0.08020237593032678 0.9967786007409722
    outer loop
      vertex -9.252663607689172 2.736396497109559 8.53128037949554
      vertex -9.27318510043116 2.056270849685071 8.476556398850242
      vertex 1.4137825465313598 2.358753677500748 8.500894643522537
    endloop
  endfacet
  facet normal 0 -0.1649411029127025 0.9863034181071976
    outer loop
      vertex -9.380406473855324 -0.007218889142243976 8.190632736385806
      vertex 9.380406473855324 -0.007218889142243976 8.190632736385806
      vertex -9.337133562237092 0.6828087613232018 8.306027167367755
    endloop
  endfacet
  facet normal 0 -0.13725182580422102 0.9905361862715606
    outer loop
      vertex -2.6629355133716164 0.6849999999999999 8.306330792326976
      vertex 0.735 0.6849999999999999 8.306330792326976
      vertex -2.5060046961836835 1.1202158725237512 8.366635679670573
    endloop
  endfacet
  facet normal 0 -0.13725182580432754 0.9905361862715457
    outer loop
      vertex -9.337133562237092 0.6828087613232018 8.306027167367755
      vertex 9.337133562237092 0.6828087613232018 8.306027167367755
      vertex -2.6629355133716164 0.6849999999999999 8.306330792326976
    endloop
  endfacet
  facet normal -5.5448399826807555e-14 -0.1372518258035192 0.9905361862716578
    outer loop
      vertex -2.5060046961836835 1.1202158725237512 8.366635679670573
      vertex 0.735 1.371191465675636 8.401411651381464
      vertex -2.5105248894194276 1.1203828185326699 8.36665881223741
    endloop
  endfacet
  facet normal 1.4971022132295066e-18 -0.13725182580422318 0.9905361862715604
    outer loop
      vertex -2.5105248894194276 1.1203828185326699 8.36665881223741
      vertex 0.735 1.371191465675636 8.401411651381464
      vertex -0.735 1.371191465675636 8.401411651381464
    endloop
  endfacet
  facet normal -3.971109830418748e-16 -0.10903369782158726 0.9940380539694398
    outer loop
      vertex -2.0376155947261374 1.8467871258293007 8.453578621536563
      vertex -1.9741873265039134 1.7870641642728982 8.447027750252161
      vertex 0.735 2.05 8.475868564086857
    endloop
  endfacet
  facet normal 0 -0.10903369782159576 0.9940380539694388
    outer loop
      vertex -0.735 1.371191465675636 8.401411651381464
      vertex 0.735 1.371191465675636 8.401411651381464
      vertex -1.9741873265039134 1.7870641642728982 8.447027750252161
    endloop
  endfacet
  facet normal -3.4872119425563205e-17 -0.13725182580422127 0.9905361862715606
    outer loop
      vertex 0.735 1.371191465675636 8.401411651381464
      vertex -2.5060046961836835 1.1202158725237512 8.366635679670573
      vertex 0.735 0.6849999999999999 8.306330792326976
    endloop
  endfacet
  facet normal 2.694952795477351e-16 -0.10903369782159403 0.994038053969439
    outer loop
      vertex 0.735 2.05 8.475868564086857
      vertex -1.9741873265039134 1.7870641642728982 8.447027750252161
      vertex 0.735 1.371191465675636 8.401411651381464
    endloop
  endfacet
  facet normal -7.527968013329645e-16 -0.08020237593035433 0.9967786007409701
    outer loop
      vertex -9.252663607689172 2.736396497109559 8.53128037949554
      vertex -1.1757765069332757 2.485970556089469 8.511130713913364
      vertex 1.1757765069332757 2.485970556089469 8.511130713913365
    endloop
  endfacet
  facet normal 1.1462874311764087e-15 -0.08020237593029342 0.9967786007409749
    outer loop
      vertex -9.252663607689172 2.736396497109559 8.53128037949554
      vertex 1.4137825465313598 2.358753677500748 8.500894643522537
      vertex -1.1757765069332757 2.485970556089469 8.511130713913364
    endloop
  endfacet
  facet normal 0 -0.050669326645255086 0.9987154846788532
    outer loop
      vertex -9.252663607689172 2.736396497109559 8.53128037949554
      vertex 9.252663607689172 2.736396497109559 8.53128037949554
      vertex -9.239849340579477 3.409929925692485 8.565451758454724
    endloop
  endfacet
  facet normal 0 -0.02034161437109772 0.9997930879560918
    outer loop
      vertex -9.239849340579477 3.409929925692485 8.565451758454724
      vertex 9.239849340579477 3.409929925692485 8.565451758454724
      vertex -9.237403883144822 3.730448759049802 8.571972978280476
    endloop
  endfacet
  facet normal 5.263890055317601e-16 -0.020341614371067386 0.9997930879560925
    outer loop
      vertex -9.237403883144822 3.730448759049802 8.571972978280476
      vertex 9.239849340579477 3.409929925692485 8.565451758454724
      vertex -9.23357757091075 3.848594351781149 8.57437674773631
    endloop
  endfacet
  facet normal -5.090361091177004e-16 -0.02034161437111098 0.9997930879560916
    outer loop
      vertex -9.23357757091075 3.848594351781149 8.57437674773631
      vertex 9.239849340579477 3.409929925692485 8.565451758454724
      vertex -9.223908457630992 3.9664941787697523 8.57677551688556
    endloop
  endfacet
  facet normal 5.6303100804926e-17 -0.020341614371092224 0.9997930879560918
    outer loop
      vertex -9.223908457630992 3.9664941787697523 8.57677551688556
      vertex 9.239849340579477 3.409929925692485 8.565451758454724
      vertex -9.209554095821726 4.07524853440983 8.578988213882825
    endloop
  endfacet
  facet normal -6.587103882805328e-23 0.010878178536366363 0.9999408308653723
    outer loop
      vertex -9.208518773883785 4.0839697674414746 8.578893337139075
      vertex -9.209554095821726 4.07524853440983 8.578988213882825
      vertex 9.209554095821725 4.07524853440983 8.578988213882825
    endloop
  endfacet
  facet normal 3.280268253469385e-17 0.010878178536435627 0.9999408308653714
    outer loop
      vertex -9.208518773883785 4.0839697674414746 8.578893337139075
      vertex 9.209554095821725 4.07524853440983 8.578988213882825
      vertex -9.188622021487827 4.201927533787016 8.577610095568716
    endloop
  endfacet
  facet normal -4.58839859645604e-17 0.010878178536424202 0.9999408308653716
    outer loop
      vertex -9.188622021487827 4.201927533787016 8.577610095568716
      vertex 9.209554095821725 4.07524853440983 8.578988213882825
      vertex -9.162985871659075 4.318718447640428 8.576339547979185
    endloop
  endfacet
  facet normal -1.2620996010201543e-16 0.01087817853641814 0.9999408308653716
    outer loop
      vertex -9.162985871659075 4.318718447640428 8.576339547979185
      vertex 9.209554095821725 4.07524853440983 8.578988213882825
      vertex -9.131673502118877 4.434061827454934 8.575084747855131
    endloop
  endfacet
  facet normal -2.312541130715168e-16 0.01087817853641277 0.9999408308653718
    outer loop
      vertex -9.131673502118877 4.434061827454934 8.575084747855131
      vertex 9.209554095821725 4.07524853440983 8.578988213882825
      vertex -9.094761692739683 4.547680614682951 8.57384870926724
    endloop
  endfacet
  facet normal 3.4893437826139462e-16 0.01087817853643525 0.9999408308653714
    outer loop
      vertex -9.094761692739683 4.547680614682951 8.57384870926724
      vertex 9.209554095821725 4.07524853440983 8.578988213882825
      vertex -9.052340627665984 4.659302033350337 8.57263439969684
    endloop
  endfacet
  facet normal -5.336610617687754e-19 0.010878178536433924 0.9999408308653714
    outer loop
      vertex -9.052340627665984 4.659302033350337 8.57263439969684
      vertex 9.052340627665982 4.659302033350338 8.57263439969684
      vertex -9.021093055983588 4.730749512458169 8.571857135273063
    endloop
  endfacet
  facet normal 0 0.043091828978304665 0.9990711157246538
    outer loop
      vertex -9.021093055983588 4.730749512458169 8.571857135273063
      vertex 9.021093055983588 4.730749512458169 8.571857135273063
      vertex -9.004998963225974 4.7690869453510025 8.570203569199855
    endloop
  endfacet
  facet normal -6.021478694310539e-17 0.0430918289782764 0.999071115724655
    outer loop
      vertex -9.004998963225974 4.7690869453510025 8.570203569199855
      vertex 9.021093055983588 4.730749512458169 8.571857135273063
      vertex -8.953266802292232 4.8770886364754436 8.565545251758735
    endloop
  endfacet
  facet normal -5.006892122108151e-17 0.04309182897827765 0.999071115724655
    outer loop
      vertex -8.953266802292232 4.8770886364754436 8.565545251758735
      vertex 9.021093055983588 4.730749512458169 8.571857135273063
      vertex -8.896365371581064 4.9822263433566105 8.561010463381027
    endloop
  endfacet
  facet normal 1.7042708382135143e-16 0.04309182897829333 0.9990711157246542
    outer loop
      vertex -8.896365371581064 4.9822263433566105 8.561010463381027
      vertex 9.021093055983588 4.730749512458169 8.571857135273063
      vertex -8.834435035975325 5.084252298742003 8.556609890737482
    endloop
  endfacet
  facet normal -4.3671285460715415e-16 0.04309182897826271 0.9990711157246556
    outer loop
      vertex -8.834435035975325 5.084252298742003 8.556609890737482
      vertex 9.021093055983588 4.730749512458169 8.571857135273063
      vertex -8.767627736186322 5.182926515698149 8.552353884918963
    endloop
  endfacet
  facet normal 2.277912992242244e-16 0.04309182897828882 0.9990711157246545
    outer loop
      vertex -8.767627736186322 5.182926515698149 8.552353884918963
      vertex 9.021093055983588 4.730749512458169 8.571857135273063
      vertex -8.696106597367852 5.278017310035742 8.548252438903248
    endloop
  endfacet
  facet normal 1.0204030905059857e-16 0.04309182897828411 0.9990711157246547
    outer loop
      vertex -8.696106597367852 5.278017310035742 8.548252438903248
      vertex 8.696106597367852 5.278017310035742 8.548252438903246
      vertex -8.62004551619183 5.3693018006954985 8.544315165972455
    endloop
  endfacet
  facet normal 0 0.043091828978428164 0.9990711157246486
    outer loop
      vertex -8.62004551619183 5.3693018006954985 8.544315165972455
      vertex 8.62004551619183 5.3693018006954985 8.544315165972455
      vertex -8.614929283191316 5.374853700566278 8.544075702018416
    endloop
  endfacet
  facet normal 0 0.07640505064194361 0.9970768617495855
    outer loop
      vertex -8.614929283191316 5.374853700566278 8.544075702018416
      vertex 8.614929283191316 5.374853700566278 8.544075702018416
      vertex -8.54081595616444 5.457403455277808 8.537749992906937
    endloop
  endfacet
  facet normal 4.4709177755895654e-18 0.07640505064194453 0.9970768617495854
    outer loop
      vertex -8.54081595616444 5.457403455277808 8.537749992906937
      vertex 8.614929283191316 5.374853700566278 8.544075702018416
      vertex -8.457476495798495 5.541262354765467 8.531323965277643
    endloop
  endfacet
  facet normal 6.880689643317119e-18 0.07640505064194479 0.9970768617495854
    outer loop
      vertex -8.457476495798495 5.541262354765467 8.531323965277643
      vertex 8.614929283191316 5.374853700566278 8.544075702018416
      vertex -8.370148005636539 5.620630005328882 8.52524209777749
    endloop
  endfacet
  facet normal 1.2627305780427476e-16 0.07640505064195298 0.9970768617495848
    outer loop
      vertex -8.370148005636539 5.620630005328882 8.52524209777749
      vertex 8.614929283191316 5.374853700566278 8.544075702018416
      vertex -8.279039508150278 5.695326621557643 8.51951816719131
    endloop
  endfacet
  facet normal -2.383518306648976e-16 0.07640505064193387 0.9970768617495862
    outer loop
      vertex -8.279039508150278 5.695326621557643 8.51951816719131
      vertex 8.614929283191316 5.374853700566278 8.544075702018416
      vertex -8.184368060566861 5.765183424253869 8.51416510690835
    endloop
  endfacet
  facet normal -5.102512588739159e-17 0.0764050506419419 0.9970768617495858
    outer loop
      vertex -8.184368060566861 5.765183424253869 8.51416510690835
      vertex 8.614929283191316 5.374853700566278 8.544075702018416
      vertex -8.08635825685468 5.830042942795886 8.50919498375243
    endloop
  endfacet
  facet normal -2.0979240703109335e-16 0.07640505064193612 0.9970768617495861
    outer loop
      vertex -8.08635825685468 5.830042942795886 8.50919498375243
      vertex 8.614929283191316 5.374853700566278 8.544075702018416
      vertex -7.9852417211540105 5.8897592938005765 8.504618976628306
    endloop
  endfacet
  facet normal 1.689813917695844e-16 0.11092664043985424 0.9938285971135703
    outer loop
      vertex -7.74267356746363 6.006009395328137 8.495710842024963
      vertex 6.861547425439575 6.182252657895189 8.476039368419247
      vertex -7.66620067798162 6.037057390199983 8.492245405657433
    endloop
  endfacet
  facet normal -1.9874092107000984e-17 0.1109266404398729 0.9938285971135683
    outer loop
      vertex -7.66620067798162 6.037057390199983 8.492245405657433
      vertex 6.861547425439575 6.182252657895189 8.476039368419247
      vertex -7.555778233711364 6.075330821371777 8.487973498861509
    endloop
  endfacet
  facet normal 0 0.07640505064195523 0.9970768617495845
    outer loop
      vertex -7.9852417211540105 5.8897592938005765 8.504618976628306
      vertex 7.9852417211540105 5.8897592938005765 8.504618976628306
      vertex -7.881256593520679 5.944198436308397 8.500447356967094
    endloop
  endfacet
  facet normal 0 0.07640505064194471 0.9970768617495854
    outer loop
      vertex -7.881256593520679 5.944198436308397 8.500447356967094
      vertex 7.881256593520679 5.944198436308397 8.500447356967094
      vertex -7.774647008790925 5.9932384037273785 8.496689470952617
    endloop
  endfacet
  facet normal 0 0.07640505064191119 0.9970768617495881
    outer loop
      vertex -7.774647008790925 5.9932384037273785 8.496689470952617
      vertex 7.774647008790925 5.9932384037273785 8.496689470952617
      vertex -7.74267356746363 6.006009395328137 8.495710842024963
    endloop
  endfacet
  facet normal 7.43324601381065e-17 0.11092664043986036 0.9938285971135697
    outer loop
      vertex -7.555778233711364 6.075330821371777 8.487973498861509
      vertex 6.861547425439575 6.182252657895189 8.476039368419247
      vertex -7.443413048471039 6.1078556482682504 8.484343225201652
    endloop
  endfacet
  facet normal -2.5789163629553753e-16 0.11092664043992345 0.9938285971135626
    outer loop
      vertex -7.443413048471039 6.1078556482682504 8.484343225201652
      vertex 6.861547425439575 6.182252657895189 8.476039368419247
      vertex -7.329362210893051 6.134562195823263 8.481362361492728
    endloop
  endfacet
  facet normal -5.929763805626929e-17 0.11092664043986507 0.9938285971135691
    outer loop
      vertex -7.329362210893051 6.134562195823263 8.481362361492728
      vertex 6.861547425439575 6.182252657895189 8.476039368419247
      vertex -7.213886058025233 6.155393336120028 8.479037284093705
    endloop
  endfacet
  facet normal -1.667401754743441e-17 0.110926640439843 0.9938285971135715
    outer loop
      vertex -7.213886058025233 6.155393336120028 8.479037284093705
      vertex 6.861547425439575 6.182252657895189 8.476039368419247
      vertex -7.097247681342755 6.170304561351581 8.477372960764127
    endloop
  endfacet
  facet normal -4.8494667146322525e-17 0.11092664043987975 0.9938285971135674
    outer loop
      vertex -7.097247681342755 6.170304561351581 8.477372960764127
      vertex 6.861547425439575 6.182252657895189 8.476039368419247
      vertex -6.979712432018953 6.179264040197844 8.476372944371567
    endloop
  endfacet
  facet normal -1.3582451314760597e-16 0.1109266404402792 0.9938285971135229
    outer loop
      vertex -6.979712432018953 6.179264040197844 8.476372944371567
      vertex 6.861547425439575 6.182252657895189 8.476039368419247
      vertex -6.861547425439575 6.182252657895188 8.476039368419245
    endloop
  endfacet
  facet normal 4.7962151592712795e-17 -0.4554768182718727 0.8902476442074595
    outer loop
      vertex -8.242944900475198 -6.819820723296245 5.925767106815021
      vertex 8.242944900475198 -6.819820723296245 5.92576710681502
      vertex 8.339682772523359 -6.817076229545655 5.927171270352458
    endloop
  endfacet
  facet normal 7.371446381047837e-17 -0.45547681827199604 0.8902476442073963
    outer loop
      vertex -8.242944900475198 -6.819820723296245 5.925767106815021
      vertex 8.339682772523359 -6.817076229545655 5.927171270352458
      vertex 8.434734136611985 -6.808845484752617 5.931382360912186
    endloop
  endfacet
  facet normal 5.749776086611929e-17 -0.45547681827197645 0.8902476442074064
    outer loop
      vertex -8.242944900475198 -6.819820723296245 5.925767106815021
      vertex 8.434734136611985 -6.808845484752617 5.931382360912186
      vertex 8.527935082352544 -6.795136715375212 5.938396169596851
    endloop
  endfacet
  facet normal 1.0898391304337423e-16 -0.4554768182720043 0.8902476442073923
    outer loop
      vertex -8.242944900475198 -6.819820723296245 5.925767106815021
      vertex 8.527935082352544 -6.795136715375212 5.938396169596851
      vertex 8.619123035262932 -6.775963689053379 5.9482056524778635
    endloop
  endfacet
  facet normal 9.126026715593402e-17 -0.45547681827199876 0.890247644207395
    outer loop
      vertex -8.242944900475198 -6.819820723296245 5.925767106815021
      vertex 8.619123035262932 -6.775963689053379 5.9482056524778635
      vertex 8.708136686412061 -6.751345799701178 5.960800887059692
    endloop
  endfacet
  facet normal -2.6178181994785664e-17 -0.4554768182719758 0.8902476442074067
    outer loop
      vertex -8.242944900475198 -6.819820723296245 5.925767106815021
      vertex 8.708136686412061 -6.751345799701178 5.960800887059692
      vertex 8.794815938512345 -6.72130818618529 5.976169011560466
    endloop
  endfacet
  facet normal 0 -0.4289320053709579 0.9033367781555495
    outer loop
      vertex -9.039985320668347 -6.599425913233972 6.037202690365037
      vertex 8.97706409145542 -6.635429071071399 6.0201072868961045
      vertex 9.039985320668345 -6.599425913233972 6.037202690365037
    endloop
  endfacet
  facet normal 0 -0.4289320053709526 0.903336778155552
    outer loop
      vertex -9.116743159446465 -6.548672511432402 6.061301962021611
      vertex 9.039985320668345 -6.599425913233972 6.037202690365037
      vertex 9.116743159446465 -6.548672511432402 6.061301962021611
    endloop
  endfacet
  facet normal 3.749728592775189e-16 -0.4289320053709431 0.9033367781555566
    outer loop
      vertex -9.579337883749544 -6.019060992313805 6.312777753173314
      vertex 9.116743159446465 -6.548672511432402 6.061301962021611
      vertex 9.190458045115623 -6.492798640261216 6.087832589566998
    endloop
  endfacet
  facet normal -9.490120431855486e-17 -0.4289320053709584 0.9033367781555494
    outer loop
      vertex -9.579337883749544 -6.019060992313805 6.312777753173314
      vertex 9.190458045115623 -6.492798640261216 6.087832589566998
      vertex 9.26097390276905 -6.431873491777916 6.1167617184903476
    endloop
  endfacet
  facet normal 3.396288391220249e-17 -0.42893200537095383 0.9033367781555515
    outer loop
      vertex -9.579337883749544 -6.019060992313805 6.312777753173314
      vertex 9.26097390276905 -6.431873491777916 6.1167617184903476
      vertex 9.328136540071727 -6.3659740525450825 6.148052793210758
    endloop
  endfacet
  facet normal -1.4937745558412992e-16 -0.4289320053709618 0.9033367781555477
    outer loop
      vertex -9.579337883749544 -6.019060992313805 6.312777753173314
      vertex 9.328136540071727 -6.3659740525450825 6.148052793210758
      vertex 9.391793825971314 -6.295185412073064 6.1816654106192335
    endloop
  endfacet
  facet normal 1.8749590472576077e-18 -0.4289320053709534 0.9033367781555516
    outer loop
      vertex -9.579337883749544 -6.019060992313805 6.312777753173314
      vertex 9.391793825971314 -6.295185412073064 6.1816654106192335
      vertex 9.45179590292809 -6.219601088721383 6.217555165330693
    endloop
  endfacet
  facet normal -1.180878902995949e-17 -0.45547681827197783 0.8902476442074058
    outer loop
      vertex -8.242944900475198 -6.819820723296245 5.925767106815021
      vertex 8.794815938512345 -6.72130818618529 5.976169011560466
      vertex 8.879001870749821 -6.685881884125717 5.994294147246281
    endloop
  endfacet
  facet normal 3.9239222226865536e-17 -0.4554768182719827 0.8902476442074032
    outer loop
      vertex -8.242944900475198 -6.819820723296245 5.925767106815021
      vertex 8.879001870749821 -6.685881884125717 5.994294147246281
      vertex 8.960536724630503 -6.645104010203071 6.015157304134181
    endloop
  endfacet
  facet normal 2.5731542023999544e-16 -0.4554768182719997 0.8902476442073946
    outer loop
      vertex -8.242944900475198 -6.819820723296245 5.925767106815021
      vertex 8.960536724630503 -6.645104010203071 6.015157304134181
      vertex 8.97706409145542 -6.635429071071399 6.0201072868961045
    endloop
  endfacet
  facet normal -4.666200219866797e-17 -0.4289320053709571 0.9033367781555499
    outer loop
      vertex -9.579337883749544 -6.019060992313805 6.312777753173314
      vertex 9.45179590292809 -6.219601088721383 6.217555165330693
      vertex 9.50799543438919 -6.139323370379008 6.25567348791854
    endloop
  endfacet
  facet normal 4.018813872029853e-17 -0.42893200537094583 0.9033367781555551
    outer loop
      vertex -9.579337883749544 -6.019060992313805 6.312777753173314
      vertex 9.50799543438919 -6.139323370379008 6.25567348791854
      vertex 9.560247889093477 -6.054463666905381 6.2959674775648455
    endloop
  endfacet
  facet normal 0 -0.4289320053709636 0.9033367781555469
    outer loop
      vertex -9.579337883749544 -6.019060992313805 6.312777753173314
      vertex 9.560247889093477 -6.054463666905381 6.2959674775648455
      vertex 9.579337883749544 -6.019060992313805 6.312777753173314
    endloop
  endfacet
  facet normal 0 -0.40259307480265877 0.9153790559767799
    outer loop
      vertex -9.609314876031265 -5.965822997364835 6.33619236807289
      vertex 9.579337883749544 -6.019060992313805 6.312777753173314
      vertex 9.609314876031265 -5.965822997364835 6.33619236807289
    endloop
  endfacet
  facet normal 4.724198357988204e-17 -0.40259307480265916 0.9153790559767797
    outer loop
      vertex -9.8078870125294 -5.388192468418251 6.590240184909101
      vertex 9.609314876031265 -5.965822997364835 6.33619236807289
      vertex 9.65479882993642 -5.873398042237081 6.376841809012605
    endloop
  endfacet
  facet normal -1.2148907153148692e-16 -0.40259307480266493 0.9153790559767774
    outer loop
      vertex -9.8078870125294 -5.388192468418251 6.590240184909101
      vertex 9.65479882993642 -5.873398042237081 6.376841809012605
      vertex 9.695966735664724 -5.776899325463108 6.419282932006281
    endloop
  endfacet
  facet normal 7.962820861054412e-18 -0.4025930748026593 0.9153790559767796
    outer loop
      vertex -9.8078870125294 -5.388192468418251 6.590240184909101
      vertex 9.695966735664724 -5.776899325463108 6.419282932006281
      vertex 9.732689045298956 -5.676484066600457 6.463446590283869
    endloop
  endfacet
  facet normal -2.2229907202962775e-17 -0.40259307480266104 0.9153790559767789
    outer loop
      vertex -9.8078870125294 -5.388192468418251 6.590240184909101
      vertex 9.732689045298956 -5.676484066600457 6.463446590283869
      vertex 9.764841448841672 -5.57232015539132 6.509258944218939
    endloop
  endfacet
  facet normal -2.6560255803680145e-18 -0.4025930748026593 0.9153790559767797
    outer loop
      vertex -9.8078870125294 -5.388192468418251 6.590240184909101
      vertex 9.764841448841672 -5.57232015539132 6.509258944218939
      vertex 9.792305384363813 -5.4645864064634795 6.556641349308593
    endloop
  endfacet
  facet normal 0 -0.4025930748026587 0.9153790559767799
    outer loop
      vertex -9.8078870125294 -5.388192468418251 6.590240184909101
      vertex 9.792305384363813 -5.4645864064634795 6.556641349308593
      vertex 9.8078870125294 -5.388192468418251 6.590240184909101
    endloop
  endfacet
  facet normal 0 -0.3764045252735232 0.9264554135810388
    outer loop
      vertex -9.815495379165274 -5.353952298288343 6.60415143718752
      vertex 9.8078870125294 -5.388192468418251 6.590240184909101
      vertex 9.815495379165274 -5.353952298288343 6.60415143718752
    endloop
  endfacet
  facet normal -1.2677790578659862e-16 -0.3764045252735337 0.9264554135810346
    outer loop
      vertex -9.86138147420373 -4.744343316916356 6.8518261508025775
      vertex 9.815495379165274 -5.353952298288343 6.60415143718752
      vertex 9.834977564572721 -5.241290762874546 6.649924078949204
    endloop
  endfacet
  facet normal 8.910429446832764e-17 -0.3764045252735261 0.9264554135810376
    outer loop
      vertex -9.86138147420373 -4.744343316916356 6.8518261508025775
      vertex 9.834977564572721 -5.241290762874546 6.649924078949204
      vertex 9.849490627453015 -5.125788922696691 6.696850692667525
    endloop
  endfacet
  facet normal 4.972185547975148e-17 -0.3764045252735279 0.9264554135810369
    outer loop
      vertex -9.86138147420373 -4.744343316916356 6.8518261508025775
      vertex 9.849490627453015 -5.125788922696691 6.696850692667525
      vertex 9.858946548731728 -5.00767396264993 6.744838976628492
    endloop
  endfacet
  facet normal -2.9673800939435134e-17 -0.3764045252735329 0.9264554135810348
    outer loop
      vertex -9.86138147420373 -4.744343316916356 6.8518261508025775
      vertex 9.858946548731728 -5.00767396264993 6.744838976628492
      vertex 9.863266341524437 -4.887184071663495 6.793792158349031
    endloop
  endfacet
  facet normal -2.1276007901672795e-17 -0.37640452527353196 0.9264554135810353
    outer loop
      vertex -9.86138147420373 -4.744343316916356 6.8518261508025775
      vertex 9.863266341524437 -4.887184071663495 6.793792158349031
      vertex 9.862380699006168 -4.764568385195788 6.84360901794033
    endloop
  endfacet
  facet normal 0 -0.37640452527351415 0.9264554135810424
    outer loop
      vertex -9.86138147420373 -4.744343316916356 6.8518261508025775
      vertex 9.862380699006168 -4.764568385195788 6.84360901794033
      vertex 9.86138147420373 -4.744343316916356 6.8518261508025775
    endloop
  endfacet
  facet normal 1.5833887936614277e-17 -0.35030852380297345 0.9366343673766095
    outer loop
      vertex -9.79055419974387 -4.089064626808615 7.096905467349681
      vertex 9.857717942979708 -4.641671226802293 6.890226309473203
      vertex 9.848060672569575 -4.5175946439076125 6.936631914591124
    endloop
  endfacet
  facet normal 2.030058826896056e-16 -0.3503085238029675 0.9366343673766118
    outer loop
      vertex -9.79055419974387 -4.089064626808615 7.096905467349681
      vertex 9.86138147420373 -4.744343316916356 6.8518261508025775
      vertex 9.857717942979708 -4.641671226802293 6.890226309473203
    endloop
  endfacet
  facet normal -6.063957869893384e-17 -0.3503085238029764 0.9366343673766084
    outer loop
      vertex -9.79055419974387 -4.089064626808615 7.096905467349681
      vertex 9.848060672569575 -4.5175946439076125 6.936631914591124
      vertex 9.833086399083307 -4.392318221203674 6.983486269111182
    endloop
  endfacet
  facet normal 0 -0.350308523802973 0.9366343673766098
    outer loop
      vertex -9.79055419974387 -4.089064626808615 7.096905467349681
      vertex 9.833086399083307 -4.392318221203674 6.983486269111182
      vertex 9.79055419974387 -4.089064626808615 7.096905467349681
    endloop
  endfacet
  facet normal -1.557432841479568e-17 -0.2719671691562707 0.962306530634145
    outer loop
      vertex 9.554116271132795 -2.070552360820166 7.7274066103125465
      vertex -1.744581531450025 -2.125778746747527 7.71179852352808
      vertex -0.055177473275142885 -2.2476810727018863 7.677346475819826
    endloop
  endfacet
  facet normal -8.283898059742116e-17 -0.2190513151306273 0.9757133397363914
    outer loop
      vertex 2.5055986482059276 -1.1314962406362101 7.958011757990166
      vertex 0.735 -0.6972291486714466 8.055506353727203
      vertex -2.5406687144060385 -1.0523794390039969 7.975773777571805
    endloop
  endfacet
  facet normal 0 -0.19218197322916503 0.98135930686255
    outer loop
      vertex 0.735 -0.6972291486714466 8.055506353727203
      vertex 9.431078867352298 -0.6972291486714466 8.055506353727203
      vertex -9.380406473855324 -0.007218889142243976 8.190632736385806
    endloop
  endfacet
  facet normal 0 -0.2190513151306256 0.9757133397363917
    outer loop
      vertex 9.489028668493708 -1.3855597221114386 7.900973550683448
      vertex -2.5406687144060385 -1.0523794390039969 7.975773777571805
      vertex -0.735 -1.3855597221114386 7.900973550683448
    endloop
  endfacet
  facet normal 0 -0.3242451824653978 0.945973076597839
    outer loop
      vertex -9.705060856121086 -3.4239350218551317 7.324887717010435
      vertex 9.79055419974387 -4.089064626808615 7.096905467349681
      vertex 9.705060856121086 -3.4239350218551317 7.324887717010435
    endloop
  endfacet
  facet normal 0 -0.29815266623268305 0.9545181965883848
    outer loop
      vertex -9.626184873533804 -2.75055685753271 7.5352236705765225
      vertex 9.705060856121086 -3.4239350218551317 7.324887717010435
      vertex 9.626184873533804 -2.75055685753271 7.5352236705765225
    endloop
  endfacet
  facet normal -4.913520592896618e-18 -0.2719671691562704 0.962306530634145
    outer loop
      vertex 9.626184873533804 -2.75055685753271 7.5352236705765225
      vertex 0.9264470968286052 -2.589246179253307 7.580813310810406
      vertex -0.5364983855443527 -2.6971595211088837 7.550314831205042
    endloop
  endfacet
  facet normal 1.923509173054854e-16 -0.27196716915626057 0.9623065306341477
    outer loop
      vertex 9.626184873533804 -2.75055685753271 7.5352236705765225
      vertex 1.0523794390039969 -2.5406687144060385 7.594542278845771
      vertex 0.9264470968286052 -2.589246179253307 7.580813310810406
    endloop
  endfacet
  facet normal -1.356853752947598e-16 -0.2719671691562647 0.9623065306341465
    outer loop
      vertex 9.554116271132795 -2.070552360820166 7.7274066103125465
      vertex -0.055177473275142885 -2.2476810727018863 7.677346475819826
      vertex 1.4137825465313598 -2.358753677500748 7.645955125001442
    endloop
  endfacet
  facet normal -3.2778376174965673e-17 -0.2719671691562692 0.9623065306341453
    outer loop
      vertex 9.626184873533804 -2.75055685753271 7.5352236705765225
      vertex 1.1757765069332757 -2.485970556089469 7.610001077889373
      vertex 1.0523794390039969 -2.5406687144060385 7.594542278845771
    endloop
  endfacet
  facet normal 3.057969031352973e-17 -0.2719671691562671 0.962306530634146
    outer loop
      vertex 9.626184873533804 -2.75055685753271 7.5352236705765225
      vertex 1.2963410262714936 -2.4252834769579765 7.627152466340283
      vertex 1.1757765069332757 -2.485970556089469 7.610001077889373
    endloop
  endfacet
  facet normal -4.70912810847694e-16 -0.2719671691562791 0.9623065306341425
    outer loop
      vertex 9.626184873533804 -2.75055685753271 7.5352236705765225
      vertex 1.4137825465313598 -2.358753677500748 7.645955125001442
      vertex 1.2963410262714936 -2.4252834769579765 7.627152466340283
    endloop
  endfacet
  facet normal -1.2853946425211306e-16 -0.2190513151306299 0.9757133397363907
    outer loop
      vertex 9.489028668493708 -1.3855597221114386 7.900973550683448
      vertex 2.5055986482059276 -1.1314962406362101 7.958011757990166
      vertex -2.5406687144060385 -1.0523794390039969 7.975773777571805
    endloop
  endfacet
  facet normal 0 -0.19218197322916503 0.9813593068625499
    outer loop
      vertex -9.380406473855324 -0.007218889142243976 8.190632736385806
      vertex 9.431078867352298 -0.6972291486714466 8.055506353727203
      vertex 9.380406473855324 -0.007218889142243976 8.190632736385806
    endloop
  endfacet
  facet normal 0 -0.219051315130623 0.9757133397363923
    outer loop
      vertex 9.431078867352298 -0.6972291486714466 8.055506353727203
      vertex 0.735 -0.6972291486714466 8.055506353727203
      vertex 2.6315859232635743 -0.7982828624497714 8.032819414848253
    endloop
  endfacet
  facet normal 1.674295899406741e-16 -0.21905131513062231 0.9757133397363924
    outer loop
      vertex 9.489028668493708 -1.3855597221114386 7.900973550683448
      vertex 2.5406687144060385 -1.0523794390039969 7.975773777571805
      vertex 2.5055986482059276 -1.1314962406362101 7.958011757990166
    endloop
  endfacet
  facet normal 1.4672306325137765e-16 -0.21905131513062273 0.9757133397363923
    outer loop
      vertex 9.489028668493708 -1.3855597221114386 7.900973550683448
      vertex 2.589246179253307 -0.9264470968286052 8.004046062112316
      vertex 2.5406687144060385 -1.0523794390039969 7.975773777571805
    endloop
  endfacet
  facet normal -7.591003630289209e-20 -0.24562278783240343 0.9693654863349727
    outer loop
      vertex 9.554116271132795 -2.070552360820166 7.7274066103125465
      vertex 9.489028668493708 -1.3855597221114386 7.900973550683448
      vertex -0.735 -1.3855597221114386 7.900973550683448
    endloop
  endfacet
  facet normal -8.4528759697592175e-16 -0.21905131513063697 0.9757133397363891
    outer loop
      vertex 9.489028668493708 -1.3855597221114386 7.900973550683448
      vertex 2.6315859232635743 -0.7982828624497714 8.032819414848253
      vertex 2.589246179253307 -0.9264470968286052 8.004046062112316
    endloop
  endfacet
  facet normal 3.7399542782404116e-17 -0.27196716915626923 0.9623065306341454
    outer loop
      vertex 9.626184873533804 -2.75055685753271 7.5352236705765225
      vertex 9.554116271132795 -2.070552360820166 7.7274066103125465
      vertex 1.4137825465313598 -2.358753677500748 7.645955125001442
    endloop
  endfacet
  facet normal 5.893063508325067e-17 -0.21905131513062684 0.9757133397363914
    outer loop
      vertex 9.489028668493708 -1.3855597221114386 7.900973550683448
      vertex 9.431078867352298 -0.6972291486714466 8.055506353727203
      vertex 2.6315859232635743 -0.7982828624497714 8.032819414848253
    endloop
  endfacet
  facet normal 0 -0.10903369782172531 0.9940380539694246
    outer loop
      vertex -9.27318510043116 2.056270849685071 8.476556398850242
      vertex 0.735 2.05 8.475868564086857
      vertex 9.27318510043116 2.056270849685071 8.476556398850242
    endloop
  endfacet
  facet normal 5.003644551297678e-21 -0.1372518258043275 0.9905361862715457
    outer loop
      vertex 9.337133562237092 0.6828087613232018 8.306027167367755
      vertex 0.735 0.6849999999999999 8.306330792326976
      vertex -2.6629355133716164 0.6849999999999999 8.306330792326976
    endloop
  endfacet
  facet normal 0 -0.08020237593032822 0.9967786007409722
    outer loop
      vertex 9.27318510043116 2.056270849685071 8.476556398850242
      vertex 1.4137825465313598 2.358753677500748 8.500894643522537
      vertex -9.27318510043116 2.056270849685071 8.476556398850242
    endloop
  endfacet
  facet normal 0 -0.08020237593032313 0.9967786007409724
    outer loop
      vertex -9.252663607689172 2.736396497109559 8.53128037949554
      vertex 1.1757765069332757 2.485970556089469 8.511130713913365
      vertex 9.252663607689172 2.736396497109559 8.53128037949554
    endloop
  endfacet
  facet normal 0 -0.05066932664525507 0.9987154846788531
    outer loop
      vertex -9.239849340579477 3.409929925692485 8.565451758454724
      vertex 9.252663607689172 2.736396497109559 8.53128037949554
      vertex 9.239849340579477 3.409929925692485 8.565451758454724
    endloop
  endfacet
  facet normal 5.996297901275858e-17 -0.020341614371092127 0.9997930879560919
    outer loop
      vertex -9.209554095821726 4.07524853440983 8.578988213882825
      vertex 9.239849340579477 3.409929925692485 8.565451758454724
      vertex 9.237403883144822 3.730448759049803 8.571972978280474
    endloop
  endfacet
  facet normal -4.4763440217587715e-17 -0.020341614371097723 0.9997930879560918
    outer loop
      vertex -9.209554095821726 4.07524853440983 8.578988213882825
      vertex 9.237403883144822 3.730448759049803 8.571972978280474
      vertex 9.23357757091075 3.848594351781148 8.574376747736311
    endloop
  endfacet
  facet normal -2.119789125966823e-17 -0.020341614371095808 0.9997930879560919
    outer loop
      vertex -9.209554095821726 4.07524853440983 8.578988213882825
      vertex 9.23357757091075 3.848594351781148 8.574376747736311
      vertex 9.223908457630992 3.9664941787697523 8.57677551688556
    endloop
  endfacet
  facet normal 0 -0.02034161437109222 0.9997930879560919
    outer loop
      vertex -9.209554095821726 4.07524853440983 8.578988213882825
      vertex 9.223908457630992 3.9664941787697523 8.57677551688556
      vertex 9.209554095821725 4.07524853440983 8.578988213882825
    endloop
  endfacet
  facet normal 0 -0.1649411029127025 0.9863034181071975
    outer loop
      vertex -9.337133562237092 0.6828087613232018 8.306027167367755
      vertex 9.380406473855324 -0.007218889142243976 8.190632736385806
      vertex 9.337133562237092 0.6828087613232018 8.306027167367755
    endloop
  endfacet
  facet normal 2.7629095782645324e-17 -0.13725182580422116 0.9905361862715606
    outer loop
      vertex 9.337133562237092 0.6828087613232018 8.306027167367755
      vertex 2.6315859232635743 0.7982828624497714 8.322027623920867
      vertex 0.735 0.6849999999999999 8.306330792326976
    endloop
  endfacet
  facet normal 0 -0.137251825804221 0.9905361862715606
    outer loop
      vertex 9.30136438073195 1.371191465675636 8.401411651381464
      vertex 0.735 1.371191465675636 8.401411651381464
      vertex 2.5870610833481074 0.9321117449547438 8.340571377015124
    endloop
  endfacet
  facet normal 0 -0.10903369782159736 0.9940380539694387
    outer loop
      vertex 9.30136438073195 1.371191465675636 8.401411651381464
      vertex 2.2865414338319994 1.527818140803906 8.418591663251776
      vertex 0.735 1.371191465675636 8.401411651381464
    endloop
  endfacet
  facet normal 2.46093420787119e-16 -0.10903369782158649 0.9940380539694399
    outer loop
      vertex 9.30136438073195 1.371191465675636 8.401411651381464
      vertex 2.2088207115717737 1.6381730873541918 8.43069623796824
      vertex 2.2865414338319994 1.527818140803906 8.418591663251776
    endloop
  endfacet
  facet normal -9.722507833317921e-17 -0.1090336978215945 0.994038053969439
    outer loop
      vertex 9.27318510043116 2.056270849685071 8.476556398850242
      vertex 0.735 2.05 8.475868564086857
      vertex 2.125778746747527 1.744581531450025 8.442367930106062
    endloop
  endfacet
  facet normal -4.497933584711705e-19 -0.10903369782159668 0.9940380539694388
    outer loop
      vertex 9.27318510043116 2.056270849685071 8.476556398850242
      vertex 2.125778746747527 1.744581531450025 8.442367930106062
      vertex 2.2088207115717737 1.6381730873541918 8.43069623796824
    endloop
  endfacet
  facet normal 1.8069059296109593e-16 -0.1372518258042124 0.9905361862715617
    outer loop
      vertex 9.337133562237092 0.6828087613232018 8.306027167367755
      vertex 2.589246179253307 0.9264470968286052 8.339786465460525
      vertex 2.6315859232635743 0.7982828624497714 8.322027623920867
    endloop
  endfacet
  facet normal -8.932697590848623e-15 -0.13725182580445977 0.9905361862715276
    outer loop
      vertex 9.337133562237092 0.6828087613232018 8.306027167367755
      vertex 2.5870610833481074 0.9321117449547438 8.340571377015124
      vertex 2.589246179253307 0.9264470968286052 8.339786465460525
    endloop
  endfacet
  facet normal -8.473240052894257e-16 -0.08020237593030816 0.9967786007409737
    outer loop
      vertex 9.252663607689172 2.736396497109559 8.53128037949554
      vertex 1.2963410262714936 2.4252834769579765 8.506247735957176
      vertex 1.4137825465313598 2.358753677500748 8.500894643522537
    endloop
  endfacet
  facet normal 9.80700922024134e-16 -0.08020237593035459 0.99677860074097
    outer loop
      vertex 9.252663607689172 2.736396497109559 8.53128037949554
      vertex 1.1757765069332757 2.485970556089469 8.511130713913365
      vertex 1.2963410262714936 2.4252834769579765 8.506247735957176
    endloop
  endfacet
  facet normal -3.432202541039588e-16 0.010878178536408819 0.9999408308653718
    outer loop
      vertex -9.052340627665984 4.659302033350337 8.57263439969684
      vertex 9.188622021487827 4.201927533787015 8.577610095568716
      vertex 9.162985871659076 4.318718447640428 8.576339547979186
    endloop
  endfacet
  facet normal 1.1888243595849521e-16 0.010878178536433539 0.9999408308653716
    outer loop
      vertex -9.052340627665984 4.659302033350337 8.57263439969684
      vertex 9.162985871659076 4.318718447640428 8.576339547979186
      vertex 9.131673502118877 4.434061827454934 8.575084747855131
    endloop
  endfacet
  facet normal 5.460602623393725e-17 0.010878178536428347 0.9999408308653716
    outer loop
      vertex -9.052340627665984 4.659302033350337 8.57263439969684
      vertex 9.131673502118877 4.434061827454934 8.575084747855131
      vertex 9.094761692739683 4.547680614682951 8.573848709267239
    endloop
  endfacet
  facet normal -5.33661061768062e-19 0.010878178536419382 0.9999408308653717
    outer loop
      vertex -9.052340627665984 4.659302033350337 8.57263439969684
      vertex 9.094761692739683 4.547680614682951 8.573848709267239
      vertex 9.052340627665982 4.659302033350338 8.57263439969684
    endloop
  endfacet
  facet normal 0 0.01087817853643406 0.9999408308653716
    outer loop
      vertex -9.021093055983588 4.730749512458169 8.571857135273063
      vertex 9.052340627665982 4.659302033350338 8.57263439969684
      vertex 9.021093055983588 4.730749512458169 8.571857135273063
    endloop
  endfacet
  facet normal 7.271369252132431e-16 0.04309182897830502 0.9990711157246538
    outer loop
      vertex -8.696106597367852 5.278017310035742 8.548252438903248
      vertex 9.021093055983588 4.730749512458169 8.571857135273063
      vertex 9.004998963225974 4.7690869453510025 8.570203569199855
    endloop
  endfacet
  facet normal -9.67287951003342e-17 0.043091828978276334 0.999071115724655
    outer loop
      vertex -8.696106597367852 5.278017310035742 8.548252438903248
      vertex 9.004998963225974 4.7690869453510025 8.570203569199855
      vertex 8.953266802292232 4.8770886364754436 8.565545251758735
    endloop
  endfacet
  facet normal 3.1967275620545586e-16 0.04309182897829466 0.9990711157246542
    outer loop
      vertex -8.696106597367852 5.278017310035742 8.548252438903248
      vertex 8.953266802292232 4.8770886364754436 8.565545251758735
      vertex 8.896365371581066 4.9822263433566105 8.561010463381026
    endloop
  endfacet
  facet normal 1.3093186000236072e-17 0.043091828978276465 0.999071115724655
    outer loop
      vertex -8.696106597367852 5.278017310035742 8.548252438903248
      vertex 8.896365371581066 4.9822263433566105 8.561010463381026
      vertex 8.834435035975325 5.084252298742002 8.556609890737482
    endloop
  endfacet
  facet normal 4.8393145184216866e-17 0.04309182897827964 0.9990711157246549
    outer loop
      vertex -8.696106597367852 5.278017310035742 8.548252438903248
      vertex 8.834435035975325 5.084252298742002 8.556609890737482
      vertex 8.767627736186322 5.18292651569815 8.552353884918961
    endloop
  endfacet
  facet normal 0 0.11092664043986807 0.9938285971135689
    outer loop
      vertex -7.74267356746363 6.006009395328137 8.495710842024963
      vertex 7.74267356746363 6.006009395328137 8.495710842024963
      vertex 6.861547425439575 6.182252657895189 8.476039368419247
    endloop
  endfacet
  facet normal 0 0.043091828978428164 0.9990711157246485
    outer loop
      vertex -8.614929283191316 5.374853700566278 8.544075702018416
      vertex 8.62004551619183 5.3693018006954985 8.544315165972455
      vertex 8.614929283191316 5.374853700566278 8.544075702018416
    endloop
  endfacet
  facet normal 0 0.04309182897826479 0.9990711157246555
    outer loop
      vertex -8.62004551619183 5.3693018006954985 8.544315165972455
      vertex 8.696106597367852 5.278017310035742 8.548252438903246
      vertex 8.62004551619183 5.3693018006954985 8.544315165972455
    endloop
  endfacet
  facet normal 1.0204030905059855e-16 0.04309182897828946 0.9990711157246545
    outer loop
      vertex -8.696106597367852 5.278017310035742 8.548252438903248
      vertex 8.767627736186322 5.18292651569815 8.552353884918961
      vertex 8.696106597367852 5.278017310035742 8.548252438903246
    endloop
  endfacet
  facet normal 2.4688148113006835e-17 0.07640505064194361 0.9970768617495855
    outer loop
      vertex -7.9852417211540105 5.8897592938005765 8.504618976628306
      vertex 8.614929283191316 5.374853700566278 8.544075702018416
      vertex 8.54081595616444 5.457403455277808 8.537749992906937
    endloop
  endfacet
  facet normal 2.841364055358813e-17 0.07640505064194375 0.9970768617495854
    outer loop
      vertex -7.9852417211540105 5.8897592938005765 8.504618976628306
      vertex 8.54081595616444 5.457403455277808 8.537749992906937
      vertex 8.457476495798495 5.541262354765468 8.531323965277643
    endloop
  endfacet
  facet normal 7.02545029825243e-17 0.07640505064194571 0.9970768617495853
    outer loop
      vertex -7.9852417211540105 5.8897592938005765 8.504618976628306
      vertex 8.457476495798495 5.541262354765468 8.531323965277643
      vertex 8.370148005636539 5.620630005328882 8.52524209777749
    endloop
  endfacet
  facet normal 0 0.07640505064193576 0.9970768617495861
    outer loop
      vertex -7.9852417211540105 5.8897592938005765 8.504618976628306
      vertex 8.08635825685468 5.830042942795886 8.50919498375243
      vertex 7.9852417211540105 5.8897592938005765 8.504618976628306
    endloop
  endfacet
  facet normal 0 0.07640505064195523 0.9970768617495847
    outer loop
      vertex -7.881256593520679 5.944198436308397 8.500447356967094
      vertex 7.9852417211540105 5.8897592938005765 8.504618976628306
      vertex 7.881256593520679 5.944198436308397 8.500447356967094
    endloop
  endfacet
  facet normal 0 0.07640505064191118 0.997076861749588
    outer loop
      vertex -7.74267356746363 6.006009395328137 8.495710842024963
      vertex 7.774647008790925 5.9932384037273785 8.496689470952617
      vertex 7.74267356746363 6.006009395328137 8.495710842024963
    endloop
  endfacet
  facet normal 0 0.07640505064194471 0.9970768617495854
    outer loop
      vertex -7.774647008790925 5.9932384037273785 8.496689470952617
      vertex 7.881256593520679 5.944198436308397 8.500447356967094
      vertex 7.774647008790925 5.9932384037273785 8.496689470952617
    endloop
  endfacet
  facet normal 2.2782072226368927e-17 0.07640505064194184 0.9970768617495857
    outer loop
      vertex -7.9852417211540105 5.8897592938005765 8.504618976628306
      vertex 8.184368060566861 5.765183424253869 8.51416510690835
      vertex 8.08635825685468 5.830042942795886 8.50919498375243
    endloop
  endfacet
  facet normal -2.1661207098113816e-16 0.07640505064192843 0.9970768617495867
    outer loop
      vertex -7.9852417211540105 5.8897592938005765 8.504618976628306
      vertex 8.370148005636539 5.620630005328882 8.52524209777749
      vertex 8.279039508150278 5.695326621557644 8.519518167191311
    endloop
  endfacet
  facet normal 1.6308186327281135e-16 0.07640505064195995 0.9970768617495843
    outer loop
      vertex -7.9852417211540105 5.8897592938005765 8.504618976628306
      vertex 8.279039508150278 5.695326621557644 8.519518167191311
      vertex 8.184368060566861 5.765183424253869 8.51416510690835
    endloop
  endfacet
  facet normal -1.8603883365782785e-15 0.010878178536366115 0.9999408308653721
    outer loop
      vertex -9.052340627665984 4.659302033350337 8.57263439969684
      vertex 9.209554095821725 4.07524853440983 8.578988213882825
      vertex 9.208518773883785 4.0839697674414746 8.578893337139075
    endloop
  endfacet
  facet normal 3.325183273374785e-16 0.01087817853643577 0.9999408308653713
    outer loop
      vertex -9.052340627665984 4.659302033350337 8.57263439969684
      vertex 9.208518773883785 4.0839697674414746 8.578893337139075
      vertex 9.188622021487827 4.201927533787015 8.577610095568716
    endloop
  endfacet
  facet normal 4.267961801177377e-17 -0.1372518258042216 0.9905361862715605
    outer loop
      vertex 9.337133562237092 0.6828087613232018 8.306027167367755
      vertex 9.30136438073195 1.371191465675636 8.401411651381464
      vertex 2.5870610833481074 0.9321117449547438 8.340571377015124
    endloop
  endfacet
  facet normal -8.80167446537298e-17 -0.10903369782159524 0.9940380539694388
    outer loop
      vertex 9.30136438073195 1.371191465675636 8.401411651381464
      vertex 9.27318510043116 2.056270849685071 8.476556398850242
      vertex 2.2088207115717737 1.6381730873541918 8.43069623796824
    endloop
  endfacet
  facet normal 5.624763925588812e-17 -0.08020237593032677 0.9967786007409722
    outer loop
      vertex 9.27318510043116 2.056270849685071 8.476556398850242
      vertex 9.252663607689172 2.736396497109559 8.53128037949554
      vertex 1.4137825465313598 2.358753677500748 8.500894643522537
    endloop
  endfacet
  facet normal 1.0557441457386516e-14 0.11092664044003764 0.9938285971135499
    outer loop
      vertex 6.861547425439575 6.182252657895189 8.476039368419247
      vertex 7.097247681342755 6.170304561351582 8.477372960764127
      vertex 6.979712432018953 6.179264040197843 8.476372944371567
    endloop
  endfacet
  facet normal 3.754233662835775e-16 0.11092664043983928 0.9938285971135721
    outer loop
      vertex 6.861547425439575 6.182252657895189 8.476039368419247
      vertex 7.213886058025232 6.155393336120028 8.479037284093705
      vertex 7.097247681342755 6.170304561351582 8.477372960764127
    endloop
  endfacet
  facet normal 4.056322060789351e-15 0.11092664043988695 0.9938285971135667
    outer loop
      vertex 6.861547425439575 6.182252657895189 8.476039368419247
      vertex 7.329362210893051 6.134562195823263 8.481362361492728
      vertex 7.213886058025232 6.155393336120028 8.479037284093705
    endloop
  endfacet
  facet normal 1.2990415363424852e-14 0.11092664043997348 0.9938285971135571
    outer loop
      vertex 6.861547425439575 6.182252657895189 8.476039368419247
      vertex 7.44341304847104 6.10785564826825 8.484343225201652
      vertex 7.329362210893051 6.134562195823263 8.481362361492728
    endloop
  endfacet
  facet normal -2.21209530459747e-15 0.11092664043985609 0.9938285971135702
    outer loop
      vertex 6.861547425439575 6.182252657895189 8.476039368419247
      vertex 7.555778233711363 6.075330821371777 8.487973498861509
      vertex 7.44341304847104 6.10785564826825 8.484343225201652
    endloop
  endfacet
  facet normal 7.190522615981463e-16 0.11092664043987487 0.9938285971135681
    outer loop
      vertex 6.861547425439575 6.182252657895189 8.476039368419247
      vertex 7.66620067798162 6.037057390199983 8.492245405657433
      vertex 7.555778233711363 6.075330821371777 8.487973498861509
    endloop
  endfacet
  facet normal -5.354603959895229e-15 0.11092664043984168 0.9938285971135717
    outer loop
      vertex 6.861547425439575 6.182252657895189 8.476039368419247
      vertex 7.74267356746363 6.006009395328137 8.495710842024963
      vertex 7.66620067798162 6.037057390199983 8.492245405657433
    endloop
  endfacet
  facet normal 0 0 -1
    outer loop
      vertex -0.7982828624497714 -2.6315859232635743 -0.3
      vertex 0.735 -2.05 -0.3
      vertex -0.6681954947339757 -2.667585946284996 -0.3
    endloop
  endfacet
  facet normal 0 0 -1
    outer loop
      vertex -0.6681954947339757 -2.667585946284996 -0.3
      vertex 0.735 -2.05 -0.3
      vertex -0.5364983855443527 -2.6971595211088837 -0.3
    endloop
  endfacet
  facet normal 0 0 -1
    outer loop
      vertex -0.5364983855443527 -2.6971595211088837 -0.3
      vertex 0.735 -2.05 -0.3
      vertex -0.4035088047522448 -2.720235402403148 -0.3
    endloop
  endfacet
  facet normal 0 0 -1
    outer loop
      vertex -0.7982828624497714 -2.6315859232635743 -0.3
      vertex -0.735 -2.05 -0.3
      vertex 0.735 -2.05 -0.3
    endloop
  endfacet
  facet normal -0.5758081914178433 -0.817584813151585 8.89366559866544e-19
    outer loop
      vertex -1.527818140803906 -2.2865414338319994 -0.3
      vertex -1.6381730873541918 -2.2088207115717737 5.404999999999999
      vertex -1.6381730873541918 -2.2088207115717737 -0.3
    endloop
  endfacet
  facet normal -0.6152315905806274 -0.7883464276266059 0
    outer loop
      vertex -1.744581531450025 -2.125778746747527 -0.3
      vertex -1.6381730873541918 -2.2088207115717737 -0.3
      vertex -1.744581531450025 -2.125778746747527 5.404999999999999
    endloop
  endfacet
  facet normal -0.3136817403988917 -0.9495281805930367 0
    outer loop
      vertex -0.9264470968286052 -2.589246179253307 -0.3
      vertex -0.7982828624497714 -2.6315859232635743 -0.3
      vertex -0.9264470968286052 -2.589246179253307 5.404999999999999
    endloop
  endfacet
  facet normal -0.492898192229786 -0.8700869911087104 0
    outer loop
      vertex -1.4137825465313598 -2.358753677500748 -0.3
      vertex -1.2963410262714936 -2.4252834769579765 -0.3
      vertex -1.4137825465313598 -2.358753677500748 5.404999999999999
    endloop
  endfacet
  facet normal -0.44961132965460504 -0.8932243011955161 0
    outer loop
      vertex -1.2963410262714936 -2.4252834769579765 -0.3
      vertex -1.1757765069332757 -2.485970556089469 -0.3
      vertex -1.2963410262714936 -2.4252834769579765 5.404999999999999
    endloop
  endfacet
  facet normal -0.5349976198870973 -0.844853565249707 0
    outer loop
      vertex -1.527818140803906 -2.2865414338319994 -0.3
      vertex -1.4137825465313598 -2.358753677500748 -0.3
      vertex -1.527818140803906 -2.2865414338319994 5.404999999999999
    endloop
  endfacet
  facet normal -0.40524131400498936 -0.9142097557035308 0
    outer loop
      vertex -1.1757765069332757 -2.485970556089469 -0.3
      vertex -1.0523794390039969 -2.5406687144060385 -0.3
      vertex -1.1757765069332757 -2.485970556089469 5.404999999999999
    endloop
  endfacet
  facet normal -0.35989503653498806 -0.932992798834739 0
    outer loop
      vertex -1.0523794390039969 -2.5406687144060385 -0.3
      vertex -0.9264470968286052 -2.589246179253307 -0.3
      vertex -1.0523794390039969 -2.5406687144060385 5.404999999999999
    endloop
  endfacet
  facet normal -0.2667127574748991 -0.9637760657954396 0
    outer loop
      vertex -0.7982828624497714 -2.6315859232635743 -0.3
      vertex -0.6681954947339757 -2.667585946284996 -0.3
      vertex -0.7982828624497714 -2.6315859232635743 5.404999999999999
    endloop
  endfacet
  facet normal -0.2191012401568692 -0.9757021300385286 0
    outer loop
      vertex -0.6681954947339757 -2.667585946284996 -0.3
      vertex -0.5364983855443527 -2.6971595211088837 -0.3
      vertex -0.6681954947339757 -2.667585946284996 5.404999999999999
    endloop
  endfacet
  facet normal -0.17096188876030302 -0.9852776423889409 0
    outer loop
      vertex -0.5364983855443527 -2.6971595211088837 -0.3
      vertex -0.4035088047522448 -2.720235402403148 -0.3
      vertex -0.5364983855443527 -2.6971595211088837 5.404999999999999
    endloop
  endfacet
  facet normal -0.12241067519921521 -0.9924795345987102 0
    outer loop
      vertex -0.4035088047522448 -2.720235402403148 -0.3
      vertex -0.26954713590629165 -2.7367579983485415 -0.3
      vertex -0.4035088047522448 -2.720235402403148 5.404999999999999
    endloop
  endfacet
  facet normal -0.07356456359966845 -0.9972904566786902 0
    outer loop
      vertex -0.26954713590629165 -2.7367579983485415 -0.3
      vertex -0.13493610440039955 -2.7466875045642243 -0.3
      vertex -0.26954713590629165 -2.7367579983485415 5.404999999999999
    endloop
  endfacet
  facet normal -0.024541228522910803 -0.9996988186962044 0
    outer loop
      vertex -0.13493610440039955 -2.7466875045642243 -0.3
      vertex 0 -2.75 -0.3
      vertex -0.13493610440039955 -2.7466875045642243 5.404999999999999
    endloop
  endfacet
  facet normal 0 0 -1
    outer loop
      vertex -2.0376155947261374 -1.8467871258293007 -0.3
      vertex -0.735 -0.6849999999999999 -0.3
      vertex -1.9445436482630059 -1.9445436482630059 -0.3
    endloop
  endfacet
  facet normal 0 0 -1
    outer loop
      vertex -2.125778746747527 -1.744581531450025 -0.3
      vertex -2.2088207115717737 -1.6381730873541918 -0.3
      vertex -0.735 -0.6849999999999999 -0.3
    endloop
  endfacet
  facet normal 0 0 -1
    outer loop
      vertex -2.125778746747527 -1.744581531450025 -0.3
      vertex -0.735 -0.6849999999999999 -0.3
      vertex -2.0376155947261374 -1.8467871258293007 -0.3
    endloop
  endfacet
  facet normal 0 0 -1
    outer loop
      vertex -2.358753677500748 -1.4137825465313598 -0.3
      vertex -0.735 -0.6849999999999999 -0.3
      vertex -2.2865414338319994 -1.527818140803906 -0.3
    endloop
  endfacet
  facet normal 0 0 -1
    outer loop
      vertex -2.4252834769579765 -1.2963410262714936 -0.3
      vertex -2.485970556089469 -1.1757765069332757 -0.3
      vertex -0.735 -0.6849999999999999 -0.3
    endloop
  endfacet
  facet normal 0 0 -1
    outer loop
      vertex -2.358753677500748 -1.4137825465313598 -0.3
      vertex -2.4252834769579765 -1.2963410262714936 -0.3
      vertex -0.735 -0.6849999999999999 -0.3
    endloop
  endfacet
  facet normal 0 0 -1
    outer loop
      vertex -2.2088207115717737 -1.6381730873541918 -0.3
      vertex -2.2865414338319994 -1.527818140803906 -0.3
      vertex -0.735 -0.6849999999999999 -0.3
    endloop
  endfacet
  facet normal 0 0 -1
    outer loop
      vertex -2.5406687144060385 -1.0523794390039969 -0.3
      vertex -2.589246179253307 -0.9264470968286052 -0.3
      vertex -0.735 -0.6849999999999999 -0.3
    endloop
  endfacet
  facet normal 0 0 -1
    outer loop
      vertex -2.589246179253307 -0.9264470968286052 -0.3
      vertex -2.6315859232635743 -0.7982828624497714 -0.3
      vertex -0.735 -0.6849999999999999 -0.3
    endloop
  endfacet
  facet normal 0 0 -1
    outer loop
      vertex -2.6315859232635743 -0.7982828624497714 -0.3
      vertex -2.6629355133716164 -0.6849999999999999 -0.3
      vertex -0.735 -0.6849999999999999 -0.3
    endloop
  endfacet
  facet normal 0 0 -1
    outer loop
      vertex -2.5406687144060385 -1.0523794390039969 -0.3
      vertex -0.735 -0.6849999999999999 -0.3
      vertex -2.485970556089469 -1.1757765069332757 -0.3
    endloop
  endfacet
  facet normal 0 0 -1
    outer loop
      vertex -1.744581531450025 -2.125778746747527 -0.3
      vertex -0.735 -0.6849999999999999 -0.3
      vertex -1.6381730873541918 -2.2088207115717737 -0.3
    endloop
  endfacet
  facet normal 0 0 -1
    outer loop
      vertex -1.744581531450025 -2.125778746747527 -0.3
      vertex -1.8467871258293007 -2.0376155947261374 -0.3
      vertex -0.735 -0.6849999999999999 -0.3
    endloop
  endfacet
  facet normal 0 0 -1
    outer loop
      vertex -1.527818140803906 -2.2865414338319994 -0.3
      vertex -1.6381730873541918 -2.2088207115717737 -0.3
      vertex -0.735 -0.6849999999999999 -0.3
    endloop
  endfacet
  facet normal 0 0 -1
    outer loop
      vertex -1.527818140803906 -2.2865414338319994 -0.3
      vertex -0.735 -0.6849999999999999 -0.3
      vertex -1.4137825465313598 -2.358753677500748 -0.3
    endloop
  endfacet
  facet normal 0 0 -1
    outer loop
      vertex -1.4137825465313598 -2.358753677500748 -0.3
      vertex -0.735 -0.6849999999999999 -0.3
      vertex -1.2963410262714936 -2.4252834769579765 -0.3
    endloop
  endfacet
  facet normal 0 0 -1
    outer loop
      vertex -1.1757765069332757 -2.485970556089469 -0.3
      vertex -0.735 -0.6849999999999999 -0.3
      vertex -1.0523794390039969 -2.5406687144060385 -0.3
    endloop
  endfacet
  facet normal 0 0 -1
    outer loop
      vertex -1.2963410262714936 -2.4252834769579765 -0.3
      vertex -0.735 -0.6849999999999999 -0.3
      vertex -1.1757765069332757 -2.485970556089469 -0.3
    endloop
  endfacet
  facet normal 0 0 -1
    outer loop
      vertex -0.9264470968286052 -2.589246179253307 -0.3
      vertex -0.735 -0.6849999999999999 -0.3
      vertex -0.7982828624497714 -2.6315859232635743 -0.3
    endloop
  endfacet
  facet normal 0 0 -1
    outer loop
      vertex -1.0523794390039969 -2.5406687144060385 -0.3
      vertex -0.735 -0.6849999999999999 -0.3
      vertex -0.9264470968286052 -2.589246179253307 -0.3
    endloop
  endfacet
  facet normal 0 0 -1
    outer loop
      vertex -1.9445436482630059 -1.9445436482630059 -0.3
      vertex -0.735 -0.6849999999999999 -0.3
      vertex -1.8467871258293007 -2.0376155947261374 -0.3
    endloop
  endfacet
  facet normal 0 0 -1
    outer loop
      vertex -0.7982828624497714 -2.6315859232635743 -0.3
      vertex -0.735 -0.6849999999999999 -0.3
      vertex -0.735 -2.05 -0.3
    endloop
  endfacet
  facet normal -0.844853565249707 -0.5349976198870973 0
    outer loop
      vertex -2.358753677500748 -1.4137825465313598 -0.3
      vertex -2.2865414338319994 -1.527818140803906 -0.3
      vertex -2.358753677500748 -1.4137825465313598 5.404999999999999
    endloop
  endfacet
  facet normal -0.8700869911087104 -0.492898192229786 6.893183887666575e-19
    outer loop
      vertex -2.358753677500748 -1.4137825465313598 -0.3
      vertex -2.4252834769579765 -1.2963410262714936 5.404999999999999
      vertex -2.4252834769579765 -1.2963410262714936 -0.3
    endloop
  endfacet
  facet normal -0.8932243011955161 -0.44961132965460504 3.0682033098684176e-19
    outer loop
      vertex -2.4252834769579765 -1.2963410262714936 -0.3
      vertex -2.485970556089469 -1.1757765069332757 5.404999999999999
      vertex -2.485970556089469 -1.1757765069332757 -0.3
    endloop
  endfacet
  facet normal -0.9142097557035308 -0.40524131400498936 0
    outer loop
      vertex -2.5406687144060385 -1.0523794390039969 -0.3
      vertex -2.485970556089469 -1.1757765069332757 -0.3
      vertex -2.5406687144060385 -1.0523794390039969 5.404999999999999
    endloop
  endfacet
  facet normal -0.7242470829514681 -0.6895405447370658 0
    outer loop
      vertex -2.0376155947261374 -1.8467871258293007 -0.3
      vertex -1.9445436482630059 -1.9445436482630059 -0.3
      vertex -2.0376155947261374 -1.8467871258293007 5.404999999999999
    endloop
  endfacet
  facet normal -0.817584813151585 -0.5758081914178433 8.89366559866544e-19
    outer loop
      vertex -2.2088207115717737 -1.6381730873541918 -0.3
      vertex -2.2865414338319994 -1.527818140803906 5.404999999999999
      vertex -2.2865414338319994 -1.527818140803906 -0.3
    endloop
  endfacet
  facet normal -0.7883464276266059 -0.6152315905806274 -4.397106166118348e-19
    outer loop
      vertex -2.125778746747527 -1.744581531450025 -0.3
      vertex -2.2088207115717737 -1.6381730873541918 5.404999999999999
      vertex -2.2088207115717737 -1.6381730873541918 -0.3
    endloop
  endfacet
  facet normal -0.7572088465064839 -0.6531728429537773 0
    outer loop
      vertex -2.125778746747527 -1.744581531450025 -0.3
      vertex -2.0376155947261374 -1.8467871258293007 -0.3
      vertex -2.125778746747527 -1.744581531450025 5.404999999999999
    endloop
  endfacet
  facet normal -0.6895405447370658 -0.7242470829514681 0
    outer loop
      vertex -1.9445436482630059 -1.9445436482630059 -0.3
      vertex -1.8467871258293007 -2.0376155947261374 -0.3
      vertex -1.9445436482630059 -1.9445436482630059 5.404999999999999
    endloop
  endfacet
  facet normal -0.6531728429537773 -0.7572088465064839 7.160988608422316e-19
    outer loop
      vertex -1.744581531450025 -2.125778746747527 -0.3
      vertex -1.8467871258293007 -2.0376155947261374 5.404999999999999
      vertex -1.8467871258293007 -2.0376155947261374 -0.3
    endloop
  endfacet
  facet normal -0.932992798834739 -0.35989503653498806 -2.621646733919818e-19
    outer loop
      vertex -2.5406687144060385 -1.0523794390039969 -0.3
      vertex -2.589246179253307 -0.9264470968286052 5.404999999999999
      vertex -2.589246179253307 -0.9264470968286052 -0.3
    endloop
  endfacet
  facet normal -0.9495281805930367 -0.3136817403988917 -1.768400595657261e-19
    outer loop
      vertex -2.589246179253307 -0.9264470968286052 -0.3
      vertex -2.6315859232635743 -0.7982828624497714 5.404999999999999
      vertex -2.6315859232635743 -0.7982828624497714 -0.3
    endloop
  endfacet
  facet normal -0.9637760657954394 -0.26671275747490036 -3.930916543903381e-20
    outer loop
      vertex -2.6315859232635743 -0.7982828624497714 -0.3
      vertex -2.6629355133716164 -0.6849999999999999 5.404999999999999
      vertex -2.6629355133716164 -0.6849999999999999 -0.3
    endloop
  endfacet
  facet normal -0.6531728429537773 -0.7572088465064839 0
    outer loop
      vertex -1.744581531450025 -2.125778746747527 -0.3
      vertex -1.744581531450025 -2.125778746747527 5.404999999999999
      vertex -1.8467871258293007 -2.0376155947261374 5.404999999999999
    endloop
  endfacet
  facet normal -0.5758081914178433 -0.817584813151585 0
    outer loop
      vertex -1.527818140803906 -2.2865414338319994 -0.3
      vertex -1.527818140803906 -2.2865414338319994 5.404999999999999
      vertex -1.6381730873541918 -2.2088207115717737 5.404999999999999
    endloop
  endfacet
  facet normal -0.6152315905806274 -0.7883464276266059 0
    outer loop
      vertex -1.6381730873541918 -2.2088207115717737 -0.3
      vertex -1.6381730873541918 -2.2088207115717737 5.404999999999999
      vertex -1.744581531450025 -2.125778746747527 5.404999999999999
    endloop
  endfacet
  facet normal -0.3136817403988917 -0.9495281805930367 0
    outer loop
      vertex -0.7982828624497714 -2.6315859232635743 -0.3
      vertex -0.7982828624497714 -2.6315859232635743 5.404999999999999
      vertex -0.9264470968286052 -2.589246179253307 5.404999999999999
    endloop
  endfacet
  facet normal -0.5349976198870973 -0.844853565249707 0
    outer loop
      vertex -1.4137825465313598 -2.358753677500748 -0.3
      vertex -1.4137825465313598 -2.358753677500748 5.404999999999999
      vertex -1.527818140803906 -2.2865414338319994 5.404999999999999
    endloop
  endfacet
  facet normal -0.44961132965460504 -0.8932243011955161 0
    outer loop
      vertex -1.1757765069332757 -2.485970556089469 -0.3
      vertex -1.1757765069332757 -2.485970556089469 5.404999999999999
      vertex -1.2963410262714936 -2.4252834769579765 5.404999999999999
    endloop
  endfacet
  facet normal -0.492898192229786 -0.8700869911087104 0
    outer loop
      vertex -1.2963410262714936 -2.4252834769579765 -0.3
      vertex -1.2963410262714936 -2.4252834769579765 5.404999999999999
      vertex -1.4137825465313598 -2.358753677500748 5.404999999999999
    endloop
  endfacet
  facet normal -0.40524131400498936 -0.9142097557035308 0
    outer loop
      vertex -1.0523794390039969 -2.5406687144060385 -0.3
      vertex -1.0523794390039969 -2.5406687144060385 5.404999999999999
      vertex -1.1757765069332757 -2.485970556089469 5.404999999999999
    endloop
  endfacet
  facet normal -0.35989503653498806 -0.932992798834739 0
    outer loop
      vertex -0.9264470968286052 -2.589246179253307 -0.3
      vertex -0.9264470968286052 -2.589246179253307 5.404999999999999
      vertex -1.0523794390039969 -2.5406687144060385 5.404999999999999
    endloop
  endfacet
  facet normal -0.2667127574748991 -0.9637760657954396 0
    outer loop
      vertex -0.6681954947339757 -2.667585946284996 -0.3
      vertex -0.6681954947339757 -2.667585946284996 5.404999999999999
      vertex -0.7982828624497714 -2.6315859232635743 5.404999999999999
    endloop
  endfacet
  facet normal -0.2191012401568692 -0.9757021300385286 0
    outer loop
      vertex -0.5364983855443527 -2.6971595211088837 -0.3
      vertex -0.5364983855443527 -2.6971595211088837 5.404999999999999
      vertex -0.6681954947339757 -2.667585946284996 5.404999999999999
    endloop
  endfacet
  facet normal -0.17096188876030302 -0.9852776423889409 0
    outer loop
      vertex -0.4035088047522448 -2.720235402403148 -0.3
      vertex -0.4035088047522448 -2.720235402403148 5.404999999999999
      vertex -0.5364983855443527 -2.6971595211088837 5.404999999999999
    endloop
  endfacet
  facet normal -0.12241067519921521 -0.9924795345987102 0
    outer loop
      vertex -0.26954713590629165 -2.7367579983485415 -0.3
      vertex -0.26954713590629165 -2.7367579983485415 5.404999999999999
      vertex -0.4035088047522448 -2.720235402403148 5.404999999999999
    endloop
  endfacet
  facet normal -0.07356456359966845 -0.9972904566786902 0
    outer loop
      vertex -0.13493610440039955 -2.7466875045642243 -0.3
      vertex -0.13493610440039955 -2.7466875045642243 5.404999999999999
      vertex -0.26954713590629165 -2.7367579983485415 5.404999999999999
    endloop
  endfacet
  facet normal -0.024541228522910803 -0.9996988186962044 0
    outer loop
      vertex 0 -2.75 -0.3
      vertex 0 -2.75 5.404999999999999
      vertex -0.13493610440039955 -2.7466875045642243 5.404999999999999
    endloop
  endfacet
  facet normal -0.8700869911087104 -0.492898192229786 0
    outer loop
      vertex -2.358753677500748 -1.4137825465313598 -0.3
      vertex -2.358753677500748 -1.4137825465313598 5.404999999999999
      vertex -2.4252834769579765 -1.2963410262714936 5.404999999999999
    endloop
  endfacet
  facet normal -0.8932243011955161 -0.44961132965460504 0
    outer loop
      vertex -2.4252834769579765 -1.2963410262714936 -0.3
      vertex -2.4252834769579765 -1.2963410262714936 5.404999999999999
      vertex -2.485970556089469 -1.1757765069332757 5.404999999999999
    endloop
  endfacet
  facet normal -0.9142097557035308 -0.40524131400498936 0
    outer loop
      vertex -2.485970556089469 -1.1757765069332757 -0.3
      vertex -2.485970556089469 -1.1757765069332757 5.404999999999999
      vertex -2.5406687144060385 -1.0523794390039969 5.404999999999999
    endloop
  endfacet
  facet normal -0.7242470829514681 -0.6895405447370658 0
    outer loop
      vertex -1.9445436482630059 -1.9445436482630059 -0.3
      vertex -1.9445436482630059 -1.9445436482630059 5.404999999999999
      vertex -2.0376155947261374 -1.8467871258293007 5.404999999999999
    endloop
  endfacet
  facet normal -0.7883464276266059 -0.6152315905806274 0
    outer loop
      vertex -2.125778746747527 -1.744581531450025 -0.3
      vertex -2.125778746747527 -1.744581531450025 5.404999999999999
      vertex -2.2088207115717737 -1.6381730873541918 5.404999999999999
    endloop
  endfacet
  facet normal -0.817584813151585 -0.5758081914178433 0
    outer loop
      vertex -2.2088207115717737 -1.6381730873541918 -0.3
      vertex -2.2088207115717737 -1.6381730873541918 5.404999999999999
      vertex -2.2865414338319994 -1.527818140803906 5.404999999999999
    endloop
  endfacet
  facet normal -0.7572088465064839 -0.6531728429537773 0
    outer loop
      vertex -2.0376155947261374 -1.8467871258293007 -0.3
      vertex -2.0376155947261374 -1.8467871258293007 5.404999999999999
      vertex -2.125778746747527 -1.744581531450025 5.404999999999999
    endloop
  endfacet
  facet normal -0.6895405447370658 -0.7242470829514681 0
    outer loop
      vertex -1.8467871258293007 -2.0376155947261374 -0.3
      vertex -1.8467871258293007 -2.0376155947261374 5.404999999999999
      vertex -1.9445436482630059 -1.9445436482630059 5.404999999999999
    endloop
  endfacet
  facet normal -0.844853565249707 -0.5349976198870973 0
    outer loop
      vertex -2.2865414338319994 -1.527818140803906 -0.3
      vertex -2.2865414338319994 -1.527818140803906 5.404999999999999
      vertex -2.358753677500748 -1.4137825465313598 5.404999999999999
    endloop
  endfacet
  facet normal -0.932992798834739 -0.35989503653498806 0
    outer loop
      vertex -2.5406687144060385 -1.0523794390039969 -0.3
      vertex -2.5406687144060385 -1.0523794390039969 5.404999999999999
      vertex -2.589246179253307 -0.9264470968286052 5.404999999999999
    endloop
  endfacet
  facet normal -0.9495281805930367 -0.3136817403988917 0
    outer loop
      vertex -2.589246179253307 -0.9264470968286052 -0.3
      vertex -2.589246179253307 -0.9264470968286052 5.404999999999999
      vertex -2.6315859232635743 -0.7982828624497714 5.404999999999999
    endloop
  endfacet
  facet normal -0.9637760657954394 -0.26671275747490036 0
    outer loop
      vertex -2.6315859232635743 -0.7982828624497714 -0.3
      vertex -2.6315859232635743 -0.7982828624497714 5.404999999999999
      vertex -2.6629355133716164 -0.6849999999999999 5.404999999999999
    endloop
  endfacet
  facet normal 0 0 -1
    outer loop
      vertex -2.6629355133716164 0.6849999999999999 -0.3
      vertex -2.6315859232635743 0.7982828624497714 -0.3
      vertex -2.589246179253307 0.9264470968286052 -0.3
    endloop
  endfacet
  facet normal 0 0 -1
    outer loop
      vertex -2.6629355133716164 0.6849999999999999 -0.3
      vertex -2.589246179253307 0.9264470968286052 -0.3
      vertex -2.5406687144060385 1.0523794390039969 -0.3
    endloop
  endfacet
  facet normal 0 0 -1
    outer loop
      vertex -2.6629355133716164 0.6849999999999999 -0.3
      vertex -2.5406687144060385 1.0523794390039969 -0.3
      vertex -2.485970556089469 1.1757765069332757 -0.3
    endloop
  endfacet
  facet normal 0 0 -1
    outer loop
      vertex -2.6629355133716164 0.6849999999999999 -0.3
      vertex -2.485970556089469 1.1757765069332757 -0.3
      vertex -2.4252834769579765 1.2963410262714936 -0.3
    endloop
  endfacet
  facet normal 0 0 -1
    outer loop
      vertex -2.6629355133716164 0.6849999999999999 -0.3
      vertex -2.4252834769579765 1.2963410262714936 -0.3
      vertex -2.358753677500748 1.4137825465313598 -0.3
    endloop
  endfacet
  facet normal 0 0 -1
    outer loop
      vertex -2.6629355133716164 0.6849999999999999 -0.3
      vertex -2.358753677500748 1.4137825465313598 -0.3
      vertex -2.2865414338319994 1.527818140803906 -0.3
    endloop
  endfacet
  facet normal 0 0 -1
    outer loop
      vertex -2.6629355133716164 0.6849999999999999 -0.3
      vertex -2.2865414338319994 1.527818140803906 -0.3
      vertex -2.2088207115717737 1.6381730873541918 -0.3
    endloop
  endfacet
  facet normal 0 0 -1
    outer loop
      vertex -2.6629355133716164 0.6849999999999999 -0.3
      vertex -2.2088207115717737 1.6381730873541918 -0.3
      vertex -2.125778746747527 1.744581531450025 -0.3
    endloop
  endfacet
  facet normal 0 0 -1
    outer loop
      vertex -2.6629355133716164 0.6849999999999999 -0.3
      vertex -2.125778746747527 1.744581531450025 -0.3
      vertex -2.0376155947261374 1.8467871258293007 -0.3
    endloop
  endfacet
  facet normal 0 0 -1
    outer loop
      vertex -2.6629355133716164 0.6849999999999999 -0.3
      vertex -2.0376155947261374 1.8467871258293007 -0.3
      vertex -1.9445436482630059 1.9445436482630059 -0.3
    endloop
  endfacet
  facet normal 0 0 -1
    outer loop
      vertex -2.6629355133716164 0.6849999999999999 -0.3
      vertex -1.9445436482630059 1.9445436482630059 -0.3
      vertex -1.8467871258293007 2.0376155947261374 -0.3
    endloop
  endfacet
  facet normal 0 0 -1
    outer loop
      vertex -2.6629355133716164 0.6849999999999999 -0.3
      vertex -1.8467871258293007 2.0376155947261374 -0.3
      vertex -1.744581531450025 2.125778746747527 -0.3
    endloop
  endfacet
  facet normal 0 0 -1
    outer loop
      vertex -2.6629355133716164 0.6849999999999999 -0.3
      vertex -1.744581531450025 2.125778746747527 -0.3
      vertex -1.6381730873541918 2.2088207115717737 -0.3
    endloop
  endfacet
  facet normal 0 0 -1
    outer loop
      vertex -2.6629355133716164 0.6849999999999999 -0.3
      vertex -1.6381730873541918 2.2088207115717737 -0.3
      vertex -1.527818140803906 2.2865414338319994 -0.3
    endloop
  endfacet
  facet normal 0 0 -1
    outer loop
      vertex -2.6629355133716164 0.6849999999999999 -0.3
      vertex -1.527818140803906 2.2865414338319994 -0.3
      vertex -1.4137825465313598 2.358753677500748 -0.3
    endloop
  endfacet
  facet normal 0 0 -1
    outer loop
      vertex -2.6629355133716164 0.6849999999999999 -0.3
      vertex -1.4137825465313598 2.358753677500748 -0.3
      vertex -1.2963410262714936 2.4252834769579765 -0.3
    endloop
  endfacet
  facet normal 0 0 -1
    outer loop
      vertex -2.6629355133716164 0.6849999999999999 -0.3
      vertex -1.2963410262714936 2.4252834769579765 -0.3
      vertex -1.1757765069332757 2.485970556089469 -0.3
    endloop
  endfacet
  facet normal 0 0 -1
    outer loop
      vertex -2.6629355133716164 0.6849999999999999 -0.3
      vertex -1.1757765069332757 2.485970556089469 -0.3
      vertex -1.0523794390039969 2.5406687144060385 -0.3
    endloop
  endfacet
  facet normal 0 0 -1
    outer loop
      vertex -2.6629355133716164 0.6849999999999999 -0.3
      vertex -0.735 2.05 -0.3
      vertex -0.735 0.6849999999999999 -0.3
    endloop
  endfacet
  facet normal 0 0 -1
    outer loop
      vertex -2.6629355133716164 0.6849999999999999 -0.3
      vertex -0.7982828624497714 2.6315859232635743 -0.3
      vertex -0.735 2.05 -0.3
    endloop
  endfacet
  facet normal 0 0 -1
    outer loop
      vertex -2.6629355133716164 0.6849999999999999 -0.3
      vertex -1.0523794390039969 2.5406687144060385 -0.3
      vertex -0.9264470968286052 2.589246179253307 -0.3
    endloop
  endfacet
  facet normal 0 0 -1
    outer loop
      vertex -2.6629355133716164 0.6849999999999999 -0.3
      vertex -0.9264470968286052 2.589246179253307 -0.3
      vertex -0.7982828624497714 2.6315859232635743 -0.3
    endloop
  endfacet
  facet normal -0.9637760657954394 0.26671275747490036 3.930916543903381e-20
    outer loop
      vertex -2.6629355133716164 0.6849999999999999 -0.3
      vertex -2.6315859232635743 0.7982828624497714 5.404999999999999
      vertex -2.6315859232635743 0.7982828624497714 -0.3
    endloop
  endfacet
  facet normal -0.9495281805930367 0.3136817403988917 1.768400595657261e-19
    outer loop
      vertex -2.6315859232635743 0.7982828624497714 -0.3
      vertex -2.589246179253307 0.9264470968286052 5.404999999999999
      vertex -2.589246179253307 0.9264470968286052 -0.3
    endloop
  endfacet
  facet normal -0.932992798834739 0.35989503653498806 2.621646733919818e-19
    outer loop
      vertex -2.589246179253307 0.9264470968286052 -0.3
      vertex -2.5406687144060385 1.0523794390039969 5.404999999999999
      vertex -2.5406687144060385 1.0523794390039969 -0.3
    endloop
  endfacet
  facet normal -0.9142097557035308 0.40524131400498936 -5.511702449831115e-19
    outer loop
      vertex -2.5406687144060385 1.0523794390039969 -0.3
      vertex -2.485970556089469 1.1757765069332757 5.404999999999999
      vertex -2.485970556089469 1.1757765069332757 -0.3
    endloop
  endfacet
  facet normal -0.8932243011955161 0.44961132965460504 -3.0682033098684176e-19
    outer loop
      vertex -2.485970556089469 1.1757765069332757 -0.3
      vertex -2.4252834769579765 1.2963410262714936 5.404999999999999
      vertex -2.4252834769579765 1.2963410262714936 -0.3
    endloop
  endfacet
  facet normal -0.8700869911087104 0.492898192229786 -6.893183887666575e-19
    outer loop
      vertex -2.4252834769579765 1.2963410262714936 -0.3
      vertex -2.358753677500748 1.4137825465313598 5.404999999999999
      vertex -2.358753677500748 1.4137825465313598 -0.3
    endloop
  endfacet
  facet normal -0.844853565249707 0.5349976198870973 4.658893456851306e-19
    outer loop
      vertex -2.358753677500748 1.4137825465313598 -0.3
      vertex -2.2865414338319994 1.527818140803906 5.404999999999999
      vertex -2.2865414338319994 1.527818140803906 -0.3
    endloop
  endfacet
  facet normal -0.817584813151585 0.5758081914178433 -8.89366559866544e-19
    outer loop
      vertex -2.2865414338319994 1.527818140803906 -0.3
      vertex -2.2088207115717737 1.6381730873541918 5.404999999999999
      vertex -2.2088207115717737 1.6381730873541918 -0.3
    endloop
  endfacet
  facet normal -0.7883464276266059 0.6152315905806274 4.397106166118348e-19
    outer loop
      vertex -2.2088207115717737 1.6381730873541918 -0.3
      vertex -2.125778746747527 1.744581531450025 5.404999999999999
      vertex -2.125778746747527 1.744581531450025 -0.3
    endloop
  endfacet
  facet normal -0.7572088465064839 0.6531728429537773 -7.160988608422316e-19
    outer loop
      vertex -2.125778746747527 1.744581531450025 -0.3
      vertex -2.0376155947261374 1.8467871258293007 5.404999999999999
      vertex -2.0376155947261374 1.8467871258293007 -0.3
    endloop
  endfacet
  facet normal -0.7242470829514681 0.6895405447370658 1.7149034641046605e-19
    outer loop
      vertex -2.0376155947261374 1.8467871258293007 -0.3
      vertex -1.9445436482630059 1.9445436482630059 5.404999999999999
      vertex -1.9445436482630059 1.9445436482630059 -0.3
    endloop
  endfacet
  facet normal -0.6895405447370658 0.7242470829514681 1.7149034641046605e-19
    outer loop
      vertex -1.9445436482630059 1.9445436482630059 -0.3
      vertex -1.8467871258293007 2.0376155947261374 5.404999999999999
      vertex -1.8467871258293007 2.0376155947261374 -0.3
    endloop
  endfacet
  facet normal 0 0 -1
    outer loop
      vertex -0.735 2.05 -0.3
      vertex -0.7982828624497714 2.6315859232635743 -0.3
      vertex -0.6681954947339757 2.667585946284996 -0.3
    endloop
  endfacet
  facet normal 0 0 -1
    outer loop
      vertex -0.735 2.05 -0.3
      vertex -0.6681954947339757 2.667585946284996 -0.3
      vertex -0.5364983855443527 2.6971595211088837 -0.3
    endloop
  endfacet
  facet normal 0 0 -1
    outer loop
      vertex -0.735 2.05 -0.3
      vertex -0.5364983855443527 2.6971595211088837 -0.3
      vertex -0.4035088047522448 2.720235402403148 -0.3
    endloop
  endfacet
  facet normal 0 0 -1
    outer loop
      vertex -0.735 2.05 -0.3
      vertex -0.4035088047522448 2.720235402403148 -0.3
      vertex -0.26954713590629165 2.7367579983485415 -0.3
    endloop
  endfacet
  facet normal 0 0 -1
    outer loop
      vertex -0.735 2.05 -0.3
      vertex -0.26954713590629165 2.7367579983485415 -0.3
      vertex -0.13493610440039955 2.7466875045642243 -0.3
    endloop
  endfacet
  facet normal 0 0 -1
    outer loop
      vertex -0.735 2.05 -0.3
      vertex -0.13493610440039955 2.7466875045642243 -0.3
      vertex 0 2.75 -0.3
    endloop
  endfacet
  facet normal 0 0 -1
    outer loop
      vertex -0.735 2.05 -0.3
      vertex 0 2.75 -0.3
      vertex 0.13493610440039955 2.7466875045642243 -0.3
    endloop
  endfacet
  facet normal 0 0 -1
    outer loop
      vertex -0.735 2.05 -0.3
      vertex 0.13493610440039955 2.7466875045642243 -0.3
      vertex 0.26954713590629165 2.7367579983485415 -0.3
    endloop
  endfacet
  facet normal 0 0 -1
    outer loop
      vertex -0.735 2.05 -0.3
      vertex 0.26954713590629165 2.7367579983485415 -0.3
      vertex 0.4035088047522448 2.720235402403148 -0.3
    endloop
  endfacet
  facet normal -0.6531728429537773 0.7572088465064839 -7.160988608422316e-19
    outer loop
      vertex -1.8467871258293007 2.0376155947261374 -0.3
      vertex -1.744581531450025 2.125778746747527 5.404999999999999
      vertex -1.744581531450025 2.125778746747527 -0.3
    endloop
  endfacet
  facet normal -0.6152315905806274 0.7883464276266059 4.397106166118348e-19
    outer loop
      vertex -1.744581531450025 2.125778746747527 -0.3
      vertex -1.6381730873541918 2.2088207115717737 5.404999999999999
      vertex -1.6381730873541918 2.2088207115717737 -0.3
    endloop
  endfacet
  facet normal -0.5758081914178433 0.817584813151585 -8.89366559866544e-19
    outer loop
      vertex -1.6381730873541918 2.2088207115717737 -0.3
      vertex -1.527818140803906 2.2865414338319994 5.404999999999999
      vertex -1.527818140803906 2.2865414338319994 -0.3
    endloop
  endfacet
  facet normal -0.5349976198870973 0.844853565249707 4.658893456851306e-19
    outer loop
      vertex -1.527818140803906 2.2865414338319994 -0.3
      vertex -1.4137825465313598 2.358753677500748 5.404999999999999
      vertex -1.4137825465313598 2.358753677500748 -0.3
    endloop
  endfacet
  facet normal -0.492898192229786 0.8700869911087104 -6.893183887666575e-19
    outer loop
      vertex -1.4137825465313598 2.358753677500748 -0.3
      vertex -1.2963410262714936 2.4252834769579765 5.404999999999999
      vertex -1.2963410262714936 2.4252834769579765 -0.3
    endloop
  endfacet
  facet normal -0.44961132965460504 0.8932243011955161 -3.0682033098684176e-19
    outer loop
      vertex -1.2963410262714936 2.4252834769579765 -0.3
      vertex -1.1757765069332757 2.485970556089469 5.404999999999999
      vertex -1.1757765069332757 2.485970556089469 -0.3
    endloop
  endfacet
  facet normal -0.40524131400498936 0.9142097557035308 -5.511702449831115e-19
    outer loop
      vertex -1.1757765069332757 2.485970556089469 -0.3
      vertex -1.0523794390039969 2.5406687144060385 5.404999999999999
      vertex -1.0523794390039969 2.5406687144060385 -0.3
    endloop
  endfacet
  facet normal -0.35989503653498806 0.932992798834739 2.621646733919818e-19
    outer loop
      vertex -1.0523794390039969 2.5406687144060385 -0.3
      vertex -0.9264470968286052 2.589246179253307 5.404999999999999
      vertex -0.9264470968286052 2.589246179253307 -0.3
    endloop
  endfacet
  facet normal -0.3136817403988917 0.9495281805930367 1.768400595657261e-19
    outer loop
      vertex -0.9264470968286052 2.589246179253307 -0.3
      vertex -0.7982828624497714 2.6315859232635743 5.404999999999999
      vertex -0.7982828624497714 2.6315859232635743 -0.3
    endloop
  endfacet
  facet normal -0.2667127574748991 0.9637760657954396 2.800852051993347e-20
    outer loop
      vertex -0.7982828624497714 2.6315859232635743 -0.3
      vertex -0.6681954947339757 2.667585946284996 5.404999999999999
      vertex -0.6681954947339757 2.667585946284996 -0.3
    endloop
  endfacet
  facet normal -0.2191012401568692 0.9757021300385286 -2.0812277941075905e-19
    outer loop
      vertex -0.6681954947339757 2.667585946284996 -0.3
      vertex -0.5364983855443527 2.6971595211088837 5.404999999999999
      vertex -0.5364983855443527 2.6971595211088837 -0.3
    endloop
  endfacet
  facet normal -0.17096188876030302 0.9852776423889409 -1.5035922380659942e-19
    outer loop
      vertex -0.5364983855443527 2.6971595211088837 -0.3
      vertex -0.4035088047522448 2.720235402403148 5.404999999999999
      vertex -0.4035088047522448 2.720235402403148 -0.3
    endloop
  endfacet
  facet normal -0.12241067519921521 0.9924795345987102 7.558059902188401e-22
    outer loop
      vertex -0.4035088047522448 2.720235402403148 -0.3
      vertex -0.26954713590629165 2.7367579983485415 5.404999999999999
      vertex -0.26954713590629165 2.7367579983485415 -0.3
    endloop
  endfacet
  facet normal -0.07356456359966845 0.9972904566786902 8.251153571796293e-20
    outer loop
      vertex -0.26954713590629165 2.7367579983485415 -0.3
      vertex -0.13493610440039955 2.7466875045642243 5.404999999999999
      vertex -0.13493610440039955 2.7466875045642243 -0.3
    endloop
  endfacet
  facet normal -0.024541228522910803 0.9996988186962044 5.8726443113421e-21
    outer loop
      vertex -0.13493610440039955 2.7466875045642243 -0.3
      vertex 0 2.75 5.404999999999999
      vertex 0 2.75 -0.3
    endloop
  endfacet
  facet normal -0.9637760657954394 0.26671275747490036 0
    outer loop
      vertex -2.6629355133716164 0.6849999999999999 -0.3
      vertex -2.6629355133716164 0.6849999999999999 5.404999999999999
      vertex -2.6315859232635743 0.7982828624497714 5.404999999999999
    endloop
  endfacet
  facet normal -0.9495281805930367 0.3136817403988917 0
    outer loop
      vertex -2.6315859232635743 0.7982828624497714 -0.3
      vertex -2.6315859232635743 0.7982828624497714 5.404999999999999
      vertex -2.589246179253307 0.9264470968286052 5.404999999999999
    endloop
  endfacet
  facet normal -0.932992798834739 0.35989503653498806 0
    outer loop
      vertex -2.589246179253307 0.9264470968286052 -0.3
      vertex -2.589246179253307 0.9264470968286052 5.404999999999999
      vertex -2.5406687144060385 1.0523794390039969 5.404999999999999
    endloop
  endfacet
  facet normal -0.9142097557035308 0.40524131400498936 0
    outer loop
      vertex -2.5406687144060385 1.0523794390039969 -0.3
      vertex -2.5406687144060385 1.0523794390039969 5.404999999999999
      vertex -2.485970556089469 1.1757765069332757 5.404999999999999
    endloop
  endfacet
  facet normal -0.8932243011955161 0.44961132965460504 0
    outer loop
      vertex -2.485970556089469 1.1757765069332757 -0.3
      vertex -2.485970556089469 1.1757765069332757 5.404999999999999
      vertex -2.4252834769579765 1.2963410262714936 5.404999999999999
    endloop
  endfacet
  facet normal -0.8700869911087104 0.492898192229786 0
    outer loop
      vertex -2.4252834769579765 1.2963410262714936 -0.3
      vertex -2.4252834769579765 1.2963410262714936 5.404999999999999
      vertex -2.358753677500748 1.4137825465313598 5.404999999999999
    endloop
  endfacet
  facet normal -0.844853565249707 0.5349976198870973 0
    outer loop
      vertex -2.358753677500748 1.4137825465313598 -0.3
      vertex -2.358753677500748 1.4137825465313598 5.404999999999999
      vertex -2.2865414338319994 1.527818140803906 5.404999999999999
    endloop
  endfacet
  facet normal -0.817584813151585 0.5758081914178433 0
    outer loop
      vertex -2.2865414338319994 1.527818140803906 -0.3
      vertex -2.2865414338319994 1.527818140803906 5.404999999999999
      vertex -2.2088207115717737 1.6381730873541918 5.404999999999999
    endloop
  endfacet
  facet normal -0.7883464276266059 0.6152315905806274 0
    outer loop
      vertex -2.2088207115717737 1.6381730873541918 -0.3
      vertex -2.2088207115717737 1.6381730873541918 5.404999999999999
      vertex -2.125778746747527 1.744581531450025 5.404999999999999
    endloop
  endfacet
  facet normal -0.7572088465064839 0.6531728429537773 0
    outer loop
      vertex -2.125778746747527 1.744581531450025 -0.3
      vertex -2.125778746747527 1.744581531450025 5.404999999999999
      vertex -2.0376155947261374 1.8467871258293007 5.404999999999999
    endloop
  endfacet
  facet normal -0.7242470829514681 0.6895405447370658 0
    outer loop
      vertex -2.0376155947261374 1.8467871258293007 -0.3
      vertex -2.0376155947261374 1.8467871258293007 5.404999999999999
      vertex -1.9445436482630059 1.9445436482630059 5.404999999999999
    endloop
  endfacet
  facet normal -0.6895405447370658 0.7242470829514681 0
    outer loop
      vertex -1.9445436482630059 1.9445436482630059 -0.3
      vertex -1.9445436482630059 1.9445436482630059 5.404999999999999
      vertex -1.8467871258293007 2.0376155947261374 5.404999999999999
    endloop
  endfacet
  facet normal -0.6531728429537773 0.7572088465064839 0
    outer loop
      vertex -1.8467871258293007 2.0376155947261374 -0.3
      vertex -1.8467871258293007 2.0376155947261374 5.404999999999999
      vertex -1.744581531450025 2.125778746747527 5.404999999999999
    endloop
  endfacet
  facet normal -0.6152315905806274 0.7883464276266059 0
    outer loop
      vertex -1.744581531450025 2.125778746747527 -0.3
      vertex -1.744581531450025 2.125778746747527 5.404999999999999
      vertex -1.6381730873541918 2.2088207115717737 5.404999999999999
    endloop
  endfacet
  facet normal -0.5758081914178433 0.817584813151585 0
    outer loop
      vertex -1.6381730873541918 2.2088207115717737 -0.3
      vertex -1.6381730873541918 2.2088207115717737 5.404999999999999
      vertex -1.527818140803906 2.2865414338319994 5.404999999999999
    endloop
  endfacet
  facet normal -0.5349976198870973 0.844853565249707 0
    outer loop
      vertex -1.527818140803906 2.2865414338319994 -0.3
      vertex -1.527818140803906 2.2865414338319994 5.404999999999999
      vertex -1.4137825465313598 2.358753677500748 5.404999999999999
    endloop
  endfacet
  facet normal -0.492898192229786 0.8700869911087104 0
    outer loop
      vertex -1.4137825465313598 2.358753677500748 -0.3
      vertex -1.4137825465313598 2.358753677500748 5.404999999999999
      vertex -1.2963410262714936 2.4252834769579765 5.404999999999999
    endloop
  endfacet
  facet normal -0.44961132965460504 0.8932243011955161 0
    outer loop
      vertex -1.2963410262714936 2.4252834769579765 -0.3
      vertex -1.2963410262714936 2.4252834769579765 5.404999999999999
      vertex -1.1757765069332757 2.485970556089469 5.404999999999999
    endloop
  endfacet
  facet normal -0.40524131400498936 0.9142097557035308 0
    outer loop
      vertex -1.1757765069332757 2.485970556089469 -0.3
      vertex -1.1757765069332757 2.485970556089469 5.404999999999999
      vertex -1.0523794390039969 2.5406687144060385 5.404999999999999
    endloop
  endfacet
  facet normal -0.35989503653498806 0.932992798834739 0
    outer loop
      vertex -1.0523794390039969 2.5406687144060385 -0.3
      vertex -1.0523794390039969 2.5406687144060385 5.404999999999999
      vertex -0.9264470968286052 2.589246179253307 5.404999999999999
    endloop
  endfacet
  facet normal -0.3136817403988917 0.9495281805930367 0
    outer loop
      vertex -0.9264470968286052 2.589246179253307 -0.3
      vertex -0.9264470968286052 2.589246179253307 5.404999999999999
      vertex -0.7982828624497714 2.6315859232635743 5.404999999999999
    endloop
  endfacet
  facet normal -0.2667127574748991 0.9637760657954396 0
    outer loop
      vertex -0.7982828624497714 2.6315859232635743 -0.3
      vertex -0.7982828624497714 2.6315859232635743 5.404999999999999
      vertex -0.6681954947339757 2.667585946284996 5.404999999999999
    endloop
  endfacet
  facet normal -0.2191012401568692 0.9757021300385286 0
    outer loop
      vertex -0.6681954947339757 2.667585946284996 -0.3
      vertex -0.6681954947339757 2.667585946284996 5.404999999999999
      vertex -0.5364983855443527 2.6971595211088837 5.404999999999999
    endloop
  endfacet
  facet normal -0.17096188876030302 0.9852776423889409 0
    outer loop
      vertex -0.5364983855443527 2.6971595211088837 -0.3
      vertex -0.5364983855443527 2.6971595211088837 5.404999999999999
      vertex -0.4035088047522448 2.720235402403148 5.404999999999999
    endloop
  endfacet
  facet normal -0.12241067519921521 0.9924795345987102 0
    outer loop
      vertex -0.4035088047522448 2.720235402403148 -0.3
      vertex -0.4035088047522448 2.720235402403148 5.404999999999999
      vertex -0.26954713590629165 2.7367579983485415 5.404999999999999
    endloop
  endfacet
  facet normal -0.07356456359966845 0.9972904566786902 0
    outer loop
      vertex -0.26954713590629165 2.7367579983485415 -0.3
      vertex -0.26954713590629165 2.7367579983485415 5.404999999999999
      vertex -0.13493610440039955 2.7466875045642243 5.404999999999999
    endloop
  endfacet
  facet normal -0.024541228522910803 0.9996988186962044 0
    outer loop
      vertex -0.13493610440039955 2.7466875045642243 -0.3
      vertex -0.13493610440039955 2.7466875045642243 5.404999999999999
      vertex 0 2.75 5.404999999999999
    endloop
  endfacet
  facet normal 0 0 -1
    outer loop
      vertex -0.4035088047522448 -2.720235402403148 -0.3
      vertex 0.735 -2.05 -0.3
      vertex -0.26954713590629165 -2.7367579983485415 -0.3
    endloop
  endfacet
  facet normal 0 0 -1
    outer loop
      vertex -0.26954713590629165 -2.7367579983485415 -0.3
      vertex 0.735 -2.05 -0.3
      vertex -0.13493610440039955 -2.7466875045642243 -0.3
    endloop
  endfacet
  facet normal 0 0 -1
    outer loop
      vertex -0.13493610440039955 -2.7466875045642243 -0.3
      vertex 0.735 -2.05 -0.3
      vertex 0 -2.75 -0.3
    endloop
  endfacet
  facet normal 0 0 -1
    outer loop
      vertex 0 -2.75 -0.3
      vertex 0.735 -2.05 -0.3
      vertex 0.13493610440039955 -2.7466875045642243 -0.3
    endloop
  endfacet
  facet normal 0 0 -1
    outer loop
      vertex 0.13493610440039955 -2.7466875045642243 -0.3
      vertex 0.735 -2.05 -0.3
      vertex 0.26954713590629165 -2.7367579983485415 -0.3
    endloop
  endfacet
  facet normal 0 0 -1
    outer loop
      vertex 0.26954713590629165 -2.7367579983485415 -0.3
      vertex 0.735 -2.05 -0.3
      vertex 0.4035088047522448 -2.720235402403148 -0.3
    endloop
  endfacet
  facet normal 0 0 -1
    outer loop
      vertex 0.4035088047522448 -2.720235402403148 -0.3
      vertex 0.735 -2.05 -0.3
      vertex 0.5364983855443527 -2.6971595211088837 -0.3
    endloop
  endfacet
  facet normal 0 0 -1
    outer loop
      vertex 0.5364983855443527 -2.6971595211088837 -0.3
      vertex 0.735 -2.05 -0.3
      vertex 0.6681954947339757 -2.667585946284996 -0.3
    endloop
  endfacet
  facet normal 0 0 -1
    outer loop
      vertex 0.6681954947339757 -2.667585946284996 -0.3
      vertex 0.735 -2.05 -0.3
      vertex 0.7982828624497714 -2.6315859232635743 -0.3
    endloop
  endfacet
  facet normal 0.024541228522910803 -0.9996988186962044 0
    outer loop
      vertex 0 -2.75 -0.3
      vertex 0.13493610440039955 -2.7466875045642243 -0.3
      vertex 0 -2.75 5.404999999999999
    endloop
  endfacet
  facet normal 0.07356456359966845 -0.9972904566786902 0
    outer loop
      vertex 0.13493610440039955 -2.7466875045642243 -0.3
      vertex 0.26954713590629165 -2.7367579983485415 -0.3
      vertex 0.13493610440039955 -2.7466875045642243 5.404999999999999
    endloop
  endfacet
  facet normal 0.12241067519921521 -0.9924795345987102 0
    outer loop
      vertex 0.26954713590629165 -2.7367579983485415 -0.3
      vertex 0.4035088047522448 -2.720235402403148 -0.3
      vertex 0.26954713590629165 -2.7367579983485415 5.404999999999999
    endloop
  endfacet
  facet normal 0.17096188876030302 -0.9852776423889409 0
    outer loop
      vertex 0.4035088047522448 -2.720235402403148 -0.3
      vertex 0.5364983855443527 -2.6971595211088837 -0.3
      vertex 0.4035088047522448 -2.720235402403148 5.404999999999999
    endloop
  endfacet
  facet normal 0.2191012401568692 -0.9757021300385286 0
    outer loop
      vertex 0.5364983855443527 -2.6971595211088837 -0.3
      vertex 0.6681954947339757 -2.667585946284996 -0.3
      vertex 0.5364983855443527 -2.6971595211088837 5.404999999999999
    endloop
  endfacet
  facet normal 0.2667127574748991 -0.9637760657954396 0
    outer loop
      vertex 0.6681954947339757 -2.667585946284996 -0.3
      vertex 0.7982828624497714 -2.6315859232635743 -0.3
      vertex 0.6681954947339757 -2.667585946284996 5.404999999999999
    endloop
  endfacet
  facet normal 0.3136817403988917 -0.9495281805930367 0
    outer loop
      vertex 0.7982828624497714 -2.6315859232635743 -0.3
      vertex 0.9264470968286052 -2.589246179253307 -0.3
      vertex 0.7982828624497714 -2.6315859232635743 5.404999999999999
    endloop
  endfacet
  facet normal 0.35989503653498806 -0.932992798834739 0
    outer loop
      vertex 0.9264470968286052 -2.589246179253307 -0.3
      vertex 1.0523794390039969 -2.5406687144060385 -0.3
      vertex 0.9264470968286052 -2.589246179253307 5.404999999999999
    endloop
  endfacet
  facet normal 0.40524131400498936 -0.9142097557035308 0
    outer loop
      vertex 1.0523794390039969 -2.5406687144060385 -0.3
      vertex 1.1757765069332757 -2.485970556089469 -0.3
      vertex 1.0523794390039969 -2.5406687144060385 5.404999999999999
    endloop
  endfacet
  facet normal 0.44961132965460504 -0.8932243011955161 0
    outer loop
      vertex 1.1757765069332757 -2.485970556089469 -0.3
      vertex 1.2963410262714936 -2.4252834769579765 -0.3
      vertex 1.1757765069332757 -2.485970556089469 5.404999999999999
    endloop
  endfacet
  facet normal 0.492898192229786 -0.8700869911087104 0
    outer loop
      vertex 1.2963410262714936 -2.4252834769579765 -0.3
      vertex 1.4137825465313598 -2.358753677500748 -0.3
      vertex 1.2963410262714936 -2.4252834769579765 5.404999999999999
    endloop
  endfacet
  facet normal 0.5349976198870973 -0.844853565249707 0
    outer loop
      vertex 1.4137825465313598 -2.358753677500748 -0.3
      vertex 1.527818140803906 -2.2865414338319994 -0.3
      vertex 1.4137825465313598 -2.358753677500748 5.404999999999999
    endloop
  endfacet
  facet normal 0.5758081914178433 -0.817584813151585 0
    outer loop
      vertex 1.527818140803906 -2.2865414338319994 -0.3
      vertex 1.6381730873541918 -2.2088207115717737 -0.3
      vertex 1.527818140803906 -2.2865414338319994 5.404999999999999
    endloop
  endfacet
  facet normal 0.6152315905806274 -0.7883464276266059 0
    outer loop
      vertex 1.6381730873541918 -2.2088207115717737 -0.3
      vertex 1.744581531450025 -2.125778746747527 -0.3
      vertex 1.6381730873541918 -2.2088207115717737 5.404999999999999
    endloop
  endfacet
  facet normal 0.6531728429537773 -0.7572088465064839 0
    outer loop
      vertex 1.744581531450025 -2.125778746747527 -0.3
      vertex 1.8467871258293007 -2.0376155947261374 -0.3
      vertex 1.744581531450025 -2.125778746747527 5.404999999999999
    endloop
  endfacet
  facet normal 0 0 -1
    outer loop
      vertex 0.7982828624497714 -2.6315859232635743 -0.3
      vertex 2.6629355133716164 -0.6849999999999999 -0.3
      vertex 0.9264470968286052 -2.589246179253307 -0.3
    endloop
  endfacet
  facet normal 0 0 -1
    outer loop
      vertex 0.9264470968286052 -2.589246179253307 -0.3
      vertex 2.6629355133716164 -0.6849999999999999 -0.3
      vertex 1.0523794390039969 -2.5406687144060385 -0.3
    endloop
  endfacet
  facet normal 0 0 -1
    outer loop
      vertex 0.7982828624497714 -2.6315859232635743 -0.3
      vertex 0.735 -2.05 -0.3
      vertex 2.6629355133716164 -0.6849999999999999 -0.3
    endloop
  endfacet
  facet normal 0 0 -1
    outer loop
      vertex 0.735 -2.05 -0.3
      vertex 0.735 -0.6849999999999999 -0.3
      vertex 2.6629355133716164 -0.6849999999999999 -0.3
    endloop
  endfacet
  facet normal 0 0 -1
    outer loop
      vertex 1.0523794390039969 -2.5406687144060385 -0.3
      vertex 2.6629355133716164 -0.6849999999999999 -0.3
      vertex 1.1757765069332757 -2.485970556089469 -0.3
    endloop
  endfacet
  facet normal 0 0 -1
    outer loop
      vertex 1.1757765069332757 -2.485970556089469 -0.3
      vertex 2.6629355133716164 -0.6849999999999999 -0.3
      vertex 1.2963410262714936 -2.4252834769579765 -0.3
    endloop
  endfacet
  facet normal 0 0 -1
    outer loop
      vertex 1.2963410262714936 -2.4252834769579765 -0.3
      vertex 2.6629355133716164 -0.6849999999999999 -0.3
      vertex 1.4137825465313598 -2.358753677500748 -0.3
    endloop
  endfacet
  facet normal 0 0 -1
    outer loop
      vertex 1.4137825465313598 -2.358753677500748 -0.3
      vertex 2.6629355133716164 -0.6849999999999999 -0.3
      vertex 1.527818140803906 -2.2865414338319994 -0.3
    endloop
  endfacet
  facet normal 0 0 -1
    outer loop
      vertex 1.527818140803906 -2.2865414338319994 -0.3
      vertex 2.6629355133716164 -0.6849999999999999 -0.3
      vertex 1.6381730873541918 -2.2088207115717737 -0.3
    endloop
  endfacet
  facet normal 0 0 -1
    outer loop
      vertex 1.6381730873541918 -2.2088207115717737 -0.3
      vertex 2.6629355133716164 -0.6849999999999999 -0.3
      vertex 1.744581531450025 -2.125778746747527 -0.3
    endloop
  endfacet
  facet normal 0 0 -1
    outer loop
      vertex 1.744581531450025 -2.125778746747527 -0.3
      vertex 2.6629355133716164 -0.6849999999999999 -0.3
      vertex 1.8467871258293007 -2.0376155947261374 -0.3
    endloop
  endfacet
  facet normal 0 0 -1
    outer loop
      vertex 1.8467871258293007 -2.0376155947261374 -0.3
      vertex 2.6629355133716164 -0.6849999999999999 -0.3
      vertex 1.9445436482630059 -1.9445436482630059 -0.3
    endloop
  endfacet
  facet normal 0 0 -1
    outer loop
      vertex 1.9445436482630059 -1.9445436482630059 -0.3
      vertex 2.6629355133716164 -0.6849999999999999 -0.3
      vertex 2.0376155947261374 -1.8467871258293007 -0.3
    endloop
  endfacet
  facet normal 0 0 -1
    outer loop
      vertex 2.0376155947261374 -1.8467871258293007 -0.3
      vertex 2.6629355133716164 -0.6849999999999999 -0.3
      vertex 2.125778746747527 -1.744581531450025 -0.3
    endloop
  endfacet
  facet normal 0 0 -1
    outer loop
      vertex 2.125778746747527 -1.744581531450025 -0.3
      vertex 2.6629355133716164 -0.6849999999999999 -0.3
      vertex 2.2088207115717737 -1.6381730873541918 -0.3
    endloop
  endfacet
  facet normal 0 0 -1
    outer loop
      vertex 2.2088207115717737 -1.6381730873541918 -0.3
      vertex 2.6629355133716164 -0.6849999999999999 -0.3
      vertex 2.2865414338319994 -1.527818140803906 -0.3
    endloop
  endfacet
  facet normal 0 0 -1
    outer loop
      vertex 2.2865414338319994 -1.527818140803906 -0.3
      vertex 2.6629355133716164 -0.6849999999999999 -0.3
      vertex 2.358753677500748 -1.4137825465313598 -0.3
    endloop
  endfacet
  facet normal 0 0 -1
    outer loop
      vertex 2.358753677500748 -1.4137825465313598 -0.3
      vertex 2.6629355133716164 -0.6849999999999999 -0.3
      vertex 2.4252834769579765 -1.2963410262714936 -0.3
    endloop
  endfacet
  facet normal 0 0 -1
    outer loop
      vertex 2.4252834769579765 -1.2963410262714936 -0.3
      vertex 2.6629355133716164 -0.6849999999999999 -0.3
      vertex 2.485970556089469 -1.1757765069332757 -0.3
    endloop
  endfacet
  facet normal 0 0 -1
    outer loop
      vertex 2.485970556089469 -1.1757765069332757 -0.3
      vertex 2.6629355133716164 -0.6849999999999999 -0.3
      vertex 2.5406687144060385 -1.0523794390039969 -0.3
    endloop
  endfacet
  facet normal 0 0 -1
    outer loop
      vertex 2.5406687144060385 -1.0523794390039969 -0.3
      vertex 2.6629355133716164 -0.6849999999999999 -0.3
      vertex 2.589246179253307 -0.9264470968286052 -0.3
    endloop
  endfacet
  facet normal 0 0 -1
    outer loop
      vertex 2.589246179253307 -0.9264470968286052 -0.3
      vertex 2.6629355133716164 -0.6849999999999999 -0.3
      vertex 2.6315859232635743 -0.7982828624497714 -0.3
    endloop
  endfacet
  facet normal 0.6895405447370658 -0.7242470829514681 0
    outer loop
      vertex 1.8467871258293007 -2.0376155947261374 -0.3
      vertex 1.9445436482630059 -1.9445436482630059 -0.3
      vertex 1.8467871258293007 -2.0376155947261374 5.404999999999999
    endloop
  endfacet
  facet normal 0.7242470829514681 -0.6895405447370658 0
    outer loop
      vertex 1.9445436482630059 -1.9445436482630059 -0.3
      vertex 2.0376155947261374 -1.8467871258293007 -0.3
      vertex 1.9445436482630059 -1.9445436482630059 5.404999999999999
    endloop
  endfacet
  facet normal 0.7572088465064839 -0.6531728429537773 0
    outer loop
      vertex 2.0376155947261374 -1.8467871258293007 -0.3
      vertex 2.125778746747527 -1.744581531450025 -0.3
      vertex 2.0376155947261374 -1.8467871258293007 5.404999999999999
    endloop
  endfacet
  facet normal 0.7883464276266059 -0.6152315905806274 0
    outer loop
      vertex 2.125778746747527 -1.744581531450025 -0.3
      vertex 2.2088207115717737 -1.6381730873541918 -0.3
      vertex 2.125778746747527 -1.744581531450025 5.404999999999999
    endloop
  endfacet
  facet normal 0.817584813151585 -0.5758081914178433 0
    outer loop
      vertex 2.2088207115717737 -1.6381730873541918 -0.3
      vertex 2.2865414338319994 -1.527818140803906 -0.3
      vertex 2.2088207115717737 -1.6381730873541918 5.404999999999999
    endloop
  endfacet
  facet normal 0.844853565249707 -0.5349976198870973 0
    outer loop
      vertex 2.2865414338319994 -1.527818140803906 -0.3
      vertex 2.358753677500748 -1.4137825465313598 -0.3
      vertex 2.2865414338319994 -1.527818140803906 5.404999999999999
    endloop
  endfacet
  facet normal 0.8700869911087104 -0.492898192229786 0
    outer loop
      vertex 2.358753677500748 -1.4137825465313598 -0.3
      vertex 2.4252834769579765 -1.2963410262714936 -0.3
      vertex 2.358753677500748 -1.4137825465313598 5.404999999999999
    endloop
  endfacet
  facet normal 0.8932243011955161 -0.44961132965460504 0
    outer loop
      vertex 2.4252834769579765 -1.2963410262714936 -0.3
      vertex 2.485970556089469 -1.1757765069332757 -0.3
      vertex 2.4252834769579765 -1.2963410262714936 5.404999999999999
    endloop
  endfacet
  facet normal 0.9142097557035308 -0.40524131400498936 0
    outer loop
      vertex 2.485970556089469 -1.1757765069332757 -0.3
      vertex 2.5406687144060385 -1.0523794390039969 -0.3
      vertex 2.485970556089469 -1.1757765069332757 5.404999999999999
    endloop
  endfacet
  facet normal 0.932992798834739 -0.35989503653498806 0
    outer loop
      vertex 2.5406687144060385 -1.0523794390039969 -0.3
      vertex 2.589246179253307 -0.9264470968286052 -0.3
      vertex 2.5406687144060385 -1.0523794390039969 5.404999999999999
    endloop
  endfacet
  facet normal 0.9495281805930367 -0.3136817403988917 0
    outer loop
      vertex 2.589246179253307 -0.9264470968286052 -0.3
      vertex 2.6315859232635743 -0.7982828624497714 -0.3
      vertex 2.589246179253307 -0.9264470968286052 5.404999999999999
    endloop
  endfacet
  facet normal 0.9637760657954394 -0.26671275747490036 0
    outer loop
      vertex 2.6315859232635743 -0.7982828624497714 -0.3
      vertex 2.6629355133716164 -0.6849999999999999 -0.3
      vertex 2.6315859232635743 -0.7982828624497714 5.404999999999999
    endloop
  endfacet
  facet normal 0.024541228522910803 -0.9996988186962044 0
    outer loop
      vertex 0.13493610440039955 -2.7466875045642243 -0.3
      vertex 0.13493610440039955 -2.7466875045642243 5.404999999999999
      vertex 0 -2.75 5.404999999999999
    endloop
  endfacet
  facet normal 0.07356456359966845 -0.9972904566786902 0
    outer loop
      vertex 0.26954713590629165 -2.7367579983485415 -0.3
      vertex 0.26954713590629165 -2.7367579983485415 5.404999999999999
      vertex 0.13493610440039955 -2.7466875045642243 5.404999999999999
    endloop
  endfacet
  facet normal 0.12241067519921521 -0.9924795345987102 0
    outer loop
      vertex 0.4035088047522448 -2.720235402403148 -0.3
      vertex 0.4035088047522448 -2.720235402403148 5.404999999999999
      vertex 0.26954713590629165 -2.7367579983485415 5.404999999999999
    endloop
  endfacet
  facet normal 0.17096188876030302 -0.9852776423889409 0
    outer loop
      vertex 0.5364983855443527 -2.6971595211088837 -0.3
      vertex 0.5364983855443527 -2.6971595211088837 5.404999999999999
      vertex 0.4035088047522448 -2.720235402403148 5.404999999999999
    endloop
  endfacet
  facet normal 0.2191012401568692 -0.9757021300385286 0
    outer loop
      vertex 0.6681954947339757 -2.667585946284996 -0.3
      vertex 0.6681954947339757 -2.667585946284996 5.404999999999999
      vertex 0.5364983855443527 -2.6971595211088837 5.404999999999999
    endloop
  endfacet
  facet normal 0.2667127574748991 -0.9637760657954396 0
    outer loop
      vertex 0.7982828624497714 -2.6315859232635743 -0.3
      vertex 0.7982828624497714 -2.6315859232635743 5.404999999999999
      vertex 0.6681954947339757 -2.667585946284996 5.404999999999999
    endloop
  endfacet
  facet normal 0.3136817403988917 -0.9495281805930367 0
    outer loop
      vertex 0.9264470968286052 -2.589246179253307 -0.3
      vertex 0.9264470968286052 -2.589246179253307 5.404999999999999
      vertex 0.7982828624497714 -2.6315859232635743 5.404999999999999
    endloop
  endfacet
  facet normal 0.35989503653498806 -0.932992798834739 0
    outer loop
      vertex 1.0523794390039969 -2.5406687144060385 -0.3
      vertex 1.0523794390039969 -2.5406687144060385 5.404999999999999
      vertex 0.9264470968286052 -2.589246179253307 5.404999999999999
    endloop
  endfacet
  facet normal 0.40524131400498936 -0.9142097557035308 0
    outer loop
      vertex 1.1757765069332757 -2.485970556089469 -0.3
      vertex 1.1757765069332757 -2.485970556089469 5.404999999999999
      vertex 1.0523794390039969 -2.5406687144060385 5.404999999999999
    endloop
  endfacet
  facet normal 0.44961132965460504 -0.8932243011955161 0
    outer loop
      vertex 1.2963410262714936 -2.4252834769579765 -0.3
      vertex 1.2963410262714936 -2.4252834769579765 5.404999999999999
      vertex 1.1757765069332757 -2.485970556089469 5.404999999999999
    endloop
  endfacet
  facet normal 0.492898192229786 -0.8700869911087104 0
    outer loop
      vertex 1.4137825465313598 -2.358753677500748 -0.3
      vertex 1.4137825465313598 -2.358753677500748 5.404999999999999
      vertex 1.2963410262714936 -2.4252834769579765 5.404999999999999
    endloop
  endfacet
  facet normal 0.5349976198870973 -0.844853565249707 0
    outer loop
      vertex 1.527818140803906 -2.2865414338319994 -0.3
      vertex 1.527818140803906 -2.2865414338319994 5.404999999999999
      vertex 1.4137825465313598 -2.358753677500748 5.404999999999999
    endloop
  endfacet
  facet normal 0.5758081914178433 -0.817584813151585 0
    outer loop
      vertex 1.6381730873541918 -2.2088207115717737 -0.3
      vertex 1.6381730873541918 -2.2088207115717737 5.404999999999999
      vertex 1.527818140803906 -2.2865414338319994 5.404999999999999
    endloop
  endfacet
  facet normal 0.6152315905806274 -0.7883464276266059 0
    outer loop
      vertex 1.744581531450025 -2.125778746747527 -0.3
      vertex 1.744581531450025 -2.125778746747527 5.404999999999999
      vertex 1.6381730873541918 -2.2088207115717737 5.404999999999999
    endloop
  endfacet
  facet normal 0.6531728429537773 -0.7572088465064839 0
    outer loop
      vertex 1.8467871258293007 -2.0376155947261374 -0.3
      vertex 1.8467871258293007 -2.0376155947261374 5.404999999999999
      vertex 1.744581531450025 -2.125778746747527 5.404999999999999
    endloop
  endfacet
  facet normal 0.6895405447370658 -0.7242470829514681 0
    outer loop
      vertex 1.9445436482630059 -1.9445436482630059 -0.3
      vertex 1.9445436482630059 -1.9445436482630059 5.404999999999999
      vertex 1.8467871258293007 -2.0376155947261374 5.404999999999999
    endloop
  endfacet
  facet normal 0.7242470829514681 -0.6895405447370658 0
    outer loop
      vertex 2.0376155947261374 -1.8467871258293007 -0.3
      vertex 2.0376155947261374 -1.8467871258293007 5.404999999999999
      vertex 1.9445436482630059 -1.9445436482630059 5.404999999999999
    endloop
  endfacet
  facet normal 0.7572088465064839 -0.6531728429537773 0
    outer loop
      vertex 2.125778746747527 -1.744581531450025 -0.3
      vertex 2.125778746747527 -1.744581531450025 5.404999999999999
      vertex 2.0376155947261374 -1.8467871258293007 5.404999999999999
    endloop
  endfacet
  facet normal 0.7883464276266059 -0.6152315905806274 0
    outer loop
      vertex 2.2088207115717737 -1.6381730873541918 -0.3
      vertex 2.2088207115717737 -1.6381730873541918 5.404999999999999
      vertex 2.125778746747527 -1.744581531450025 5.404999999999999
    endloop
  endfacet
  facet normal 0.817584813151585 -0.5758081914178433 0
    outer loop
      vertex 2.2865414338319994 -1.527818140803906 -0.3
      vertex 2.2865414338319994 -1.527818140803906 5.404999999999999
      vertex 2.2088207115717737 -1.6381730873541918 5.404999999999999
    endloop
  endfacet
  facet normal 0.844853565249707 -0.5349976198870973 0
    outer loop
      vertex 2.358753677500748 -1.4137825465313598 -0.3
      vertex 2.358753677500748 -1.4137825465313598 5.404999999999999
      vertex 2.2865414338319994 -1.527818140803906 5.404999999999999
    endloop
  endfacet
  facet normal 0.8700869911087104 -0.492898192229786 0
    outer loop
      vertex 2.4252834769579765 -1.2963410262714936 -0.3
      vertex 2.4252834769579765 -1.2963410262714936 5.404999999999999
      vertex 2.358753677500748 -1.4137825465313598 5.404999999999999
    endloop
  endfacet
  facet normal 0.8932243011955161 -0.44961132965460504 0
    outer loop
      vertex 2.485970556089469 -1.1757765069332757 -0.3
      vertex 2.485970556089469 -1.1757765069332757 5.404999999999999
      vertex 2.4252834769579765 -1.2963410262714936 5.404999999999999
    endloop
  endfacet
  facet normal 0.9142097557035308 -0.40524131400498936 0
    outer loop
      vertex 2.5406687144060385 -1.0523794390039969 -0.3
      vertex 2.5406687144060385 -1.0523794390039969 5.404999999999999
      vertex 2.485970556089469 -1.1757765069332757 5.404999999999999
    endloop
  endfacet
  facet normal 0.932992798834739 -0.35989503653498806 0
    outer loop
      vertex 2.589246179253307 -0.9264470968286052 -0.3
      vertex 2.589246179253307 -0.9264470968286052 5.404999999999999
      vertex 2.5406687144060385 -1.0523794390039969 5.404999999999999
    endloop
  endfacet
  facet normal 0.9495281805930367 -0.3136817403988917 0
    outer loop
      vertex 2.6315859232635743 -0.7982828624497714 -0.3
      vertex 2.6315859232635743 -0.7982828624497714 5.404999999999999
      vertex 2.589246179253307 -0.9264470968286052 5.404999999999999
    endloop
  endfacet
  facet normal 0.9637760657954394 -0.26671275747490036 0
    outer loop
      vertex 2.6629355133716164 -0.6849999999999999 -0.3
      vertex 2.6629355133716164 -0.6849999999999999 5.404999999999999
      vertex 2.6315859232635743 -0.7982828624497714 5.404999999999999
    endloop
  endfacet
  facet normal 0 0 -1
    outer loop
      vertex 0.735 0.6849999999999999 -0.3
      vertex 0.735 2.05 -0.3
      vertex 0.7982828624497714 2.6315859232635743 -0.3
    endloop
  endfacet
  facet normal 0 0 -1
    outer loop
      vertex 0.735 0.6849999999999999 -0.3
      vertex 1.8467871258293007 2.0376155947261374 -0.3
      vertex 1.9445436482630059 1.9445436482630059 -0.3
    endloop
  endfacet
  facet normal 0 0 -1
    outer loop
      vertex 0.735 0.6849999999999999 -0.3
      vertex 0.9264470968286052 2.589246179253307 -0.3
      vertex 1.0523794390039969 2.5406687144060385 -0.3
    endloop
  endfacet
  facet normal 0 0 -1
    outer loop
      vertex 0.735 0.6849999999999999 -0.3
      vertex 0.7982828624497714 2.6315859232635743 -0.3
      vertex 0.9264470968286052 2.589246179253307 -0.3
    endloop
  endfacet
  facet normal 0 0 -1
    outer loop
      vertex 0.735 0.6849999999999999 -0.3
      vertex 1.1757765069332757 2.485970556089469 -0.3
      vertex 1.2963410262714936 2.4252834769579765 -0.3
    endloop
  endfacet
  facet normal 0 0 -1
    outer loop
      vertex 0.735 0.6849999999999999 -0.3
      vertex 1.0523794390039969 2.5406687144060385 -0.3
      vertex 1.1757765069332757 2.485970556089469 -0.3
    endloop
  endfacet
  facet normal 0 0 -1
    outer loop
      vertex 0.735 0.6849999999999999 -0.3
      vertex 1.2963410262714936 2.4252834769579765 -0.3
      vertex 1.4137825465313598 2.358753677500748 -0.3
    endloop
  endfacet
  facet normal 0 0 -1
    outer loop
      vertex 0.735 0.6849999999999999 -0.3
      vertex 1.4137825465313598 2.358753677500748 -0.3
      vertex 1.527818140803906 2.2865414338319994 -0.3
    endloop
  endfacet
  facet normal 0 0 -1
    outer loop
      vertex 0.735 0.6849999999999999 -0.3
      vertex 1.527818140803906 2.2865414338319994 -0.3
      vertex 1.6381730873541918 2.2088207115717737 -0.3
    endloop
  endfacet
  facet normal 0 0 -1
    outer loop
      vertex 0.735 0.6849999999999999 -0.3
      vertex 1.744581531450025 2.125778746747527 -0.3
      vertex 1.8467871258293007 2.0376155947261374 -0.3
    endloop
  endfacet
  facet normal 0 0 -1
    outer loop
      vertex 0.735 0.6849999999999999 -0.3
      vertex 1.6381730873541918 2.2088207115717737 -0.3
      vertex 1.744581531450025 2.125778746747527 -0.3
    endloop
  endfacet
  facet normal 0 0 -1
    outer loop
      vertex 0.735 0.6849999999999999 -0.3
      vertex 2.485970556089469 1.1757765069332757 -0.3
      vertex 2.5406687144060385 1.0523794390039969 -0.3
    endloop
  endfacet
  facet normal 0 0 -1
    outer loop
      vertex 0.735 0.6849999999999999 -0.3
      vertex 2.6315859232635743 0.7982828624497714 -0.3
      vertex 2.6629355133716164 0.6849999999999999 -0.3
    endloop
  endfacet
  facet normal 0 0 -1
    outer loop
      vertex 0.735 0.6849999999999999 -0.3
      vertex 2.589246179253307 0.9264470968286052 -0.3
      vertex 2.6315859232635743 0.7982828624497714 -0.3
    endloop
  endfacet
  facet normal 0 0 -1
    outer loop
      vertex 0.735 0.6849999999999999 -0.3
      vertex 2.5406687144060385 1.0523794390039969 -0.3
      vertex 2.589246179253307 0.9264470968286052 -0.3
    endloop
  endfacet
  facet normal 0 0 -1
    outer loop
      vertex 0.735 0.6849999999999999 -0.3
      vertex 2.2088207115717737 1.6381730873541918 -0.3
      vertex 2.2865414338319994 1.527818140803906 -0.3
    endloop
  endfacet
  facet normal 0 0 -1
    outer loop
      vertex 0.735 0.6849999999999999 -0.3
      vertex 2.358753677500748 1.4137825465313598 -0.3
      vertex 2.4252834769579765 1.2963410262714936 -0.3
    endloop
  endfacet
  facet normal 0 0 -1
    outer loop
      vertex 0.735 0.6849999999999999 -0.3
      vertex 2.4252834769579765 1.2963410262714936 -0.3
      vertex 2.485970556089469 1.1757765069332757 -0.3
    endloop
  endfacet
  facet normal 0 0 -1
    outer loop
      vertex 0.735 0.6849999999999999 -0.3
      vertex 2.2865414338319994 1.527818140803906 -0.3
      vertex 2.358753677500748 1.4137825465313598 -0.3
    endloop
  endfacet
  facet normal 0 0 -1
    outer loop
      vertex 0.735 0.6849999999999999 -0.3
      vertex 2.0376155947261374 1.8467871258293007 -0.3
      vertex 2.125778746747527 1.744581531450025 -0.3
    endloop
  endfacet
  facet normal 0 0 -1
    outer loop
      vertex 0.735 0.6849999999999999 -0.3
      vertex 2.125778746747527 1.744581531450025 -0.3
      vertex 2.2088207115717737 1.6381730873541918 -0.3
    endloop
  endfacet
  facet normal 0 0 -1
    outer loop
      vertex 0.735 0.6849999999999999 -0.3
      vertex 1.9445436482630059 1.9445436482630059 -0.3
      vertex 2.0376155947261374 1.8467871258293007 -0.3
    endloop
  endfacet
  facet normal 0.9637760657954394 0.26671275747490036 0
    outer loop
      vertex 2.6629355133716164 0.6849999999999999 -0.3
      vertex 2.6315859232635743 0.7982828624497714 -0.3
      vertex 2.6629355133716164 0.6849999999999999 5.404999999999999
    endloop
  endfacet
  facet normal 0.9495281805930367 0.3136817403988917 0
    outer loop
      vertex 2.6315859232635743 0.7982828624497714 -0.3
      vertex 2.589246179253307 0.9264470968286052 -0.3
      vertex 2.6315859232635743 0.7982828624497714 5.404999999999999
    endloop
  endfacet
  facet normal 0.932992798834739 0.35989503653498806 0
    outer loop
      vertex 2.589246179253307 0.9264470968286052 -0.3
      vertex 2.5406687144060385 1.0523794390039969 -0.3
      vertex 2.589246179253307 0.9264470968286052 5.404999999999999
    endloop
  endfacet
  facet normal 0.6531728429537773 0.7572088465064839 0
    outer loop
      vertex 1.8467871258293007 2.0376155947261374 -0.3
      vertex 1.744581531450025 2.125778746747527 -0.3
      vertex 1.8467871258293007 2.0376155947261374 5.404999999999999
    endloop
  endfacet
  facet normal 0.6895405447370658 0.7242470829514681 -1.7149034641046605e-19
    outer loop
      vertex 1.8467871258293007 2.0376155947261374 -0.3
      vertex 1.9445436482630059 1.9445436482630059 5.404999999999999
      vertex 1.9445436482630059 1.9445436482630059 -0.3
    endloop
  endfacet
  facet normal 0.7572088465064839 0.6531728429537773 7.160988608422316e-19
    outer loop
      vertex 2.0376155947261374 1.8467871258293007 -0.3
      vertex 2.125778746747527 1.744581531450025 5.404999999999999
      vertex 2.125778746747527 1.744581531450025 -0.3
    endloop
  endfacet
  facet normal 0.7883464276266059 0.6152315905806274 0
    outer loop
      vertex 2.2088207115717737 1.6381730873541918 -0.3
      vertex 2.125778746747527 1.744581531450025 -0.3
      vertex 2.2088207115717737 1.6381730873541918 5.404999999999999
    endloop
  endfacet
  facet normal 0.817584813151585 0.5758081914178433 0
    outer loop
      vertex 2.2865414338319994 1.527818140803906 -0.3
      vertex 2.2088207115717737 1.6381730873541918 -0.3
      vertex 2.2865414338319994 1.527818140803906 5.404999999999999
    endloop
  endfacet
  facet normal 0.7242470829514681 0.6895405447370658 -1.7149034641046605e-19
    outer loop
      vertex 1.9445436482630059 1.9445436482630059 -0.3
      vertex 2.0376155947261374 1.8467871258293007 5.404999999999999
      vertex 2.0376155947261374 1.8467871258293007 -0.3
    endloop
  endfacet
  facet normal 0.9142097557035308 0.40524131400498936 5.511702449831115e-19
    outer loop
      vertex 2.485970556089469 1.1757765069332757 -0.3
      vertex 2.5406687144060385 1.0523794390039969 5.404999999999999
      vertex 2.5406687144060385 1.0523794390039969 -0.3
    endloop
  endfacet
  facet normal 0.8932243011955161 0.44961132965460504 0
    outer loop
      vertex 2.485970556089469 1.1757765069332757 -0.3
      vertex 2.4252834769579765 1.2963410262714936 -0.3
      vertex 2.485970556089469 1.1757765069332757 5.404999999999999
    endloop
  endfacet
  facet normal 0.8700869911087104 0.492898192229786 0
    outer loop
      vertex 2.4252834769579765 1.2963410262714936 -0.3
      vertex 2.358753677500748 1.4137825465313598 -0.3
      vertex 2.4252834769579765 1.2963410262714936 5.404999999999999
    endloop
  endfacet
  facet normal 0.844853565249707 0.5349976198870973 -4.658893456851306e-19
    outer loop
      vertex 2.2865414338319994 1.527818140803906 -0.3
      vertex 2.358753677500748 1.4137825465313598 5.404999999999999
      vertex 2.358753677500748 1.4137825465313598 -0.3
    endloop
  endfacet
  facet normal 0 0 -1
    outer loop
      vertex -0.735 2.05 -0.3
      vertex 0.7982828624497714 2.6315859232635743 -0.3
      vertex 0.735 2.05 -0.3
    endloop
  endfacet
  facet normal 0 0 -1
    outer loop
      vertex -0.735 2.05 -0.3
      vertex 0.4035088047522448 2.720235402403148 -0.3
      vertex 0.5364983855443527 2.6971595211088837 -0.3
    endloop
  endfacet
  facet normal 0 0 -1
    outer loop
      vertex -0.735 2.05 -0.3
      vertex 0.5364983855443527 2.6971595211088837 -0.3
      vertex 0.6681954947339757 2.667585946284996 -0.3
    endloop
  endfacet
  facet normal 0 0 -1
    outer loop
      vertex -0.735 2.05 -0.3
      vertex 0.6681954947339757 2.667585946284996 -0.3
      vertex 0.7982828624497714 2.6315859232635743 -0.3
    endloop
  endfacet
  facet normal 0.024541228522910803 0.9996988186962044 -5.8726443113421e-21
    outer loop
      vertex 0 2.75 -0.3
      vertex 0.13493610440039955 2.7466875045642243 5.404999999999999
      vertex 0.13493610440039955 2.7466875045642243 -0.3
    endloop
  endfacet
  facet normal 0.07356456359966845 0.9972904566786902 -8.251153571796293e-20
    outer loop
      vertex 0.13493610440039955 2.7466875045642243 -0.3
      vertex 0.26954713590629165 2.7367579983485415 5.404999999999999
      vertex 0.26954713590629165 2.7367579983485415 -0.3
    endloop
  endfacet
  facet normal 0.12241067519921521 0.9924795345987102 -7.558059902188401e-22
    outer loop
      vertex 0.26954713590629165 2.7367579983485415 -0.3
      vertex 0.4035088047522448 2.720235402403148 5.404999999999999
      vertex 0.4035088047522448 2.720235402403148 -0.3
    endloop
  endfacet
  facet normal 0.17096188876030302 0.9852776423889409 1.5035922380659942e-19
    outer loop
      vertex 0.4035088047522448 2.720235402403148 -0.3
      vertex 0.5364983855443527 2.6971595211088837 5.404999999999999
      vertex 0.5364983855443527 2.6971595211088837 -0.3
    endloop
  endfacet
  facet normal 0.2191012401568692 0.9757021300385286 2.0812277941075905e-19
    outer loop
      vertex 0.5364983855443527 2.6971595211088837 -0.3
      vertex 0.6681954947339757 2.667585946284996 5.404999999999999
      vertex 0.6681954947339757 2.667585946284996 -0.3
    endloop
  endfacet
  facet normal 0.2667127574748991 0.9637760657954396 -2.800852051993347e-20
    outer loop
      vertex 0.6681954947339757 2.667585946284996 -0.3
      vertex 0.7982828624497714 2.6315859232635743 5.404999999999999
      vertex 0.7982828624497714 2.6315859232635743 -0.3
    endloop
  endfacet
  facet normal 0.35989503653498806 0.932992798834739 -2.621646733919818e-19
    outer loop
      vertex 0.9264470968286052 2.589246179253307 -0.3
      vertex 1.0523794390039969 2.5406687144060385 5.404999999999999
      vertex 1.0523794390039969 2.5406687144060385 -0.3
    endloop
  endfacet
  facet normal 0.40524131400498936 0.9142097557035308 5.511702449831115e-19
    outer loop
      vertex 1.0523794390039969 2.5406687144060385 -0.3
      vertex 1.1757765069332757 2.485970556089469 5.404999999999999
      vertex 1.1757765069332757 2.485970556089469 -0.3
    endloop
  endfacet
  facet normal 0.5349976198870973 0.844853565249707 -4.658893456851306e-19
    outer loop
      vertex 1.4137825465313598 2.358753677500748 -0.3
      vertex 1.527818140803906 2.2865414338319994 5.404999999999999
      vertex 1.527818140803906 2.2865414338319994 -0.3
    endloop
  endfacet
  facet normal 0.44961132965460504 0.8932243011955161 3.0682033098684176e-19
    outer loop
      vertex 1.1757765069332757 2.485970556089469 -0.3
      vertex 1.2963410262714936 2.4252834769579765 5.404999999999999
      vertex 1.2963410262714936 2.4252834769579765 -0.3
    endloop
  endfacet
  facet normal 0.492898192229786 0.8700869911087104 6.893183887666575e-19
    outer loop
      vertex 1.2963410262714936 2.4252834769579765 -0.3
      vertex 1.4137825465313598 2.358753677500748 5.404999999999999
      vertex 1.4137825465313598 2.358753677500748 -0.3
    endloop
  endfacet
  facet normal 0.3136817403988917 0.9495281805930367 -1.768400595657261e-19
    outer loop
      vertex 0.7982828624497714 2.6315859232635743 -0.3
      vertex 0.9264470968286052 2.589246179253307 5.404999999999999
      vertex 0.9264470968286052 2.589246179253307 -0.3
    endloop
  endfacet
  facet normal 0.6152315905806274 0.7883464276266059 -4.397106166118348e-19
    outer loop
      vertex 1.6381730873541918 2.2088207115717737 -0.3
      vertex 1.744581531450025 2.125778746747527 5.404999999999999
      vertex 1.744581531450025 2.125778746747527 -0.3
    endloop
  endfacet
  facet normal 0.5758081914178433 0.817584813151585 0
    outer loop
      vertex 1.6381730873541918 2.2088207115717737 -0.3
      vertex 1.527818140803906 2.2865414338319994 -0.3
      vertex 1.6381730873541918 2.2088207115717737 5.404999999999999
    endloop
  endfacet
  facet normal 0.9637760657954394 0.26671275747490036 0
    outer loop
      vertex 2.6315859232635743 0.7982828624497714 -0.3
      vertex 2.6315859232635743 0.7982828624497714 5.404999999999999
      vertex 2.6629355133716164 0.6849999999999999 5.404999999999999
    endloop
  endfacet
  facet normal 0.9495281805930367 0.3136817403988917 0
    outer loop
      vertex 2.589246179253307 0.9264470968286052 -0.3
      vertex 2.589246179253307 0.9264470968286052 5.404999999999999
      vertex 2.6315859232635743 0.7982828624497714 5.404999999999999
    endloop
  endfacet
  facet normal 0.932992798834739 0.35989503653498806 0
    outer loop
      vertex 2.5406687144060385 1.0523794390039969 -0.3
      vertex 2.5406687144060385 1.0523794390039969 5.404999999999999
      vertex 2.589246179253307 0.9264470968286052 5.404999999999999
    endloop
  endfacet
  facet normal 0.844853565249707 0.5349976198870973 0
    outer loop
      vertex 2.2865414338319994 1.527818140803906 -0.3
      vertex 2.2865414338319994 1.527818140803906 5.404999999999999
      vertex 2.358753677500748 1.4137825465313598 5.404999999999999
    endloop
  endfacet
  facet normal 0.6895405447370658 0.7242470829514681 0
    outer loop
      vertex 1.8467871258293007 2.0376155947261374 -0.3
      vertex 1.8467871258293007 2.0376155947261374 5.404999999999999
      vertex 1.9445436482630059 1.9445436482630059 5.404999999999999
    endloop
  endfacet
  facet normal 0.7572088465064839 0.6531728429537773 0
    outer loop
      vertex 2.0376155947261374 1.8467871258293007 -0.3
      vertex 2.0376155947261374 1.8467871258293007 5.404999999999999
      vertex 2.125778746747527 1.744581531450025 5.404999999999999
    endloop
  endfacet
  facet normal 0.817584813151585 0.5758081914178433 0
    outer loop
      vertex 2.2088207115717737 1.6381730873541918 -0.3
      vertex 2.2088207115717737 1.6381730873541918 5.404999999999999
      vertex 2.2865414338319994 1.527818140803906 5.404999999999999
    endloop
  endfacet
  facet normal 0.7883464276266059 0.6152315905806274 0
    outer loop
      vertex 2.125778746747527 1.744581531450025 -0.3
      vertex 2.125778746747527 1.744581531450025 5.404999999999999
      vertex 2.2088207115717737 1.6381730873541918 5.404999999999999
    endloop
  endfacet
  facet normal 0.7242470829514681 0.6895405447370658 0
    outer loop
      vertex 1.9445436482630059 1.9445436482630059 -0.3
      vertex 1.9445436482630059 1.9445436482630059 5.404999999999999
      vertex 2.0376155947261374 1.8467871258293007 5.404999999999999
    endloop
  endfacet
  facet normal 0.9142097557035308 0.40524131400498936 0
    outer loop
      vertex 2.485970556089469 1.1757765069332757 -0.3
      vertex 2.485970556089469 1.1757765069332757 5.404999999999999
      vertex 2.5406687144060385 1.0523794390039969 5.404999999999999
    endloop
  endfacet
  facet normal 0.8932243011955161 0.44961132965460504 0
    outer loop
      vertex 2.4252834769579765 1.2963410262714936 -0.3
      vertex 2.4252834769579765 1.2963410262714936 5.404999999999999
      vertex 2.485970556089469 1.1757765069332757 5.404999999999999
    endloop
  endfacet
  facet normal 0.8700869911087104 0.492898192229786 0
    outer loop
      vertex 2.358753677500748 1.4137825465313598 -0.3
      vertex 2.358753677500748 1.4137825465313598 5.404999999999999
      vertex 2.4252834769579765 1.2963410262714936 5.404999999999999
    endloop
  endfacet
  facet normal 0.024541228522910803 0.9996988186962044 0
    outer loop
      vertex 0 2.75 -0.3
      vertex 0 2.75 5.404999999999999
      vertex 0.13493610440039955 2.7466875045642243 5.404999999999999
    endloop
  endfacet
  facet normal 0.07356456359966845 0.9972904566786902 0
    outer loop
      vertex 0.13493610440039955 2.7466875045642243 -0.3
      vertex 0.13493610440039955 2.7466875045642243 5.404999999999999
      vertex 0.26954713590629165 2.7367579983485415 5.404999999999999
    endloop
  endfacet
  facet normal 0.12241067519921521 0.9924795345987102 0
    outer loop
      vertex 0.26954713590629165 2.7367579983485415 -0.3
      vertex 0.26954713590629165 2.7367579983485415 5.404999999999999
      vertex 0.4035088047522448 2.720235402403148 5.404999999999999
    endloop
  endfacet
  facet normal 0.17096188876030302 0.9852776423889409 0
    outer loop
      vertex 0.4035088047522448 2.720235402403148 -0.3
      vertex 0.4035088047522448 2.720235402403148 5.404999999999999
      vertex 0.5364983855443527 2.6971595211088837 5.404999999999999
    endloop
  endfacet
  facet normal 0.2191012401568692 0.9757021300385286 0
    outer loop
      vertex 0.5364983855443527 2.6971595211088837 -0.3
      vertex 0.5364983855443527 2.6971595211088837 5.404999999999999
      vertex 0.6681954947339757 2.667585946284996 5.404999999999999
    endloop
  endfacet
  facet normal 0.2667127574748991 0.9637760657954396 0
    outer loop
      vertex 0.6681954947339757 2.667585946284996 -0.3
      vertex 0.6681954947339757 2.667585946284996 5.404999999999999
      vertex 0.7982828624497714 2.6315859232635743 5.404999999999999
    endloop
  endfacet
  facet normal 0.35989503653498806 0.932992798834739 0
    outer loop
      vertex 0.9264470968286052 2.589246179253307 -0.3
      vertex 0.9264470968286052 2.589246179253307 5.404999999999999
      vertex 1.0523794390039969 2.5406687144060385 5.404999999999999
    endloop
  endfacet
  facet normal 0.40524131400498936 0.9142097557035308 0
    outer loop
      vertex 1.0523794390039969 2.5406687144060385 -0.3
      vertex 1.0523794390039969 2.5406687144060385 5.404999999999999
      vertex 1.1757765069332757 2.485970556089469 5.404999999999999
    endloop
  endfacet
  facet normal 0.492898192229786 0.8700869911087104 0
    outer loop
      vertex 1.2963410262714936 2.4252834769579765 -0.3
      vertex 1.2963410262714936 2.4252834769579765 5.404999999999999
      vertex 1.4137825465313598 2.358753677500748 5.404999999999999
    endloop
  endfacet
  facet normal 0.44961132965460504 0.8932243011955161 0
    outer loop
      vertex 1.1757765069332757 2.485970556089469 -0.3
      vertex 1.1757765069332757 2.485970556089469 5.404999999999999
      vertex 1.2963410262714936 2.4252834769579765 5.404999999999999
    endloop
  endfacet
  facet normal 0.5349976198870973 0.844853565249707 0
    outer loop
      vertex 1.4137825465313598 2.358753677500748 -0.3
      vertex 1.4137825465313598 2.358753677500748 5.404999999999999
      vertex 1.527818140803906 2.2865414338319994 5.404999999999999
    endloop
  endfacet
  facet normal 0.3136817403988917 0.9495281805930367 0
    outer loop
      vertex 0.7982828624497714 2.6315859232635743 -0.3
      vertex 0.7982828624497714 2.6315859232635743 5.404999999999999
      vertex 0.9264470968286052 2.589246179253307 5.404999999999999
    endloop
  endfacet
  facet normal 0.6152315905806274 0.7883464276266059 0
    outer loop
      vertex 1.6381730873541918 2.2088207115717737 -0.3
      vertex 1.6381730873541918 2.2088207115717737 5.404999999999999
      vertex 1.744581531450025 2.125778746747527 5.404999999999999
    endloop
  endfacet
  facet normal 0.5758081914178433 0.817584813151585 0
    outer loop
      vertex 1.527818140803906 2.2865414338319994 -0.3
      vertex 1.527818140803906 2.2865414338319994 5.404999999999999
      vertex 1.6381730873541918 2.2088207115717737 5.404999999999999
    endloop
  endfacet
  facet normal 0.6531728429537773 0.7572088465064839 0
    outer loop
      vertex 1.744581531450025 2.125778746747527 -0.3
      vertex 1.744581531450025 2.125778746747527 5.404999999999999
      vertex 1.8467871258293007 2.0376155947261374 5.404999999999999
    endloop
  endfacet
  facet normal 1 0 0
    outer loop
      vertex -0.735 -2.05 -0.3
      vertex -0.735 -0.6849999999999999 -0.3
      vertex -0.735 -2.05 5.404999999999999
    endloop
  endfacet
  facet normal 0 1 0
    outer loop
      vertex -0.735 -2.05 -0.3
      vertex -0.735 -2.05 5.404999999999999
      vertex 0.735 -2.05 5.404999999999999
    endloop
  endfacet
  facet normal 1 0 0
    outer loop
      vertex -0.735 -0.6849999999999999 -0.3
      vertex -0.735 -0.6849999999999999 5.404999999999999
      vertex -0.735 -2.05 5.404999999999999
    endloop
  endfacet
  facet normal 1 0 0
    outer loop
      vertex -0.735 0.6849999999999999 -0.3
      vertex -0.735 2.05 -0.3
      vertex -0.735 0.6849999999999999 5.404999999999999
    endloop
  endfacet
  facet normal 0 -1 0
    outer loop
      vertex -0.735 2.05 -0.3
      vertex 0.735 2.05 -0.3
      vertex -0.735 2.05 5.404999999999999
    endloop
  endfacet
  facet normal 1 0 0
    outer loop
      vertex -0.735 2.05 -0.3
      vertex -0.735 2.05 5.404999999999999
      vertex -0.735 0.6849999999999999 5.404999999999999
    endloop
  endfacet
  facet normal 0 1 0
    outer loop
      vertex -0.735 -2.05 -0.3
      vertex 0.735 -2.05 5.404999999999999
      vertex 0.735 -2.05 -0.3
    endloop
  endfacet
  facet normal -1 0 0
    outer loop
      vertex 0.735 -2.05 -0.3
      vertex 0.735 -0.6849999999999999 5.404999999999999
      vertex 0.735 -0.6849999999999999 -0.3
    endloop
  endfacet
  facet normal -1 0 0
    outer loop
      vertex 0.735 -2.05 -0.3
      vertex 0.735 -2.05 5.404999999999999
      vertex 0.735 -0.6849999999999999 5.404999999999999
    endloop
  endfacet
  facet normal -1 0 0
    outer loop
      vertex 0.735 0.6849999999999999 -0.3
      vertex 0.735 2.05 5.404999999999999
      vertex 0.735 2.05 -0.3
    endloop
  endfacet
  facet normal -1 0 0
    outer loop
      vertex 0.735 0.6849999999999999 -0.3
      vertex 0.735 0.6849999999999999 5.404999999999999
      vertex 0.735 2.05 5.404999999999999
    endloop
  endfacet
  facet normal 0 -1 0
    outer loop
      vertex 0.735 2.05 -0.3
      vertex 0.735 2.05 5.404999999999999
      vertex -0.735 2.05 5.404999999999999
    endloop
  endfacet
  facet normal 0 1 0
    outer loop
      vertex -2.6629355133716164 -0.6849999999999999 -0.3
      vertex -0.735 -0.6849999999999999 5.404999999999999
      vertex -0.735 -0.6849999999999999 -0.3
    endloop
  endfacet
  facet normal 0 1 0
    outer loop
      vertex -2.6629355133716164 -0.6849999999999999 -0.3
      vertex -2.6629355133716164 -0.6849999999999999 5.404999999999999
      vertex -0.735 -0.6849999999999999 5.404999999999999
    endloop
  endfacet
  facet normal 0 -1 0
    outer loop
      vertex -2.6629355133716164 0.6849999999999999 -0.3
      vertex -0.735 0.6849999999999999 -0.3
      vertex -2.6629355133716164 0.6849999999999999 5.404999999999999
    endloop
  endfacet
  facet normal 0 -1 0
    outer loop
      vertex -0.735 0.6849999999999999 -0.3
      vertex -0.735 0.6849999999999999 5.404999999999999
      vertex -2.6629355133716164 0.6849999999999999 5.404999999999999
    endloop
  endfacet
  facet normal 0 1 0
    outer loop
      vertex 0.735 -0.6849999999999999 -0.3
      vertex 2.6629355133716164 -0.6849999999999999 5.404999999999999
      vertex 2.6629355133716164 -0.6849999999999999 -0.3
    endloop
  endfacet
  facet normal 0 1 0
    outer loop
      vertex 0.735 -0.6849999999999999 -0.3
      vertex 0.735 -0.6849999999999999 5.404999999999999
      vertex 2.6629355133716164 -0.6849999999999999 5.404999999999999
    endloop
  endfacet
  facet normal 0 -1 0
    outer loop
      vertex 0.735 0.6849999999999999 -0.3
      vertex 2.6629355133716164 0.6849999999999999 -0.3
      vertex 0.735 0.6849999999999999 5.404999999999999
    endloop
  endfacet
  facet normal 0 -1 0
    outer loop
      vertex 2.6629355133716164 0.6849999999999999 -0.3
      vertex 2.6629355133716164 0.6849999999999999 5.404999999999999
      vertex 0.735 0.6849999999999999 5.404999999999999
    endloop
  endfacet
  facet normal -9.795251142200171e-18 -0.2719671691562707 0.962306530634145
    outer loop
      vertex -1.6381730873541918 -2.2088207115717737 7.68832919501844
      vertex -0.055177473275142885 -2.2476810727018863 7.677346475819826
      vertex -1.744581531450025 -2.125778746747527 7.71179852352808
    endloop
  endfacet
  facet normal -8.535861480383072e-16 -0.2719671691562591 0.9623065306341482
    outer loop
      vertex 1.0523794390039969 -2.5406687144060385 7.594542278845771
      vertex -0.6681954947339757 -2.667585946284996 7.558672917917166
      vertex -0.5364983855443527 -2.6971595211088837 7.550314831205042
    endloop
  endfacet
  facet normal -4.466010381813932e-14 -0.2719671691571128 0.9623065306339068
    outer loop
      vertex 1.1757765069332757 -2.485970556089469 7.610001077889373
      vertex -1.4137825465313598 -2.358753677500748 7.645955125001442
      vertex -1.4130289760811117 -2.359180569887878 7.6458344766317525
    endloop
  endfacet
  facet normal 5.282480196798364e-16 -0.27196716915625985 0.9623065306341478
    outer loop
      vertex 1.2963410262714936 -2.4252834769579765 7.627152466340283
      vertex -1.527818140803906 -2.2865414338319994 7.666363756621212
      vertex -1.4137825465313598 -2.358753677500748 7.645955125001442
    endloop
  endfacet
  facet normal -2.2547020932063294e-16 -0.2719671691562692 0.9623065306341454
    outer loop
      vertex -1.6381730873541918 -2.2088207115717737 7.68832919501844
      vertex -1.527818140803906 -2.2865414338319994 7.666363756621212
      vertex 1.4137825465313598 -2.358753677500748 7.645955125001442
    endloop
  endfacet
  facet normal 2.8590580878886364e-16 -0.27196716915625957 0.9623065306341481
    outer loop
      vertex -1.6381730873541918 -2.2088207115717737 7.68832919501844
      vertex 1.4137825465313598 -2.358753677500748 7.645955125001442
      vertex -0.055177473275142885 -2.2476810727018863 7.677346475819826
    endloop
  endfacet
  facet normal 2.4816452341049053e-16 -0.21905131513062326 0.9757133397363922
    outer loop
      vertex -2.485970556089469 -1.1757765069332757 7.948070671636537
      vertex -2.4252834769579765 -1.2963410262714936 7.921003483515215
      vertex -0.735 -1.3855597221114386 7.900973550683448
    endloop
  endfacet
  facet normal -1.3013249267545672e-16 -0.21905131513062628 0.9757133397363916
    outer loop
      vertex -2.485970556089469 -1.1757765069332757 7.948070671636537
      vertex -0.735 -1.3855597221114386 7.900973550683448
      vertex -2.5406687144060385 -1.0523794390039969 7.975773777571805
    endloop
  endfacet
  facet normal 4.997027165330264e-13 -0.1372518258043803 0.9905361862715386
    outer loop
      vertex -2.5406687144060385 1.0523794390039969 8.357236048959775
      vertex -2.5649574468296725 0.989413267916301 8.348511257210152
      vertex -2.6629355133716164 0.6849999999999999 8.306330792326976
    endloop
  endfacet
  facet normal -1.44771991744374e-13 -0.1372518258041698 0.9905361862715676
    outer loop
      vertex -2.5406687144060385 1.0523794390039969 8.357236048959775
      vertex -2.6629355133716164 0.6849999999999999 8.306330792326976
      vertex -2.5060046961836835 1.1202158725237512 8.366635679670573
    endloop
  endfacet
  facet normal -8.096862560696917e-14 -0.1372518258042017 0.9905361862715633
    outer loop
      vertex -2.5406687144060385 1.0523794390039969 8.357236048959775
      vertex -2.5060046961836835 1.1202158725237512 8.366635679670573
      vertex -2.5105248894194276 1.1203828185326699 8.36665881223741
    endloop
  endfacet
  facet normal -5.327378996259422e-15 -0.10903369782159243 0.9940380539694392
    outer loop
      vertex -2.125778746747527 1.744581531450025 8.442367930106062
      vertex -1.9741873265039134 1.7870641642728982 8.447027750252161
      vertex -2.0376155947261374 1.8467871258293007 8.453578621536563
    endloop
  endfacet
  facet normal 3.023433658783048e-15 -0.10903369782158288 0.9940380539694403
    outer loop
      vertex -2.125778746747527 1.744581531450025 8.442367930106062
      vertex -2.1672997291596503 1.6913773094021085 8.436532084037152
      vertex -0.735 1.371191465675636 8.401411651381464
    endloop
  endfacet
  facet normal -2.3871607118786223e-15 -0.1090336978216028 0.9940380539694381
    outer loop
      vertex -2.125778746747527 1.744581531450025 8.442367930106062
      vertex -0.735 1.371191465675636 8.401411651381464
      vertex -1.9741873265039134 1.7870641642728982 8.447027750252161
    endloop
  endfacet
  facet normal -1.0261413979368513e-15 -0.2719671691562577 0.9623065306341486
    outer loop
      vertex 1.0523794390039969 -2.5406687144060385 7.594542278845771
      vertex -0.5364983855443527 -2.6971595211088837 7.550314831205042
      vertex 0.9264470968286052 -2.589246179253307 7.580813310810406
    endloop
  endfacet
  facet normal 3.229818875086665e-16 -0.2719671691562677 0.9623065306341457
    outer loop
      vertex 1.2963410262714936 -2.4252834769579765 7.627152466340283
      vertex -1.4137825465313598 -2.358753677500748 7.645955125001442
      vertex 1.1757765069332757 -2.485970556089469 7.610001077889373
    endloop
  endfacet
  facet normal -7.989322085743042e-17 -0.27196716915626895 0.9623065306341454
    outer loop
      vertex 1.0523794390039969 -2.5406687144060385 7.594542278845771
      vertex 1.1757765069332757 -2.485970556089469 7.610001077889373
      vertex -0.6681954947339757 -2.667585946284996 7.558672917917166
    endloop
  endfacet
  facet normal -4.868975755318078e-16 -0.27196716915627905 0.9623065306341426
    outer loop
      vertex 1.2963410262714936 -2.4252834769579765 7.627152466340283
      vertex 1.4137825465313598 -2.358753677500748 7.645955125001442
      vertex -1.527818140803906 -2.2865414338319994 7.666363756621212
    endloop
  endfacet
  facet normal 1.0960986806451603e-15 -0.2190513151306227 0.9757133397363924
    outer loop
      vertex 2.5406687144060385 -1.0523794390039969 7.975773777571805
      vertex 0.735 -0.6972291486714466 8.055506353727203
      vertex 2.5055986482059276 -1.1314962406362101 7.958011757990166
    endloop
  endfacet
  facet normal 1.0282425175425358e-15 -0.21905131513062304 0.9757133397363923
    outer loop
      vertex 2.5406687144060385 -1.0523794390039969 7.975773777571805
      vertex 2.589246179253307 -0.9264470968286052 8.004046062112316
      vertex 0.735 -0.6972291486714466 8.055506353727203
    endloop
  endfacet
  facet normal -7.827391981481444e-16 -0.21905131513063697 0.9757133397363892
    outer loop
      vertex 2.589246179253307 -0.9264470968286052 8.004046062112316
      vertex 2.6315859232635743 -0.7982828624497714 8.032819414848253
      vertex 0.735 -0.6972291486714466 8.055506353727203
    endloop
  endfacet
  facet normal 6.586341643165191e-16 -0.13725182580422127 0.9905361862715606
    outer loop
      vertex 2.589246179253307 0.9264470968286052 8.339786465460525
      vertex 0.735 1.371191465675636 8.401411651381464
      vertex 0.735 0.6849999999999999 8.306330792326976
    endloop
  endfacet
  facet normal 2.0162944457135794e-16 -0.10903369782159404 0.994038053969439
    outer loop
      vertex 2.2088207115717737 1.6381730873541918 8.43069623796824
      vertex 0.735 2.05 8.475868564086857
      vertex 0.735 1.371191465675636 8.401411651381464
    endloop
  endfacet
  facet normal -4.903219199632607e-16 -0.13725182580421263 0.9905361862715617
    outer loop
      vertex 2.589246179253307 0.9264470968286052 8.339786465460525
      vertex 0.735 0.6849999999999999 8.306330792326976
      vertex 2.6315859232635743 0.7982828624497714 8.322027623920867
    endloop
  endfacet
  facet normal -1.0211750417114486e-15 -0.10903369782158737 0.9940380539694399
    outer loop
      vertex 2.2088207115717737 1.6381730873541918 8.43069623796824
      vertex 0.735 1.371191465675636 8.401411651381464
      vertex 2.2865414338319994 1.527818140803906 8.418591663251776
    endloop
  endfacet
  facet normal -6.260022168100176e-14 -0.13725182580448006 0.9905361862715247
    outer loop
      vertex 2.589246179253307 0.9264470968286052 8.339786465460525
      vertex 2.5870610833481074 0.9321117449547438 8.340571377015124
      vertex 0.735 1.371191465675636 8.401411651381464
    endloop
  endfacet
  facet normal -7.112725802040221e-16 -0.10903369782159728 0.9940380539694386
    outer loop
      vertex 2.2088207115717737 1.6381730873541918 8.43069623796824
      vertex 2.125778746747527 1.744581531450025 8.442367930106062
      vertex 0.735 2.05 8.475868564086857
    endloop
  endfacet
  facet normal 5.388183824729819e-16 -0.08020237593030573 0.996778600740974
    outer loop
      vertex 1.2963410262714936 2.4252834769579765 8.506247735957176
      vertex -1.1757765069332757 2.485970556089469 8.511130713913364
      vertex 1.4137825465313598 2.358753677500748 8.500894643522537
    endloop
  endfacet
  facet normal -7.528556617418582e-16 -0.080202375930358 0.9967786007409697
    outer loop
      vertex 1.2963410262714936 2.4252834769579765 8.506247735957176
      vertex 1.1757765069332757 2.485970556089469 8.511130713913365
      vertex -1.1757765069332757 2.485970556089469 8.511130713913364
    endloop
  endfacet
endsolid OpenSCAD_Model
