solid OpenSCAD_Model
  facet normal -0.8700869911087146 -0.49289819222977843 1.0638569812861197e-16
    outer loop
      vertex -8.157728610000273 -7.814102744193223 0.005050000000000001
      vertex -8.181921264348356 -7.771396736825999 0.005050000000000001
      vertex -8.181921264348356 -7.771396736825999 -0.00495
    endloop
  endfacet
  facet normal -0.7883464276266051 -0.6152315905806282 0
    outer loop
      vertex -8.073010453362738 -7.934393284163646 -0.00495
      vertex -8.073010453362738 -7.934393284163646 0.005050000000000001
      vertex -8.103207531480646 -7.895699304492434 0.005050000000000001
    endloop
  endfacet
  facet normal -0.7572088465064851 -0.6531728429537761 5.195272149007608e-17
    outer loop
      vertex -8.04095112535496 -7.971558954847019 0.005050000000000001
      vertex -8.073010453362738 -7.934393284163646 0.005050000000000001
      vertex -8.073010453362738 -7.934393284163646 -0.00495
    endloop
  endfacet
  facet normal -0.7572088465064851 -0.6531728429537761 0
    outer loop
      vertex -8.04095112535496 -7.971558954847019 -0.00495
      vertex -8.04095112535496 -7.971558954847019 0.005050000000000001
      vertex -8.073010453362738 -7.934393284163646 -0.00495
    endloop
  endfacet
  facet normal 0 0 -1
    outer loop
      vertex -8.073010453362738 -7.934393284163646 -0.00495
      vertex -8.131469612302546 -7.855570233019603 -0.00495
      vertex -8.007106781186549 -8.007106781186549 -0.00495
    endloop
  endfacet
  facet normal -0.8175848131515888 -0.575808191417838 7.808484056361628e-18
    outer loop
      vertex -8.131469612302546 -7.855570233019603 -0.00495
      vertex -8.103207531480646 -7.895699304492434 -0.00495
      vertex -8.103207531480646 -7.895699304492434 0.005050000000000001
    endloop
  endfacet
  facet normal -0.8175848131515888 -0.575808191417838 0
    outer loop
      vertex -8.131469612302546 -7.855570233019603 -0.00495
      vertex -8.103207531480646 -7.895699304492434 0.005050000000000001
      vertex -8.131469612302546 -7.855570233019603 0.005050000000000001
    endloop
  endfacet
  facet normal 0 0 -1
    outer loop
      vertex -8.131469612302546 -7.855570233019603 -0.00495
      vertex -8.223879532511287 -7.68268343236509 -0.00495
      vertex -8.007106781186549 -8.007106781186549 -0.00495
    endloop
  endfacet
  facet normal 0 0 -1
    outer loop
      vertex -8.131469612302546 -7.855570233019603 -0.00495
      vertex -8.157728610000273 -7.814102744193223 -0.00495
      vertex -8.181921264348356 -7.771396736825999 -0.00495
    endloop
  endfacet
  facet normal -0.8448535652496996 -0.5349976198871089 0
    outer loop
      vertex -8.131469612302546 -7.855570233019603 -0.00495
      vertex -8.131469612302546 -7.855570233019603 0.005050000000000001
      vertex -8.157728610000273 -7.814102744193223 0.005050000000000001
    endloop
  endfacet
  facet normal -0.8448535652496996 -0.5349976198871089 -4.369913759878488e-17
    outer loop
      vertex -8.131469612302546 -7.855570233019603 -0.00495
      vertex -8.157728610000273 -7.814102744193223 0.005050000000000001
      vertex -8.157728610000273 -7.814102744193223 -0.00495
    endloop
  endfacet
  facet normal -0.8700869911087146 -0.49289819222977843 0
    outer loop
      vertex -8.157728610000273 -7.814102744193223 -0.00495
      vertex -8.157728610000273 -7.814102744193223 0.005050000000000001
      vertex -8.181921264348356 -7.771396736825999 -0.00495
    endloop
  endfacet
  facet normal 0 0 -1
    outer loop
      vertex -8.073010453362738 -7.934393284163646 -0.00495
      vertex -8.103207531480646 -7.895699304492434 -0.00495
      vertex -8.131469612302546 -7.855570233019603 -0.00495
    endloop
  endfacet
  facet normal -0.7883464276266051 -0.6152315905806282 1.2258921321545644e-16
    outer loop
      vertex -8.073010453362738 -7.934393284163646 -0.00495
      vertex -8.103207531480646 -7.895699304492434 0.005050000000000001
      vertex -8.103207531480646 -7.895699304492434 -0.00495
    endloop
  endfacet
  facet normal -0.6531728429537761 -0.7572088465064851 5.195272149007608e-17
    outer loop
      vertex -7.971558954847019 -8.04095112535496 0.005050000000000001
      vertex -7.934393284163646 -8.073010453362738 -0.00495
      vertex -7.934393284163646 -8.073010453362738 0.005050000000000001
    endloop
  endfacet
  facet normal -0.6531728429537761 -0.7572088465064851 0
    outer loop
      vertex -7.971558954847019 -8.04095112535496 -0.00495
      vertex -7.934393284163646 -8.073010453362738 -0.00495
      vertex -7.971558954847019 -8.04095112535496 0.005050000000000001
    endloop
  endfacet
  facet normal -0.6152315905806282 -0.7883464276266051 0
    outer loop
      vertex -7.934393284163646 -8.073010453362738 -0.00495
      vertex -7.895699304492434 -8.103207531480646 0.005050000000000001
      vertex -7.934393284163646 -8.073010453362738 0.005050000000000001
    endloop
  endfacet
  facet normal 0 0 -1
    outer loop
      vertex -7.934393284163646 -8.073010453362738 -0.00495
      vertex -8.007106781186549 -8.007106781186549 -0.00495
      vertex -7.855570233019603 -8.131469612302546 -0.00495
    endloop
  endfacet
  facet normal -0.49289819222977843 -0.8700869911087146 1.0638569812861197e-16
    outer loop
      vertex -7.814102744193223 -8.157728610000273 -0.00495
      vertex -7.771396736825999 -8.181921264348356 -0.00495
      vertex -7.771396736825999 -8.181921264348356 0.005050000000000001
    endloop
  endfacet
  facet normal -0.575808191417838 -0.8175848131515888 7.808484056361628e-18
    outer loop
      vertex -7.855570233019603 -8.131469612302546 -0.00495
      vertex -7.895699304492434 -8.103207531480646 0.005050000000000001
      vertex -7.895699304492434 -8.103207531480646 -0.00495
    endloop
  endfacet
  facet normal -0.575808191417838 -0.8175848131515888 0
    outer loop
      vertex -7.855570233019603 -8.131469612302546 -0.00495
      vertex -7.855570233019603 -8.131469612302546 0.005050000000000001
      vertex -7.895699304492434 -8.103207531480646 0.005050000000000001
    endloop
  endfacet
  facet normal 0 0 -1
    outer loop
      vertex -7.855570233019603 -8.131469612302546 -0.00495
      vertex -8.007106781186549 -8.007106781186549 -0.00495
      vertex -7.771396736825999 -8.181921264348356 -0.00495
    endloop
  endfacet
  facet normal 0 0 -1
    outer loop
      vertex -7.934393284163646 -8.073010453362738 -0.00495
      vertex -7.855570233019603 -8.131469612302546 -0.00495
      vertex -7.895699304492434 -8.103207531480646 -0.00495
    endloop
  endfacet
  facet normal -0.6152315905806282 -0.7883464276266051 1.2258921321545644e-16
    outer loop
      vertex -7.934393284163646 -8.073010453362738 -0.00495
      vertex -7.895699304492434 -8.103207531480646 -0.00495
      vertex -7.895699304492434 -8.103207531480646 0.005050000000000001
    endloop
  endfacet
  facet normal -0.5349976198871089 -0.8448535652496996 0
    outer loop
      vertex -7.855570233019603 -8.131469612302546 -0.00495
      vertex -7.814102744193223 -8.157728610000273 -0.00495
      vertex -7.855570233019603 -8.131469612302546 0.005050000000000001
    endloop
  endfacet
  facet normal 0 0 -1
    outer loop
      vertex -7.855570233019603 -8.131469612302546 -0.00495
      vertex -7.771396736825999 -8.181921264348356 -0.00495
      vertex -7.814102744193223 -8.157728610000273 -0.00495
    endloop
  endfacet
  facet normal -0.5349976198871089 -0.8448535652496996 -4.369913759878488e-17
    outer loop
      vertex -7.855570233019603 -8.131469612302546 0.005050000000000001
      vertex -7.814102744193223 -8.157728610000273 -0.00495
      vertex -7.814102744193223 -8.157728610000273 0.005050000000000001
    endloop
  endfacet
  facet normal 0 0 -1
    outer loop
      vertex -8.007106781186549 -8.007106781186549 -0.00495
      vertex -7.68268343236509 -8.223879532511287 -0.00495
      vertex -7.771396736825999 -8.181921264348356 -0.00495
    endloop
  endfacet
  facet normal -0.49289819222977843 -0.8700869911087146 0
    outer loop
      vertex -7.814102744193223 -8.157728610000273 -0.00495
      vertex -7.771396736825999 -8.181921264348356 0.005050000000000001
      vertex -7.814102744193223 -8.157728610000273 0.005050000000000001
    endloop
  endfacet
  facet normal -0.7242470829514729 -0.6895405447370607 0
    outer loop
      vertex -8.04095112535496 -7.971558954847019 -0.00495
      vertex -8.007106781186549 -8.007106781186549 -0.00495
      vertex -8.04095112535496 -7.971558954847019 0.005050000000000001
    endloop
  endfacet
  facet normal -0.7242470829514729 -0.6895405447370607 1.8613048138239457e-16
    outer loop
      vertex -8.04095112535496 -7.971558954847019 0.005050000000000001
      vertex -8.007106781186549 -8.007106781186549 -0.00495
      vertex -8.007106781186549 -8.007106781186549 0.005050000000000001
    endloop
  endfacet
  facet normal -0.6895405447370607 -0.7242470829514729 1.8613048138239457e-16
    outer loop
      vertex -7.971558954847019 -8.04095112535496 0.005050000000000001
      vertex -8.007106781186549 -8.007106781186549 0.005050000000000001
      vertex -8.007106781186549 -8.007106781186549 -0.00495
    endloop
  endfacet
  facet normal -0.6895405447370607 -0.7242470829514729 0
    outer loop
      vertex -7.971558954847019 -8.04095112535496 -0.00495
      vertex -7.971558954847019 -8.04095112535496 0.005050000000000001
      vertex -8.007106781186549 -8.007106781186549 -0.00495
    endloop
  endfacet
  facet normal 0 0 -1
    outer loop
      vertex -8.04095112535496 -7.971558954847019 -0.00495
      vertex -8.073010453362738 -7.934393284163646 -0.00495
      vertex -8.007106781186549 -8.007106781186549 -0.00495
    endloop
  endfacet
  facet normal 0 0 -1
    outer loop
      vertex -7.971558954847019 -8.04095112535496 -0.00495
      vertex -8.007106781186549 -8.007106781186549 -0.00495
      vertex -7.934393284163646 -8.073010453362738 -0.00495
    endloop
  endfacet
  facet normal -0.932992798834737 -0.35989503653499316 3.5145105410712124e-17
    outer loop
      vertex -8.223879532511287 -7.68268343236509 0.005050000000000001
      vertex -8.241544065183021 -7.636889853392221 0.005050000000000001
      vertex -8.241544065183021 -7.636889853392221 -0.00495
    endloop
  endfacet
  facet normal 0 0 -1
    outer loop
      vertex -8.203989293123444 -7.727555093430283 -0.00495
      vertex -8.223879532511287 -7.68268343236509 -0.00495
      vertex -8.181921264348356 -7.771396736825999 -0.00495
    endloop
  endfacet
  facet normal -0.8932243011955183 -0.4496113296546005 6.462560192373798e-17
    outer loop
      vertex -8.203989293123444 -7.727555093430283 0.005050000000000001
      vertex -8.181921264348356 -7.771396736825999 -0.00495
      vertex -8.181921264348356 -7.771396736825999 0.005050000000000001
    endloop
  endfacet
  facet normal 0 0 -1
    outer loop
      vertex -8.131469612302546 -7.855570233019603 -0.00495
      vertex -8.181921264348356 -7.771396736825999 -0.00495
      vertex -8.223879532511287 -7.68268343236509 -0.00495
    endloop
  endfacet
  facet normal -0.8932243011955183 -0.4496113296546005 0
    outer loop
      vertex -8.203989293123444 -7.727555093430283 -0.00495
      vertex -8.181921264348356 -7.771396736825999 -0.00495
      vertex -8.203989293123444 -7.727555093430283 0.005050000000000001
    endloop
  endfacet
  facet normal -0.914209755703534 -0.4052413140049827 0
    outer loop
      vertex -8.203989293123444 -7.727555093430283 -0.00495
      vertex -8.203989293123444 -7.727555093430283 0.005050000000000001
      vertex -8.223879532511287 -7.68268343236509 -0.00495
    endloop
  endfacet
  facet normal -0.914209755703534 -0.4052413140049827 1.0375808606099149e-16
    outer loop
      vertex -8.203989293123444 -7.727555093430283 0.005050000000000001
      vertex -8.223879532511287 -7.68268343236509 0.005050000000000001
      vertex -8.223879532511287 -7.68268343236509 -0.00495
    endloop
  endfacet
  facet normal -0.932992798834737 -0.35989503653499316 0
    outer loop
      vertex -8.223879532511287 -7.68268343236509 -0.00495
      vertex -8.223879532511287 -7.68268343236509 0.005050000000000001
      vertex -8.241544065183021 -7.636889853392221 -0.00495
    endloop
  endfacet
  facet normal 0 0 -1
    outer loop
      vertex -8.007106781186549 -8.007106781186549 -0.00495
      vertex -8.223879532511287 -7.68268343236509 -0.00495
      vertex -8.3 -7.300000000000001 -0.00495
    endloop
  endfacet
  facet normal 0 0 -1
    outer loop
      vertex -8.223879532511287 -7.68268343236509 -0.00495
      vertex -8.241544065183021 -7.636889853392221 -0.00495
      vertex -8.25694033573221 -7.590284677254463 -0.00495
    endloop
  endfacet
  facet normal -0.9495281805930307 -0.3136817403989097 0
    outer loop
      vertex -8.241544065183021 -7.636889853392221 -0.00495
      vertex -8.241544065183021 -7.636889853392221 0.005050000000000001
      vertex -8.25694033573221 -7.590284677254463 -0.00495
    endloop
  endfacet
  facet normal -0.9495281805930307 -0.3136817403989097 7.424109525557104e-17
    outer loop
      vertex -8.241544065183021 -7.636889853392221 0.005050000000000001
      vertex -8.25694033573221 -7.590284677254463 0.005050000000000001
      vertex -8.25694033573221 -7.590284677254463 -0.00495
    endloop
  endfacet
  facet normal 0 0 -1
    outer loop
      vertex -8.223879532511287 -7.68268343236509 -0.00495
      vertex -8.25694033573221 -7.590284677254463 -0.00495
      vertex -8.280785280403231 -7.495090322016129 -0.00495
    endloop
  endfacet
  facet normal 0 0 -1
    outer loop
      vertex -8.25694033573221 -7.590284677254463 -0.00495
      vertex -8.270031253194544 -7.542980179903265 -0.00495
      vertex -8.280785280403231 -7.495090322016129 -0.00495
    endloop
  endfacet
  facet normal -0.9757021300385256 -0.21910124015688293 0
    outer loop
      vertex -8.270031253194544 -7.542980179903265 -0.00495
      vertex -8.270031253194544 -7.542980179903265 0.005050000000000001
      vertex -8.280785280403231 -7.495090322016129 0.005050000000000001
    endloop
  endfacet
  facet normal -0.9637760657954466 -0.2667127574748739 0
    outer loop
      vertex -8.25694033573221 -7.590284677254463 -0.00495
      vertex -8.25694033573221 -7.590284677254463 0.005050000000000001
      vertex -8.270031253194544 -7.542980179903265 -0.00495
    endloop
  endfacet
  facet normal -0.9637760657954466 -0.2667127574748739 -7.934497710735335e-17
    outer loop
      vertex -8.25694033573221 -7.590284677254463 0.005050000000000001
      vertex -8.270031253194544 -7.542980179903265 0.005050000000000001
      vertex -8.270031253194544 -7.542980179903265 -0.00495
    endloop
  endfacet
  facet normal -0.9757021300385256 -0.21910124015688293 -9.260387099027372e-17
    outer loop
      vertex -8.270031253194544 -7.542980179903265 -0.00495
      vertex -8.280785280403231 -7.495090322016129 0.005050000000000001
      vertex -8.280785280403231 -7.495090322016129 -0.00495
    endloop
  endfacet
  facet normal 0 0 -1
    outer loop
      vertex -8.223879532511287 -7.68268343236509 -0.00495
      vertex -8.280785280403231 -7.495090322016129 -0.00495
      vertex -8.3 -7.300000000000001 -0.00495
    endloop
  endfacet
  facet normal -0.9852776423889434 -0.17096188876028862 -1.471406909311094e-17
    outer loop
      vertex -8.280785280403231 -7.495090322016129 -0.00495
      vertex -8.289176509964781 -7.446730474455363 0.005050000000000001
      vertex -8.289176509964781 -7.446730474455363 -0.00495
    endloop
  endfacet
  facet normal -0.9852776423889434 -0.17096188876028862 0
    outer loop
      vertex -8.280785280403231 -7.495090322016129 -0.00495
      vertex -8.280785280403231 -7.495090322016129 0.005050000000000001
      vertex -8.289176509964781 -7.446730474455363 0.005050000000000001
    endloop
  endfacet
  facet normal 0 0 -1
    outer loop
      vertex -8.280785280403231 -7.495090322016129 -0.00495
      vertex -8.289176509964781 -7.446730474455363 -0.00495
      vertex -8.295184726672197 -7.398017140329562 -0.00495
    endloop
  endfacet
  facet normal -0.9924795345987096 -0.12241067519921875 0
    outer loop
      vertex -8.289176509964781 -7.446730474455363 -0.00495
      vertex -8.289176509964781 -7.446730474455363 0.005050000000000001
      vertex -8.295184726672197 -7.398017140329562 -0.00495
    endloop
  endfacet
  facet normal -0.9924795345987096 -0.12241067519921875 -6.899163172176291e-18
    outer loop
      vertex -8.289176509964781 -7.446730474455363 0.005050000000000001
      vertex -8.295184726672197 -7.398017140329562 0.005050000000000001
      vertex -8.295184726672197 -7.398017140329562 -0.00495
    endloop
  endfacet
  facet normal 0 0 -1
    outer loop
      vertex -8.280785280403231 -7.495090322016129 -0.00495
      vertex -8.295184726672197 -7.398017140329562 -0.00495
      vertex -8.3 -7.300000000000001 -0.00495
    endloop
  endfacet
  facet normal -0.9972904566786889 -0.07356456359968419 0
    outer loop
      vertex -8.295184726672197 -7.398017140329562 -0.00495
      vertex -8.295184726672197 -7.398017140329562 0.005050000000000001
      vertex -8.298795456205173 -7.349067674327419 0.005050000000000001
    endloop
  endfacet
  facet normal -0.9972904566786889 -0.07356456359968419 -5.316206543072558e-18
    outer loop
      vertex -8.295184726672197 -7.398017140329562 -0.00495
      vertex -8.298795456205173 -7.349067674327419 0.005050000000000001
      vertex -8.298795456205173 -7.349067674327419 -0.00495
    endloop
  endfacet
  facet normal 0 0 -1
    outer loop
      vertex -8.295184726672197 -7.398017140329562 -0.00495
      vertex -8.298795456205173 -7.349067674327419 -0.00495
      vertex -8.3 -7.300000000000001 -0.00495
    endloop
  endfacet
  facet normal -0.9996988186962044 -0.024541228522907587 0
    outer loop
      vertex -8.298795456205173 -7.349067674327419 -0.00495
      vertex -8.298795456205173 -7.349067674327419 0.005050000000000001
      vertex -8.3 -7.300000000000001 -0.00495
    endloop
  endfacet
  facet normal -0.9996988186962044 -0.024541228522907587 1.1764332665181406e-18
    outer loop
      vertex -8.298795456205173 -7.349067674327419 0.005050000000000001
      vertex -8.3 -7.300000000000001 0.005050000000000001
      vertex -8.3 -7.300000000000001 -0.00495
    endloop
  endfacet
  facet normal -0.4496113296546005 -0.8932243011955183 0
    outer loop
      vertex -7.771396736825999 -8.181921264348356 -0.00495
      vertex -7.727555093430283 -8.203989293123444 0.005050000000000001
      vertex -7.771396736825999 -8.181921264348356 0.005050000000000001
    endloop
  endfacet
  facet normal 0 0 -1
    outer loop
      vertex -7.771396736825999 -8.181921264348356 -0.00495
      vertex -7.68268343236509 -8.223879532511287 -0.00495
      vertex -7.727555093430283 -8.203989293123444 -0.00495
    endloop
  endfacet
  facet normal -0.4496113296546005 -0.8932243011955183 6.462560192373798e-17
    outer loop
      vertex -7.771396736825999 -8.181921264348356 -0.00495
      vertex -7.727555093430283 -8.203989293123444 -0.00495
      vertex -7.727555093430283 -8.203989293123444 0.005050000000000001
    endloop
  endfacet
  facet normal -0.35989503653499316 -0.932992798834737 3.5145105410712124e-17
    outer loop
      vertex -7.68268343236509 -8.223879532511287 -0.00495
      vertex -7.636889853392221 -8.241544065183021 -0.00495
      vertex -7.636889853392221 -8.241544065183021 0.005050000000000001
    endloop
  endfacet
  facet normal -0.4052413140049827 -0.914209755703534 0
    outer loop
      vertex -7.727555093430283 -8.203989293123444 -0.00495
      vertex -7.68268343236509 -8.223879532511287 -0.00495
      vertex -7.727555093430283 -8.203989293123444 0.005050000000000001
    endloop
  endfacet
  facet normal -0.4052413140049827 -0.914209755703534 1.0375808606099149e-16
    outer loop
      vertex -7.727555093430283 -8.203989293123444 0.005050000000000001
      vertex -7.68268343236509 -8.223879532511287 -0.00495
      vertex -7.68268343236509 -8.223879532511287 0.005050000000000001
    endloop
  endfacet
  facet normal -0.35989503653499316 -0.932992798834737 0
    outer loop
      vertex -7.68268343236509 -8.223879532511287 -0.00495
      vertex -7.636889853392221 -8.241544065183021 0.005050000000000001
      vertex -7.68268343236509 -8.223879532511287 0.005050000000000001
    endloop
  endfacet
  facet normal 0 0 -1
    outer loop
      vertex -8.007106781186549 -8.007106781186549 -0.00495
      vertex -7.300000000000001 -8.3 -0.00495
      vertex -7.68268343236509 -8.223879532511287 -0.00495
    endloop
  endfacet
  facet normal 0 0 -1
    outer loop
      vertex -7.68268343236509 -8.223879532511287 -0.00495
      vertex -7.542980179903265 -8.270031253194544 -0.00495
      vertex -7.636889853392221 -8.241544065183021 -0.00495
    endloop
  endfacet
  facet normal -0.3136817403989097 -0.9495281805930307 0
    outer loop
      vertex -7.636889853392221 -8.241544065183021 -0.00495
      vertex -7.590284677254463 -8.25694033573221 0.005050000000000001
      vertex -7.636889853392221 -8.241544065183021 0.005050000000000001
    endloop
  endfacet
  facet normal -0.3136817403989097 -0.9495281805930307 7.424109525557104e-17
    outer loop
      vertex -7.636889853392221 -8.241544065183021 -0.00495
      vertex -7.590284677254463 -8.25694033573221 -0.00495
      vertex -7.590284677254463 -8.25694033573221 0.005050000000000001
    endloop
  endfacet
  facet normal 0 0 -1
    outer loop
      vertex -7.636889853392221 -8.241544065183021 -0.00495
      vertex -7.542980179903265 -8.270031253194544 -0.00495
      vertex -7.590284677254463 -8.25694033573221 -0.00495
    endloop
  endfacet
  facet normal 0 0 -1
    outer loop
      vertex -7.68268343236509 -8.223879532511287 -0.00495
      vertex -7.495090322016129 -8.280785280403231 -0.00495
      vertex -7.542980179903265 -8.270031253194544 -0.00495
    endloop
  endfacet
  facet normal -0.2667127574748739 -0.9637760657954466 0
    outer loop
      vertex -7.590284677254463 -8.25694033573221 -0.00495
      vertex -7.542980179903265 -8.270031253194544 -0.00495
      vertex -7.590284677254463 -8.25694033573221 0.005050000000000001
    endloop
  endfacet
  facet normal -0.2667127574748739 -0.9637760657954466 -7.934497710735335e-17
    outer loop
      vertex -7.590284677254463 -8.25694033573221 0.005050000000000001
      vertex -7.542980179903265 -8.270031253194544 -0.00495
      vertex -7.542980179903265 -8.270031253194544 0.005050000000000001
    endloop
  endfacet
  facet normal -0.21910124015688293 -0.9757021300385256 0
    outer loop
      vertex -7.542980179903265 -8.270031253194544 -0.00495
      vertex -7.495090322016129 -8.280785280403231 -0.00495
      vertex -7.542980179903265 -8.270031253194544 0.005050000000000001
    endloop
  endfacet
  facet normal -0.21910124015688293 -0.9757021300385256 -9.260387099027372e-17
    outer loop
      vertex -7.542980179903265 -8.270031253194544 0.005050000000000001
      vertex -7.495090322016129 -8.280785280403231 -0.00495
      vertex -7.495090322016129 -8.280785280403231 0.005050000000000001
    endloop
  endfacet
  facet normal 0 0 -1
    outer loop
      vertex -7.68268343236509 -8.223879532511287 -0.00495
      vertex -7.300000000000001 -8.3 -0.00495
      vertex -7.495090322016129 -8.280785280403231 -0.00495
    endloop
  endfacet
  facet normal -0.17096188876028862 -0.9852776423889434 0
    outer loop
      vertex -7.495090322016129 -8.280785280403231 -0.00495
      vertex -7.446730474455363 -8.289176509964781 0.005050000000000001
      vertex -7.495090322016129 -8.280785280403231 0.005050000000000001
    endloop
  endfacet
  facet normal -0.17096188876028862 -0.9852776423889434 -1.471406909311094e-17
    outer loop
      vertex -7.495090322016129 -8.280785280403231 -0.00495
      vertex -7.446730474455363 -8.289176509964781 -0.00495
      vertex -7.446730474455363 -8.289176509964781 0.005050000000000001
    endloop
  endfacet
  facet normal 0 0 -1
    outer loop
      vertex -7.495090322016129 -8.280785280403231 -0.00495
      vertex -7.398017140329562 -8.295184726672197 -0.00495
      vertex -7.446730474455363 -8.289176509964781 -0.00495
    endloop
  endfacet
  facet normal -0.12241067519921875 -0.9924795345987096 0
    outer loop
      vertex -7.446730474455363 -8.289176509964781 -0.00495
      vertex -7.398017140329562 -8.295184726672197 -0.00495
      vertex -7.446730474455363 -8.289176509964781 0.005050000000000001
    endloop
  endfacet
  facet normal -0.12241067519921875 -0.9924795345987096 -6.899163172176291e-18
    outer loop
      vertex -7.446730474455363 -8.289176509964781 0.005050000000000001
      vertex -7.398017140329562 -8.295184726672197 -0.00495
      vertex -7.398017140329562 -8.295184726672197 0.005050000000000001
    endloop
  endfacet
  facet normal 0 0 -1
    outer loop
      vertex -7.495090322016129 -8.280785280403231 -0.00495
      vertex -7.300000000000001 -8.3 -0.00495
      vertex -7.398017140329562 -8.295184726672197 -0.00495
    endloop
  endfacet
  facet normal -0.07356456359968419 -0.9972904566786889 0
    outer loop
      vertex -7.398017140329562 -8.295184726672197 -0.00495
      vertex -7.349067674327419 -8.298795456205173 0.005050000000000001
      vertex -7.398017140329562 -8.295184726672197 0.005050000000000001
    endloop
  endfacet
  facet normal -0.07356456359968419 -0.9972904566786889 -5.316206543072558e-18
    outer loop
      vertex -7.398017140329562 -8.295184726672197 -0.00495
      vertex -7.349067674327419 -8.298795456205173 -0.00495
      vertex -7.349067674327419 -8.298795456205173 0.005050000000000001
    endloop
  endfacet
  facet normal 0 0 -1
    outer loop
      vertex -7.398017140329562 -8.295184726672197 -0.00495
      vertex -7.300000000000001 -8.3 -0.00495
      vertex -7.349067674327419 -8.298795456205173 -0.00495
    endloop
  endfacet
  facet normal -0.024541228522907587 -0.9996988186962044 0
    outer loop
      vertex -7.349067674327419 -8.298795456205173 -0.00495
      vertex -7.300000000000001 -8.3 -0.00495
      vertex -7.349067674327419 -8.298795456205173 0.005050000000000001
    endloop
  endfacet
  facet normal -0.024541228522907587 -0.9996988186962044 1.1764332665181406e-18
    outer loop
      vertex -7.349067674327419 -8.298795456205173 0.005050000000000001
      vertex -7.300000000000001 -8.3 -0.00495
      vertex -7.300000000000001 -8.3 0.005050000000000001
    endloop
  endfacet
  facet normal -0.6978729712000237 -0.6019893649187764 0.38804912136627673
    outer loop
      vertex -8.04095112535496 -7.971558954847019 0.005050000000000001
      vertex -5.67858480478212 -5.5160003819824475 8.062926121433666
      vertex -8.073010453362738 -7.934393284163646 0.005050000000000001
    endloop
  endfacet
  facet normal -0.7273058488569466 -0.5675950553590765 0.3858264575562481
    outer loop
      vertex -8.073010453362738 -7.934393284163646 0.005050000000000001
      vertex -5.749107371016037 -5.423961645581507 8.078879121450312
      vertex -8.103207531480646 -7.895699304492434 0.005050000000000001
    endloop
  endfacet
  facet normal -0.8313581852729585 -0.4184705438483048 0.3656856186821643
    outer loop
      vertex -8.203989293123444 -7.727555093430283 0.005050000000000001
      vertex -8.181921264348356 -7.771396736825999 0.005050000000000001
      vertex -5.98641731573546 -5.018869077735382 8.146201231662548
    endloop
  endfacet
  facet normal -0.8074946719061397 -0.45744008137685616 0.37242573325849976
    outer loop
      vertex -8.157728610000273 -7.814102744193223 0.005050000000000001
      vertex -5.98641731573546 -5.018869077735382 8.146201231662548
      vertex -8.181921264348356 -7.771396736825999 0.005050000000000001
    endloop
  endfacet
  facet normal -0.7554165246303461 -0.5320243426951955 0.3824865659015424
    outer loop
      vertex -8.131469612302546 -7.855570233019603 0.005050000000000001
      vertex -8.103207531480646 -7.895699304492434 0.005050000000000001
      vertex -5.877044904678297 -5.228365753411697 8.111913588149514
    endloop
  endfacet
  facet normal -0.7821623665199152 -0.4952988561156716 0.37802258600574773
    outer loop
      vertex -8.131469612302546 -7.855570233019603 0.005050000000000001
      vertex -5.877044904678297 -5.228365753411697 8.111913588149514
      vertex -8.157728610000273 -7.814102744193223 0.005050000000000001
    endloop
  endfacet
  facet normal -0.8744230179649986 -0.33730217895636266 0.34872858461025796
    outer loop
      vertex -8.223879532511287 -7.68268343236509 0.005050000000000001
      vertex -6.113150803275292 -4.6827164578223845 8.199288467798636
      vertex -8.241544065183021 -7.636889853392221 0.005050000000000001
    endloop
  endfacet
  facet normal -0.893478530770086 -0.29516543718163185 0.33848704516761746
    outer loop
      vertex -8.241544065183021 -7.636889853392221 0.005050000000000001
      vertex -6.113150803275292 -4.6827164578223845 8.199288467798636
      vertex -8.25694033573221 -7.590284677254463 0.005050000000000001
    endloop
  endfacet
  facet normal -0.9107737197683217 -0.25204503292429115 0.3270543269207237
    outer loop
      vertex -8.25694033573221 -7.590284677254463 0.005050000000000001
      vertex -6.171360405809237 -4.447007331897007 8.235299873145278
      vertex -8.270031253194544 -7.542980179903265 0.005050000000000001
    endloop
  endfacet
  facet normal -0.9262183392288567 -0.2079892833410931 0.3144201744344613
    outer loop
      vertex -8.270031253194544 -7.542980179903265 0.005050000000000001
      vertex -6.171360405809237 -4.447007331897007 8.235299873145278
      vertex -8.280785280403231 -7.495090322016129 0.005050000000000001
    endloop
  endfacet
  facet normal -0.9397160782499555 -0.16305620743254817 0.30057672148095127
    outer loop
      vertex -8.280785280403231 -7.495090322016129 0.005050000000000001
      vertex -6.207675441665421 -4.204569451857474 8.271407051084129
      vertex -8.289176509964781 -7.446730474455363 0.005050000000000001
    endloop
  endfacet
  facet normal -0.9511654826858323 -0.1173150729086227 0.28551952335255865
    outer loop
      vertex -8.289176509964781 -7.446730474455363 0.005050000000000001
      vertex -6.207675441665421 -4.204569451857474 8.271407051084129
      vertex -8.295184726672197 -7.398017140329562 0.005050000000000001
    endloop
  endfacet
  facet normal -0.9604612056723597 -0.0708478748358041 0.26924867878904696
    outer loop
      vertex -8.295184726672197 -7.398017140329562 0.005050000000000001
      vertex -6.217451860503941 -4.081544467591784 8.289387232596592
      vertex -8.298795456205173 -7.349067674327419 0.005050000000000001
    endloop
  endfacet
  facet normal -0.8536907362335876 -0.37841507766338844 0.35779065927713494
    outer loop
      vertex -8.203989293123444 -7.727555093430283 0.005050000000000001
      vertex -6.0760537946227995 -4.797353844284896 8.181426548084646
      vertex -8.223879532511287 -7.68268343236509 0.005050000000000001
    endloop
  endfacet
  facet normal -0.6019893649187763 -0.6978729712000237 0.3880491213662767
    outer loop
      vertex -7.971558954847019 -8.04095112535496 0.005050000000000001
      vertex -7.934393284163646 -8.073010453362738 0.005050000000000001
      vertex -5.52532501513719 -5.6875555536617775 8.032327487107029
    endloop
  endfacet
  facet normal -0.5675950553590765 -0.7273058488569466 0.38582645755624806
    outer loop
      vertex -7.934393284163646 -8.073010453362738 0.005050000000000001
      vertex -7.895699304492434 -8.103207531480646 0.005050000000000001
      vertex -5.442968858280041 -5.766702321421414 8.017749798092318
    endloop
  endfacet
  facet normal -0.5320243426951955 -0.7554165246303461 0.3824865659015423
    outer loop
      vertex -7.855570233019603 -8.131469612302546 0.005050000000000001
      vertex -5.357061334859097 -5.8412003824347885 8.003696355448701
      vertex -7.895699304492434 -8.103207531480646 0.005050000000000001
    endloop
  endfacet
  facet normal -0.49529885611567165 -0.7821623665199153 0.3780225860057476
    outer loop
      vertex -7.855570233019603 -8.131469612302546 0.005050000000000001
      vertex -7.814102744193223 -8.157728610000273 0.005050000000000001
      vertex -5.267810369581001 -5.910892638254066 7.990197853781101
    endloop
  endfacet
  facet normal -0.45744008137685616 -0.8074946719061397 0.3724257332584999
    outer loop
      vertex -7.814102744193223 -8.157728610000273 0.005050000000000001
      vertex -7.771396736825999 -8.181921264348356 0.005050000000000001
      vertex -5.175429941726045 -5.975633419329503 7.977283592906213
    endloop
  endfacet
  facet normal -0.41847054384830473 -0.8313581852729585 0.36568561868216426
    outer loop
      vertex -7.771396736825999 -8.181921264348356 0.005050000000000001
      vertex -7.727555093430283 -8.203989293123444 0.005050000000000001
      vertex -5.08013958879161 -6.035288631710509 7.964981437230108
    endloop
  endfacet
  facet normal -0.3784150776633884 -0.8536907362335875 0.35779065927713494
    outer loop
      vertex -7.727555093430283 -8.203989293123444 0.005050000000000001
      vertex -7.68268343236509 -8.223879532511287 0.005050000000000001
      vertex -4.982163914453841 -6.089735880489504 7.9533177786226155
    endloop
  endfacet
  facet normal -0.3373021789563626 -0.8744230179649986 0.34872858461025785
    outer loop
      vertex -7.68268343236509 -8.223879532511287 0.005050000000000001
      vertex -7.636889853392221 -8.241544065183021 0.005050000000000001
      vertex -4.881732101524964 -6.138864571376721 7.942317502616819
    endloop
  endfacet
  facet normal -0.29516543718163185 -0.893478530770086 0.3384870451676175
    outer loop
      vertex -7.636889853392221 -8.241544065183021 0.005050000000000001
      vertex -7.590284677254463 -8.25694033573221 0.005050000000000001
      vertex -4.779060548176484 -6.1825638286047475 7.932050785505328
    endloop
  endfacet
  facet normal -0.25204503292429115 -0.9107737197683216 0.32705432692072406
    outer loop
      vertex -7.590284677254463 -8.25694033573221 0.005050000000000001
      vertex -7.542980179903265 -8.270031253194544 0.005050000000000001
      vertex -4.674165804804091 -6.220594132232395 7.923134766214515
    endloop
  endfacet
  facet normal -0.20798928334109315 -0.9262183392288568 0.3144201744344613
    outer loop
      vertex -7.542980179903265 -8.270031253194544 0.005050000000000001
      vertex -7.495090322016129 -8.280785280403231 0.005050000000000001
      vertex -4.567506029272803 -6.25304300308826 7.91496941888113
    endloop
  endfacet
  facet normal -0.16305620743254814 -0.9397160782499555 0.30057672148095144
    outer loop
      vertex -7.495090322016129 -8.280785280403231 0.005050000000000001
      vertex -7.446730474455363 -8.289176509964781 0.005050000000000001
      vertex -4.459323841040673 -6.279847383699813 7.90757176032565
    endloop
  endfacet
  facet normal -0.11731507290862267 -0.9511654826858322 0.2855195233525586
    outer loop
      vertex -7.446730474455363 -8.289176509964781 0.005050000000000001
      vertex -7.398017140329562 -8.295184726672197 0.005050000000000001
      vertex -4.349864194987728 -6.300956176624591 7.900957151776584
    endloop
  endfacet
  facet normal -0.07084787483580408 -0.9604612056723597 0.26924867878904685
    outer loop
      vertex -7.398017140329562 -8.295184726672197 0.005050000000000001
      vertex -7.349067674327419 -8.298795456205173 0.005050000000000001
      vertex -4.239373936891892 -6.316330249676381 7.895139283662198
    endloop
  endfacet
  facet normal -0.023750684195776202 -0.9674956130081708 0.25177002166694956
    outer loop
      vertex -7.349067674327419 -8.298795456205173 0.005050000000000001
      vertex -7.300000000000001 -8.3 0.005050000000000001
      vertex -4.128101364215799 -6.3259424281956305 7.8901301624505695
    endloop
  endfacet
  facet normal -0.6671550401249879 -0.6351844013194092 0.3891592588598267
    outer loop
      vertex -8.04095112535496 -7.971558954847019 0.005050000000000001
      vertex -8.007106781186549 -8.007106781186549 0.005050000000000001
      vertex -5.603928435143531 -5.603928435143531 8.047397377386329
    endloop
  endfacet
  facet normal -0.6351844013194092 -0.6671550401249879 0.3891592588598267
    outer loop
      vertex -7.971558954847019 -8.04095112535496 0.005050000000000001
      vertex -5.603928435143531 -5.603928435143531 8.047397377386329
      vertex -8.007106781186549 -8.007106781186549 0.005050000000000001
    endloop
  endfacet
  facet normal -0.9674956130081708 -0.0237506841957762 0.2517700216669496
    outer loop
      vertex -8.298795456205173 -7.349067674327419 0.005050000000000001
      vertex -6.221576304534026 -3.9577086570762674 8.307259689907692
      vertex -8.3 -7.300000000000001 0.005050000000000001
    endloop
  endfacet
  facet normal 0 0 -1
    outer loop
      vertex -8.007106781186549 -8.007106781186549 -0.00495
      vertex -8.3 -7.300000000000001 -0.00495
      vertex -8.298795456205173 7.349067674327419 -0.00495
    endloop
  endfacet
  facet normal -1 0 0
    outer loop
      vertex -8.3 -7.300000000000001 -0.00495
      vertex -8.3 -7.300000000000001 0.005050000000000001
      vertex -8.3 7.300000000000001 0.005050000000000001
    endloop
  endfacet
  facet normal 0 0 -1
    outer loop
      vertex -8.007106781186549 -8.007106781186549 -0.00495
      vertex -6.5 6.5 -0.00495
      vertex -6.5 -6.5 -0.00495
    endloop
  endfacet
  facet normal -0.9701425001453319 0 0.24253562503633297
    outer loop
      vertex -8.3 -7.300000000000001 0.005050000000000001
      vertex -6.220017443429895 -3.8333624057164903 8.324980226280424
      vertex -8.3 7.300000000000001 0.005050000000000001
    endloop
  endfacet
  facet normal 0 -1 0
    outer loop
      vertex -7.300000000000001 -8.3 -0.00495
      vertex 7.300000000000001 -8.3 0.005050000000000001
      vertex -7.300000000000001 -8.3 0.005050000000000001
    endloop
  endfacet
  facet normal 0 0 -1
    outer loop
      vertex -8.007106781186549 -8.007106781186549 -0.00495
      vertex 8.3 -7.300000000000001 -0.00495
      vertex -7.300000000000001 -8.3 -0.00495
    endloop
  endfacet
  facet normal 0 0 -1
    outer loop
      vertex -8.007106781186549 -8.007106781186549 -0.00495
      vertex -6.5 -6.5 -0.00495
      vertex 6.5 -6.5 -0.00495
    endloop
  endfacet
  facet normal 0 -0.9701425001453319 0.24253562503633305
    outer loop
      vertex -7.300000000000001 -8.3 0.005050000000000001
      vertex 7.300000000000001 -8.3 0.005050000000000001
      vertex -1.8659076349534047 -6.342621854777808 7.834562580888768
    endloop
  endfacet
  facet normal -0.6978729712000191 -0.6019893649187816 0.3880491213662767
    outer loop
      vertex -8.073010453362738 -7.934393284163646 0.005050000000000001
      vertex -5.67858480478212 -5.5160003819824475 8.062926121433666
      vertex -5.749107371016037 -5.423961645581507 8.078879121450312
    endloop
  endfacet
  facet normal -0.6019893649187812 -0.697872971200019 0.3880491213662774
    outer loop
      vertex -7.934393284163646 -8.073010453362738 0.005050000000000001
      vertex -5.442968858280041 -5.766702321421414 8.017749798092318
      vertex -5.52532501513719 -5.6875555536617775 8.032327487107029
    endloop
  endfacet
  facet normal -0.5675950553590801 -0.7273058488569439 0.3858264575562476
    outer loop
      vertex -7.895699304492434 -8.103207531480646 0.005050000000000001
      vertex -5.357061334859097 -5.8412003824347885 8.003696355448701
      vertex -5.442968858280041 -5.766702321421414 8.017749798092318
    endloop
  endfacet
  facet normal -0.6671550401249844 -0.6351844013194125 0.38915925885982733
    outer loop
      vertex -8.04095112535496 -7.971558954847019 0.005050000000000001
      vertex -5.603928435143531 -5.603928435143531 8.047397377386329
      vertex -5.67858480478212 -5.5160003819824475 8.062926121433666
    endloop
  endfacet
  facet normal -0.6351844013194149 -0.6671550401249827 0.38915925885982616
    outer loop
      vertex -7.971558954847019 -8.04095112535496 0.005050000000000001
      vertex -5.52532501513719 -5.6875555536617775 8.032327487107029
      vertex -5.603928435143531 -5.603928435143531 8.047397377386329
    endloop
  endfacet
  facet normal -0.8536907362335864 -0.37841507766339094 0.35779065927713527
    outer loop
      vertex -8.203989293123444 -7.727555093430283 0.005050000000000001
      vertex -6.0337693231658625 -4.90949046297643 8.163716958587402
      vertex -6.0760537946227995 -4.797353844284896 8.181426548084646
    endloop
  endfacet
  facet normal -0.8744230179649993 -0.3373021789563602 0.34872858461025796
    outer loop
      vertex -8.223879532511287 -7.68268343236509 0.005050000000000001
      vertex -6.0760537946227995 -4.797353844284896 8.181426548084646
      vertex -6.113150803275292 -4.6827164578223845 8.199288467798636
    endloop
  endfacet
  facet normal -0.8934785307700948 -0.29516543718161187 0.3384870451676117
    outer loop
      vertex -8.25694033573221 -7.590284677254463 0.005050000000000001
      vertex -6.113150803275292 -4.6827164578223845 8.199288467798636
      vertex -6.144951870851889 -4.5658434450857825 8.21726050794233
    endloop
  endfacet
  facet normal -0.9107737197683122 -0.2520450329243153 0.3270543269207314
    outer loop
      vertex -8.25694033573221 -7.590284677254463 0.005050000000000001
      vertex -6.144951870851889 -4.5658434450857825 8.21726050794233
      vertex -6.171360405809237 -4.447007331897007 8.235299873145278
    endloop
  endfacet
  facet normal -0.9262183392288619 -0.20798928334107752 0.3144201744344565
    outer loop
      vertex -8.280785280403231 -7.495090322016129 0.005050000000000001
      vertex -6.171360405809237 -4.447007331897007 8.235299873145278
      vertex -6.1922921229288015 -4.326487471496367 8.253363278700027
    endloop
  endfacet
  facet normal -0.9397160782499505 -0.16305620743256602 0.3005767214809574
    outer loop
      vertex -8.280785280403231 -7.495090322016129 0.005050000000000001
      vertex -6.1922921229288015 -4.326487471496367 8.253363278700027
      vertex -6.207675441665421 -4.204569451857474 8.271407051084129
    endloop
  endfacet
  facet normal -0.8074946719061343 -0.457440081376864 0.3724257332585016
    outer loop
      vertex -8.157728610000273 -7.814102744193223 0.005050000000000001
      vertex -5.934128693571699 -5.125240842964816 8.128920134870734
      vertex -5.98641731573546 -5.018869077735382 8.146201231662548
    endloop
  endfacet
  facet normal -0.7821623665199244 -0.4952988561156586 0.37802258600574606
    outer loop
      vertex -8.157728610000273 -7.814102744193223 0.005050000000000001
      vertex -5.877044904678297 -5.228365753411697 8.111913588149514
      vertex -5.934128693571699 -5.125240842964816 8.128920134870734
    endloop
  endfacet
  facet normal -0.7273058488569532 -0.5675950553590683 0.385826457556248
    outer loop
      vertex -8.103207531480646 -7.895699304492434 0.005050000000000001
      vertex -5.749107371016037 -5.423961645581507 8.078879121450312
      vertex -5.8153174450507015 -5.328013059022921 8.095220585539156
    endloop
  endfacet
  facet normal -0.7554165246303409 -0.5320243426952024 0.3824865659015432
    outer loop
      vertex -8.103207531480646 -7.895699304492434 0.005050000000000001
      vertex -5.8153174450507015 -5.328013059022921 8.095220585539156
      vertex -5.877044904678297 -5.228365753411697 8.111913588149514
    endloop
  endfacet
  facet normal -0.8313581852729531 -0.418470543848314 0.3656856186821659
    outer loop
      vertex -8.203989293123444 -7.727555093430283 0.005050000000000001
      vertex -5.98641731573546 -5.018869077735382 8.146201231662548
      vertex -6.0337693231658625 -4.90949046297643 8.163716958587402
    endloop
  endfacet
  facet normal -0.951165482685834 -0.1173150729086139 0.2855195233525562
    outer loop
      vertex -8.295184726672197 -7.398017140329562 0.005050000000000001
      vertex -6.207675441665421 -4.204569451857474 8.271407051084129
      vertex -6.217451860503941 -4.081544467591784 8.289387232596592
    endloop
  endfacet
  facet normal -0.9604612056723627 -0.0708478748357868 0.2692486787890405
    outer loop
      vertex -8.298795456205173 -7.349067674327419 0.005050000000000001
      vertex -6.217451860503941 -4.081544467591784 8.289387232596592
      vertex -6.221576304534026 -3.9577086570762674 8.307259689907692
    endloop
  endfacet
  facet normal -0.9674956130081689 -0.023750684195790496 0.2517700216669556
    outer loop
      vertex -8.3 -7.300000000000001 0.005050000000000001
      vertex -6.221576304534026 -3.9577086570762674 8.307259689907692
      vertex -6.220017443429895 -3.8333624057164903 8.324980226280424
    endloop
  endfacet
  facet normal -0.4184705438483148 -0.8313581852729531 0.3656856186821652
    outer loop
      vertex -7.727555093430283 -8.203989293123444 0.005050000000000001
      vertex -4.982163914453841 -6.089735880489504 7.9533177786226155
      vertex -5.08013958879161 -6.035288631710509 7.964981437230108
    endloop
  endfacet
  facet normal -0.3784150776633941 -0.8536907362335849 0.3577906592771354
    outer loop
      vertex -7.68268343236509 -8.223879532511287 0.005050000000000001
      vertex -4.881732101524964 -6.138864571376721 7.942317502616819
      vertex -4.982163914453841 -6.089735880489504 7.9533177786226155
    endloop
  endfacet
  facet normal -0.33730217895635545 -0.8744230179650018 0.34872858461025646
    outer loop
      vertex -7.636889853392221 -8.241544065183021 0.005050000000000001
      vertex -4.786305259281932 -6.179498307510829 7.932730125758057
      vertex -4.881732101524964 -6.138864571376721 7.942317502616819
    endloop
  endfacet
  facet normal -0.3373021789563017 -0.8744230179650277 0.34872858461024364
    outer loop
      vertex -7.636889853392221 -8.241544065183021 0.005050000000000001
      vertex -4.779060548176484 -6.1825638286047475 7.932050785505328
      vertex -4.786305259281932 -6.179498307510829 7.932730125758057
    endloop
  endfacet
  facet normal -0.5320243426951987 -0.7554165246303436 0.38248656590154295
    outer loop
      vertex -7.855570233019603 -8.131469612302546 0.005050000000000001
      vertex -5.267810369581001 -5.910892638254066 7.990197853781101
      vertex -5.357061334859097 -5.8412003824347885 8.003696355448701
    endloop
  endfacet
  facet normal -0.4952988561156517 -0.7821623665199293 0.37802258600574484
    outer loop
      vertex -7.814102744193223 -8.157728610000273 0.005050000000000001
      vertex -5.175429941726045 -5.975633419329503 7.977283592906213
      vertex -5.267810369581001 -5.910892638254066 7.990197853781101
    endloop
  endfacet
  facet normal -0.4574400813768648 -0.8074946719061341 0.372425733258501
    outer loop
      vertex -7.771396736825999 -8.181921264348356 0.005050000000000001
      vertex -5.08013958879161 -6.035288631710509 7.964981437230108
      vertex -5.175429941726045 -5.975633419329503 7.977283592906213
    endloop
  endfacet
  facet normal -0.29516543718162064 -0.8934785307700905 0.3384870451676151
    outer loop
      vertex -7.590284677254463 -8.25694033573221 0.005050000000000001
      vertex -4.674165804804091 -6.220594132232395 7.923134766214515
      vertex -4.779060548176484 -6.1825638286047475 7.932050785505328
    endloop
  endfacet
  facet normal -0.25204503292431385 -0.9107737197683127 0.32705432692073133
    outer loop
      vertex -7.542980179903265 -8.270031253194544 0.005050000000000001
      vertex -4.567506029272803 -6.25304300308826 7.91496941888113
      vertex -4.674165804804091 -6.220594132232395 7.923134766214515
    endloop
  endfacet
  facet normal -0.2079892833410803 -0.9262183392288608 0.31442017443445774
    outer loop
      vertex -7.495090322016129 -8.280785280403231 0.005050000000000001
      vertex -4.459323841040673 -6.279847383699813 7.90757176032565
      vertex -4.567506029272803 -6.25304300308826 7.91496941888113
    endloop
  endfacet
  facet normal -0.1630562074325627 -0.9397160782499515 0.3005767214809558
    outer loop
      vertex -7.446730474455363 -8.289176509964781 0.005050000000000001
      vertex -4.349864194987728 -6.300956176624591 7.900957151776584
      vertex -4.459323841040673 -6.279847383699813 7.90757176032565
    endloop
  endfacet
  facet normal -0.1173150729086212 -0.9511654826858326 0.2855195233525582
    outer loop
      vertex -7.398017140329562 -8.295184726672197 0.005050000000000001
      vertex -4.239373936891892 -6.316330249676381 7.895139283662198
      vertex -4.349864194987728 -6.300956176624591 7.900957151776584
    endloop
  endfacet
  facet normal -0.07084787483578474 -0.9604612056723633 0.26924867878903963
    outer loop
      vertex -7.349067674327419 -8.298795456205173 0.005050000000000001
      vertex -4.128101364215799 -6.3259424281956305 7.8901301624505695
      vertex -4.239373936891892 -6.316330249676381 7.895139283662198
    endloop
  endfacet
  facet normal -0.02375068419577946 -0.9674956130081702 0.2517700216669513
    outer loop
      vertex -7.300000000000001 -8.3 0.005050000000000001
      vertex -4.016295791910333 -6.3297774751462 7.885940099415201
      vertex -4.128101364215799 -6.3259424281956305 7.8901301624505695
    endloop
  endfacet
  facet normal -7.365964992974698e-16 -0.9701425001453319 0.24253562503633336
    outer loop
      vertex -7.300000000000001 -8.3 0.005050000000000001
      vertex -3.7705131940554097 -6.331850113943667 7.877649544225332
      vertex -4.016295791910333 -6.3297774751462 7.885940099415201
    endloop
  endfacet
  facet normal -4.765505592670782e-16 -0.9701425001453319 0.2425356250363332
    outer loop
      vertex -7.300000000000001 -8.3 0.005050000000000001
      vertex -2.8108680352168043 -6.338166922683573 7.8523823092657095
      vertex -3.7705131940554097 -6.331850113943667 7.877649544225332
    endloop
  endfacet
  facet normal 6.656964157363318e-16 -0.970142500145332 0.24253562503633266
    outer loop
      vertex -7.300000000000001 -8.3 0.005050000000000001
      vertex -1.8659076349534047 -6.342621854777808 7.834562580888768
      vertex -2.8108680352168043 -6.338166922683573 7.8523823092657095
    endloop
  endfacet
  facet normal -1 0 0
    outer loop
      vertex -8.3 -7.300000000000001 -0.00495
      vertex -8.3 7.300000000000001 0.005050000000000001
      vertex -8.3 7.300000000000001 -0.00495
    endloop
  endfacet
  facet normal 0 0 -1
    outer loop
      vertex -8.3 -7.300000000000001 -0.00495
      vertex -8.3 7.300000000000001 -0.00495
      vertex -8.298795456205173 7.349067674327419 -0.00495
    endloop
  endfacet
  facet normal 0 0 -1
    outer loop
      vertex -8.007106781186549 -8.007106781186549 -0.00495
      vertex -8.298795456205173 7.349067674327419 -0.00495
      vertex -7.300000000000001 8.3 -0.00495
    endloop
  endfacet
  facet normal 0 0 -1
    outer loop
      vertex -8.007106781186549 -8.007106781186549 -0.00495
      vertex -7.300000000000001 8.3 -0.00495
      vertex -6.5 6.5 -0.00495
    endloop
  endfacet
  facet normal -0.9996988186962044 0.024541228522907587 0
    outer loop
      vertex -8.3 7.300000000000001 -0.00495
      vertex -8.3 7.300000000000001 0.005050000000000001
      vertex -8.298795456205173 7.349067674327419 -0.00495
    endloop
  endfacet
  facet normal -0.9996988186962044 0.024541228522907587 -1.1764332665181406e-18
    outer loop
      vertex -8.3 7.300000000000001 0.005050000000000001
      vertex -8.298795456205173 7.349067674327419 0.005050000000000001
      vertex -8.298795456205173 7.349067674327419 -0.00495
    endloop
  endfacet
  facet normal -0.9972904566786889 0.07356456359968419 0
    outer loop
      vertex -8.298795456205173 7.349067674327419 -0.00495
      vertex -8.298795456205173 7.349067674327419 0.005050000000000001
      vertex -8.295184726672197 7.398017140329562 0.005050000000000001
    endloop
  endfacet
  facet normal -0.9972904566786889 0.07356456359968419 5.316206543072558e-18
    outer loop
      vertex -8.298795456205173 7.349067674327419 -0.00495
      vertex -8.295184726672197 7.398017140329562 0.005050000000000001
      vertex -8.295184726672197 7.398017140329562 -0.00495
    endloop
  endfacet
  facet normal 0 0 -1
    outer loop
      vertex -8.298795456205173 7.349067674327419 -0.00495
      vertex -8.295184726672197 7.398017140329562 -0.00495
      vertex -8.280785280403231 7.495090322016129 -0.00495
    endloop
  endfacet
  facet normal -0.9924795345987096 0.12241067519921875 0
    outer loop
      vertex -8.295184726672197 7.398017140329562 -0.00495
      vertex -8.295184726672197 7.398017140329562 0.005050000000000001
      vertex -8.289176509964781 7.446730474455363 0.005050000000000001
    endloop
  endfacet
  facet normal -0.9924795345987096 0.12241067519921875 6.899163172176291e-18
    outer loop
      vertex -8.295184726672197 7.398017140329562 -0.00495
      vertex -8.289176509964781 7.446730474455363 0.005050000000000001
      vertex -8.289176509964781 7.446730474455363 -0.00495
    endloop
  endfacet
  facet normal 0 0 -1
    outer loop
      vertex -8.295184726672197 7.398017140329562 -0.00495
      vertex -8.289176509964781 7.446730474455363 -0.00495
      vertex -8.280785280403231 7.495090322016129 -0.00495
    endloop
  endfacet
  facet normal -0.9852776423889434 0.17096188876028862 0
    outer loop
      vertex -8.289176509964781 7.446730474455363 -0.00495
      vertex -8.289176509964781 7.446730474455363 0.005050000000000001
      vertex -8.280785280403231 7.495090322016129 0.005050000000000001
    endloop
  endfacet
  facet normal -0.9852776423889434 0.17096188876028862 1.471406909311094e-17
    outer loop
      vertex -8.289176509964781 7.446730474455363 -0.00495
      vertex -8.280785280403231 7.495090322016129 0.005050000000000001
      vertex -8.280785280403231 7.495090322016129 -0.00495
    endloop
  endfacet
  facet normal 0 0 -1
    outer loop
      vertex -8.298795456205173 7.349067674327419 -0.00495
      vertex -8.280785280403231 7.495090322016129 -0.00495
      vertex -8.241544065183021 7.636889853392221 -0.00495
    endloop
  endfacet
  facet normal -0.9757021300385256 0.21910124015688293 0
    outer loop
      vertex -8.280785280403231 7.495090322016129 -0.00495
      vertex -8.280785280403231 7.495090322016129 0.005050000000000001
      vertex -8.270031253194544 7.542980179903265 0.005050000000000001
    endloop
  endfacet
  facet normal -0.9757021300385256 0.21910124015688293 9.260387099027372e-17
    outer loop
      vertex -8.280785280403231 7.495090322016129 -0.00495
      vertex -8.270031253194544 7.542980179903265 0.005050000000000001
      vertex -8.270031253194544 7.542980179903265 -0.00495
    endloop
  endfacet
  facet normal 0 0 -1
    outer loop
      vertex -8.280785280403231 7.495090322016129 -0.00495
      vertex -8.270031253194544 7.542980179903265 -0.00495
      vertex -8.25694033573221 7.590284677254463 -0.00495
    endloop
  endfacet
  facet normal -0.9637760657954466 0.2667127574748739 0
    outer loop
      vertex -8.270031253194544 7.542980179903265 -0.00495
      vertex -8.270031253194544 7.542980179903265 0.005050000000000001
      vertex -8.25694033573221 7.590284677254463 -0.00495
    endloop
  endfacet
  facet normal 0 0 -1
    outer loop
      vertex -8.280785280403231 7.495090322016129 -0.00495
      vertex -8.25694033573221 7.590284677254463 -0.00495
      vertex -8.241544065183021 7.636889853392221 -0.00495
    endloop
  endfacet
  facet normal -0.9637760657954466 0.2667127574748739 7.934497710735335e-17
    outer loop
      vertex -8.270031253194544 7.542980179903265 0.005050000000000001
      vertex -8.25694033573221 7.590284677254463 0.005050000000000001
      vertex -8.25694033573221 7.590284677254463 -0.00495
    endloop
  endfacet
  facet normal -0.9495281805930307 0.3136817403989097 0
    outer loop
      vertex -8.25694033573221 7.590284677254463 -0.00495
      vertex -8.25694033573221 7.590284677254463 0.005050000000000001
      vertex -8.241544065183021 7.636889853392221 -0.00495
    endloop
  endfacet
  facet normal -0.9495281805930307 0.3136817403989097 -7.424109525557104e-17
    outer loop
      vertex -8.25694033573221 7.590284677254463 0.005050000000000001
      vertex -8.241544065183021 7.636889853392221 0.005050000000000001
      vertex -8.241544065183021 7.636889853392221 -0.00495
    endloop
  endfacet
  facet normal 0 0 -1
    outer loop
      vertex -8.298795456205173 7.349067674327419 -0.00495
      vertex -8.241544065183021 7.636889853392221 -0.00495
      vertex -8.103207531480646 7.895699304492434 -0.00495
    endloop
  endfacet
  facet normal -0.932992798834737 0.35989503653499316 0
    outer loop
      vertex -8.241544065183021 7.636889853392221 -0.00495
      vertex -8.241544065183021 7.636889853392221 0.005050000000000001
      vertex -8.223879532511287 7.68268343236509 -0.00495
    endloop
  endfacet
  facet normal -0.932992798834737 0.35989503653499316 -3.5145105410712124e-17
    outer loop
      vertex -8.241544065183021 7.636889853392221 0.005050000000000001
      vertex -8.223879532511287 7.68268343236509 0.005050000000000001
      vertex -8.223879532511287 7.68268343236509 -0.00495
    endloop
  endfacet
  facet normal 0 0 -1
    outer loop
      vertex -8.241544065183021 7.636889853392221 -0.00495
      vertex -8.223879532511287 7.68268343236509 -0.00495
      vertex -8.181921264348356 7.771396736825999 -0.00495
    endloop
  endfacet
  facet normal -0.914209755703534 0.4052413140049827 0
    outer loop
      vertex -8.223879532511287 7.68268343236509 -0.00495
      vertex -8.223879532511287 7.68268343236509 0.005050000000000001
      vertex -8.203989293123444 7.727555093430283 0.005050000000000001
    endloop
  endfacet
  facet normal -0.914209755703534 0.4052413140049827 -1.0375808606099149e-16
    outer loop
      vertex -8.223879532511287 7.68268343236509 -0.00495
      vertex -8.203989293123444 7.727555093430283 0.005050000000000001
      vertex -8.203989293123444 7.727555093430283 -0.00495
    endloop
  endfacet
  facet normal 0 0 -1
    outer loop
      vertex -8.223879532511287 7.68268343236509 -0.00495
      vertex -8.203989293123444 7.727555093430283 -0.00495
      vertex -8.181921264348356 7.771396736825999 -0.00495
    endloop
  endfacet
  facet normal -0.8932243011955183 0.4496113296546005 0
    outer loop
      vertex -8.203989293123444 7.727555093430283 -0.00495
      vertex -8.203989293123444 7.727555093430283 0.005050000000000001
      vertex -8.181921264348356 7.771396736825999 -0.00495
    endloop
  endfacet
  facet normal -0.8932243011955183 0.4496113296546005 -6.462560192373798e-17
    outer loop
      vertex -8.203989293123444 7.727555093430283 0.005050000000000001
      vertex -8.181921264348356 7.771396736825999 0.005050000000000001
      vertex -8.181921264348356 7.771396736825999 -0.00495
    endloop
  endfacet
  facet normal 0 0 -1
    outer loop
      vertex -8.241544065183021 7.636889853392221 -0.00495
      vertex -8.181921264348356 7.771396736825999 -0.00495
      vertex -8.103207531480646 7.895699304492434 -0.00495
    endloop
  endfacet
  facet normal -0.8700869911087146 0.49289819222977843 0
    outer loop
      vertex -8.181921264348356 7.771396736825999 -0.00495
      vertex -8.181921264348356 7.771396736825999 0.005050000000000001
      vertex -8.157728610000273 7.814102744193223 0.005050000000000001
    endloop
  endfacet
  facet normal -0.8700869911087146 0.49289819222977843 -1.0638569812861197e-16
    outer loop
      vertex -8.181921264348356 7.771396736825999 -0.00495
      vertex -8.157728610000273 7.814102744193223 0.005050000000000001
      vertex -8.157728610000273 7.814102744193223 -0.00495
    endloop
  endfacet
  facet normal 0 0 -1
    outer loop
      vertex -8.181921264348356 7.771396736825999 -0.00495
      vertex -8.157728610000273 7.814102744193223 -0.00495
      vertex -8.103207531480646 7.895699304492434 -0.00495
    endloop
  endfacet
  facet normal -0.8448535652496996 0.5349976198871089 0
    outer loop
      vertex -8.157728610000273 7.814102744193223 -0.00495
      vertex -8.157728610000273 7.814102744193223 0.005050000000000001
      vertex -8.131469612302546 7.855570233019603 0.005050000000000001
    endloop
  endfacet
  facet normal -0.8448535652496996 0.5349976198871089 4.369913759878488e-17
    outer loop
      vertex -8.157728610000273 7.814102744193223 -0.00495
      vertex -8.131469612302546 7.855570233019603 0.005050000000000001
      vertex -8.131469612302546 7.855570233019603 -0.00495
    endloop
  endfacet
  facet normal 0 0 -1
    outer loop
      vertex -8.157728610000273 7.814102744193223 -0.00495
      vertex -8.131469612302546 7.855570233019603 -0.00495
      vertex -8.103207531480646 7.895699304492434 -0.00495
    endloop
  endfacet
  facet normal -0.8175848131515888 0.575808191417838 0
    outer loop
      vertex -8.131469612302546 7.855570233019603 -0.00495
      vertex -8.131469612302546 7.855570233019603 0.005050000000000001
      vertex -8.103207531480646 7.895699304492434 -0.00495
    endloop
  endfacet
  facet normal -0.8175848131515888 0.575808191417838 -7.808484056361628e-18
    outer loop
      vertex -8.131469612302546 7.855570233019603 0.005050000000000001
      vertex -8.103207531480646 7.895699304492434 0.005050000000000001
      vertex -8.103207531480646 7.895699304492434 -0.00495
    endloop
  endfacet
  facet normal -0.7883464276266051 0.6152315905806282 0
    outer loop
      vertex -8.103207531480646 7.895699304492434 -0.00495
      vertex -8.103207531480646 7.895699304492434 0.005050000000000001
      vertex -8.073010453362738 7.934393284163646 0.005050000000000001
    endloop
  endfacet
  facet normal -0.7883464276266051 0.6152315905806282 -1.2258921321545644e-16
    outer loop
      vertex -8.103207531480646 7.895699304492434 -0.00495
      vertex -8.073010453362738 7.934393284163646 0.005050000000000001
      vertex -8.073010453362738 7.934393284163646 -0.00495
    endloop
  endfacet
  facet normal 0 0 -1
    outer loop
      vertex -8.103207531480646 7.895699304492434 -0.00495
      vertex -8.073010453362738 7.934393284163646 -0.00495
      vertex -8.007106781186549 8.007106781186549 -0.00495
    endloop
  endfacet
  facet normal -0.7572088465064851 0.6531728429537761 0
    outer loop
      vertex -8.073010453362738 7.934393284163646 -0.00495
      vertex -8.073010453362738 7.934393284163646 0.005050000000000001
      vertex -8.04095112535496 7.971558954847019 0.005050000000000001
    endloop
  endfacet
  facet normal -0.7572088465064851 0.6531728429537761 -5.195272149007608e-17
    outer loop
      vertex -8.073010453362738 7.934393284163646 -0.00495
      vertex -8.04095112535496 7.971558954847019 0.005050000000000001
      vertex -8.04095112535496 7.971558954847019 -0.00495
    endloop
  endfacet
  facet normal 0 0 -1
    outer loop
      vertex -8.073010453362738 7.934393284163646 -0.00495
      vertex -8.04095112535496 7.971558954847019 -0.00495
      vertex -8.007106781186549 8.007106781186549 -0.00495
    endloop
  endfacet
  facet normal -0.7242470829514729 0.6895405447370607 0
    outer loop
      vertex -8.04095112535496 7.971558954847019 -0.00495
      vertex -8.04095112535496 7.971558954847019 0.005050000000000001
      vertex -8.007106781186549 8.007106781186549 -0.00495
    endloop
  endfacet
  facet normal 0 0 -1
    outer loop
      vertex -8.103207531480646 7.895699304492434 -0.00495
      vertex -8.007106781186549 8.007106781186549 -0.00495
      vertex -7.934393284163646 8.073010453362738 -0.00495
    endloop
  endfacet
  facet normal -0.7242470829514729 0.6895405447370607 -1.8613048138239457e-16
    outer loop
      vertex -8.04095112535496 7.971558954847019 0.005050000000000001
      vertex -8.007106781186549 8.007106781186549 0.005050000000000001
      vertex -8.007106781186549 8.007106781186549 -0.00495
    endloop
  endfacet
  facet normal -0.6895405447370607 0.7242470829514729 0
    outer loop
      vertex -8.007106781186549 8.007106781186549 -0.00495
      vertex -8.007106781186549 8.007106781186549 0.005050000000000001
      vertex -7.971558954847019 8.04095112535496 0.005050000000000001
    endloop
  endfacet
  facet normal -0.6895405447370607 0.7242470829514729 -1.8613048138239457e-16
    outer loop
      vertex -8.007106781186549 8.007106781186549 -0.00495
      vertex -7.971558954847019 8.04095112535496 0.005050000000000001
      vertex -7.971558954847019 8.04095112535496 -0.00495
    endloop
  endfacet
  facet normal 0 0 -1
    outer loop
      vertex -8.007106781186549 8.007106781186549 -0.00495
      vertex -7.971558954847019 8.04095112535496 -0.00495
      vertex -7.934393284163646 8.073010453362738 -0.00495
    endloop
  endfacet
  facet normal 0 0 -1
    outer loop
      vertex -8.298795456205173 7.349067674327419 -0.00495
      vertex -8.103207531480646 7.895699304492434 -0.00495
      vertex -7.300000000000001 8.3 -0.00495
    endloop
  endfacet
  facet normal -0.6531728429537761 0.7572088465064851 0
    outer loop
      vertex -7.971558954847019 8.04095112535496 -0.00495
      vertex -7.971558954847019 8.04095112535496 0.005050000000000001
      vertex -7.934393284163646 8.073010453362738 -0.00495
    endloop
  endfacet
  facet normal -0.6531728429537761 0.7572088465064851 -5.195272149007608e-17
    outer loop
      vertex -7.971558954847019 8.04095112535496 0.005050000000000001
      vertex -7.934393284163646 8.073010453362738 0.005050000000000001
      vertex -7.934393284163646 8.073010453362738 -0.00495
    endloop
  endfacet
  facet normal 0 0 -1
    outer loop
      vertex -8.103207531480646 7.895699304492434 -0.00495
      vertex -7.934393284163646 8.073010453362738 -0.00495
      vertex -7.727555093430283 8.203989293123444 -0.00495
    endloop
  endfacet
  facet normal -0.6152315905806282 0.7883464276266051 0
    outer loop
      vertex -7.934393284163646 8.073010453362738 -0.00495
      vertex -7.934393284163646 8.073010453362738 0.005050000000000001
      vertex -7.895699304492434 8.103207531480646 0.005050000000000001
    endloop
  endfacet
  facet normal -0.6152315905806282 0.7883464276266051 -1.2258921321545644e-16
    outer loop
      vertex -7.934393284163646 8.073010453362738 -0.00495
      vertex -7.895699304492434 8.103207531480646 0.005050000000000001
      vertex -7.895699304492434 8.103207531480646 -0.00495
    endloop
  endfacet
  facet normal -0.575808191417838 0.8175848131515888 0
    outer loop
      vertex -7.895699304492434 8.103207531480646 -0.00495
      vertex -7.895699304492434 8.103207531480646 0.005050000000000001
      vertex -7.855570233019603 8.131469612302546 0.005050000000000001
    endloop
  endfacet
  facet normal -0.575808191417838 0.8175848131515888 -7.808484056361628e-18
    outer loop
      vertex -7.895699304492434 8.103207531480646 -0.00495
      vertex -7.855570233019603 8.131469612302546 0.005050000000000001
      vertex -7.855570233019603 8.131469612302546 -0.00495
    endloop
  endfacet
  facet normal 0 0 -1
    outer loop
      vertex -7.934393284163646 8.073010453362738 -0.00495
      vertex -7.895699304492434 8.103207531480646 -0.00495
      vertex -7.727555093430283 8.203989293123444 -0.00495
    endloop
  endfacet
  facet normal 0 0 -1
    outer loop
      vertex -7.895699304492434 8.103207531480646 -0.00495
      vertex -7.855570233019603 8.131469612302546 -0.00495
      vertex -7.814102744193223 8.157728610000273 -0.00495
    endloop
  endfacet
  facet normal -0.5349976198871089 0.8448535652496996 0
    outer loop
      vertex -7.855570233019603 8.131469612302546 -0.00495
      vertex -7.855570233019603 8.131469612302546 0.005050000000000001
      vertex -7.814102744193223 8.157728610000273 -0.00495
    endloop
  endfacet
  facet normal -0.5349976198871089 0.8448535652496996 4.369913759878488e-17
    outer loop
      vertex -7.855570233019603 8.131469612302546 0.005050000000000001
      vertex -7.814102744193223 8.157728610000273 0.005050000000000001
      vertex -7.814102744193223 8.157728610000273 -0.00495
    endloop
  endfacet
  facet normal 0 0 -1
    outer loop
      vertex -7.895699304492434 8.103207531480646 -0.00495
      vertex -7.814102744193223 8.157728610000273 -0.00495
      vertex -7.727555093430283 8.203989293123444 -0.00495
    endloop
  endfacet
  facet normal -0.49289819222977843 0.8700869911087146 0
    outer loop
      vertex -7.814102744193223 8.157728610000273 -0.00495
      vertex -7.814102744193223 8.157728610000273 0.005050000000000001
      vertex -7.771396736825999 8.181921264348356 0.005050000000000001
    endloop
  endfacet
  facet normal -0.49289819222977843 0.8700869911087146 -1.0638569812861197e-16
    outer loop
      vertex -7.814102744193223 8.157728610000273 -0.00495
      vertex -7.771396736825999 8.181921264348356 0.005050000000000001
      vertex -7.771396736825999 8.181921264348356 -0.00495
    endloop
  endfacet
  facet normal 0 0 -1
    outer loop
      vertex -8.103207531480646 7.895699304492434 -0.00495
      vertex -7.727555093430283 8.203989293123444 -0.00495
      vertex -7.300000000000001 8.3 -0.00495
    endloop
  endfacet
  facet normal 0 0 -1
    outer loop
      vertex -7.814102744193223 8.157728610000273 -0.00495
      vertex -7.771396736825999 8.181921264348356 -0.00495
      vertex -7.727555093430283 8.203989293123444 -0.00495
    endloop
  endfacet
  facet normal -0.4496113296546005 0.8932243011955183 0
    outer loop
      vertex -7.771396736825999 8.181921264348356 -0.00495
      vertex -7.771396736825999 8.181921264348356 0.005050000000000001
      vertex -7.727555093430283 8.203989293123444 -0.00495
    endloop
  endfacet
  facet normal -0.4496113296546005 0.8932243011955183 -6.462560192373798e-17
    outer loop
      vertex -7.771396736825999 8.181921264348356 0.005050000000000001
      vertex -7.727555093430283 8.203989293123444 0.005050000000000001
      vertex -7.727555093430283 8.203989293123444 -0.00495
    endloop
  endfacet
  facet normal -0.4052413140049827 0.914209755703534 0
    outer loop
      vertex -7.727555093430283 8.203989293123444 -0.00495
      vertex -7.727555093430283 8.203989293123444 0.005050000000000001
      vertex -7.68268343236509 8.223879532511287 0.005050000000000001
    endloop
  endfacet
  facet normal -0.4052413140049827 0.914209755703534 -1.0375808606099149e-16
    outer loop
      vertex -7.727555093430283 8.203989293123444 -0.00495
      vertex -7.68268343236509 8.223879532511287 0.005050000000000001
      vertex -7.68268343236509 8.223879532511287 -0.00495
    endloop
  endfacet
  facet normal 0 0 -1
    outer loop
      vertex -7.727555093430283 8.203989293123444 -0.00495
      vertex -7.68268343236509 8.223879532511287 -0.00495
      vertex -7.636889853392221 8.241544065183021 -0.00495
    endloop
  endfacet
  facet normal 0 0 -1
    outer loop
      vertex -7.727555093430283 8.203989293123444 -0.00495
      vertex -7.636889853392221 8.241544065183021 -0.00495
      vertex -7.590284677254463 8.25694033573221 -0.00495
    endloop
  endfacet
  facet normal -0.35989503653499316 0.932992798834737 0
    outer loop
      vertex -7.68268343236509 8.223879532511287 -0.00495
      vertex -7.68268343236509 8.223879532511287 0.005050000000000001
      vertex -7.636889853392221 8.241544065183021 0.005050000000000001
    endloop
  endfacet
  facet normal -0.35989503653499316 0.932992798834737 -3.5145105410712124e-17
    outer loop
      vertex -7.68268343236509 8.223879532511287 -0.00495
      vertex -7.636889853392221 8.241544065183021 0.005050000000000001
      vertex -7.636889853392221 8.241544065183021 -0.00495
    endloop
  endfacet
  facet normal -0.3136817403989097 0.9495281805930307 0
    outer loop
      vertex -7.636889853392221 8.241544065183021 -0.00495
      vertex -7.636889853392221 8.241544065183021 0.005050000000000001
      vertex -7.590284677254463 8.25694033573221 0.005050000000000001
    endloop
  endfacet
  facet normal -0.3136817403989097 0.9495281805930307 -7.424109525557104e-17
    outer loop
      vertex -7.636889853392221 8.241544065183021 -0.00495
      vertex -7.590284677254463 8.25694033573221 0.005050000000000001
      vertex -7.590284677254463 8.25694033573221 -0.00495
    endloop
  endfacet
  facet normal 0 0 -1
    outer loop
      vertex -7.727555093430283 8.203989293123444 -0.00495
      vertex -7.590284677254463 8.25694033573221 -0.00495
      vertex -7.446730474455363 8.289176509964781 -0.00495
    endloop
  endfacet
  facet normal -0.2667127574748739 0.9637760657954466 0
    outer loop
      vertex -7.590284677254463 8.25694033573221 -0.00495
      vertex -7.590284677254463 8.25694033573221 0.005050000000000001
      vertex -7.542980179903265 8.270031253194544 0.005050000000000001
    endloop
  endfacet
  facet normal -0.2667127574748739 0.9637760657954466 7.934497710735335e-17
    outer loop
      vertex -7.590284677254463 8.25694033573221 -0.00495
      vertex -7.542980179903265 8.270031253194544 0.005050000000000001
      vertex -7.542980179903265 8.270031253194544 -0.00495
    endloop
  endfacet
  facet normal 0 0 -1
    outer loop
      vertex -7.590284677254463 8.25694033573221 -0.00495
      vertex -7.542980179903265 8.270031253194544 -0.00495
      vertex -7.495090322016129 8.280785280403231 -0.00495
    endloop
  endfacet
  facet normal -0.21910124015688293 0.9757021300385256 0
    outer loop
      vertex -7.542980179903265 8.270031253194544 -0.00495
      vertex -7.542980179903265 8.270031253194544 0.005050000000000001
      vertex -7.495090322016129 8.280785280403231 -0.00495
    endloop
  endfacet
  facet normal 0 0 -1
    outer loop
      vertex -7.727555093430283 8.203989293123444 -0.00495
      vertex -7.446730474455363 8.289176509964781 -0.00495
      vertex -7.300000000000001 8.3 -0.00495
    endloop
  endfacet
  facet normal 0 0 -1
    outer loop
      vertex -7.590284677254463 8.25694033573221 -0.00495
      vertex -7.495090322016129 8.280785280403231 -0.00495
      vertex -7.446730474455363 8.289176509964781 -0.00495
    endloop
  endfacet
  facet normal -0.21910124015688293 0.9757021300385256 9.260387099027372e-17
    outer loop
      vertex -7.542980179903265 8.270031253194544 0.005050000000000001
      vertex -7.495090322016129 8.280785280403231 0.005050000000000001
      vertex -7.495090322016129 8.280785280403231 -0.00495
    endloop
  endfacet
  facet normal -0.17096188876028862 0.9852776423889434 0
    outer loop
      vertex -7.495090322016129 8.280785280403231 -0.00495
      vertex -7.495090322016129 8.280785280403231 0.005050000000000001
      vertex -7.446730474455363 8.289176509964781 -0.00495
    endloop
  endfacet
  facet normal -0.17096188876028862 0.9852776423889434 1.471406909311094e-17
    outer loop
      vertex -7.495090322016129 8.280785280403231 0.005050000000000001
      vertex -7.446730474455363 8.289176509964781 0.005050000000000001
      vertex -7.446730474455363 8.289176509964781 -0.00495
    endloop
  endfacet
  facet normal -0.12241067519921875 0.9924795345987096 0
    outer loop
      vertex -7.446730474455363 8.289176509964781 -0.00495
      vertex -7.446730474455363 8.289176509964781 0.005050000000000001
      vertex -7.398017140329562 8.295184726672197 -0.00495
    endloop
  endfacet
  facet normal -0.12241067519921875 0.9924795345987096 6.899163172176291e-18
    outer loop
      vertex -7.446730474455363 8.289176509964781 0.005050000000000001
      vertex -7.398017140329562 8.295184726672197 0.005050000000000001
      vertex -7.398017140329562 8.295184726672197 -0.00495
    endloop
  endfacet
  facet normal 0 0 -1
    outer loop
      vertex -7.446730474455363 8.289176509964781 -0.00495
      vertex -7.398017140329562 8.295184726672197 -0.00495
      vertex -7.300000000000001 8.3 -0.00495
    endloop
  endfacet
  facet normal -0.07356456359968419 0.9972904566786889 0
    outer loop
      vertex -7.398017140329562 8.295184726672197 -0.00495
      vertex -7.398017140329562 8.295184726672197 0.005050000000000001
      vertex -7.349067674327419 8.298795456205173 0.005050000000000001
    endloop
  endfacet
  facet normal -0.07356456359968419 0.9972904566786889 5.316206543072558e-18
    outer loop
      vertex -7.398017140329562 8.295184726672197 -0.00495
      vertex -7.349067674327419 8.298795456205173 0.005050000000000001
      vertex -7.349067674327419 8.298795456205173 -0.00495
    endloop
  endfacet
  facet normal 0 0 -1
    outer loop
      vertex -7.398017140329562 8.295184726672197 -0.00495
      vertex -7.349067674327419 8.298795456205173 -0.00495
      vertex -7.300000000000001 8.3 -0.00495
    endloop
  endfacet
  facet normal -0.024541228522907587 0.9996988186962044 0
    outer loop
      vertex -7.349067674327419 8.298795456205173 -0.00495
      vertex -7.349067674327419 8.298795456205173 0.005050000000000001
      vertex -7.300000000000001 8.3 -0.00495
    endloop
  endfacet
  facet normal -0.024541228522907587 0.9996988186962044 -1.1764332665181406e-18
    outer loop
      vertex -7.349067674327419 8.298795456205173 0.005050000000000001
      vertex -7.300000000000001 8.3 0.005050000000000001
      vertex -7.300000000000001 8.3 -0.00495
    endloop
  endfacet
  facet normal -0.9674956130081708 0.023750684195776205 0.2517700216669496
    outer loop
      vertex -8.3 7.300000000000001 0.005050000000000001
      vertex -5.890687293913006 3.4174847577461853 9.629753731064461
      vertex -8.298795456205173 7.349067674327419 0.005050000000000001
    endloop
  endfacet
  facet normal -0.9604612056723597 0.0708478748358041 0.269248678789047
    outer loop
      vertex -8.298795456205173 7.349067674327419 0.005050000000000001
      vertex -5.875677837741128 3.5360055173248566 9.652108739298212
      vertex -8.295184726672197 7.398017140329562 0.005050000000000001
    endloop
  endfacet
  facet normal -0.9511654826858322 0.11731507290862267 0.2855195233525586
    outer loop
      vertex -8.295184726672197 7.398017140329562 0.005050000000000001
      vertex -5.854455096013297 3.6543909030674304 9.674166597709487
      vertex -8.289176509964781 7.446730474455363 0.005050000000000001
    endloop
  endfacet
  facet normal -0.9397160782499554 0.16305620743254814 0.30057672148095155
    outer loop
      vertex -8.289176509964781 7.446730474455363 0.005050000000000001
      vertex -5.8270455889344 3.7723457427503413 9.695871158394656
      vertex -8.280785280403231 7.495090322016129 0.005050000000000001
    endloop
  endfacet
  facet normal -0.9262183392288568 0.20798928334109312 0.3144201744344613
    outer loop
      vertex -8.280785280403231 7.495090322016129 0.005050000000000001
      vertex -5.793469087947605 3.889539608430737 9.717256881681545
      vertex -8.270031253194544 7.542980179903265 0.005050000000000001
    endloop
  endfacet
  facet normal -0.9107737197683214 0.25204503292429115 0.327054326920724
    outer loop
      vertex -8.270031253194544 7.542980179903265 0.005050000000000001
      vertex -5.7536874815313395 4.005539176659095 9.738644541421857
      vertex -8.25694033573221 7.590284677254463 0.005050000000000001
    endloop
  endfacet
  facet normal -0.893478530770086 0.29516543718163185 0.3384870451676174
    outer loop
      vertex -8.25694033573221 7.590284677254463 0.005050000000000001
      vertex -5.707880101708963 4.120207664922872 9.759566275514475
      vertex -8.241544065183021 7.636889853392221 0.005050000000000001
    endloop
  endfacet
  facet normal -0.8744230179649986 0.33730217895636266 0.34872858461025796
    outer loop
      vertex -8.241544065183021 7.636889853392221 0.005050000000000001
      vertex -5.6561382676274 4.233250959604307 9.779967531431426
      vertex -8.223879532511287 7.68268343236509 0.005050000000000001
    endloop
  endfacet
  facet normal -0.8536907362335877 0.37841507766338844 0.35779065927713505
    outer loop
      vertex -8.223879532511287 7.68268343236509 0.005050000000000001
      vertex -5.598569721637977 4.344376962395511 9.799794710394913
      vertex -8.203989293123444 7.727555093430283 0.005050000000000001
    endloop
  endfacet
  facet normal -0.8313581852729585 0.41847054384830473 0.36568561868216426
    outer loop
      vertex -8.203989293123444 7.727555093430283 0.005050000000000001
      vertex -5.535298553300554 4.453296480190605 9.818995339249268
      vertex -8.181921264348356 7.771396736825999 0.005050000000000001
    endloop
  endfacet
  facet normal -0.8074946719061397 0.45744008137685616 0.37242573325849976
    outer loop
      vertex -8.181921264348356 7.771396736825999 0.005050000000000001
      vertex -5.466465061996164 4.559724127370909 9.837518242674145
      vertex -8.157728610000273 7.814102744193223 0.005050000000000001
    endloop
  endfacet
  facet normal -0.7821623665199153 0.4952988561156717 0.37802258600574773
    outer loop
      vertex -8.157728610000273 7.814102744193223 0.005050000000000001
      vertex -5.392225556451406 4.663379236383793 9.855313714877568
      vertex -8.131469612302546 7.855570233019603 0.005050000000000001
    endloop
  endfacet
  facet normal -0.7554165246303461 0.5320243426951955 0.38248656590154234
    outer loop
      vertex -8.131469612302546 7.855570233019603 0.005050000000000001
      vertex -5.312752089861291 4.763986772260625 9.872333689870494
      vertex -8.103207531480646 7.895699304492434 0.005050000000000001
    endloop
  endfacet
  facet normal -0.7273058488569466 0.5675950553590766 0.38582645755624817
    outer loop
      vertex -8.103207531480646 7.895699304492434 0.005050000000000001
      vertex -5.22823212971224 4.861278246494696 9.888531909394608
      vertex -8.073010453362738 7.934393284163646 0.005050000000000001
    endloop
  endfacet
  facet normal -0.6978729712000236 0.6019893649187763 0.38804912136627673
    outer loop
      vertex -8.073010453362738 7.934393284163646 0.005050000000000001
      vertex -5.151471138115079 4.941776111934451 9.901701794605998
      vertex -8.04095112535496 7.971558954847019 0.005050000000000001
    endloop
  endfacet
  facet normal -0.6671550401249879 0.6351844013194092 0.38915925885982666
    outer loop
      vertex -8.04095112535496 7.971558954847019 0.005050000000000001
      vertex -5.138717059999027 4.954835562889645 9.904379486026617
      vertex -8.007106781186549 8.007106781186549 0.005050000000000001
    endloop
  endfacet
  facet normal -0.6351844013194091 0.6671550401249878 0.3891592588598266
    outer loop
      vertex -8.007106781186549 8.007106781186549 0.005050000000000001
      vertex -5.043694545603835 5.043694545603835 9.92224597515322
      vertex -7.971558954847019 8.04095112535496 0.005050000000000001
    endloop
  endfacet
  facet normal -0.6019893649187764 0.6978729712000237 0.3880491213662767
    outer loop
      vertex -7.971558954847019 8.04095112535496 0.005050000000000001
      vertex -4.840788541627511 5.209264838364638 9.954429093490024
      vertex -7.934393284163646 8.073010453362738 0.005050000000000001
    endloop
  endfacet
  facet normal -0.5675950553590765 0.7273058488569466 0.3858264575562481
    outer loop
      vertex -7.934393284163646 8.073010453362738 0.005050000000000001
      vertex -4.840788541627511 5.209264838364638 9.954429093490024
      vertex -7.895699304492434 8.103207531480646 0.005050000000000001
    endloop
  endfacet
  facet normal -0.5320243426951955 0.755416524630346 0.3824865659015423
    outer loop
      vertex -7.895699304492434 8.103207531480646 0.005050000000000001
      vertex -4.622461030328637 5.357113323871713 9.981576560931504
      vertex -7.855570233019603 8.131469612302546 0.005050000000000001
    endloop
  endfacet
  facet normal -0.49529885611567165 0.7821623665199153 0.3780225860057479
    outer loop
      vertex -7.855570233019603 8.131469612302546 0.005050000000000001
      vertex -4.508031966876091 5.423717353865903 9.993695991579342
      vertex -7.814102744193223 8.157728610000273 0.005050000000000001
    endloop
  endfacet
  facet normal -0.4574400813768562 0.8074946719061397 0.37242573325849976
    outer loop
      vertex -7.814102744193223 8.157728610000273 0.005050000000000001
      vertex -4.508031966876091 5.423717353865903 9.993695991579342
      vertex -7.771396736825999 8.181921264348356 0.005050000000000001
    endloop
  endfacet
  facet normal -0.41847054384830473 0.8313581852729585 0.3656856186821642
    outer loop
      vertex -7.771396736825999 8.181921264348356 0.005050000000000001
      vertex -4.39029461446684 5.485046253560829 10.005335961491562
      vertex -7.727555093430283 8.203989293123444 0.005050000000000001
    endloop
  endfacet
  facet normal -0.37841507766338844 0.8536907362335875 0.35779065927713494
    outer loop
      vertex -7.727555093430283 8.203989293123444 0.005050000000000001
      vertex -4.14697676487474 5.591916163947709 10.02444923827209
      vertex -7.68268343236509 8.223879532511287 0.005050000000000001
    endloop
  endfacet
  facet normal -0.3373021789563626 0.8744230179649984 0.34872858461025785
    outer loop
      vertex -7.68268343236509 8.223879532511287 0.005050000000000001
      vertex -4.14697676487474 5.591916163947709 10.02444923827209
      vertex -7.636889853392221 8.241544065183021 0.005050000000000001
    endloop
  endfacet
  facet normal -0.29516543718163185 0.893478530770086 0.3384870451676174
    outer loop
      vertex -7.636889853392221 8.241544065183021 0.005050000000000001
      vertex -4.022038475207685 5.637152147070254 10.031866388948282
      vertex -7.590284677254463 8.25694033573221 0.005050000000000001
    endloop
  endfacet
  facet normal -0.25204503292429115 0.9107737197683217 0.32705432692072367
    outer loop
      vertex -7.590284677254463 8.25694033573221 0.005050000000000001
      vertex -3.767263499576061 5.710581634606314 10.042312358197746
      vertex -7.542980179903265 8.270031253194544 0.005050000000000001
    endloop
  endfacet
  facet normal -0.20798928334109315 0.9262183392288568 0.3144201744344613
    outer loop
      vertex -7.542980179903265 8.270031253194544 0.005050000000000001
      vertex -3.767263499576061 5.710581634606314 10.042312358197746
      vertex -7.495090322016129 8.280785280403231 0.005050000000000001
    endloop
  endfacet
  facet normal -0.16305620743254817 0.9397160782499555 0.3005767214809512
    outer loop
      vertex -7.495090322016129 8.280785280403231 0.005050000000000001
      vertex -3.5082352819238602 5.760621668423532 10.046811429651743
      vertex -7.446730474455363 8.289176509964781 0.005050000000000001
    endloop
  endfacet
  facet normal -0.11731507290862268 0.9511654826858322 0.2855195233525587
    outer loop
      vertex -7.446730474455363 8.289176509964781 0.005050000000000001
      vertex -3.3779940011756913 5.776685398263201 10.046811429651743
      vertex -7.398017140329562 8.295184726672197 0.005050000000000001
    endloop
  endfacet
  facet normal -0.0708478748358041 0.9604612056723598 0.2692486787890469
    outer loop
      vertex -7.398017140329562 8.295184726672197 0.005050000000000001
      vertex -3.3779940011756913 5.776685398263201 10.046811429651743
      vertex -7.349067674327419 8.298795456205173 0.005050000000000001
    endloop
  endfacet
  facet normal -0.023750684195776202 0.9674956130081708 0.2517700216669495
    outer loop
      vertex -7.349067674327419 8.298795456205173 0.005050000000000001
      vertex -3.1178073507509394 5.790684410450564 10.042312358197746
      vertex -7.300000000000001 8.3 0.005050000000000001
    endloop
  endfacet
  facet normal 0 1 0
    outer loop
      vertex -7.300000000000001 8.3 -0.00495
      vertex -7.300000000000001 8.3 0.005050000000000001
      vertex 7.300000000000001 8.3 0.005050000000000001
    endloop
  endfacet
  facet normal 1.7369791529466308e-15 0.9701425001453325 0.24253562503632994
    outer loop
      vertex -7.300000000000001 8.3 0.005050000000000001
      vertex -0.6367100030183792 7.459080321952396 3.368728712190421
      vertex -0.6367100030183792 7.509406463135496 3.1674241474580143
    endloop
  endfacet
  facet normal 0 0 -1
    outer loop
      vertex -7.300000000000001 8.3 -0.00495
      vertex 8.007106781186549 8.007106781186549 -0.00495
      vertex -6.5 6.5 -0.00495
    endloop
  endfacet
  facet normal 0 0.9701425001453319 0.2425356250363332
    outer loop
      vertex -7.300000000000001 8.3 0.005050000000000001
      vertex -0.6367100030183792 7.509406463135496 3.1674241474580143
      vertex 7.300000000000001 8.3 0.005050000000000001
    endloop
  endfacet
  facet normal -1.363794735710108e-16 0.9701425001453319 0.24253562503633333
    outer loop
      vertex -7.300000000000001 8.3 0.005050000000000001
      vertex -0.17153000086545944 7.045930586017557 5.021327655929771
      vertex -0.6367100030183792 7.459080321952396 3.368728712190421
    endloop
  endfacet
  facet normal 0 0.9701425001453318 0.24253562503633325
    outer loop
      vertex -0.6367100030183792 7.459080321952396 3.368728712190421
      vertex -0.17153000086545944 7.045930586017557 5.021327655929771
      vertex -0.17153000086545944 7.459080321952396 3.368728712190421
    endloop
  endfacet
  facet normal -0.9701425001453318 4.77745838687277e-16 0.24253562503633355
    outer loop
      vertex -8.3 7.300000000000001 0.005050000000000001
      vertex -6.220017443429895 -3.8333624057164903 8.324980226280424
      vertex -6.16097998361294 -2.1656934064369695 8.561130065548241
    endloop
  endfacet
  facet normal -0.970142500145332 -3.237305525414756e-16 0.24253562503633275
    outer loop
      vertex -8.3 7.300000000000001 0.005050000000000001
      vertex -6.16097998361294 -2.1656934064369695 8.561130065548241
      vertex -6.102311851780045 -0.9257054893416388 8.795802592879822
    endloop
  endfacet
  facet normal -0.9701425001453319 -2.3322253648745438e-17 0.242535625036333
    outer loop
      vertex -8.3 7.300000000000001 0.005050000000000001
      vertex -6.102311851780045 -0.9257054893416388 8.795802592879822
      vertex -5.8994729983127066 3.29912166385451 9.607158006749176
    endloop
  endfacet
  facet normal -0.9674956130081698 0.023750684195784567 0.2517700216669527
    outer loop
      vertex -8.3 7.300000000000001 0.005050000000000001
      vertex -5.8994729983127066 3.29912166385451 9.607158006749176
      vertex -5.890687293913006 3.4174847577461853 9.629753731064461
    endloop
  endfacet
  facet normal -0.9604612056723614 0.07084787483579474 0.269248678789044
    outer loop
      vertex -8.298795456205173 7.349067674327419 0.005050000000000001
      vertex -5.890687293913006 3.4174847577461853 9.629753731064461
      vertex -5.875677837741128 3.5360055173248566 9.652108739298212
    endloop
  endfacet
  facet normal -0.951165482685835 0.1173150729086094 0.28551952335255476
    outer loop
      vertex -8.295184726672197 7.398017140329562 0.005050000000000001
      vertex -5.875677837741128 3.5360055173248566 9.652108739298212
      vertex -5.854455096013297 3.6543909030674304 9.674166597709487
    endloop
  endfacet
  facet normal -0.9397160782499496 0.1630562074325698 0.30057672148095793
    outer loop
      vertex -8.289176509964781 7.446730474455363 0.005050000000000001
      vertex -5.854455096013297 3.6543909030674304 9.674166597709487
      vertex -5.8270455889344 3.7723457427503413 9.695871158394656
    endloop
  endfacet
  facet normal -0.926218339228862 0.20798928334107586 0.3144201744344572
    outer loop
      vertex -8.280785280403231 7.495090322016129 0.005050000000000001
      vertex -5.8270455889344 3.7723457427503413 9.695871158394656
      vertex -5.799503277367974 3.8685718610253055 9.713351565651477
    endloop
  endfacet
  facet normal -0.9262183392288715 0.2079892833410462 0.3144201744344485
    outer loop
      vertex -8.280785280403231 7.495090322016129 0.005050000000000001
      vertex -5.799503277367974 3.8685718610253055 9.713351565651477
      vertex -5.793469087947605 3.889539608430737 9.717256881681545
    endloop
  endfacet
  facet normal -0.9107737197683112 0.2520450329243189 0.3270543269207315
    outer loop
      vertex -8.270031253194544 7.542980179903265 0.005050000000000001
      vertex -5.793469087947605 3.889539608430737 9.717256881681545
      vertex -5.7536874815313395 4.005539176659095 9.738644541421857
    endloop
  endfacet
  facet normal -0.8934785307700959 0.2951654371816083 0.33848704516761136
    outer loop
      vertex -8.25694033573221 7.590284677254463 0.005050000000000001
      vertex -5.7536874815313395 4.005539176659095 9.738644541421857
      vertex -5.707880101708963 4.120207664922872 9.759566275514475
    endloop
  endfacet
  facet normal -0.8744230179649956 0.3373021789563679 0.34872858461026013
    outer loop
      vertex -8.241544065183021 7.636889853392221 0.005050000000000001
      vertex -5.707880101708963 4.120207664922872 9.759566275514475
      vertex -5.6561382676274 4.233250959604307 9.779967531431426
    endloop
  endfacet
  facet normal -0.8536907362335876 0.3784150776633882 0.35779065927713516
    outer loop
      vertex -8.223879532511287 7.68268343236509 0.005050000000000001
      vertex -5.6561382676274 4.233250959604307 9.779967531431426
      vertex -5.598569721637977 4.344376962395511 9.799794710394913
    endloop
  endfacet
  facet normal -0.8313581852729555 0.41847054384830923 0.3656856186821659
    outer loop
      vertex -8.203989293123444 7.727555093430283 0.005050000000000001
      vertex -5.598569721637977 4.344376962395511 9.799794710394913
      vertex -5.535298553300554 4.453296480190605 9.818995339249268
    endloop
  endfacet
  facet normal -0.8074946719061359 0.45744008137686215 0.37242573325850076
    outer loop
      vertex -8.181921264348356 7.771396736825999 0.005050000000000001
      vertex -5.535298553300554 4.453296480190605 9.818995339249268
      vertex -5.466465061996164 4.559724127370909 9.837518242674145
    endloop
  endfacet
  facet normal -0.782162366519923 0.4952988561156608 0.37802258600574584
    outer loop
      vertex -8.157728610000273 7.814102744193223 0.005050000000000001
      vertex -5.466465061996164 4.559724127370909 9.837518242674145
      vertex -5.392225556451406 4.663379236383793 9.855313714877568
    endloop
  endfacet
  facet normal -0.7554165246303433 0.5320243426951992 0.3824865659015426
    outer loop
      vertex -8.131469612302546 7.855570233019603 0.005050000000000001
      vertex -5.392225556451406 4.663379236383793 9.855313714877568
      vertex -5.312752089861291 4.763986772260625 9.872333689870494
    endloop
  endfacet
  facet normal -0.7273058488569466 0.567595055359077 0.3858264575562474
    outer loop
      vertex -8.103207531480646 7.895699304492434 0.005050000000000001
      vertex -5.312752089861291 4.763986772260625 9.872333689870494
      vertex -5.22823212971224 4.861278246494696 9.888531909394608
    endloop
  endfacet
  facet normal -0.6978729712000165 0.6019893649187845 0.38804912136627706
    outer loop
      vertex -8.073010453362738 7.934393284163646 0.005050000000000001
      vertex -5.22823212971224 4.861278246494696 9.888531909394608
      vertex -5.151471138115079 4.941776111934451 9.901701794605998
    endloop
  endfacet
  facet normal -0.6978729712000166 0.6019893649187875 0.38804912136627195
    outer loop
      vertex -8.04095112535496 7.971558954847019 0.005050000000000001
      vertex -5.151471138115079 4.941776111934451 9.901701794605998
      vertex -5.138717059999027 4.954835562889645 9.904379486026617
    endloop
  endfacet
  facet normal -0.6671550401249859 0.6351844013194116 0.3891592588598263
    outer loop
      vertex -8.007106781186549 8.007106781186549 0.005050000000000001
      vertex -5.138717059999027 4.954835562889645 9.904379486026617
      vertex -5.043694545603835 5.043694545603835 9.92224597515322
    endloop
  endfacet
  facet normal -0.6351844013194127 0.6671550401249847 0.38915925885982616
    outer loop
      vertex -7.971558954847019 8.04095112535496 0.005050000000000001
      vertex -5.043694545603835 5.043694545603835 9.92224597515322
      vertex -4.944302025478306 5.128583286652291 9.938945120305927
    endloop
  endfacet
  facet normal -0.6019893649187841 0.6978729712000171 0.3880491213662765
    outer loop
      vertex -7.971558954847019 8.04095112535496 0.005050000000000001
      vertex -4.944302025478306 5.128583286652291 9.938945120305927
      vertex -4.840788541627511 5.209264838364638 9.954429093490024
    endloop
  endfacet
  facet normal -0.5675950553590786 0.7273058488569446 0.38582645755624856
    outer loop
      vertex -7.895699304492434 8.103207531480646 0.005050000000000001
      vertex -4.840788541627511 5.209264838364638 9.954429093490024
      vertex -4.733416522332278 5.285513025168649 9.968653299479836
    endloop
  endfacet
  facet normal -0.5320243426951944 0.7554165246303466 0.3824865659015426
    outer loop
      vertex -7.895699304492434 8.103207531480646 0.005050000000000001
      vertex -4.733416522332278 5.285513025168649 9.968653299479836
      vertex -4.622461030328637 5.357113323871713 9.981576560931504
    endloop
  endfacet
  facet normal -0.49529885611565455 0.7821623665199278 0.3780225860057443
    outer loop
      vertex -7.855570233019603 8.131469612302546 0.005050000000000001
      vertex -4.622461030328637 5.357113323871713 9.981576560931504
      vertex -4.5518209000409575 5.398383955599332 9.9887392037146
    endloop
  endfacet
  facet normal -0.49529885611567676 0.7821623665199102 0.37802258600575156
    outer loop
      vertex -7.855570233019603 8.131469612302546 0.005050000000000001
      vertex -4.5518209000409575 5.398383955599332 9.9887392037146
      vertex -4.508031966876091 5.423717353865903 9.993695991579342
    endloop
  endfacet
  facet normal -0.45744008137686376 0.8074946719061348 0.37242573325850065
    outer loop
      vertex -7.771396736825999 8.181921264348356 0.005050000000000001
      vertex -4.508031966876091 5.423717353865903 9.993695991579342
      vertex -4.39029461446684 5.485046253560829 10.005335961491562
    endloop
  endfacet
  facet normal -0.41847054384830523 0.8313581852729585 0.36568561868216387
    outer loop
      vertex -7.727555093430283 8.203989293123444 0.005050000000000001
      vertex -4.39029461446684 5.485046253560829 10.005335961491562
      vertex -4.269837209513098 5.541165906795355 10.01559707786761
    endloop
  endfacet
  facet normal -0.37841507766339083 0.8536907362335864 0.35779065927713544
    outer loop
      vertex -7.727555093430283 8.203989293123444 0.005050000000000001
      vertex -4.269837209513098 5.541165906795355 10.01559707786761
      vertex -4.14697676487474 5.591916163947709 10.02444923827209
    endloop
  endfacet
  facet normal -0.33730217895636216 0.8744230179649989 0.34872858461025763
    outer loop
      vertex -7.636889853392221 8.241544065183021 0.005050000000000001
      vertex -4.14697676487474 5.591916163947709 10.02444923827209
      vertex -4.022038475207685 5.637152147070254 10.031866388948282
    endloop
  endfacet
  facet normal -0.29516543718161115 0.8934785307700948 0.3384870451676122
    outer loop
      vertex -7.590284677254463 8.25694033573221 0.005050000000000001
      vertex -4.022038475207685 5.637152147070254 10.031866388948282
      vertex -3.8953546323656476 5.676744843638193 10.03782663920415
    endloop
  endfacet
  facet normal -0.2520450329243133 0.9107737197683133 0.3270543269207299
    outer loop
      vertex -7.590284677254463 8.25694033573221 0.005050000000000001
      vertex -3.8953546323656476 5.676744843638193 10.03782663920415
      vertex -3.767263499576061 5.710581634606314 10.042312358197746
    endloop
  endfacet
  facet normal -0.2079892833410835 0.9262183392288599 0.3144201744344583
    outer loop
      vertex -7.495090322016129 8.280785280403231 0.005050000000000001
      vertex -3.767263499576061 5.710581634606314 10.042312358197746
      vertex -3.6381081507839665 5.738566752827934 10.045310253336881
    endloop
  endfacet
  facet normal -0.16305620743256308 0.9397160782499514 0.30057672148095593
    outer loop
      vertex -7.495090322016129 8.280785280403231 0.005050000000000001
      vertex -3.6381081507839665 5.738566752827934 10.045310253336881
      vertex -3.5082352819238602 5.760621668423532 10.046811429651743
    endloop
  endfacet
  facet normal -0.11731507290861926 0.9511654826858333 0.285519523352557
    outer loop
      vertex -7.446730474455363 8.289176509964781 0.005050000000000001
      vertex -3.5082352819238602 5.760621668423532 10.046811429651743
      vertex -3.3779940011756913 5.776685398263201 10.046811429651743
    endloop
  endfacet
  facet normal -0.0708478748357839 0.9604612056723634 0.26924867878903935
    outer loop
      vertex -7.349067674327419 8.298795456205173 0.005050000000000001
      vertex -3.3779940011756913 5.776685398263201 10.046811429651743
      vertex -3.2477346054825937 5.78671473733985 10.04531025333688
    endloop
  endfacet
  facet normal -0.02375068419578724 0.9674956130081698 0.25177002166695306
    outer loop
      vertex -7.349067674327419 8.298795456205173 0.005050000000000001
      vertex -3.2477346054825937 5.78671473733985 10.04531025333688
      vertex -3.1178073507509394 5.790684410450564 10.042312358197746
    endloop
  endfacet
  facet normal 6.638178683166273e-15 0.9701425001453327 0.24253562503633008
    outer loop
      vertex -7.300000000000001 8.3 0.005050000000000001
      vertex -3.1178073507509394 5.790684410450564 10.042312358197746
      vertex -3.0609744055451364 5.791094691609512 10.040671233561952
    endloop
  endfacet
  facet normal -1.0354112885536273e-18 0.970142500145332 0.24253562503633302
    outer loop
      vertex -7.300000000000001 8.3 0.005050000000000001
      vertex -1.527120273913825 5.797747295114429 10.014060819542284
      vertex -0.17153000086545944 7.045930586017557 5.021327655929771
    endloop
  endfacet
  facet normal -7.279333169693364e-17 0.9701425001453319 0.24253562503633305
    outer loop
      vertex -7.300000000000001 8.3 0.005050000000000001
      vertex -3.0609744055451364 5.791094691609512 10.040671233561952
      vertex -1.527120273913825 5.797747295114429 10.014060819542284
    endloop
  endfacet
  facet normal 3.876554286535139e-17 0.9701425001453319 0.24253562503633302
    outer loop
      vertex 0 5.799956554952549 10.005223780189805
      vertex 0.053609997034072876 7.045930586017557 5.021327655929771
      vertex -0.17153000086545944 7.045930586017557 5.021327655929771
    endloop
  endfacet
  facet normal 2.5140881168875814e-17 0.9701425001453319 0.242535625036333
    outer loop
      vertex -0.17153000086545944 7.045930586017557 5.021327655929771
      vertex -1.527120273913825 5.797747295114429 10.014060819542284
      vertex 0 5.799956554952549 10.005223780189805
    endloop
  endfacet
  facet normal 0 -1 0
    outer loop
      vertex -7.300000000000001 -8.3 -0.00495
      vertex 7.300000000000001 -8.3 -0.00495
      vertex 7.300000000000001 -8.3 0.005050000000000001
    endloop
  endfacet
  facet normal 0 0 -1
    outer loop
      vertex -7.300000000000001 -8.3 -0.00495
      vertex 7.349067674327419 -8.298795456205173 -0.00495
      vertex 7.300000000000001 -8.3 -0.00495
    endloop
  endfacet
  facet normal 0 0 -1
    outer loop
      vertex -8.007106781186549 -8.007106781186549 -0.00495
      vertex 6.5 -6.5 -0.00495
      vertex 8.3 -7.300000000000001 -0.00495
    endloop
  endfacet
  facet normal 0 0 -1
    outer loop
      vertex -7.300000000000001 -8.3 -0.00495
      vertex 8.3 -7.300000000000001 -0.00495
      vertex 7.349067674327419 -8.298795456205173 -0.00495
    endloop
  endfacet
  facet normal 0.024541228522907587 -0.9996988186962044 0
    outer loop
      vertex 7.300000000000001 -8.3 -0.00495
      vertex 7.349067674327419 -8.298795456205173 -0.00495
      vertex 7.300000000000001 -8.3 0.005050000000000001
    endloop
  endfacet
  facet normal 0.024541228522907587 -0.9996988186962044 -1.1764332665181406e-18
    outer loop
      vertex 7.300000000000001 -8.3 0.005050000000000001
      vertex 7.349067674327419 -8.298795456205173 -0.00495
      vertex 7.349067674327419 -8.298795456205173 0.005050000000000001
    endloop
  endfacet
  facet normal 0.07356456359968419 -0.9972904566786889 0
    outer loop
      vertex 7.349067674327419 -8.298795456205173 -0.00495
      vertex 7.398017140329562 -8.295184726672197 -0.00495
      vertex 7.349067674327419 -8.298795456205173 0.005050000000000001
    endloop
  endfacet
  facet normal 0.07356456359968419 -0.9972904566786889 5.316206543072558e-18
    outer loop
      vertex 7.349067674327419 -8.298795456205173 0.005050000000000001
      vertex 7.398017140329562 -8.295184726672197 -0.00495
      vertex 7.398017140329562 -8.295184726672197 0.005050000000000001
    endloop
  endfacet
  facet normal 0.12241067519921875 -0.9924795345987096 0
    outer loop
      vertex 7.398017140329562 -8.295184726672197 -0.00495
      vertex 7.446730474455363 -8.289176509964781 -0.00495
      vertex 7.398017140329562 -8.295184726672197 0.005050000000000001
    endloop
  endfacet
  facet normal 0 0 -1
    outer loop
      vertex 7.349067674327419 -8.298795456205173 -0.00495
      vertex 7.542980179903265 -8.270031253194544 -0.00495
      vertex 7.398017140329562 -8.295184726672197 -0.00495
    endloop
  endfacet
  facet normal 0.12241067519921875 -0.9924795345987096 6.899163172176291e-18
    outer loop
      vertex 7.398017140329562 -8.295184726672197 0.005050000000000001
      vertex 7.446730474455363 -8.289176509964781 -0.00495
      vertex 7.446730474455363 -8.289176509964781 0.005050000000000001
    endloop
  endfacet
  facet normal 0 0 -1
    outer loop
      vertex 7.398017140329562 -8.295184726672197 -0.00495
      vertex 7.542980179903265 -8.270031253194544 -0.00495
      vertex 7.446730474455363 -8.289176509964781 -0.00495
    endloop
  endfacet
  facet normal 0.17096188876028862 -0.9852776423889434 0
    outer loop
      vertex 7.446730474455363 -8.289176509964781 -0.00495
      vertex 7.495090322016129 -8.280785280403231 0.005050000000000001
      vertex 7.446730474455363 -8.289176509964781 0.005050000000000001
    endloop
  endfacet
  facet normal 0.17096188876028862 -0.9852776423889434 1.471406909311094e-17
    outer loop
      vertex 7.446730474455363 -8.289176509964781 -0.00495
      vertex 7.495090322016129 -8.280785280403231 -0.00495
      vertex 7.495090322016129 -8.280785280403231 0.005050000000000001
    endloop
  endfacet
  facet normal 0 0 -1
    outer loop
      vertex 7.446730474455363 -8.289176509964781 -0.00495
      vertex 7.542980179903265 -8.270031253194544 -0.00495
      vertex 7.495090322016129 -8.280785280403231 -0.00495
    endloop
  endfacet
  facet normal 0.21910124015688293 -0.9757021300385256 0
    outer loop
      vertex 7.495090322016129 -8.280785280403231 -0.00495
      vertex 7.542980179903265 -8.270031253194544 -0.00495
      vertex 7.495090322016129 -8.280785280403231 0.005050000000000001
    endloop
  endfacet
  facet normal 0.21910124015688293 -0.9757021300385256 9.260387099027372e-17
    outer loop
      vertex 7.495090322016129 -8.280785280403231 0.005050000000000001
      vertex 7.542980179903265 -8.270031253194544 -0.00495
      vertex 7.542980179903265 -8.270031253194544 0.005050000000000001
    endloop
  endfacet
  facet normal 0 0 -1
    outer loop
      vertex 7.349067674327419 -8.298795456205173 -0.00495
      vertex 7.727555093430283 -8.203989293123444 -0.00495
      vertex 7.542980179903265 -8.270031253194544 -0.00495
    endloop
  endfacet
  facet normal 0.2667127574748739 -0.9637760657954466 0
    outer loop
      vertex 7.542980179903265 -8.270031253194544 -0.00495
      vertex 7.590284677254463 -8.25694033573221 0.005050000000000001
      vertex 7.542980179903265 -8.270031253194544 0.005050000000000001
    endloop
  endfacet
  facet normal 0.2667127574748739 -0.9637760657954466 7.934497710735335e-17
    outer loop
      vertex 7.542980179903265 -8.270031253194544 -0.00495
      vertex 7.590284677254463 -8.25694033573221 -0.00495
      vertex 7.590284677254463 -8.25694033573221 0.005050000000000001
    endloop
  endfacet
  facet normal 0 0 -1
    outer loop
      vertex 7.542980179903265 -8.270031253194544 -0.00495
      vertex 7.636889853392221 -8.241544065183021 -0.00495
      vertex 7.590284677254463 -8.25694033573221 -0.00495
    endloop
  endfacet
  facet normal 0.3136817403989097 -0.9495281805930307 0
    outer loop
      vertex 7.590284677254463 -8.25694033573221 -0.00495
      vertex 7.636889853392221 -8.241544065183021 -0.00495
      vertex 7.590284677254463 -8.25694033573221 0.005050000000000001
    endloop
  endfacet
  facet normal 0.3136817403989097 -0.9495281805930307 -7.424109525557104e-17
    outer loop
      vertex 7.590284677254463 -8.25694033573221 0.005050000000000001
      vertex 7.636889853392221 -8.241544065183021 -0.00495
      vertex 7.636889853392221 -8.241544065183021 0.005050000000000001
    endloop
  endfacet
  facet normal 0 0 -1
    outer loop
      vertex 7.542980179903265 -8.270031253194544 -0.00495
      vertex 7.727555093430283 -8.203989293123444 -0.00495
      vertex 7.636889853392221 -8.241544065183021 -0.00495
    endloop
  endfacet
  facet normal 0.35989503653499316 -0.932992798834737 0
    outer loop
      vertex 7.636889853392221 -8.241544065183021 -0.00495
      vertex 7.68268343236509 -8.223879532511287 0.005050000000000001
      vertex 7.636889853392221 -8.241544065183021 0.005050000000000001
    endloop
  endfacet
  facet normal 0.35989503653499316 -0.932992798834737 -3.5145105410712124e-17
    outer loop
      vertex 7.636889853392221 -8.241544065183021 -0.00495
      vertex 7.68268343236509 -8.223879532511287 -0.00495
      vertex 7.68268343236509 -8.223879532511287 0.005050000000000001
    endloop
  endfacet
  facet normal 0 0 -1
    outer loop
      vertex 7.636889853392221 -8.241544065183021 -0.00495
      vertex 7.727555093430283 -8.203989293123444 -0.00495
      vertex 7.68268343236509 -8.223879532511287 -0.00495
    endloop
  endfacet
  facet normal 0.4052413140049827 -0.914209755703534 0
    outer loop
      vertex 7.68268343236509 -8.223879532511287 -0.00495
      vertex 7.727555093430283 -8.203989293123444 -0.00495
      vertex 7.68268343236509 -8.223879532511287 0.005050000000000001
    endloop
  endfacet
  facet normal 0.4052413140049827 -0.914209755703534 -1.0375808606099149e-16
    outer loop
      vertex 7.68268343236509 -8.223879532511287 0.005050000000000001
      vertex 7.727555093430283 -8.203989293123444 -0.00495
      vertex 7.727555093430283 -8.203989293123444 0.005050000000000001
    endloop
  endfacet
  facet normal 0.4496113296546005 -0.8932243011955183 0
    outer loop
      vertex 7.727555093430283 -8.203989293123444 -0.00495
      vertex 7.771396736825999 -8.181921264348356 0.005050000000000001
      vertex 7.727555093430283 -8.203989293123444 0.005050000000000001
    endloop
  endfacet
  facet normal 0.4496113296546005 -0.8932243011955183 -6.462560192373798e-17
    outer loop
      vertex 7.727555093430283 -8.203989293123444 -0.00495
      vertex 7.771396736825999 -8.181921264348356 -0.00495
      vertex 7.771396736825999 -8.181921264348356 0.005050000000000001
    endloop
  endfacet
  facet normal 0 0 -1
    outer loop
      vertex 7.727555093430283 -8.203989293123444 -0.00495
      vertex 7.814102744193223 -8.157728610000273 -0.00495
      vertex 7.771396736825999 -8.181921264348356 -0.00495
    endloop
  endfacet
  facet normal 0 0 -1
    outer loop
      vertex 7.349067674327419 -8.298795456205173 -0.00495
      vertex 8.007106781186549 -8.007106781186549 -0.00495
      vertex 7.727555093430283 -8.203989293123444 -0.00495
    endloop
  endfacet
  facet normal 0.49289819222977843 -0.8700869911087146 0
    outer loop
      vertex 7.771396736825999 -8.181921264348356 -0.00495
      vertex 7.814102744193223 -8.157728610000273 -0.00495
      vertex 7.771396736825999 -8.181921264348356 0.005050000000000001
    endloop
  endfacet
  facet normal 0 0 -1
    outer loop
      vertex 7.727555093430283 -8.203989293123444 -0.00495
      vertex 7.855570233019603 -8.131469612302546 -0.00495
      vertex 7.814102744193223 -8.157728610000273 -0.00495
    endloop
  endfacet
  facet normal 0.49289819222977843 -0.8700869911087146 -1.0638569812861197e-16
    outer loop
      vertex 7.771396736825999 -8.181921264348356 0.005050000000000001
      vertex 7.814102744193223 -8.157728610000273 -0.00495
      vertex 7.814102744193223 -8.157728610000273 0.005050000000000001
    endloop
  endfacet
  facet normal 0.5349976198871089 -0.8448535652496996 0
    outer loop
      vertex 7.814102744193223 -8.157728610000273 -0.00495
      vertex 7.855570233019603 -8.131469612302546 -0.00495
      vertex 7.814102744193223 -8.157728610000273 0.005050000000000001
    endloop
  endfacet
  facet normal 0.5349976198871089 -0.8448535652496996 4.369913759878488e-17
    outer loop
      vertex 7.814102744193223 -8.157728610000273 0.005050000000000001
      vertex 7.855570233019603 -8.131469612302546 -0.00495
      vertex 7.855570233019603 -8.131469612302546 0.005050000000000001
    endloop
  endfacet
  facet normal 0.575808191417838 -0.8175848131515888 0
    outer loop
      vertex 7.855570233019603 -8.131469612302546 -0.00495
      vertex 7.895699304492434 -8.103207531480646 0.005050000000000001
      vertex 7.855570233019603 -8.131469612302546 0.005050000000000001
    endloop
  endfacet
  facet normal 0 0 -1
    outer loop
      vertex 7.727555093430283 -8.203989293123444 -0.00495
      vertex 8.007106781186549 -8.007106781186549 -0.00495
      vertex 7.855570233019603 -8.131469612302546 -0.00495
    endloop
  endfacet
  facet normal 0.575808191417838 -0.8175848131515888 -7.808484056361628e-18
    outer loop
      vertex 7.855570233019603 -8.131469612302546 -0.00495
      vertex 7.895699304492434 -8.103207531480646 -0.00495
      vertex 7.895699304492434 -8.103207531480646 0.005050000000000001
    endloop
  endfacet
  facet normal 0.6152315905806282 -0.7883464276266051 0
    outer loop
      vertex 7.895699304492434 -8.103207531480646 -0.00495
      vertex 7.934393284163646 -8.073010453362738 -0.00495
      vertex 7.895699304492434 -8.103207531480646 0.005050000000000001
    endloop
  endfacet
  facet normal 0 0 -1
    outer loop
      vertex 7.855570233019603 -8.131469612302546 -0.00495
      vertex 7.934393284163646 -8.073010453362738 -0.00495
      vertex 7.895699304492434 -8.103207531480646 -0.00495
    endloop
  endfacet
  facet normal 0.6152315905806282 -0.7883464276266051 -1.2258921321545644e-16
    outer loop
      vertex 7.895699304492434 -8.103207531480646 0.005050000000000001
      vertex 7.934393284163646 -8.073010453362738 -0.00495
      vertex 7.934393284163646 -8.073010453362738 0.005050000000000001
    endloop
  endfacet
  facet normal 0 0 -1
    outer loop
      vertex 7.855570233019603 -8.131469612302546 -0.00495
      vertex 8.007106781186549 -8.007106781186549 -0.00495
      vertex 7.934393284163646 -8.073010453362738 -0.00495
    endloop
  endfacet
  facet normal 0.6531728429537761 -0.7572088465064851 0
    outer loop
      vertex 7.934393284163646 -8.073010453362738 -0.00495
      vertex 7.971558954847019 -8.04095112535496 0.005050000000000001
      vertex 7.934393284163646 -8.073010453362738 0.005050000000000001
    endloop
  endfacet
  facet normal 0.6531728429537761 -0.7572088465064851 -5.195272149007608e-17
    outer loop
      vertex 7.934393284163646 -8.073010453362738 -0.00495
      vertex 7.971558954847019 -8.04095112535496 -0.00495
      vertex 7.971558954847019 -8.04095112535496 0.005050000000000001
    endloop
  endfacet
  facet normal 0 0 -1
    outer loop
      vertex 7.349067674327419 -8.298795456205173 -0.00495
      vertex 8.3 -7.300000000000001 -0.00495
      vertex 8.007106781186549 -8.007106781186549 -0.00495
    endloop
  endfacet
  facet normal 0 0 -1
    outer loop
      vertex 7.934393284163646 -8.073010453362738 -0.00495
      vertex 8.007106781186549 -8.007106781186549 -0.00495
      vertex 7.971558954847019 -8.04095112535496 -0.00495
    endloop
  endfacet
  facet normal 0.6895405447370607 -0.7242470829514729 0
    outer loop
      vertex 7.971558954847019 -8.04095112535496 -0.00495
      vertex 8.007106781186549 -8.007106781186549 -0.00495
      vertex 7.971558954847019 -8.04095112535496 0.005050000000000001
    endloop
  endfacet
  facet normal 0.6895405447370607 -0.7242470829514729 -1.8613048138239457e-16
    outer loop
      vertex 7.971558954847019 -8.04095112535496 0.005050000000000001
      vertex 8.007106781186549 -8.007106781186549 -0.00495
      vertex 8.007106781186549 -8.007106781186549 0.005050000000000001
    endloop
  endfacet
  facet normal 0.7242470829514729 -0.6895405447370607 0
    outer loop
      vertex 8.007106781186549 -8.007106781186549 -0.00495
      vertex 8.04095112535496 -7.971558954847019 0.005050000000000001
      vertex 8.007106781186549 -8.007106781186549 0.005050000000000001
    endloop
  endfacet
  facet normal 0.7242470829514729 -0.6895405447370607 -1.8613048138239457e-16
    outer loop
      vertex 8.007106781186549 -8.007106781186549 -0.00495
      vertex 8.04095112535496 -7.971558954847019 -0.00495
      vertex 8.04095112535496 -7.971558954847019 0.005050000000000001
    endloop
  endfacet
  facet normal 0 0 -1
    outer loop
      vertex 8.007106781186549 -8.007106781186549 -0.00495
      vertex 8.073010453362738 -7.934393284163646 -0.00495
      vertex 8.04095112535496 -7.971558954847019 -0.00495
    endloop
  endfacet
  facet normal 0.7572088465064851 -0.6531728429537761 0
    outer loop
      vertex 8.04095112535496 -7.971558954847019 -0.00495
      vertex 8.073010453362738 -7.934393284163646 -0.00495
      vertex 8.04095112535496 -7.971558954847019 0.005050000000000001
    endloop
  endfacet
  facet normal 0.7572088465064851 -0.6531728429537761 -5.195272149007608e-17
    outer loop
      vertex 8.04095112535496 -7.971558954847019 0.005050000000000001
      vertex 8.073010453362738 -7.934393284163646 -0.00495
      vertex 8.073010453362738 -7.934393284163646 0.005050000000000001
    endloop
  endfacet
  facet normal 0.7883464276266051 -0.6152315905806282 0
    outer loop
      vertex 8.073010453362738 -7.934393284163646 -0.00495
      vertex 8.103207531480646 -7.895699304492434 0.005050000000000001
      vertex 8.073010453362738 -7.934393284163646 0.005050000000000001
    endloop
  endfacet
  facet normal 0.7883464276266051 -0.6152315905806282 -1.2258921321545644e-16
    outer loop
      vertex 8.073010453362738 -7.934393284163646 -0.00495
      vertex 8.103207531480646 -7.895699304492434 -0.00495
      vertex 8.103207531480646 -7.895699304492434 0.005050000000000001
    endloop
  endfacet
  facet normal 0 0 -1
    outer loop
      vertex 8.073010453362738 -7.934393284163646 -0.00495
      vertex 8.131469612302546 -7.855570233019603 -0.00495
      vertex 8.103207531480646 -7.895699304492434 -0.00495
    endloop
  endfacet
  facet normal 0 0 -1
    outer loop
      vertex 8.007106781186549 -8.007106781186549 -0.00495
      vertex 8.223879532511287 -7.68268343236509 -0.00495
      vertex 8.073010453362738 -7.934393284163646 -0.00495
    endloop
  endfacet
  facet normal 0.8175848131515888 -0.575808191417838 0
    outer loop
      vertex 8.103207531480646 -7.895699304492434 -0.00495
      vertex 8.131469612302546 -7.855570233019603 -0.00495
      vertex 8.103207531480646 -7.895699304492434 0.005050000000000001
    endloop
  endfacet
  facet normal 0 0 -1
    outer loop
      vertex 8.073010453362738 -7.934393284163646 -0.00495
      vertex 8.157728610000273 -7.814102744193223 -0.00495
      vertex 8.131469612302546 -7.855570233019603 -0.00495
    endloop
  endfacet
  facet normal 0.8175848131515888 -0.575808191417838 -7.808484056361628e-18
    outer loop
      vertex 8.103207531480646 -7.895699304492434 0.005050000000000001
      vertex 8.131469612302546 -7.855570233019603 -0.00495
      vertex 8.131469612302546 -7.855570233019603 0.005050000000000001
    endloop
  endfacet
  facet normal 0.8448535652496996 -0.5349976198871089 0
    outer loop
      vertex 8.131469612302546 -7.855570233019603 -0.00495
      vertex 8.157728610000273 -7.814102744193223 0.005050000000000001
      vertex 8.131469612302546 -7.855570233019603 0.005050000000000001
    endloop
  endfacet
  facet normal 0.8448535652496996 -0.5349976198871089 4.369913759878488e-17
    outer loop
      vertex 8.131469612302546 -7.855570233019603 -0.00495
      vertex 8.157728610000273 -7.814102744193223 -0.00495
      vertex 8.157728610000273 -7.814102744193223 0.005050000000000001
    endloop
  endfacet
  facet normal 0 0 -1
    outer loop
      vertex 8.073010453362738 -7.934393284163646 -0.00495
      vertex 8.223879532511287 -7.68268343236509 -0.00495
      vertex 8.157728610000273 -7.814102744193223 -0.00495
    endloop
  endfacet
  facet normal 0.8700869911087146 -0.49289819222977843 0
    outer loop
      vertex 8.157728610000273 -7.814102744193223 -0.00495
      vertex 8.181921264348356 -7.771396736825999 0.005050000000000001
      vertex 8.157728610000273 -7.814102744193223 0.005050000000000001
    endloop
  endfacet
  facet normal 0.8700869911087146 -0.49289819222977843 -1.0638569812861197e-16
    outer loop
      vertex 8.157728610000273 -7.814102744193223 -0.00495
      vertex 8.181921264348356 -7.771396736825999 -0.00495
      vertex 8.181921264348356 -7.771396736825999 0.005050000000000001
    endloop
  endfacet
  facet normal 0 0 -1
    outer loop
      vertex 8.157728610000273 -7.814102744193223 -0.00495
      vertex 8.223879532511287 -7.68268343236509 -0.00495
      vertex 8.181921264348356 -7.771396736825999 -0.00495
    endloop
  endfacet
  facet normal 0.8932243011955183 -0.4496113296546005 0
    outer loop
      vertex 8.181921264348356 -7.771396736825999 -0.00495
      vertex 8.203989293123444 -7.727555093430283 0.005050000000000001
      vertex 8.181921264348356 -7.771396736825999 0.005050000000000001
    endloop
  endfacet
  facet normal 0.8932243011955183 -0.4496113296546005 -6.462560192373798e-17
    outer loop
      vertex 8.181921264348356 -7.771396736825999 -0.00495
      vertex 8.203989293123444 -7.727555093430283 -0.00495
      vertex 8.203989293123444 -7.727555093430283 0.005050000000000001
    endloop
  endfacet
  facet normal 0 0 -1
    outer loop
      vertex 8.181921264348356 -7.771396736825999 -0.00495
      vertex 8.223879532511287 -7.68268343236509 -0.00495
      vertex 8.203989293123444 -7.727555093430283 -0.00495
    endloop
  endfacet
  facet normal 0 0 -1
    outer loop
      vertex 8.007106781186549 -8.007106781186549 -0.00495
      vertex 8.3 -7.300000000000001 -0.00495
      vertex 8.223879532511287 -7.68268343236509 -0.00495
    endloop
  endfacet
  facet normal 0.914209755703534 -0.4052413140049827 0
    outer loop
      vertex 8.203989293123444 -7.727555093430283 -0.00495
      vertex 8.223879532511287 -7.68268343236509 -0.00495
      vertex 8.203989293123444 -7.727555093430283 0.005050000000000001
    endloop
  endfacet
  facet normal 0.914209755703534 -0.4052413140049827 -1.0375808606099149e-16
    outer loop
      vertex 8.203989293123444 -7.727555093430283 0.005050000000000001
      vertex 8.223879532511287 -7.68268343236509 -0.00495
      vertex 8.223879532511287 -7.68268343236509 0.005050000000000001
    endloop
  endfacet
  facet normal 0.932992798834737 -0.35989503653499316 0
    outer loop
      vertex 8.223879532511287 -7.68268343236509 -0.00495
      vertex 8.241544065183021 -7.636889853392221 0.005050000000000001
      vertex 8.223879532511287 -7.68268343236509 0.005050000000000001
    endloop
  endfacet
  facet normal 0.932992798834737 -0.35989503653499316 -3.5145105410712124e-17
    outer loop
      vertex 8.223879532511287 -7.68268343236509 -0.00495
      vertex 8.241544065183021 -7.636889853392221 -0.00495
      vertex 8.241544065183021 -7.636889853392221 0.005050000000000001
    endloop
  endfacet
  facet normal 0.9495281805930307 -0.3136817403989097 0
    outer loop
      vertex 8.241544065183021 -7.636889853392221 -0.00495
      vertex 8.25694033573221 -7.590284677254463 0.005050000000000001
      vertex 8.241544065183021 -7.636889853392221 0.005050000000000001
    endloop
  endfacet
  facet normal 0 0 -1
    outer loop
      vertex 8.223879532511287 -7.68268343236509 -0.00495
      vertex 8.280785280403231 -7.495090322016129 -0.00495
      vertex 8.241544065183021 -7.636889853392221 -0.00495
    endloop
  endfacet
  facet normal 0.9495281805930307 -0.3136817403989097 -7.424109525557104e-17
    outer loop
      vertex 8.241544065183021 -7.636889853392221 -0.00495
      vertex 8.25694033573221 -7.590284677254463 -0.00495
      vertex 8.25694033573221 -7.590284677254463 0.005050000000000001
    endloop
  endfacet
  facet normal 0 0 -1
    outer loop
      vertex 8.241544065183021 -7.636889853392221 -0.00495
      vertex 8.280785280403231 -7.495090322016129 -0.00495
      vertex 8.25694033573221 -7.590284677254463 -0.00495
    endloop
  endfacet
  facet normal 0.9637760657954466 -0.2667127574748739 0
    outer loop
      vertex 8.25694033573221 -7.590284677254463 -0.00495
      vertex 8.270031253194544 -7.542980179903265 0.005050000000000001
      vertex 8.25694033573221 -7.590284677254463 0.005050000000000001
    endloop
  endfacet
  facet normal 0.9637760657954466 -0.2667127574748739 7.934497710735335e-17
    outer loop
      vertex 8.25694033573221 -7.590284677254463 -0.00495
      vertex 8.270031253194544 -7.542980179903265 -0.00495
      vertex 8.270031253194544 -7.542980179903265 0.005050000000000001
    endloop
  endfacet
  facet normal 0 0 -1
    outer loop
      vertex 8.25694033573221 -7.590284677254463 -0.00495
      vertex 8.280785280403231 -7.495090322016129 -0.00495
      vertex 8.270031253194544 -7.542980179903265 -0.00495
    endloop
  endfacet
  facet normal 0.9757021300385256 -0.21910124015688293 0
    outer loop
      vertex 8.270031253194544 -7.542980179903265 -0.00495
      vertex 8.280785280403231 -7.495090322016129 -0.00495
      vertex 8.270031253194544 -7.542980179903265 0.005050000000000001
    endloop
  endfacet
  facet normal 0.9757021300385256 -0.21910124015688293 9.260387099027372e-17
    outer loop
      vertex 8.270031253194544 -7.542980179903265 0.005050000000000001
      vertex 8.280785280403231 -7.495090322016129 -0.00495
      vertex 8.280785280403231 -7.495090322016129 0.005050000000000001
    endloop
  endfacet
  facet normal 0 0 -1
    outer loop
      vertex 8.223879532511287 -7.68268343236509 -0.00495
      vertex 8.3 -7.300000000000001 -0.00495
      vertex 8.280785280403231 -7.495090322016129 -0.00495
    endloop
  endfacet
  facet normal 0.9852776423889434 -0.17096188876028862 0
    outer loop
      vertex 8.280785280403231 -7.495090322016129 -0.00495
      vertex 8.289176509964781 -7.446730474455363 0.005050000000000001
      vertex 8.280785280403231 -7.495090322016129 0.005050000000000001
    endloop
  endfacet
  facet normal 0.9852776423889434 -0.17096188876028862 1.471406909311094e-17
    outer loop
      vertex 8.280785280403231 -7.495090322016129 -0.00495
      vertex 8.289176509964781 -7.446730474455363 -0.00495
      vertex 8.289176509964781 -7.446730474455363 0.005050000000000001
    endloop
  endfacet
  facet normal 0 0 -1
    outer loop
      vertex 8.280785280403231 -7.495090322016129 -0.00495
      vertex 8.295184726672197 -7.398017140329562 -0.00495
      vertex 8.289176509964781 -7.446730474455363 -0.00495
    endloop
  endfacet
  facet normal 0.9924795345987096 -0.12241067519921875 0
    outer loop
      vertex 8.289176509964781 -7.446730474455363 -0.00495
      vertex 8.295184726672197 -7.398017140329562 -0.00495
      vertex 8.289176509964781 -7.446730474455363 0.005050000000000001
    endloop
  endfacet
  facet normal 0.9924795345987096 -0.12241067519921875 6.899163172176291e-18
    outer loop
      vertex 8.289176509964781 -7.446730474455363 0.005050000000000001
      vertex 8.295184726672197 -7.398017140329562 -0.00495
      vertex 8.295184726672197 -7.398017140329562 0.005050000000000001
    endloop
  endfacet
  facet normal 0 0 -1
    outer loop
      vertex 8.280785280403231 -7.495090322016129 -0.00495
      vertex 8.3 -7.300000000000001 -0.00495
      vertex 8.295184726672197 -7.398017140329562 -0.00495
    endloop
  endfacet
  facet normal 0.9972904566786889 -0.07356456359968419 0
    outer loop
      vertex 8.295184726672197 -7.398017140329562 -0.00495
      vertex 8.298795456205173 -7.349067674327419 0.005050000000000001
      vertex 8.295184726672197 -7.398017140329562 0.005050000000000001
    endloop
  endfacet
  facet normal 0.9972904566786889 -0.07356456359968419 5.316206543072558e-18
    outer loop
      vertex 8.295184726672197 -7.398017140329562 -0.00495
      vertex 8.298795456205173 -7.349067674327419 -0.00495
      vertex 8.298795456205173 -7.349067674327419 0.005050000000000001
    endloop
  endfacet
  facet normal 0 0 -1
    outer loop
      vertex 8.295184726672197 -7.398017140329562 -0.00495
      vertex 8.3 -7.300000000000001 -0.00495
      vertex 8.298795456205173 -7.349067674327419 -0.00495
    endloop
  endfacet
  facet normal 0.9996988186962044 -0.024541228522907587 0
    outer loop
      vertex 8.298795456205173 -7.349067674327419 -0.00495
      vertex 8.3 -7.300000000000001 -0.00495
      vertex 8.298795456205173 -7.349067674327419 0.005050000000000001
    endloop
  endfacet
  facet normal 0.9996988186962044 -0.024541228522907587 -1.1764332665181406e-18
    outer loop
      vertex 8.298795456205173 -7.349067674327419 0.005050000000000001
      vertex 8.3 -7.300000000000001 -0.00495
      vertex 8.3 -7.300000000000001 0.005050000000000001
    endloop
  endfacet
  facet normal 0.023750684195776205 -0.9674956130081708 0.2517700216669495
    outer loop
      vertex 7.300000000000001 -8.3 0.005050000000000001
      vertex 7.349067674327419 -8.298795456205173 0.005050000000000001
      vertex 4.016295791910333 -6.3297774751462 7.885940099415201
    endloop
  endfacet
  facet normal 0.07084787483580408 -0.9604612056723597 0.26924867878904685
    outer loop
      vertex 7.349067674327419 -8.298795456205173 0.005050000000000001
      vertex 7.398017140329562 -8.295184726672197 0.005050000000000001
      vertex 4.239373936891892 -6.316330249676381 7.895139283662198
    endloop
  endfacet
  facet normal 0.11731507290862267 -0.9511654826858322 0.2855195233525586
    outer loop
      vertex 7.398017140329562 -8.295184726672197 0.005050000000000001
      vertex 7.446730474455363 -8.289176509964781 0.005050000000000001
      vertex 4.349864194987728 -6.300956176624591 7.900957151776584
    endloop
  endfacet
  facet normal 0.16305620743254817 -0.9397160782499555 0.3005767214809512
    outer loop
      vertex 7.446730474455363 -8.289176509964781 0.005050000000000001
      vertex 7.495090322016129 -8.280785280403231 0.005050000000000001
      vertex 4.349864194987728 -6.300956176624591 7.900957151776584
    endloop
  endfacet
  facet normal 0.20798928334109315 -0.9262183392288568 0.3144201744344613
    outer loop
      vertex 7.495090322016129 -8.280785280403231 0.005050000000000001
      vertex 7.542980179903265 -8.270031253194544 0.005050000000000001
      vertex 4.567506029272803 -6.25304300308826 7.91496941888113
    endloop
  endfacet
  facet normal 0.25204503292429115 -0.9107737197683217 0.3270543269207237
    outer loop
      vertex 7.542980179903265 -8.270031253194544 0.005050000000000001
      vertex 7.590284677254463 -8.25694033573221 0.005050000000000001
      vertex 4.567506029272803 -6.25304300308826 7.91496941888113
    endloop
  endfacet
  facet normal 0.29516543718163185 -0.8934785307700859 0.3384870451676176
    outer loop
      vertex 7.590284677254463 -8.25694033573221 0.005050000000000001
      vertex 7.636889853392221 -8.241544065183021 0.005050000000000001
      vertex 4.779060548176484 -6.1825638286047475 7.932050785505328
    endloop
  endfacet
  facet normal 0.33730217895636266 -0.8744230179649986 0.34872858461025785
    outer loop
      vertex 7.636889853392221 -8.241544065183021 0.005050000000000001
      vertex 7.68268343236509 -8.223879532511287 0.005050000000000001
      vertex 4.786305259281932 -6.17949830751083 7.932730125758058
    endloop
  endfacet
  facet normal 0.3784150776633884 -0.8536907362335875 0.35779065927713494
    outer loop
      vertex 7.68268343236509 -8.223879532511287 0.005050000000000001
      vertex 7.727555093430283 -8.203989293123444 0.005050000000000001
      vertex 4.982163914453841 -6.089735880489504 7.9533177786226155
    endloop
  endfacet
  facet normal 0.41847054384830484 -0.8313581852729586 0.3656856186821642
    outer loop
      vertex 7.727555093430283 -8.203989293123444 0.005050000000000001
      vertex 7.771396736825999 -8.181921264348356 0.005050000000000001
      vertex 4.982163914453841 -6.089735880489504 7.9533177786226155
    endloop
  endfacet
  facet normal 0.45744008137685616 -0.8074946719061395 0.37242573325849976
    outer loop
      vertex 7.771396736825999 -8.181921264348356 0.005050000000000001
      vertex 7.814102744193223 -8.157728610000273 0.005050000000000001
      vertex 5.08013958879161 -6.035288631710509 7.964981437230108
    endloop
  endfacet
  facet normal 0.49529885611567165 -0.7821623665199153 0.3780225860057476
    outer loop
      vertex 7.814102744193223 -8.157728610000273 0.005050000000000001
      vertex 7.855570233019603 -8.131469612302546 0.005050000000000001
      vertex 5.267810369581001 -5.910892638254066 7.990197853781101
    endloop
  endfacet
  facet normal 0.5320243426951955 -0.7554165246303461 0.3824865659015423
    outer loop
      vertex 7.855570233019603 -8.131469612302546 0.005050000000000001
      vertex 7.895699304492434 -8.103207531480646 0.005050000000000001
      vertex 5.357061334859097 -5.8412003824347885 8.003696355448701
    endloop
  endfacet
  facet normal 0.5675950553590765 -0.7273058488569466 0.38582645755624806
    outer loop
      vertex 7.895699304492434 -8.103207531480646 0.005050000000000001
      vertex 7.934393284163646 -8.073010453362738 0.005050000000000001
      vertex 5.442968858280041 -5.766702321421414 8.017749798092318
    endloop
  endfacet
  facet normal 0.6019893649187763 -0.6978729712000236 0.3880491213662766
    outer loop
      vertex 7.934393284163646 -8.073010453362738 0.005050000000000001
      vertex 7.971558954847019 -8.04095112535496 0.005050000000000001
      vertex 5.442968858280041 -5.766702321421414 8.017749798092318
    endloop
  endfacet
  facet normal 0.6351844013194092 -0.6671550401249879 0.3891592588598266
    outer loop
      vertex 7.971558954847019 -8.04095112535496 0.005050000000000001
      vertex 8.007106781186549 -8.007106781186549 0.005050000000000001
      vertex 5.52532501513719 -5.6875555536617775 8.032327487107029
    endloop
  endfacet
  facet normal 0.6671550401249879 -0.6351844013194092 0.3891592588598267
    outer loop
      vertex 8.007106781186549 -8.007106781186549 0.005050000000000001
      vertex 8.04095112535496 -7.971558954847019 0.005050000000000001
      vertex 5.603928435143531 -5.603928435143531 8.047397377386329
    endloop
  endfacet
  facet normal 0.6978729712000237 -0.6019893649187764 0.38804912136627673
    outer loop
      vertex 8.04095112535496 -7.971558954847019 0.005050000000000001
      vertex 8.073010453362738 -7.934393284163646 0.005050000000000001
      vertex 5.67858480478212 -5.5160003819824475 8.062926121433666
    endloop
  endfacet
  facet normal 0.7273058488569466 -0.5675950553590765 0.3858264575562481
    outer loop
      vertex 8.073010453362738 -7.934393284163646 0.005050000000000001
      vertex 8.103207531480646 -7.895699304492434 0.005050000000000001
      vertex 5.749107371016037 -5.423961645581507 8.078879121450312
    endloop
  endfacet
  facet normal 0.7554165246303461 -0.5320243426951955 0.3824865659015425
    outer loop
      vertex 8.103207531480646 -7.895699304492434 0.005050000000000001
      vertex 8.131469612302546 -7.855570233019603 0.005050000000000001
      vertex 5.8153174450507015 -5.328013059022921 8.095220585539156
    endloop
  endfacet
  facet normal 0.7821623665199152 -0.4952988561156716 0.37802258600574773
    outer loop
      vertex 8.131469612302546 -7.855570233019603 0.005050000000000001
      vertex 8.157728610000273 -7.814102744193223 0.005050000000000001
      vertex 5.877044904678297 -5.228365753411697 8.111913588149514
    endloop
  endfacet
  facet normal 0.8074946719061395 -0.4574400813768561 0.3724257332584998
    outer loop
      vertex 8.157728610000273 -7.814102744193223 0.005050000000000001
      vertex 8.181921264348356 -7.771396736825999 0.005050000000000001
      vertex 5.934128693571699 -5.125240842964816 8.128920134870734
    endloop
  endfacet
  facet normal 0.8313581852729585 -0.4184705438483048 0.36568561868216437
    outer loop
      vertex 8.181921264348356 -7.771396736825999 0.005050000000000001
      vertex 8.203989293123444 -7.727555093430283 0.005050000000000001
      vertex 5.98641731573546 -5.018869077735382 8.146201231662548
    endloop
  endfacet
  facet normal 0.8536907362335876 -0.37841507766338844 0.357790659277135
    outer loop
      vertex 8.203989293123444 -7.727555093430283 0.005050000000000001
      vertex 8.223879532511287 -7.68268343236509 0.005050000000000001
      vertex 6.0337693231658625 -4.90949046297643 8.163716958587402
    endloop
  endfacet
  facet normal 0.8744230179649986 -0.3373021789563626 0.3487285846102579
    outer loop
      vertex 8.223879532511287 -7.68268343236509 0.005050000000000001
      vertex 8.241544065183021 -7.636889853392221 0.005050000000000001
      vertex 6.0760537946227995 -4.797353844284896 8.181426548084646
    endloop
  endfacet
  facet normal 0.893478530770086 -0.29516543718163185 0.33848704516761746
    outer loop
      vertex 8.241544065183021 -7.636889853392221 0.005050000000000001
      vertex 8.25694033573221 -7.590284677254463 0.005050000000000001
      vertex 6.113150803275292 -4.6827164578223845 8.199288467798636
    endloop
  endfacet
  facet normal 0.9107737197683216 -0.25204503292429115 0.3270543269207241
    outer loop
      vertex 8.25694033573221 -7.590284677254463 0.005050000000000001
      vertex 8.270031253194544 -7.542980179903265 0.005050000000000001
      vertex 6.144951870851889 -4.5658434450857825 8.21726050794233
    endloop
  endfacet
  facet normal 0.9262183392288567 -0.2079892833410931 0.31442017443446124
    outer loop
      vertex 8.270031253194544 -7.542980179903265 0.005050000000000001
      vertex 8.280785280403231 -7.495090322016129 0.005050000000000001
      vertex 6.171360405809237 -4.447007331897007 8.235299873145278
    endloop
  endfacet
  facet normal 0.9397160782499555 -0.16305620743254814 0.30057672148095144
    outer loop
      vertex 8.280785280403231 -7.495090322016129 0.005050000000000001
      vertex 8.289176509964781 -7.446730474455363 0.005050000000000001
      vertex 6.1922921229288015 -4.326487471496367 8.253363278700027
    endloop
  endfacet
  facet normal 0.9511654826858323 -0.1173150729086227 0.28551952335255865
    outer loop
      vertex 8.289176509964781 -7.446730474455363 0.005050000000000001
      vertex 8.295184726672197 -7.398017140329562 0.005050000000000001
      vertex 6.207675441665421 -4.204569451857474 8.271407051084129
    endloop
  endfacet
  facet normal 0.9604612056723597 -0.0708478748358041 0.26924867878904696
    outer loop
      vertex 8.295184726672197 -7.398017140329562 0.005050000000000001
      vertex 8.298795456205173 -7.349067674327419 0.005050000000000001
      vertex 6.217451860503941 -4.081544467591784 8.289387232596592
    endloop
  endfacet
  facet normal 0.9674956130081708 -0.0237506841957762 0.2517700216669496
    outer loop
      vertex 8.298795456205173 -7.349067674327419 0.005050000000000001
      vertex 8.3 -7.300000000000001 0.005050000000000001
      vertex 6.221576304534026 -3.9577086570762674 8.307259689907692
    endloop
  endfacet
  facet normal 0 0 -1
    outer loop
      vertex 6.5 -6.5 -0.00495
      vertex 6.5 6.5 -0.00495
      vertex 8.3 -7.300000000000001 -0.00495
    endloop
  endfacet
  facet normal 1 0 0
    outer loop
      vertex 8.3 -7.300000000000001 -0.00495
      vertex 8.3 7.300000000000001 0.005050000000000001
      vertex 8.3 -7.300000000000001 0.005050000000000001
    endloop
  endfacet
  facet normal 0.9701425001453319 0 0.24253562503633297
    outer loop
      vertex 8.3 -7.300000000000001 0.005050000000000001
      vertex 8.3 7.300000000000001 0.005050000000000001
      vertex 6.220017443429895 -3.8333624057164903 8.324980226280424
    endloop
  endfacet
  facet normal -7.340780779341258e-17 -0.9701425001453319 0.24253562503633294
    outer loop
      vertex 7.300000000000001 -8.3 0.005050000000000001
      vertex -0.9305719727227548 -6.345272336521505 7.8239606539139785
      vertex -1.8659076349534047 -6.342621854777808 7.834562580888768
    endloop
  endfacet
  facet normal -2.4481692451891516e-16 -0.9701425001453319 0.24253562503633277
    outer loop
      vertex 7.300000000000001 -8.3 0.005050000000000001
      vertex 0 -6.346152118821244 7.820441524715023
      vertex -0.9305719727227548 -6.345272336521505 7.8239606539139785
    endloop
  endfacet
  facet normal -1.2629451930382069e-17 -0.970142500145332 0.2425356250363328
    outer loop
      vertex 7.300000000000001 -8.3 0.005050000000000001
      vertex 0.9305719727227548 -6.345272336521505 7.823960653913979
      vertex 0 -6.346152118821244 7.820441524715023
    endloop
  endfacet
  facet normal 1.5571330634594333e-16 -0.9701425001453319 0.24253562503633322
    outer loop
      vertex 7.300000000000001 -8.3 0.005050000000000001
      vertex 1.8659076349534047 -6.342621854777808 7.834562580888768
      vertex 0.9305719727227548 -6.345272336521505 7.823960653913979
    endloop
  endfacet
  facet normal 1.994272742017992e-16 -0.9701425001453318 0.24253562503633333
    outer loop
      vertex 7.300000000000001 -8.3 0.005050000000000001
      vertex 2.8108680352168043 -6.338166922683572 7.8523823092657095
      vertex 1.8659076349534047 -6.342621854777808 7.834562580888768
    endloop
  endfacet
  facet normal -4.851550966869289e-16 -0.9701425001453319 0.24253562503633283
    outer loop
      vertex 7.300000000000001 -8.3 0.005050000000000001
      vertex 3.7705131940554097 -6.331850113943667 7.877649544225332
      vertex 2.8108680352168043 -6.338166922683572 7.8523823092657095
    endloop
  endfacet
  facet normal 1.0023335769657311e-15 -0.9701425001453317 0.24253562503633339
    outer loop
      vertex 7.300000000000001 -8.3 0.005050000000000001
      vertex 4.016295791910333 -6.3297774751462 7.885940099415201
      vertex 3.7705131940554097 -6.331850113943667 7.877649544225332
    endloop
  endfacet
  facet normal 0.023750684195779907 -0.9674956130081706 0.25177002166695006
    outer loop
      vertex 7.349067674327419 -8.298795456205173 0.005050000000000001
      vertex 4.128101364215799 -6.3259424281956305 7.8901301624505695
      vertex 4.016295791910333 -6.3297774751462 7.885940099415201
    endloop
  endfacet
  facet normal 0.07084787483578399 -0.960461205672363 0.2692486787890402
    outer loop
      vertex 7.349067674327419 -8.298795456205173 0.005050000000000001
      vertex 4.239373936891892 -6.316330249676381 7.895139283662198
      vertex 4.128101364215799 -6.3259424281956305 7.8901301624505695
    endloop
  endfacet
  facet normal 0.11731507290862184 -0.9511654826858327 0.28551952335255776
    outer loop
      vertex 7.398017140329562 -8.295184726672197 0.005050000000000001
      vertex 4.349864194987728 -6.300956176624591 7.900957151776584
      vertex 4.239373936891892 -6.316330249676381 7.895139283662198
    endloop
  endfacet
  facet normal 0.16305620743256216 -0.9397160782499517 0.3005767214809553
    outer loop
      vertex 7.495090322016129 -8.280785280403231 0.005050000000000001
      vertex 4.459323841040673 -6.279847383699813 7.90757176032565
      vertex 4.349864194987728 -6.300956176624591 7.900957151776584
    endloop
  endfacet
  facet normal 0.20798928334108122 -0.9262183392288605 0.31442017443445797
    outer loop
      vertex 7.495090322016129 -8.280785280403231 0.005050000000000001
      vertex 4.567506029272803 -6.25304300308826 7.91496941888113
      vertex 4.459323841040673 -6.279847383699813 7.90757176032565
    endloop
  endfacet
  facet normal 0.2520450329243159 -0.9107737197683123 0.32705432692073055
    outer loop
      vertex 7.590284677254463 -8.25694033573221 0.005050000000000001
      vertex 4.674165804804091 -6.220594132232395 7.923134766214515
      vertex 4.567506029272803 -6.25304300308826 7.91496941888113
    endloop
  endfacet
  facet normal 0.2951654371816207 -0.8934785307700905 0.33848704516761513
    outer loop
      vertex 7.590284677254463 -8.25694033573221 0.005050000000000001
      vertex 4.779060548176484 -6.1825638286047475 7.932050785505328
      vertex 4.674165804804091 -6.220594132232395 7.923134766214515
    endloop
  endfacet
  facet normal 0.33730217895618375 -0.8744230179650843 0.3487285846102157
    outer loop
      vertex 7.636889853392221 -8.241544065183021 0.005050000000000001
      vertex 4.786305259281932 -6.17949830751083 7.932730125758058
      vertex 4.779060548176484 -6.1825638286047475 7.932050785505328
    endloop
  endfacet
  facet normal 0.33730217895636533 -0.8744230179649972 0.3487285846102583
    outer loop
      vertex 7.68268343236509 -8.223879532511287 0.005050000000000001
      vertex 4.881732101524964 -6.138864571376721 7.942317502616819
      vertex 4.786305259281932 -6.17949830751083 7.932730125758058
    endloop
  endfacet
  facet normal 0.3784150776633914 -0.8536907362335857 0.3577906592771363
    outer loop
      vertex 7.68268343236509 -8.223879532511287 0.005050000000000001
      vertex 4.982163914453841 -6.089735880489504 7.9533177786226155
      vertex 4.881732101524964 -6.138864571376721 7.942317502616819
    endloop
  endfacet
  facet normal 0.418470543848313 -0.8313581852729534 0.3656856186821665
    outer loop
      vertex 7.771396736825999 -8.181921264348356 0.005050000000000001
      vertex 5.08013958879161 -6.035288631710509 7.964981437230108
      vertex 4.982163914453841 -6.089735880489504 7.9533177786226155
    endloop
  endfacet
  facet normal 0.45744008137686193 -0.8074946719061358 0.372425733258501
    outer loop
      vertex 7.814102744193223 -8.157728610000273 0.005050000000000001
      vertex 5.175429941726045 -5.975633419329503 7.977283592906213
      vertex 5.08013958879161 -6.035288631710509 7.964981437230108
    endloop
  endfacet
  facet normal 0.4952988561156514 -0.7821623665199292 0.37802258600574556
    outer loop
      vertex 7.814102744193223 -8.157728610000273 0.005050000000000001
      vertex 5.267810369581001 -5.910892638254066 7.990197853781101
      vertex 5.175429941726045 -5.975633419329503 7.977283592906213
    endloop
  endfacet
  facet normal 0.5320243426951984 -0.7554165246303439 0.3824865659015429
    outer loop
      vertex 7.855570233019603 -8.131469612302546 0.005050000000000001
      vertex 5.357061334859097 -5.8412003824347885 8.003696355448701
      vertex 5.267810369581001 -5.910892638254066 7.990197853781101
    endloop
  endfacet
  facet normal 0.567595055359078 -0.7273058488569449 0.38582645755624906
    outer loop
      vertex 7.895699304492434 -8.103207531480646 0.005050000000000001
      vertex 5.442968858280041 -5.766702321421414 8.017749798092318
      vertex 5.357061334859097 -5.8412003824347885 8.003696355448701
    endloop
  endfacet
  facet normal 0.6019893649187804 -0.6978729712000193 0.38804912136627795
    outer loop
      vertex 7.971558954847019 -8.04095112535496 0.005050000000000001
      vertex 5.52532501513719 -5.6875555536617775 8.032327487107029
      vertex 5.442968858280041 -5.766702321421414 8.017749798092318
    endloop
  endfacet
  facet normal 0.6351844013194171 -0.6671550401249804 0.38915925885982666
    outer loop
      vertex 8.007106781186549 -8.007106781186549 0.005050000000000001
      vertex 5.603928435143531 -5.603928435143531 8.047397377386329
      vertex 5.52532501513719 -5.6875555536617775 8.032327487107029
    endloop
  endfacet
  facet normal 0.6671550401249841 -0.6351844013194128 0.389159258859827
    outer loop
      vertex 8.04095112535496 -7.971558954847019 0.005050000000000001
      vertex 5.67858480478212 -5.5160003819824475 8.062926121433666
      vertex 5.603928435143531 -5.603928435143531 8.047397377386329
    endloop
  endfacet
  facet normal 0.6978729712000197 -0.6019893649187812 0.38804912136627673
    outer loop
      vertex 8.073010453362738 -7.934393284163646 0.005050000000000001
      vertex 5.749107371016037 -5.423961645581507 8.078879121450312
      vertex 5.67858480478212 -5.5160003819824475 8.062926121433666
    endloop
  endfacet
  facet normal 0.727305848856952 -0.5675950553590698 0.38582645755624745
    outer loop
      vertex 8.103207531480646 -7.895699304492434 0.005050000000000001
      vertex 5.8153174450507015 -5.328013059022921 8.095220585539156
      vertex 5.749107371016037 -5.423961645581507 8.078879121450312
    endloop
  endfacet
  facet normal 0.7554165246303415 -0.532024342695202 0.3824865659015424
    outer loop
      vertex 8.131469612302546 -7.855570233019603 0.005050000000000001
      vertex 5.877044904678297 -5.228365753411697 8.111913588149514
      vertex 5.8153174450507015 -5.328013059022921 8.095220585539156
    endloop
  endfacet
  facet normal 0.7821623665199242 -0.49529885611565905 0.37802258600574595
    outer loop
      vertex 8.157728610000273 -7.814102744193223 0.005050000000000001
      vertex 5.934128693571699 -5.125240842964816 8.128920134870734
      vertex 5.877044904678297 -5.228365753411697 8.111913588149514
    endloop
  endfacet
  facet normal 0.8074946719061341 -0.45744008137686487 0.37242573325850103
    outer loop
      vertex 8.181921264348356 -7.771396736825999 0.005050000000000001
      vertex 5.98641731573546 -5.018869077735382 8.146201231662548
      vertex 5.934128693571699 -5.125240842964816 8.128920134870734
    endloop
  endfacet
  facet normal 0.8313581852729538 -0.4184705438483124 0.36568561868216604
    outer loop
      vertex 8.203989293123444 -7.727555093430283 0.005050000000000001
      vertex 6.0337693231658625 -4.90949046297643 8.163716958587402
      vertex 5.98641731573546 -5.018869077735382 8.146201231662548
    endloop
  endfacet
  facet normal 0.8536907362335858 -0.37841507766339144 0.35779065927713555
    outer loop
      vertex 8.223879532511287 -7.68268343236509 0.005050000000000001
      vertex 6.0760537946227995 -4.797353844284896 8.181426548084646
      vertex 6.0337693231658625 -4.90949046297643 8.163716958587402
    endloop
  endfacet
  facet normal 0.8744230179649993 -0.3373021789563615 0.34872858461025696
    outer loop
      vertex 8.241544065183021 -7.636889853392221 0.005050000000000001
      vertex 6.113150803275292 -4.6827164578223845 8.199288467798636
      vertex 6.0760537946227995 -4.797353844284896 8.181426548084646
    endloop
  endfacet
  facet normal 0.8934785307700948 -0.2951654371816104 0.33848704516761247
    outer loop
      vertex 8.25694033573221 -7.590284677254463 0.005050000000000001
      vertex 6.144951870851889 -4.5658434450857825 8.21726050794233
      vertex 6.113150803275292 -4.6827164578223845 8.199288467798636
    endloop
  endfacet
  facet normal 0.9107737197683127 -0.2520450329243154 0.3270543269207302
    outer loop
      vertex 8.270031253194544 -7.542980179903265 0.005050000000000001
      vertex 6.171360405809237 -4.447007331897007 8.235299873145278
      vertex 6.144951870851889 -4.5658434450857825 8.21726050794233
    endloop
  endfacet
  facet normal 0.9262183392288617 -0.20798928334107644 0.31442017443445774
    outer loop
      vertex 8.280785280403231 -7.495090322016129 0.005050000000000001
      vertex 6.1922921229288015 -4.326487471496367 8.253363278700027
      vertex 6.171360405809237 -4.447007331897007 8.235299873145278
    endloop
  endfacet
  facet normal 0.9397160782499508 -0.1630562074325644 0.30057672148095727
    outer loop
      vertex 8.289176509964781 -7.446730474455363 0.005050000000000001
      vertex 6.207675441665421 -4.204569451857474 8.271407051084129
      vertex 6.1922921229288015 -4.326487471496367 8.253363278700027
    endloop
  endfacet
  facet normal 0.9511654826858339 -0.11731507290861366 0.2855195233525565
    outer loop
      vertex 8.295184726672197 -7.398017140329562 0.005050000000000001
      vertex 6.217451860503941 -4.081544467591784 8.289387232596592
      vertex 6.207675441665421 -4.204569451857474 8.271407051084129
    endloop
  endfacet
  facet normal 0.9604612056723629 -0.07084787483578643 0.26924867878903996
    outer loop
      vertex 8.298795456205173 -7.349067674327419 0.005050000000000001
      vertex 6.221576304534026 -3.9577086570762674 8.307259689907692
      vertex 6.217451860503941 -4.081544467591784 8.289387232596592
    endloop
  endfacet
  facet normal 0.9674956130081688 -0.02375068419579209 0.2517700216669558
    outer loop
      vertex 8.3 -7.300000000000001 0.005050000000000001
      vertex 6.220017443429895 -3.8333624057164903 8.324980226280424
      vertex 6.221576304534026 -3.9577086570762674 8.307259689907692
    endloop
  endfacet
  facet normal 0 0 -1
    outer loop
      vertex -6.5 6.5 -0.00495
      vertex 8.007106781186549 8.007106781186549 -0.00495
      vertex 6.5 6.5 -0.00495
    endloop
  endfacet
  facet normal 0 1 0
    outer loop
      vertex -7.300000000000001 8.3 -0.00495
      vertex 7.300000000000001 8.3 0.005050000000000001
      vertex 7.300000000000001 8.3 -0.00495
    endloop
  endfacet
  facet normal 0 0 -1
    outer loop
      vertex -7.300000000000001 8.3 -0.00495
      vertex 7.300000000000001 8.3 -0.00495
      vertex 8.007106781186549 8.007106781186549 -0.00495
    endloop
  endfacet
  facet normal -7.341177865282325e-16 0.9701425001453322 0.2425356250363317
    outer loop
      vertex 7.300000000000001 8.3 0.005050000000000001
      vertex -0.6367100030183792 7.509406463135496 3.1674241474580143
      vertex 0.5608500018715858 7.509406463135497 3.1674241474580143
    endloop
  endfacet
  facet normal 3.966045917852626e-16 0.9701425001453317 0.24253562503633358
    outer loop
      vertex 7.300000000000001 8.3 0.005050000000000001
      vertex 0.5608500018715858 7.509406463135497 3.1674241474580143
      vertex 0.5608500018715858 7.459080321952396 3.368728712190421
    endloop
  endfacet
  facet normal -1.1405752898229624e-15 0.9701425001453317 0.24253562503633344
    outer loop
      vertex 0.0739699974656105 7.102509297370819 4.795012810516724
      vertex 0.5052499994635582 7.177176313553543 4.496344745785829
      vertex 0.0739699974656105 7.459080321952396 3.368728712190421
    endloop
  endfacet
  facet normal 0 0.9701425001453319 0.24253562503633308
    outer loop
      vertex 0.0739699974656105 7.459080321952396 3.368728712190421
      vertex 0.5052499994635582 7.177176313553543 4.496344745785829
      vertex 0.5608500018715858 7.459080321952396 3.368728712190421
    endloop
  endfacet
  facet normal 1.662220526618062e-17 0.9701425001453319 0.24253562503633297
    outer loop
      vertex 7.300000000000001 8.3 0.005050000000000001
      vertex 0.5608500018715858 7.459080321952396 3.368728712190421
      vertex 0.5052499994635582 7.177176313553543 4.496344745785829
    endloop
  endfacet
  facet normal 1.2219467774810011e-15 0.9701425001453315 0.24253562503633422
    outer loop
      vertex 7.300000000000001 8.3 0.005050000000000001
      vertex 0.5052499994635582 7.177176313553543 4.496344745785829
      vertex 0.5052499994635582 7.121257300509575 4.720020797961699
    endloop
  endfacet
  facet normal 0 0 -1
    outer loop
      vertex 8.3 -7.300000000000001 -0.00495
      vertex 6.5 6.5 -0.00495
      vertex 8.007106781186549 8.007106781186549 -0.00495
    endloop
  endfacet
  facet normal 1 0 0
    outer loop
      vertex 8.3 -7.300000000000001 -0.00495
      vertex 8.3 7.300000000000001 -0.00495
      vertex 8.3 7.300000000000001 0.005050000000000001
    endloop
  endfacet
  facet normal 0 0 -1
    outer loop
      vertex 8.3 -7.300000000000001 -0.00495
      vertex 8.007106781186549 8.007106781186549 -0.00495
      vertex 8.3 7.300000000000001 -0.00495
    endloop
  endfacet
  facet normal 0.024541228522907587 0.9996988186962044 0
    outer loop
      vertex 7.300000000000001 8.3 -0.00495
      vertex 7.300000000000001 8.3 0.005050000000000001
      vertex 7.349067674327419 8.298795456205173 0.005050000000000001
    endloop
  endfacet
  facet normal 0.024541228522907587 0.9996988186962044 1.1764332665181406e-18
    outer loop
      vertex 7.300000000000001 8.3 -0.00495
      vertex 7.349067674327419 8.298795456205173 0.005050000000000001
      vertex 7.349067674327419 8.298795456205173 -0.00495
    endloop
  endfacet
  facet normal 0 0 -1
    outer loop
      vertex 7.300000000000001 8.3 -0.00495
      vertex 7.349067674327419 8.298795456205173 -0.00495
      vertex 7.398017140329562 8.295184726672197 -0.00495
    endloop
  endfacet
  facet normal 0.07356456359968419 0.9972904566786889 0
    outer loop
      vertex 7.349067674327419 8.298795456205173 -0.00495
      vertex 7.349067674327419 8.298795456205173 0.005050000000000001
      vertex 7.398017140329562 8.295184726672197 -0.00495
    endloop
  endfacet
  facet normal 0.07356456359968419 0.9972904566786889 -5.316206543072558e-18
    outer loop
      vertex 7.349067674327419 8.298795456205173 0.005050000000000001
      vertex 7.398017140329562 8.295184726672197 0.005050000000000001
      vertex 7.398017140329562 8.295184726672197 -0.00495
    endloop
  endfacet
  facet normal 0 0 -1
    outer loop
      vertex 7.300000000000001 8.3 -0.00495
      vertex 7.398017140329562 8.295184726672197 -0.00495
      vertex 7.495090322016129 8.280785280403231 -0.00495
    endloop
  endfacet
  facet normal 0.12241067519921875 0.9924795345987096 0
    outer loop
      vertex 7.398017140329562 8.295184726672197 -0.00495
      vertex 7.398017140329562 8.295184726672197 0.005050000000000001
      vertex 7.446730474455363 8.289176509964781 0.005050000000000001
    endloop
  endfacet
  facet normal 0.12241067519921875 0.9924795345987096 -6.899163172176291e-18
    outer loop
      vertex 7.398017140329562 8.295184726672197 -0.00495
      vertex 7.446730474455363 8.289176509964781 0.005050000000000001
      vertex 7.446730474455363 8.289176509964781 -0.00495
    endloop
  endfacet
  facet normal 0 0 -1
    outer loop
      vertex 7.398017140329562 8.295184726672197 -0.00495
      vertex 7.446730474455363 8.289176509964781 -0.00495
      vertex 7.495090322016129 8.280785280403231 -0.00495
    endloop
  endfacet
  facet normal 0.17096188876028862 0.9852776423889434 0
    outer loop
      vertex 7.446730474455363 8.289176509964781 -0.00495
      vertex 7.446730474455363 8.289176509964781 0.005050000000000001
      vertex 7.495090322016129 8.280785280403231 -0.00495
    endloop
  endfacet
  facet normal 0.17096188876028862 0.9852776423889434 -1.471406909311094e-17
    outer loop
      vertex 7.446730474455363 8.289176509964781 0.005050000000000001
      vertex 7.495090322016129 8.280785280403231 0.005050000000000001
      vertex 7.495090322016129 8.280785280403231 -0.00495
    endloop
  endfacet
  facet normal 0 0 -1
    outer loop
      vertex 7.300000000000001 8.3 -0.00495
      vertex 7.495090322016129 8.280785280403231 -0.00495
      vertex 7.68268343236509 8.223879532511287 -0.00495
    endloop
  endfacet
  facet normal 0.21910124015688293 0.9757021300385256 0
    outer loop
      vertex 7.495090322016129 8.280785280403231 -0.00495
      vertex 7.495090322016129 8.280785280403231 0.005050000000000001
      vertex 7.542980179903265 8.270031253194544 -0.00495
    endloop
  endfacet
  facet normal 0.21910124015688293 0.9757021300385256 -9.260387099027372e-17
    outer loop
      vertex 7.495090322016129 8.280785280403231 0.005050000000000001
      vertex 7.542980179903265 8.270031253194544 0.005050000000000001
      vertex 7.542980179903265 8.270031253194544 -0.00495
    endloop
  endfacet
  facet normal 0 0 -1
    outer loop
      vertex 7.495090322016129 8.280785280403231 -0.00495
      vertex 7.542980179903265 8.270031253194544 -0.00495
      vertex 7.590284677254463 8.25694033573221 -0.00495
    endloop
  endfacet
  facet normal 0.2667127574748739 0.9637760657954466 0
    outer loop
      vertex 7.542980179903265 8.270031253194544 -0.00495
      vertex 7.542980179903265 8.270031253194544 0.005050000000000001
      vertex 7.590284677254463 8.25694033573221 0.005050000000000001
    endloop
  endfacet
  facet normal 0.2667127574748739 0.9637760657954466 -7.934497710735335e-17
    outer loop
      vertex 7.542980179903265 8.270031253194544 -0.00495
      vertex 7.590284677254463 8.25694033573221 0.005050000000000001
      vertex 7.590284677254463 8.25694033573221 -0.00495
    endloop
  endfacet
  facet normal 0 0 -1
    outer loop
      vertex 7.495090322016129 8.280785280403231 -0.00495
      vertex 7.590284677254463 8.25694033573221 -0.00495
      vertex 7.68268343236509 8.223879532511287 -0.00495
    endloop
  endfacet
  facet normal 0.3136817403989097 0.9495281805930307 0
    outer loop
      vertex 7.590284677254463 8.25694033573221 -0.00495
      vertex 7.590284677254463 8.25694033573221 0.005050000000000001
      vertex 7.636889853392221 8.241544065183021 -0.00495
    endloop
  endfacet
  facet normal 0.3136817403989097 0.9495281805930307 7.424109525557104e-17
    outer loop
      vertex 7.590284677254463 8.25694033573221 0.005050000000000001
      vertex 7.636889853392221 8.241544065183021 0.005050000000000001
      vertex 7.636889853392221 8.241544065183021 -0.00495
    endloop
  endfacet
  facet normal 0 0 -1
    outer loop
      vertex 7.590284677254463 8.25694033573221 -0.00495
      vertex 7.636889853392221 8.241544065183021 -0.00495
      vertex 7.68268343236509 8.223879532511287 -0.00495
    endloop
  endfacet
  facet normal 0 0 -1
    outer loop
      vertex 7.300000000000001 8.3 -0.00495
      vertex 7.68268343236509 8.223879532511287 -0.00495
      vertex 8.007106781186549 8.007106781186549 -0.00495
    endloop
  endfacet
  facet normal 0.35989503653499316 0.932992798834737 3.5145105410712124e-17
    outer loop
      vertex 7.636889853392221 8.241544065183021 -0.00495
      vertex 7.68268343236509 8.223879532511287 0.005050000000000001
      vertex 7.68268343236509 8.223879532511287 -0.00495
    endloop
  endfacet
  facet normal 0.4052413140049827 0.914209755703534 0
    outer loop
      vertex 7.68268343236509 8.223879532511287 -0.00495
      vertex 7.68268343236509 8.223879532511287 0.005050000000000001
      vertex 7.727555093430283 8.203989293123444 0.005050000000000001
    endloop
  endfacet
  facet normal 0.4052413140049827 0.914209755703534 1.0375808606099149e-16
    outer loop
      vertex 7.68268343236509 8.223879532511287 -0.00495
      vertex 7.727555093430283 8.203989293123444 0.005050000000000001
      vertex 7.727555093430283 8.203989293123444 -0.00495
    endloop
  endfacet
  facet normal 0.35989503653499316 0.932992798834737 0
    outer loop
      vertex 7.636889853392221 8.241544065183021 -0.00495
      vertex 7.636889853392221 8.241544065183021 0.005050000000000001
      vertex 7.68268343236509 8.223879532511287 0.005050000000000001
    endloop
  endfacet
  facet normal 0.4496113296546005 0.8932243011955183 0
    outer loop
      vertex 7.727555093430283 8.203989293123444 -0.00495
      vertex 7.727555093430283 8.203989293123444 0.005050000000000001
      vertex 7.771396736825999 8.181921264348356 -0.00495
    endloop
  endfacet
  facet normal 0 0 -1
    outer loop
      vertex 7.68268343236509 8.223879532511287 -0.00495
      vertex 7.727555093430283 8.203989293123444 -0.00495
      vertex 7.771396736825999 8.181921264348356 -0.00495
    endloop
  endfacet
  facet normal 0.4496113296546005 0.8932243011955183 6.462560192373798e-17
    outer loop
      vertex 7.727555093430283 8.203989293123444 0.005050000000000001
      vertex 7.771396736825999 8.181921264348356 0.005050000000000001
      vertex 7.771396736825999 8.181921264348356 -0.00495
    endloop
  endfacet
  facet normal 0 0 -1
    outer loop
      vertex 7.68268343236509 8.223879532511287 -0.00495
      vertex 7.771396736825999 8.181921264348356 -0.00495
      vertex 7.855570233019603 8.131469612302546 -0.00495
    endloop
  endfacet
  facet normal 0.9996988186962044 0.024541228522907587 0
    outer loop
      vertex 8.3 7.300000000000001 -0.00495
      vertex 8.298795456205173 7.349067674327419 0.005050000000000001
      vertex 8.3 7.300000000000001 0.005050000000000001
    endloop
  endfacet
  facet normal 0.9996988186962044 0.024541228522907587 1.1764332665181406e-18
    outer loop
      vertex 8.3 7.300000000000001 -0.00495
      vertex 8.298795456205173 7.349067674327419 -0.00495
      vertex 8.298795456205173 7.349067674327419 0.005050000000000001
    endloop
  endfacet
  facet normal 0 0 -1
    outer loop
      vertex 8.3 7.300000000000001 -0.00495
      vertex 8.289176509964781 7.446730474455363 -0.00495
      vertex 8.298795456205173 7.349067674327419 -0.00495
    endloop
  endfacet
  facet normal 0.9972904566786889 0.07356456359968419 0
    outer loop
      vertex 8.298795456205173 7.349067674327419 -0.00495
      vertex 8.295184726672197 7.398017140329562 0.005050000000000001
      vertex 8.298795456205173 7.349067674327419 0.005050000000000001
    endloop
  endfacet
  facet normal 0.9972904566786889 0.07356456359968419 -5.316206543072558e-18
    outer loop
      vertex 8.298795456205173 7.349067674327419 -0.00495
      vertex 8.295184726672197 7.398017140329562 -0.00495
      vertex 8.295184726672197 7.398017140329562 0.005050000000000001
    endloop
  endfacet
  facet normal 0 0 -1
    outer loop
      vertex 8.298795456205173 7.349067674327419 -0.00495
      vertex 8.289176509964781 7.446730474455363 -0.00495
      vertex 8.295184726672197 7.398017140329562 -0.00495
    endloop
  endfacet
  facet normal 0 0 -1
    outer loop
      vertex 8.3 7.300000000000001 -0.00495
      vertex 8.280785280403231 7.495090322016129 -0.00495
      vertex 8.289176509964781 7.446730474455363 -0.00495
    endloop
  endfacet
  facet normal 0.9924795345987096 0.12241067519921875 0
    outer loop
      vertex 8.295184726672197 7.398017140329562 -0.00495
      vertex 8.289176509964781 7.446730474455363 -0.00495
      vertex 8.295184726672197 7.398017140329562 0.005050000000000001
    endloop
  endfacet
  facet normal 0.9924795345987096 0.12241067519921875 -6.899163172176291e-18
    outer loop
      vertex 8.295184726672197 7.398017140329562 0.005050000000000001
      vertex 8.289176509964781 7.446730474455363 -0.00495
      vertex 8.289176509964781 7.446730474455363 0.005050000000000001
    endloop
  endfacet
  facet normal 0.9852776423889434 0.17096188876028862 -1.471406909311094e-17
    outer loop
      vertex 8.289176509964781 7.446730474455363 -0.00495
      vertex 8.280785280403231 7.495090322016129 -0.00495
      vertex 8.280785280403231 7.495090322016129 0.005050000000000001
    endloop
  endfacet
  facet normal 0.9852776423889434 0.17096188876028862 0
    outer loop
      vertex 8.289176509964781 7.446730474455363 -0.00495
      vertex 8.280785280403231 7.495090322016129 0.005050000000000001
      vertex 8.289176509964781 7.446730474455363 0.005050000000000001
    endloop
  endfacet
  facet normal 0 0 -1
    outer loop
      vertex 8.3 7.300000000000001 -0.00495
      vertex 8.223879532511287 7.68268343236509 -0.00495
      vertex 8.280785280403231 7.495090322016129 -0.00495
    endloop
  endfacet
  facet normal 0.9757021300385256 0.21910124015688293 0
    outer loop
      vertex 8.280785280403231 7.495090322016129 -0.00495
      vertex 8.270031253194544 7.542980179903265 0.005050000000000001
      vertex 8.280785280403231 7.495090322016129 0.005050000000000001
    endloop
  endfacet
  facet normal 0.9637760657954466 0.2667127574748739 0
    outer loop
      vertex 8.270031253194544 7.542980179903265 -0.00495
      vertex 8.25694033573221 7.590284677254463 -0.00495
      vertex 8.270031253194544 7.542980179903265 0.005050000000000001
    endloop
  endfacet
  facet normal 0 0 -1
    outer loop
      vertex 8.280785280403231 7.495090322016129 -0.00495
      vertex 8.241544065183021 7.636889853392221 -0.00495
      vertex 8.25694033573221 7.590284677254463 -0.00495
    endloop
  endfacet
  facet normal 0.9637760657954466 0.2667127574748739 -7.934497710735335e-17
    outer loop
      vertex 8.270031253194544 7.542980179903265 0.005050000000000001
      vertex 8.25694033573221 7.590284677254463 -0.00495
      vertex 8.25694033573221 7.590284677254463 0.005050000000000001
    endloop
  endfacet
  facet normal 0.9757021300385256 0.21910124015688293 -9.260387099027372e-17
    outer loop
      vertex 8.280785280403231 7.495090322016129 -0.00495
      vertex 8.270031253194544 7.542980179903265 -0.00495
      vertex 8.270031253194544 7.542980179903265 0.005050000000000001
    endloop
  endfacet
  facet normal 0 0 -1
    outer loop
      vertex 8.280785280403231 7.495090322016129 -0.00495
      vertex 8.25694033573221 7.590284677254463 -0.00495
      vertex 8.270031253194544 7.542980179903265 -0.00495
    endloop
  endfacet
  facet normal 0 0 -1
    outer loop
      vertex 8.280785280403231 7.495090322016129 -0.00495
      vertex 8.223879532511287 7.68268343236509 -0.00495
      vertex 8.241544065183021 7.636889853392221 -0.00495
    endloop
  endfacet
  facet normal 0.9495281805930307 0.3136817403989097 0
    outer loop
      vertex 8.25694033573221 7.590284677254463 -0.00495
      vertex 8.241544065183021 7.636889853392221 -0.00495
      vertex 8.25694033573221 7.590284677254463 0.005050000000000001
    endloop
  endfacet
  facet normal 0.9495281805930307 0.3136817403989097 7.424109525557104e-17
    outer loop
      vertex 8.25694033573221 7.590284677254463 0.005050000000000001
      vertex 8.241544065183021 7.636889853392221 -0.00495
      vertex 8.241544065183021 7.636889853392221 0.005050000000000001
    endloop
  endfacet
  facet normal 0 0 -1
    outer loop
      vertex 8.3 7.300000000000001 -0.00495
      vertex 8.007106781186549 8.007106781186549 -0.00495
      vertex 8.223879532511287 7.68268343236509 -0.00495
    endloop
  endfacet
  facet normal 0.932992798834737 0.35989503653499316 3.5145105410712124e-17
    outer loop
      vertex 8.241544065183021 7.636889853392221 -0.00495
      vertex 8.223879532511287 7.68268343236509 -0.00495
      vertex 8.223879532511287 7.68268343236509 0.005050000000000001
    endloop
  endfacet
  facet normal 0.914209755703534 0.4052413140049827 0
    outer loop
      vertex 8.223879532511287 7.68268343236509 -0.00495
      vertex 8.203989293123444 7.727555093430283 0.005050000000000001
      vertex 8.223879532511287 7.68268343236509 0.005050000000000001
    endloop
  endfacet
  facet normal 0.914209755703534 0.4052413140049827 1.0375808606099149e-16
    outer loop
      vertex 8.223879532511287 7.68268343236509 -0.00495
      vertex 8.203989293123444 7.727555093430283 -0.00495
      vertex 8.203989293123444 7.727555093430283 0.005050000000000001
    endloop
  endfacet
  facet normal 0.8932243011955183 0.4496113296546005 6.462560192373798e-17
    outer loop
      vertex 8.181921264348356 7.771396736825999 -0.00495
      vertex 8.203989293123444 7.727555093430283 0.005050000000000001
      vertex 8.203989293123444 7.727555093430283 -0.00495
    endloop
  endfacet
  facet normal 0 0 -1
    outer loop
      vertex 8.223879532511287 7.68268343236509 -0.00495
      vertex 8.131469612302546 7.855570233019603 -0.00495
      vertex 8.181921264348356 7.771396736825999 -0.00495
    endloop
  endfacet
  facet normal 0.8932243011955183 0.4496113296546005 0
    outer loop
      vertex 8.181921264348356 7.771396736825999 -0.00495
      vertex 8.181921264348356 7.771396736825999 0.005050000000000001
      vertex 8.203989293123444 7.727555093430283 0.005050000000000001
    endloop
  endfacet
  facet normal 0 0 -1
    outer loop
      vertex 8.223879532511287 7.68268343236509 -0.00495
      vertex 8.181921264348356 7.771396736825999 -0.00495
      vertex 8.203989293123444 7.727555093430283 -0.00495
    endloop
  endfacet
  facet normal 0.932992798834737 0.35989503653499316 0
    outer loop
      vertex 8.241544065183021 7.636889853392221 -0.00495
      vertex 8.223879532511287 7.68268343236509 0.005050000000000001
      vertex 8.241544065183021 7.636889853392221 0.005050000000000001
    endloop
  endfacet
  facet normal 0 0 -1
    outer loop
      vertex 8.007106781186549 8.007106781186549 -0.00495
      vertex 8.04095112535496 7.971558954847019 -0.00495
      vertex 8.073010453362738 7.934393284163646 -0.00495
    endloop
  endfacet
  facet normal 0.6895405447370607 0.7242470829514729 1.8613048138239457e-16
    outer loop
      vertex 8.007106781186549 8.007106781186549 0.005050000000000001
      vertex 7.971558954847019 8.04095112535496 -0.00495
      vertex 7.971558954847019 8.04095112535496 0.005050000000000001
    endloop
  endfacet
  facet normal 0.6895405447370607 0.7242470829514729 0
    outer loop
      vertex 8.007106781186549 8.007106781186549 -0.00495
      vertex 7.971558954847019 8.04095112535496 -0.00495
      vertex 8.007106781186549 8.007106781186549 0.005050000000000001
    endloop
  endfacet
  facet normal 0.7242470829514729 0.6895405447370607 0
    outer loop
      vertex 8.007106781186549 8.007106781186549 -0.00495
      vertex 8.007106781186549 8.007106781186549 0.005050000000000001
      vertex 8.04095112535496 7.971558954847019 0.005050000000000001
    endloop
  endfacet
  facet normal 0.7242470829514729 0.6895405447370607 1.8613048138239457e-16
    outer loop
      vertex 8.007106781186549 8.007106781186549 -0.00495
      vertex 8.04095112535496 7.971558954847019 0.005050000000000001
      vertex 8.04095112535496 7.971558954847019 -0.00495
    endloop
  endfacet
  facet normal 0.49289819222977843 0.8700869911087146 1.0638569812861197e-16
    outer loop
      vertex 7.771396736825999 8.181921264348356 -0.00495
      vertex 7.814102744193223 8.157728610000273 0.005050000000000001
      vertex 7.814102744193223 8.157728610000273 -0.00495
    endloop
  endfacet
  facet normal 0.5349976198871089 0.8448535652496996 0
    outer loop
      vertex 7.814102744193223 8.157728610000273 -0.00495
      vertex 7.814102744193223 8.157728610000273 0.005050000000000001
      vertex 7.855570233019603 8.131469612302546 -0.00495
    endloop
  endfacet
  facet normal 0 0 -1
    outer loop
      vertex 7.771396736825999 8.181921264348356 -0.00495
      vertex 7.814102744193223 8.157728610000273 -0.00495
      vertex 7.855570233019603 8.131469612302546 -0.00495
    endloop
  endfacet
  facet normal 0.5349976198871089 0.8448535652496996 -4.369913759878488e-17
    outer loop
      vertex 7.814102744193223 8.157728610000273 0.005050000000000001
      vertex 7.855570233019603 8.131469612302546 0.005050000000000001
      vertex 7.855570233019603 8.131469612302546 -0.00495
    endloop
  endfacet
  facet normal 0 0 -1
    outer loop
      vertex 7.895699304492434 8.103207531480646 -0.00495
      vertex 7.971558954847019 8.04095112535496 -0.00495
      vertex 7.855570233019603 8.131469612302546 -0.00495
    endloop
  endfacet
  facet normal 0.6152315905806282 0.7883464276266051 0
    outer loop
      vertex 7.895699304492434 8.103207531480646 -0.00495
      vertex 7.895699304492434 8.103207531480646 0.005050000000000001
      vertex 7.934393284163646 8.073010453362738 0.005050000000000001
    endloop
  endfacet
  facet normal 0 0 -1
    outer loop
      vertex 7.68268343236509 8.223879532511287 -0.00495
      vertex 7.855570233019603 8.131469612302546 -0.00495
      vertex 8.007106781186549 8.007106781186549 -0.00495
    endloop
  endfacet
  facet normal 0.575808191417838 0.8175848131515888 7.808484056361628e-18
    outer loop
      vertex 7.895699304492434 8.103207531480646 0.005050000000000001
      vertex 7.855570233019603 8.131469612302546 -0.00495
      vertex 7.855570233019603 8.131469612302546 0.005050000000000001
    endloop
  endfacet
  facet normal 0.575808191417838 0.8175848131515888 0
    outer loop
      vertex 7.895699304492434 8.103207531480646 -0.00495
      vertex 7.855570233019603 8.131469612302546 -0.00495
      vertex 7.895699304492434 8.103207531480646 0.005050000000000001
    endloop
  endfacet
  facet normal 0.49289819222977843 0.8700869911087146 0
    outer loop
      vertex 7.771396736825999 8.181921264348356 -0.00495
      vertex 7.771396736825999 8.181921264348356 0.005050000000000001
      vertex 7.814102744193223 8.157728610000273 0.005050000000000001
    endloop
  endfacet
  facet normal 0 0 -1
    outer loop
      vertex 7.895699304492434 8.103207531480646 -0.00495
      vertex 7.934393284163646 8.073010453362738 -0.00495
      vertex 7.971558954847019 8.04095112535496 -0.00495
    endloop
  endfacet
  facet normal 0.6152315905806282 0.7883464276266051 1.2258921321545644e-16
    outer loop
      vertex 7.895699304492434 8.103207531480646 -0.00495
      vertex 7.934393284163646 8.073010453362738 0.005050000000000001
      vertex 7.934393284163646 8.073010453362738 -0.00495
    endloop
  endfacet
  facet normal 0.6531728429537761 0.7572088465064851 5.195272149007608e-17
    outer loop
      vertex 7.934393284163646 8.073010453362738 0.005050000000000001
      vertex 7.971558954847019 8.04095112535496 0.005050000000000001
      vertex 7.971558954847019 8.04095112535496 -0.00495
    endloop
  endfacet
  facet normal 0 0 -1
    outer loop
      vertex 8.007106781186549 8.007106781186549 -0.00495
      vertex 7.855570233019603 8.131469612302546 -0.00495
      vertex 7.971558954847019 8.04095112535496 -0.00495
    endloop
  endfacet
  facet normal 0.6531728429537761 0.7572088465064851 0
    outer loop
      vertex 7.934393284163646 8.073010453362738 -0.00495
      vertex 7.934393284163646 8.073010453362738 0.005050000000000001
      vertex 7.971558954847019 8.04095112535496 -0.00495
    endloop
  endfacet
  facet normal 0 0 -1
    outer loop
      vertex 8.103207531480646 7.895699304492434 -0.00495
      vertex 8.131469612302546 7.855570233019603 -0.00495
      vertex 8.073010453362738 7.934393284163646 -0.00495
    endloop
  endfacet
  facet normal 0.7883464276266051 0.6152315905806282 0
    outer loop
      vertex 8.103207531480646 7.895699304492434 -0.00495
      vertex 8.073010453362738 7.934393284163646 -0.00495
      vertex 8.103207531480646 7.895699304492434 0.005050000000000001
    endloop
  endfacet
  facet normal 0.8700869911087146 0.49289819222977843 1.0638569812861197e-16
    outer loop
      vertex 8.181921264348356 7.771396736825999 -0.00495
      vertex 8.157728610000273 7.814102744193223 -0.00495
      vertex 8.157728610000273 7.814102744193223 0.005050000000000001
    endloop
  endfacet
  facet normal 0.8448535652496996 0.5349976198871089 0
    outer loop
      vertex 8.157728610000273 7.814102744193223 -0.00495
      vertex 8.131469612302546 7.855570233019603 -0.00495
      vertex 8.157728610000273 7.814102744193223 0.005050000000000001
    endloop
  endfacet
  facet normal 0.8448535652496996 0.5349976198871089 -4.369913759878488e-17
    outer loop
      vertex 8.157728610000273 7.814102744193223 0.005050000000000001
      vertex 8.131469612302546 7.855570233019603 -0.00495
      vertex 8.131469612302546 7.855570233019603 0.005050000000000001
    endloop
  endfacet
  facet normal 0 0 -1
    outer loop
      vertex 8.181921264348356 7.771396736825999 -0.00495
      vertex 8.131469612302546 7.855570233019603 -0.00495
      vertex 8.157728610000273 7.814102744193223 -0.00495
    endloop
  endfacet
  facet normal 0 0 -1
    outer loop
      vertex 8.223879532511287 7.68268343236509 -0.00495
      vertex 8.007106781186549 8.007106781186549 -0.00495
      vertex 8.131469612302546 7.855570233019603 -0.00495
    endloop
  endfacet
  facet normal 0.8175848131515888 0.575808191417838 7.808484056361628e-18
    outer loop
      vertex 8.103207531480646 7.895699304492434 0.005050000000000001
      vertex 8.131469612302546 7.855570233019603 0.005050000000000001
      vertex 8.131469612302546 7.855570233019603 -0.00495
    endloop
  endfacet
  facet normal 0.8175848131515888 0.575808191417838 0
    outer loop
      vertex 8.103207531480646 7.895699304492434 -0.00495
      vertex 8.103207531480646 7.895699304492434 0.005050000000000001
      vertex 8.131469612302546 7.855570233019603 -0.00495
    endloop
  endfacet
  facet normal 0 0 -1
    outer loop
      vertex 8.007106781186549 8.007106781186549 -0.00495
      vertex 8.073010453362738 7.934393284163646 -0.00495
      vertex 8.131469612302546 7.855570233019603 -0.00495
    endloop
  endfacet
  facet normal 0.7572088465064851 0.6531728429537761 5.195272149007608e-17
    outer loop
      vertex 8.073010453362738 7.934393284163646 -0.00495
      vertex 8.04095112535496 7.971558954847019 -0.00495
      vertex 8.04095112535496 7.971558954847019 0.005050000000000001
    endloop
  endfacet
  facet normal 0.7572088465064851 0.6531728429537761 0
    outer loop
      vertex 8.073010453362738 7.934393284163646 -0.00495
      vertex 8.04095112535496 7.971558954847019 0.005050000000000001
      vertex 8.073010453362738 7.934393284163646 0.005050000000000001
    endloop
  endfacet
  facet normal 0.7883464276266051 0.6152315905806282 1.2258921321545644e-16
    outer loop
      vertex 8.103207531480646 7.895699304492434 0.005050000000000001
      vertex 8.073010453362738 7.934393284163646 -0.00495
      vertex 8.073010453362738 7.934393284163646 0.005050000000000001
    endloop
  endfacet
  facet normal 0.8700869911087146 0.49289819222977843 0
    outer loop
      vertex 8.181921264348356 7.771396736825999 -0.00495
      vertex 8.157728610000273 7.814102744193223 0.005050000000000001
      vertex 8.181921264348356 7.771396736825999 0.005050000000000001
    endloop
  endfacet
  facet normal 0.023750684195776202 0.9674956130081708 0.2517700216669496
    outer loop
      vertex 7.300000000000001 8.3 0.005050000000000001
      vertex 3.2477346054825937 5.78671473733985 10.04531025333688
      vertex 7.349067674327419 8.298795456205173 0.005050000000000001
    endloop
  endfacet
  facet normal 0.0708478748358041 0.9604612056723598 0.2692486787890469
    outer loop
      vertex 7.349067674327419 8.298795456205173 0.005050000000000001
      vertex 3.3779940011756913 5.776685398263201 10.046811429651743
      vertex 7.398017140329562 8.295184726672197 0.005050000000000001
    endloop
  endfacet
  facet normal 0.11731507290862268 0.9511654826858322 0.28551952335255865
    outer loop
      vertex 7.398017140329562 8.295184726672197 0.005050000000000001
      vertex 3.5082352819238602 5.760621668423532 10.046811429651743
      vertex 7.446730474455363 8.289176509964781 0.005050000000000001
    endloop
  endfacet
  facet normal 0.16305620743254814 0.9397160782499555 0.3005767214809514
    outer loop
      vertex 7.446730474455363 8.289176509964781 0.005050000000000001
      vertex 3.6381081507839665 5.738566752827934 10.045310253336881
      vertex 7.495090322016129 8.280785280403231 0.005050000000000001
    endloop
  endfacet
  facet normal 0.9674956130081708 0.023750684195776205 0.2517700216669496
    outer loop
      vertex 8.3 7.300000000000001 0.005050000000000001
      vertex 8.298795456205173 7.349067674327419 0.005050000000000001
      vertex 5.890687293913006 3.4174847577461853 9.629753731064461
    endloop
  endfacet
  facet normal 0.9604612056723597 0.0708478748358041 0.269248678789047
    outer loop
      vertex 8.298795456205173 7.349067674327419 0.005050000000000001
      vertex 8.295184726672197 7.398017140329562 0.005050000000000001
      vertex 5.875677837741128 3.5360055173248566 9.652108739298212
    endloop
  endfacet
  facet normal 0.9511654826858322 0.11731507290862267 0.2855195233525586
    outer loop
      vertex 8.295184726672197 7.398017140329562 0.005050000000000001
      vertex 8.289176509964781 7.446730474455363 0.005050000000000001
      vertex 5.854455096013297 3.6543909030674304 9.674166597709487
    endloop
  endfacet
  facet normal 0.9397160782499555 0.16305620743254814 0.3005767214809512
    outer loop
      vertex 8.289176509964781 7.446730474455363 0.005050000000000001
      vertex 8.280785280403231 7.495090322016129 0.005050000000000001
      vertex 5.854455096013297 3.6543909030674304 9.674166597709487
    endloop
  endfacet
  facet normal 0.4574400813768562 0.8074946719061397 0.37242573325849976
    outer loop
      vertex 7.771396736825999 8.181921264348356 0.005050000000000001
      vertex 4.508031966876091 5.423717353865903 9.993695991579342
      vertex 7.814102744193223 8.157728610000273 0.005050000000000001
    endloop
  endfacet
  facet normal 0.4952988561156716 0.7821623665199153 0.3780225860057477
    outer loop
      vertex 7.814102744193223 8.157728610000273 0.005050000000000001
      vertex 4.622461030328637 5.357113323871713 9.981576560931504
      vertex 7.855570233019603 8.131469612302546 0.005050000000000001
    endloop
  endfacet
  facet normal 0.5320243426951955 0.7554165246303461 0.38248656590154234
    outer loop
      vertex 7.895699304492434 8.103207531480646 0.005050000000000001
      vertex 7.855570233019603 8.131469612302546 0.005050000000000001
      vertex 4.733416522332278 5.285513025168649 9.968653299479836
    endloop
  endfacet
  facet normal 0.5675950553590765 0.7273058488569466 0.3858264575562481
    outer loop
      vertex 7.895699304492434 8.103207531480646 0.005050000000000001
      vertex 4.840788541627511 5.209264838364638 9.954429093490024
      vertex 7.934393284163646 8.073010453362738 0.005050000000000001
    endloop
  endfacet
  facet normal 0.6019893649187763 0.6978729712000236 0.38804912136627673
    outer loop
      vertex 7.934393284163646 8.073010453362738 0.005050000000000001
      vertex 4.944302025478306 5.128583286652291 9.938945120305927
      vertex 7.971558954847019 8.04095112535496 0.005050000000000001
    endloop
  endfacet
  facet normal 0.6671550401249879 0.6351844013194092 0.38915925885982666
    outer loop
      vertex 8.007106781186549 8.007106781186549 0.005050000000000001
      vertex 5.138717059999027 4.954835562889645 9.904379486026617
      vertex 8.04095112535496 7.971558954847019 0.005050000000000001
    endloop
  endfacet
  facet normal 0.6978729712000237 0.6019893649187763 0.38804912136627684
    outer loop
      vertex 8.073010453362738 7.934393284163646 0.005050000000000001
      vertex 8.04095112535496 7.971558954847019 0.005050000000000001
      vertex 5.138717059999027 4.954835562889645 9.904379486026617
    endloop
  endfacet
  facet normal 0.7273058488569466 0.5675950553590765 0.3858264575562481
    outer loop
      vertex 8.103207531480646 7.895699304492434 0.005050000000000001
      vertex 8.073010453362738 7.934393284163646 0.005050000000000001
      vertex 5.312752089861291 4.763986772260625 9.872333689870494
    endloop
  endfacet
  facet normal 0.7554165246303461 0.5320243426951955 0.38248656590154234
    outer loop
      vertex 8.103207531480646 7.895699304492434 0.005050000000000001
      vertex 5.312752089861291 4.763986772260625 9.872333689870494
      vertex 8.131469612302546 7.855570233019603 0.005050000000000001
    endloop
  endfacet
  facet normal 0.7821623665199153 0.4952988561156717 0.37802258600574773
    outer loop
      vertex 8.157728610000273 7.814102744193223 0.005050000000000001
      vertex 8.131469612302546 7.855570233019603 0.005050000000000001
      vertex 5.392225556451406 4.663379236383793 9.855313714877568
    endloop
  endfacet
  facet normal 0.6351844013194091 0.6671550401249878 0.3891592588598266
    outer loop
      vertex 8.007106781186549 8.007106781186549 0.005050000000000001
      vertex 7.971558954847019 8.04095112535496 0.005050000000000001
      vertex 5.043694545603835 5.043694545603835 9.92224597515322
    endloop
  endfacet
  facet normal 0.20798928334109315 0.9262183392288568 0.3144201744344613
    outer loop
      vertex 7.495090322016129 8.280785280403231 0.005050000000000001
      vertex 3.767263499576061 5.710581634606314 10.042312358197746
      vertex 7.542980179903265 8.270031253194544 0.005050000000000001
    endloop
  endfacet
  facet normal 0.2520450329242911 0.9107737197683214 0.32705432692072395
    outer loop
      vertex 7.542980179903265 8.270031253194544 0.005050000000000001
      vertex 3.8953546323656476 5.676744843638193 10.03782663920415
      vertex 7.590284677254463 8.25694033573221 0.005050000000000001
    endloop
  endfacet
  facet normal 0.29516543718163185 0.893478530770086 0.33848704516761746
    outer loop
      vertex 7.590284677254463 8.25694033573221 0.005050000000000001
      vertex 4.022038475207685 5.637152147070254 10.031866388948282
      vertex 7.636889853392221 8.241544065183021 0.005050000000000001
    endloop
  endfacet
  facet normal 0.3373021789563626 0.8744230179649984 0.34872858461025785
    outer loop
      vertex 7.636889853392221 8.241544065183021 0.005050000000000001
      vertex 4.14697676487474 5.591916163947709 10.02444923827209
      vertex 7.68268343236509 8.223879532511287 0.005050000000000001
    endloop
  endfacet
  facet normal 0.3784150776633884 0.8536907362335875 0.35779065927713494
    outer loop
      vertex 7.68268343236509 8.223879532511287 0.005050000000000001
      vertex 4.269837209513098 5.541165906795355 10.01559707786761
      vertex 7.727555093430283 8.203989293123444 0.005050000000000001
    endloop
  endfacet
  facet normal 0.41847054384830473 0.8313581852729585 0.3656856186821642
    outer loop
      vertex 7.727555093430283 8.203989293123444 0.005050000000000001
      vertex 4.39029461446684 5.485046253560829 10.005335961491562
      vertex 7.771396736825999 8.181921264348356 0.005050000000000001
    endloop
  endfacet
  facet normal 0.9262183392288568 0.20798928334109312 0.3144201744344613
    outer loop
      vertex 8.280785280403231 7.495090322016129 0.005050000000000001
      vertex 8.270031253194544 7.542980179903265 0.005050000000000001
      vertex 5.793469087947605 3.889539608430737 9.717256881681545
    endloop
  endfacet
  facet normal 0.9107737197683218 0.2520450329242912 0.3270543269207237
    outer loop
      vertex 8.270031253194544 7.542980179903265 0.005050000000000001
      vertex 8.25694033573221 7.590284677254463 0.005050000000000001
      vertex 5.793469087947605 3.889539608430737 9.717256881681545
    endloop
  endfacet
  facet normal 0.893478530770086 0.29516543718163185 0.3384870451676174
    outer loop
      vertex 8.25694033573221 7.590284677254463 0.005050000000000001
      vertex 8.241544065183021 7.636889853392221 0.005050000000000001
      vertex 5.707880101708963 4.120207664922872 9.759566275514475
    endloop
  endfacet
  facet normal 0.8744230179649986 0.33730217895636266 0.34872858461025796
    outer loop
      vertex 8.241544065183021 7.636889853392221 0.005050000000000001
      vertex 8.223879532511287 7.68268343236509 0.005050000000000001
      vertex 5.6561382676274 4.233250959604307 9.779967531431426
    endloop
  endfacet
  facet normal 0.8536907362335877 0.37841507766338844 0.35779065927713505
    outer loop
      vertex 8.223879532511287 7.68268343236509 0.005050000000000001
      vertex 8.203989293123444 7.727555093430283 0.005050000000000001
      vertex 5.598569721637977 4.344376962395511 9.799794710394913
    endloop
  endfacet
  facet normal 0.8074946719061397 0.45744008137685616 0.37242573325849976
    outer loop
      vertex 8.181921264348356 7.771396736825999 0.005050000000000001
      vertex 8.157728610000273 7.814102744193223 0.005050000000000001
      vertex 5.466465061996164 4.559724127370909 9.837518242674145
    endloop
  endfacet
  facet normal 0.8313581852729586 0.4184705438483048 0.3656856186821642
    outer loop
      vertex 8.181921264348356 7.771396736825999 0.005050000000000001
      vertex 5.598569721637977 4.344376962395511 9.799794710394913
      vertex 8.203989293123444 7.727555093430283 0.005050000000000001
    endloop
  endfacet
  facet normal -1.327127967731418e-16 0.9701425001453319 0.24253562503633297
    outer loop
      vertex 0 5.799956554952549 10.005223780189805
      vertex 0.5052499994635582 7.121257300509575 4.720020797961699
      vertex 0.053609997034072876 7.045930586017557 5.021327655929771
    endloop
  endfacet
  facet normal -1.6463538718382437e-17 0.9701425001453318 0.242535625036333
    outer loop
      vertex 7.300000000000001 8.3 0.005050000000000001
      vertex 0.5052499994635582 7.121257300509575 4.720020797961699
      vertex 0 5.799956554952549 10.005223780189805
    endloop
  endfacet
  facet normal 3.449445258365334e-17 0.9701425001453318 0.24253562503633305
    outer loop
      vertex 7.300000000000001 8.3 0.005050000000000001
      vertex 0 5.799956554952549 10.005223780189805
      vertex 1.527120273913825 5.797747295114429 10.014060819542284
    endloop
  endfacet
  facet normal -7.427205910527599e-17 0.9701425001453318 0.24253562503633305
    outer loop
      vertex 7.300000000000001 8.3 0.005050000000000001
      vertex 1.527120273913825 5.797747295114429 10.014060819542284
      vertex 3.0609744055451364 5.791094691609512 10.040671233561952
    endloop
  endfacet
  facet normal 0.9701425001453318 3.743020455140569e-16 0.24253562503633355
    outer loop
      vertex 8.3 7.300000000000001 0.005050000000000001
      vertex 6.16097998361294 -2.1656934064369695 8.561130065548241
      vertex 6.220017443429895 -3.8333624057164903 8.324980226280424
    endloop
  endfacet
  facet normal 0.970142500145332 -2.479466295201208e-16 0.2425356250363327
    outer loop
      vertex 8.3 7.300000000000001 0.005050000000000001
      vertex 6.102311851780045 -0.9257054893416388 8.795802592879822
      vertex 6.16097998361294 -2.1656934064369695 8.561130065548241
    endloop
  endfacet
  facet normal 0.9701425001453319 1.534395805748187e-17 0.242535625036333
    outer loop
      vertex 8.3 7.300000000000001 0.005050000000000001
      vertex 5.8994729983127066 3.29912166385451 9.607158006749176
      vertex 6.102311851780045 -0.9257054893416388 8.795802592879822
    endloop
  endfacet
  facet normal 0.5675950553590785 0.7273058488569447 0.3858264575562488
    outer loop
      vertex 7.895699304492434 8.103207531480646 0.005050000000000001
      vertex 4.733416522332278 5.285513025168649 9.968653299479836
      vertex 4.840788541627511 5.209264838364638 9.954429093490024
    endloop
  endfacet
  facet normal 0.6019893649187831 0.6978729712000173 0.3880491213662772
    outer loop
      vertex 7.934393284163646 8.073010453362738 0.005050000000000001
      vertex 4.840788541627511 5.209264838364638 9.954429093490024
      vertex 4.944302025478306 5.128583286652291 9.938945120305927
    endloop
  endfacet
  facet normal 0.6978729711999909 0.6019893649188113 0.3880491213662814
    outer loop
      vertex 8.073010453362738 7.934393284163646 0.005050000000000001
      vertex 5.138717059999027 4.954835562889645 9.904379486026617
      vertex 5.15147113811508 4.941776111934451 9.901701794605998
    endloop
  endfacet
  facet normal 0.697872971200021 0.6019893649187794 0.3880491213662763
    outer loop
      vertex 8.073010453362738 7.934393284163646 0.005050000000000001
      vertex 5.15147113811508 4.941776111934451 9.901701794605998
      vertex 5.22823212971224 4.861278246494696 9.888531909394608
    endloop
  endfacet
  facet normal 0.7273058488569459 0.5675950553590765 0.385826457556249
    outer loop
      vertex 8.073010453362738 7.934393284163646 0.005050000000000001
      vertex 5.22823212971224 4.861278246494696 9.888531909394608
      vertex 5.312752089861291 4.763986772260625 9.872333689870494
    endloop
  endfacet
  facet normal 0.6351844013194121 0.6671550401249848 0.389159258859827
    outer loop
      vertex 7.971558954847019 8.04095112535496 0.005050000000000001
      vertex 4.944302025478306 5.128583286652291 9.938945120305927
      vertex 5.043694545603835 5.043694545603835 9.92224597515322
    endloop
  endfacet
  facet normal 0.6671550401249859 0.6351844013194111 0.38915925885982694
    outer loop
      vertex 8.007106781186549 8.007106781186549 0.005050000000000001
      vertex 5.043694545603835 5.043694545603835 9.92224597515322
      vertex 5.138717059999027 4.954835562889645 9.904379486026617
    endloop
  endfacet
  facet normal -6.8237192688356394e-15 0.9701425001453327 0.24253562503633014
    outer loop
      vertex 7.300000000000001 8.3 0.005050000000000001
      vertex 3.0609744055451364 5.791094691609512 10.040671233561952
      vertex 3.1178073507509394 5.790684410450564 10.042312358197746
    endloop
  endfacet
  facet normal 0.02375068419578529 0.9674956130081693 0.2517700216669545
    outer loop
      vertex 7.300000000000001 8.3 0.005050000000000001
      vertex 3.1178073507509394 5.790684410450564 10.042312358197746
      vertex 3.2477346054825937 5.78671473733985 10.04531025333688
    endloop
  endfacet
  facet normal 0.07084787483578212 0.9604612056723634 0.2692486787890398
    outer loop
      vertex 7.349067674327419 8.298795456205173 0.005050000000000001
      vertex 3.2477346054825937 5.78671473733985 10.04531025333688
      vertex 3.3779940011756913 5.776685398263201 10.046811429651743
    endloop
  endfacet
  facet normal 0.11731507290861862 0.9511654826858333 0.2855195233525565
    outer loop
      vertex 7.398017140329562 8.295184726672197 0.005050000000000001
      vertex 3.3779940011756913 5.776685398263201 10.046811429651743
      vertex 3.5082352819238602 5.760621668423532 10.046811429651743
    endloop
  endfacet
  facet normal 0.163056207432563 0.9397160782499514 0.30057672148095593
    outer loop
      vertex 7.446730474455363 8.289176509964781 0.005050000000000001
      vertex 3.5082352819238602 5.760621668423532 10.046811429651743
      vertex 3.6381081507839665 5.738566752827934 10.045310253336881
    endloop
  endfacet
  facet normal 0.20798928334108152 0.9262183392288602 0.3144201744344584
    outer loop
      vertex 7.495090322016129 8.280785280403231 0.005050000000000001
      vertex 3.6381081507839665 5.738566752827934 10.045310253336881
      vertex 3.767263499576061 5.710581634606314 10.042312358197746
    endloop
  endfacet
  facet normal 0.2520450329243136 0.9107737197683133 0.32705432692073
    outer loop
      vertex 7.542980179903265 8.270031253194544 0.005050000000000001
      vertex 3.767263499576061 5.710581634606314 10.042312358197746
      vertex 3.8953546323656476 5.676744843638193 10.03782663920415
    endloop
  endfacet
  facet normal 0.29516543718161137 0.893478530770095 0.33848704516761163
    outer loop
      vertex 7.590284677254463 8.25694033573221 0.005050000000000001
      vertex 3.8953546323656476 5.676744843638193 10.03782663920415
      vertex 4.022038475207685 5.637152147070254 10.031866388948282
    endloop
  endfacet
  facet normal 0.3784150776633893 0.8536907362335872 0.3577906592771349
    outer loop
      vertex 7.68268343236509 8.223879532511287 0.005050000000000001
      vertex 4.14697676487474 5.591916163947709 10.02444923827209
      vertex 4.269837209513098 5.541165906795355 10.01559707786761
    endloop
  endfacet
  facet normal 0.3373021789563626 0.8744230179649986 0.3487285846102578
    outer loop
      vertex 7.636889853392221 8.241544065183021 0.005050000000000001
      vertex 4.022038475207685 5.637152147070254 10.031866388948282
      vertex 4.14697676487474 5.591916163947709 10.02444923827209
    endloop
  endfacet
  facet normal 0.41847054384830623 0.8313581852729577 0.36568561868216426
    outer loop
      vertex 7.727555093430283 8.203989293123444 0.005050000000000001
      vertex 4.269837209513098 5.541165906795355 10.01559707786761
      vertex 4.39029461446684 5.485046253560829 10.005335961491562
    endloop
  endfacet
  facet normal 0.45744008137686415 0.8074946719061347 0.3724257332585007
    outer loop
      vertex 7.771396736825999 8.181921264348356 0.005050000000000001
      vertex 4.39029461446684 5.485046253560829 10.005335961491562
      vertex 4.508031966876091 5.423717353865903 9.993695991579342
    endloop
  endfacet
  facet normal 0.49529885611567664 0.7821623665199116 0.37802258600574895
    outer loop
      vertex 7.814102744193223 8.157728610000273 0.005050000000000001
      vertex 4.508031966876091 5.423717353865903 9.993695991579342
      vertex 4.5518209000409575 5.398383955599332 9.9887392037146
    endloop
  endfacet
  facet normal 0.49529885611565444 0.7821623665199269 0.37802258600574606
    outer loop
      vertex 7.814102744193223 8.157728610000273 0.005050000000000001
      vertex 4.5518209000409575 5.398383955599332 9.9887392037146
      vertex 4.622461030328637 5.357113323871713 9.981576560931504
    endloop
  endfacet
  facet normal 0.5320243426951952 0.7554165246303467 0.38248656590154173
    outer loop
      vertex 7.855570233019603 8.131469612302546 0.005050000000000001
      vertex 4.622461030328637 5.357113323871713 9.981576560931504
      vertex 4.733416522332278 5.285513025168649 9.968653299479836
    endloop
  endfacet
  facet normal 0.9674956130081699 0.023750684195783696 0.25177002166695234
    outer loop
      vertex 8.3 7.300000000000001 0.005050000000000001
      vertex 5.890687293913006 3.4174847577461853 9.629753731064461
      vertex 5.8994729983127066 3.29912166385451 9.607158006749176
    endloop
  endfacet
  facet normal 0.9604612056723618 0.07084787483579336 0.2692486787890424
    outer loop
      vertex 8.298795456205173 7.349067674327419 0.005050000000000001
      vertex 5.875677837741128 3.5360055173248566 9.652108739298212
      vertex 5.890687293913006 3.4174847577461853 9.629753731064461
    endloop
  endfacet
  facet normal 0.951165482685835 0.11731507290860936 0.2855195233525547
    outer loop
      vertex 8.295184726672197 7.398017140329562 0.005050000000000001
      vertex 5.854455096013297 3.6543909030674304 9.674166597709487
      vertex 5.875677837741128 3.5360055173248566 9.652108739298212
    endloop
  endfacet
  facet normal 0.9107737197683119 0.2520450329243177 0.32705432692073005
    outer loop
      vertex 8.25694033573221 7.590284677254463 0.005050000000000001
      vertex 5.7536874815313395 4.005539176659095 9.738644541421857
      vertex 5.793469087947605 3.889539608430737 9.717256881681545
    endloop
  endfacet
  facet normal 0.9397160782499494 0.1630562074325703 0.3005767214809585
    outer loop
      vertex 8.280785280403231 7.495090322016129 0.005050000000000001
      vertex 5.8270455889344 3.7723457427503413 9.695871158394656
      vertex 5.854455096013297 3.6543909030674304 9.674166597709487
    endloop
  endfacet
  facet normal 0.9262183392288615 0.20798928334107777 0.31442017443445686
    outer loop
      vertex 8.280785280403231 7.495090322016129 0.005050000000000001
      vertex 5.799503277367974 3.8685718610253055 9.713351565651477
      vertex 5.8270455889344 3.7723457427503413 9.695871158394656
    endloop
  endfacet
  facet normal 0.9262183392288685 0.20798928334105352 0.3144201744344525
    outer loop
      vertex 8.280785280403231 7.495090322016129 0.005050000000000001
      vertex 5.793469087947605 3.889539608430737 9.717256881681545
      vertex 5.799503277367974 3.8685718610253055 9.713351565651477
    endloop
  endfacet
  facet normal 0.7821623665199221 0.4952988561156619 0.3780225860057464
    outer loop
      vertex 8.157728610000273 7.814102744193223 0.005050000000000001
      vertex 5.392225556451406 4.663379236383793 9.855313714877568
      vertex 5.466465061996164 4.559724127370909 9.837518242674145
    endloop
  endfacet
  facet normal 0.8313581852729567 0.4184705438483079 0.36568561868216465
    outer loop
      vertex 8.181921264348356 7.771396736825999 0.005050000000000001
      vertex 5.535298553300554 4.453296480190605 9.818995339249268
      vertex 5.598569721637977 4.344376962395511 9.799794710394913
    endloop
  endfacet
  facet normal 0.8074946719061359 0.4574400813768623 0.3724257332585002
    outer loop
      vertex 8.181921264348356 7.771396736825999 0.005050000000000001
      vertex 5.466465061996164 4.559724127370909 9.837518242674145
      vertex 5.535298553300554 4.453296480190605 9.818995339249268
    endloop
  endfacet
  facet normal 0.8934785307700958 0.29516543718160826 0.33848704516761197
    outer loop
      vertex 8.25694033573221 7.590284677254463 0.005050000000000001
      vertex 5.707880101708963 4.120207664922872 9.759566275514475
      vertex 5.7536874815313395 4.005539176659095 9.738644541421857
    endloop
  endfacet
  facet normal 0.8744230179649963 0.3373021789563679 0.3487285846102585
    outer loop
      vertex 8.241544065183021 7.636889853392221 0.005050000000000001
      vertex 5.6561382676274 4.233250959604307 9.779967531431426
      vertex 5.707880101708963 4.120207664922872 9.759566275514475
    endloop
  endfacet
  facet normal 0.8536907362335876 0.37841507766338867 0.3577906592771345
    outer loop
      vertex 8.223879532511287 7.68268343236509 0.005050000000000001
      vertex 5.598569721637977 4.344376962395511 9.799794710394913
      vertex 5.6561382676274 4.233250959604307 9.779967531431426
    endloop
  endfacet
  facet normal 0.7554165246303437 0.5320243426951987 0.38248656590154256
    outer loop
      vertex 8.131469612302546 7.855570233019603 0.005050000000000001
      vertex 5.312752089861291 4.763986772260625 9.872333689870494
      vertex 5.392225556451406 4.663379236383793 9.855313714877568
    endloop
  endfacet
  facet normal 1 0 0
    outer loop
      vertex -6.5 -6.5 -0.00495
      vertex -6.5 6.5 0.005
      vertex -6.5 -6.5 0.005
    endloop
  endfacet
  facet normal 0.9635179096299407 -7.923850132665638e-18 -0.26764386378609467
    outer loop
      vertex -6.5 -6.5 0.005
      vertex -5 5 5.404999999999999
      vertex -5 -5 5.404999999999999
    endloop
  endfacet
  facet normal 0 1 0
    outer loop
      vertex -6.5 -6.5 -0.00495
      vertex -6.5 -6.5 0.005
      vertex 6.5 -6.5 -0.00495
    endloop
  endfacet
  facet normal -7.923850132665638e-18 0.9635179096299407 -0.26764386378609467
    outer loop
      vertex -6.5 -6.5 0.005
      vertex -5 -5 5.404999999999999
      vertex 5 -5 5.404999999999999
    endloop
  endfacet
  facet normal 0 0 -1
    outer loop
      vertex -5 -5 5.404999999999999
      vertex -0.7982828624497714 -2.6315859232635743 5.404999999999999
      vertex 5 -5 5.404999999999999
    endloop
  endfacet
  facet normal 0 0 -1
    outer loop
      vertex -5 -5 5.404999999999999
      vertex -2.358753677500748 -1.4137825465313598 5.404999999999999
      vertex -2.2865414338319994 -1.527818140803906 5.404999999999999
    endloop
  endfacet
  facet normal 0 0 -1
    outer loop
      vertex -5 -5 5.404999999999999
      vertex -2.2865414338319994 -1.527818140803906 5.404999999999999
      vertex -2.2088207115717737 -1.6381730873541918 5.404999999999999
    endloop
  endfacet
  facet normal 0 0 -1
    outer loop
      vertex -5 -5 5.404999999999999
      vertex -2.589246179253307 -0.9264470968286052 5.404999999999999
      vertex -2.5406687144060385 -1.0523794390039969 5.404999999999999
    endloop
  endfacet
  facet normal 0 0 -1
    outer loop
      vertex -5 -5 5.404999999999999
      vertex -2.6315859232635743 -0.7982828624497714 5.404999999999999
      vertex -2.589246179253307 -0.9264470968286052 5.404999999999999
    endloop
  endfacet
  facet normal 0 0 -1
    outer loop
      vertex -5 -5 5.404999999999999
      vertex -2.6629355133716164 -0.6849999999999999 5.404999999999999
      vertex -2.6315859232635743 -0.7982828624497714 5.404999999999999
    endloop
  endfacet
  facet normal 0 0 -1
    outer loop
      vertex -5 -5 5.404999999999999
      vertex -2.4252834769579765 -1.2963410262714936 5.404999999999999
      vertex -2.358753677500748 -1.4137825465313598 5.404999999999999
    endloop
  endfacet
  facet normal 0 0 -1
    outer loop
      vertex -5 -5 5.404999999999999
      vertex -2.485970556089469 -1.1757765069332757 5.404999999999999
      vertex -2.4252834769579765 -1.2963410262714936 5.404999999999999
    endloop
  endfacet
  facet normal 0 0 -1
    outer loop
      vertex -5 -5 5.404999999999999
      vertex -2.5406687144060385 -1.0523794390039969 5.404999999999999
      vertex -2.485970556089469 -1.1757765069332757 5.404999999999999
    endloop
  endfacet
  facet normal 0 0 -1
    outer loop
      vertex -5 -5 5.404999999999999
      vertex -1.6381730873541918 -2.2088207115717737 5.404999999999999
      vertex -1.527818140803906 -2.2865414338319994 5.404999999999999
    endloop
  endfacet
  facet normal 0 0 -1
    outer loop
      vertex -5 -5 5.404999999999999
      vertex -1.527818140803906 -2.2865414338319994 5.404999999999999
      vertex -1.4137825465313598 -2.358753677500748 5.404999999999999
    endloop
  endfacet
  facet normal 0 0 -1
    outer loop
      vertex -5 -5 5.404999999999999
      vertex -1.4137825465313598 -2.358753677500748 5.404999999999999
      vertex -1.2963410262714936 -2.4252834769579765 5.404999999999999
    endloop
  endfacet
  facet normal 0 0 -1
    outer loop
      vertex -5 -5 5.404999999999999
      vertex -1.2963410262714936 -2.4252834769579765 5.404999999999999
      vertex -1.1757765069332757 -2.485970556089469 5.404999999999999
    endloop
  endfacet
  facet normal 0 0 -1
    outer loop
      vertex -5 -5 5.404999999999999
      vertex -1.1757765069332757 -2.485970556089469 5.404999999999999
      vertex -1.0523794390039969 -2.5406687144060385 5.404999999999999
    endloop
  endfacet
  facet normal 0 0 -1
    outer loop
      vertex -5 -5 5.404999999999999
      vertex -1.0523794390039969 -2.5406687144060385 5.404999999999999
      vertex -0.9264470968286052 -2.589246179253307 5.404999999999999
    endloop
  endfacet
  facet normal 0 0 -1
    outer loop
      vertex -5 -5 5.404999999999999
      vertex -0.9264470968286052 -2.589246179253307 5.404999999999999
      vertex -0.7982828624497714 -2.6315859232635743 5.404999999999999
    endloop
  endfacet
  facet normal 0 0 -1
    outer loop
      vertex -5 -5 5.404999999999999
      vertex -2.125778746747527 -1.744581531450025 5.404999999999999
      vertex -2.0376155947261374 -1.8467871258293007 5.404999999999999
    endloop
  endfacet
  facet normal 0 0 -1
    outer loop
      vertex -5 -5 5.404999999999999
      vertex -2.0376155947261374 -1.8467871258293007 5.404999999999999
      vertex -1.9445436482630059 -1.9445436482630059 5.404999999999999
    endloop
  endfacet
  facet normal 0 0 -1
    outer loop
      vertex -5 -5 5.404999999999999
      vertex -1.9445436482630059 -1.9445436482630059 5.404999999999999
      vertex -1.8467871258293007 -2.0376155947261374 5.404999999999999
    endloop
  endfacet
  facet normal 0 0 -1
    outer loop
      vertex -5 -5 5.404999999999999
      vertex -1.8467871258293007 -2.0376155947261374 5.404999999999999
      vertex -1.744581531450025 -2.125778746747527 5.404999999999999
    endloop
  endfacet
  facet normal 0 0 -1
    outer loop
      vertex -5 -5 5.404999999999999
      vertex -2.2088207115717737 -1.6381730873541918 5.404999999999999
      vertex -2.125778746747527 -1.744581531450025 5.404999999999999
    endloop
  endfacet
  facet normal 0 0 -1
    outer loop
      vertex -5 -5 5.404999999999999
      vertex -1.744581531450025 -2.125778746747527 5.404999999999999
      vertex -1.6381730873541918 -2.2088207115717737 5.404999999999999
    endloop
  endfacet
  facet normal 0 0 -1
    outer loop
      vertex -5 -5 5.404999999999999
      vertex -2.6629355133716164 0.6849999999999999 5.404999999999999
      vertex -2.6629355133716164 -0.6849999999999999 5.404999999999999
    endloop
  endfacet
  facet normal 0 0 -1
    outer loop
      vertex -2.6629355133716164 -0.6849999999999999 5.404999999999999
      vertex -2.6629355133716164 0.6849999999999999 5.404999999999999
      vertex -0.735 -0.6849999999999999 5.404999999999999
    endloop
  endfacet
  facet normal 0 0 -1
    outer loop
      vertex -0.735 -2.05 5.404999999999999
      vertex -0.735 -0.6849999999999999 5.404999999999999
      vertex 0.735 -0.6849999999999999 5.404999999999999
    endloop
  endfacet
  facet normal 0 0 -1
    outer loop
      vertex -0.735 -0.6849999999999999 5.404999999999999
      vertex -0.735 0.6849999999999999 5.404999999999999
      vertex 0.735 -0.6849999999999999 5.404999999999999
    endloop
  endfacet
  facet normal 1 0 0
    outer loop
      vertex -6.5 -6.5 -0.00495
      vertex -6.5 6.5 -0.00495
      vertex -6.5 6.5 0.005
    endloop
  endfacet
  facet normal 0.9635179096299405 0 -0.26764386378609467
    outer loop
      vertex -6.5 -6.5 0.005
      vertex -6.5 6.5 0.005
      vertex -5 5 5.404999999999999
    endloop
  endfacet
  facet normal 0 -1 0
    outer loop
      vertex -6.5 6.5 -0.00495
      vertex 6.5 6.5 0.005
      vertex -6.5 6.5 0.005
    endloop
  endfacet
  facet normal 7.923850132665638e-18 -0.9635179096299407 -0.26764386378609467
    outer loop
      vertex -6.5 6.5 0.005
      vertex 5 5 5.404999999999999
      vertex -5 5 5.404999999999999
    endloop
  endfacet
  facet normal 0 0 -1
    outer loop
      vertex -5 -5 5.404999999999999
      vertex -5 5 5.404999999999999
      vertex -2.6629355133716164 0.6849999999999999 5.404999999999999
    endloop
  endfacet
  facet normal 0 0 -1
    outer loop
      vertex -5 5 5.404999999999999
      vertex -2.6315859232635743 0.7982828624497714 5.404999999999999
      vertex -2.6629355133716164 0.6849999999999999 5.404999999999999
    endloop
  endfacet
  facet normal 0 0 -1
    outer loop
      vertex -5 5 5.404999999999999
      vertex -2.589246179253307 0.9264470968286052 5.404999999999999
      vertex -2.6315859232635743 0.7982828624497714 5.404999999999999
    endloop
  endfacet
  facet normal 0 0 -1
    outer loop
      vertex -5 5 5.404999999999999
      vertex -2.5406687144060385 1.0523794390039969 5.404999999999999
      vertex -2.589246179253307 0.9264470968286052 5.404999999999999
    endloop
  endfacet
  facet normal 0 0 -1
    outer loop
      vertex -5 5 5.404999999999999
      vertex -2.485970556089469 1.1757765069332757 5.404999999999999
      vertex -2.5406687144060385 1.0523794390039969 5.404999999999999
    endloop
  endfacet
  facet normal 0 0 -1
    outer loop
      vertex -5 5 5.404999999999999
      vertex -2.4252834769579765 1.2963410262714936 5.404999999999999
      vertex -2.485970556089469 1.1757765069332757 5.404999999999999
    endloop
  endfacet
  facet normal 0 0 -1
    outer loop
      vertex -5 5 5.404999999999999
      vertex -2.358753677500748 1.4137825465313598 5.404999999999999
      vertex -2.4252834769579765 1.2963410262714936 5.404999999999999
    endloop
  endfacet
  facet normal 0 0 -1
    outer loop
      vertex -5 5 5.404999999999999
      vertex -2.2865414338319994 1.527818140803906 5.404999999999999
      vertex -2.358753677500748 1.4137825465313598 5.404999999999999
    endloop
  endfacet
  facet normal 0 0 -1
    outer loop
      vertex -5 5 5.404999999999999
      vertex -2.2088207115717737 1.6381730873541918 5.404999999999999
      vertex -2.2865414338319994 1.527818140803906 5.404999999999999
    endloop
  endfacet
  facet normal 0 0 -1
    outer loop
      vertex -5 5 5.404999999999999
      vertex -2.125778746747527 1.744581531450025 5.404999999999999
      vertex -2.2088207115717737 1.6381730873541918 5.404999999999999
    endloop
  endfacet
  facet normal 0 0 -1
    outer loop
      vertex -5 5 5.404999999999999
      vertex -2.0376155947261374 1.8467871258293007 5.404999999999999
      vertex -2.125778746747527 1.744581531450025 5.404999999999999
    endloop
  endfacet
  facet normal 0 0 -1
    outer loop
      vertex -5 5 5.404999999999999
      vertex -1.9445436482630059 1.9445436482630059 5.404999999999999
      vertex -2.0376155947261374 1.8467871258293007 5.404999999999999
    endloop
  endfacet
  facet normal 0 0 -1
    outer loop
      vertex -5 5 5.404999999999999
      vertex -1.8467871258293007 2.0376155947261374 5.404999999999999
      vertex -1.9445436482630059 1.9445436482630059 5.404999999999999
    endloop
  endfacet
  facet normal 0 0 -1
    outer loop
      vertex -5 5 5.404999999999999
      vertex -1.744581531450025 2.125778746747527 5.404999999999999
      vertex -1.8467871258293007 2.0376155947261374 5.404999999999999
    endloop
  endfacet
  facet normal 0 0 -1
    outer loop
      vertex -5 5 5.404999999999999
      vertex -1.6381730873541918 2.2088207115717737 5.404999999999999
      vertex -1.744581531450025 2.125778746747527 5.404999999999999
    endloop
  endfacet
  facet normal 0 0 -1
    outer loop
      vertex -5 5 5.404999999999999
      vertex -1.527818140803906 2.2865414338319994 5.404999999999999
      vertex -1.6381730873541918 2.2088207115717737 5.404999999999999
    endloop
  endfacet
  facet normal 0 0 -1
    outer loop
      vertex -5 5 5.404999999999999
      vertex -1.4137825465313598 2.358753677500748 5.404999999999999
      vertex -1.527818140803906 2.2865414338319994 5.404999999999999
    endloop
  endfacet
  facet normal 0 0 -1
    outer loop
      vertex -5 5 5.404999999999999
      vertex -1.2963410262714936 2.4252834769579765 5.404999999999999
      vertex -1.4137825465313598 2.358753677500748 5.404999999999999
    endloop
  endfacet
  facet normal 0 0 -1
    outer loop
      vertex -5 5 5.404999999999999
      vertex -1.1757765069332757 2.485970556089469 5.404999999999999
      vertex -1.2963410262714936 2.4252834769579765 5.404999999999999
    endloop
  endfacet
  facet normal 0 0 -1
    outer loop
      vertex -5 5 5.404999999999999
      vertex -1.0523794390039969 2.5406687144060385 5.404999999999999
      vertex -1.1757765069332757 2.485970556089469 5.404999999999999
    endloop
  endfacet
  facet normal 0 0 -1
    outer loop
      vertex -5 5 5.404999999999999
      vertex -0.9264470968286052 2.589246179253307 5.404999999999999
      vertex -1.0523794390039969 2.5406687144060385 5.404999999999999
    endloop
  endfacet
  facet normal 0 0 -1
    outer loop
      vertex -5 5 5.404999999999999
      vertex -0.7982828624497714 2.6315859232635743 5.404999999999999
      vertex -0.9264470968286052 2.589246179253307 5.404999999999999
    endloop
  endfacet
  facet normal 0 0 -1
    outer loop
      vertex -5 5 5.404999999999999
      vertex -0.6681954947339757 2.667585946284996 5.404999999999999
      vertex -0.7982828624497714 2.6315859232635743 5.404999999999999
    endloop
  endfacet
  facet normal 0 0 -1
    outer loop
      vertex -0.735 -0.6849999999999999 5.404999999999999
      vertex -2.6629355133716164 0.6849999999999999 5.404999999999999
      vertex -0.735 0.6849999999999999 5.404999999999999
    endloop
  endfacet
  facet normal 0 0 -1
    outer loop
      vertex -0.735 0.6849999999999999 5.404999999999999
      vertex -0.735 2.05 5.404999999999999
      vertex 0.735 2.05 5.404999999999999
    endloop
  endfacet
  facet normal 0 0 -1
    outer loop
      vertex -5 5 5.404999999999999
      vertex -0.5364983855443527 2.6971595211088837 5.404999999999999
      vertex -0.6681954947339757 2.667585946284996 5.404999999999999
    endloop
  endfacet
  facet normal 0 0 -1
    outer loop
      vertex -5 5 5.404999999999999
      vertex -0.4035088047522448 2.720235402403148 5.404999999999999
      vertex -0.5364983855443527 2.6971595211088837 5.404999999999999
    endloop
  endfacet
  facet normal 0 0 -1
    outer loop
      vertex -5 5 5.404999999999999
      vertex -0.26954713590629165 2.7367579983485415 5.404999999999999
      vertex -0.4035088047522448 2.720235402403148 5.404999999999999
    endloop
  endfacet
  facet normal 0 0 -1
    outer loop
      vertex -5 5 5.404999999999999
      vertex -0.13493610440039955 2.7466875045642243 5.404999999999999
      vertex -0.26954713590629165 2.7367579983485415 5.404999999999999
    endloop
  endfacet
  facet normal 0 0 -1
    outer loop
      vertex -5 5 5.404999999999999
      vertex 0 2.75 5.404999999999999
      vertex -0.13493610440039955 2.7466875045642243 5.404999999999999
    endloop
  endfacet
  facet normal 0 0 -1
    outer loop
      vertex -5 5 5.404999999999999
      vertex 0.13493610440039955 2.7466875045642243 5.404999999999999
      vertex 0 2.75 5.404999999999999
    endloop
  endfacet
  facet normal 0 0 -1
    outer loop
      vertex -5 5 5.404999999999999
      vertex 0.26954713590629165 2.7367579983485415 5.404999999999999
      vertex 0.13493610440039955 2.7466875045642243 5.404999999999999
    endloop
  endfacet
  facet normal 0 0 -1
    outer loop
      vertex -5 5 5.404999999999999
      vertex 0.4035088047522448 2.720235402403148 5.404999999999999
      vertex 0.26954713590629165 2.7367579983485415 5.404999999999999
    endloop
  endfacet
  facet normal 0 0 -1
    outer loop
      vertex -5 5 5.404999999999999
      vertex 0.5364983855443527 2.6971595211088837 5.404999999999999
      vertex 0.4035088047522448 2.720235402403148 5.404999999999999
    endloop
  endfacet
  facet normal 0 0 -1
    outer loop
      vertex -5 5 5.404999999999999
      vertex 0.6681954947339757 2.667585946284996 5.404999999999999
      vertex 0.5364983855443527 2.6971595211088837 5.404999999999999
    endloop
  endfacet
  facet normal 0 0 -1
    outer loop
      vertex -5 5 5.404999999999999
      vertex 0.7982828624497714 2.6315859232635743 5.404999999999999
      vertex 0.6681954947339757 2.667585946284996 5.404999999999999
    endloop
  endfacet
  facet normal 0 0.9635179096299405 -0.26764386378609467
    outer loop
      vertex -6.5 -6.5 0.005
      vertex 5 -5 5.404999999999999
      vertex 6.5 -6.5 0.005
    endloop
  endfacet
  facet normal 0 1 0
    outer loop
      vertex -6.5 -6.5 0.005
      vertex 6.5 -6.5 0.005
      vertex 6.5 -6.5 -0.00495
    endloop
  endfacet
  facet normal -1 0 0
    outer loop
      vertex 6.5 -6.5 -0.00495
      vertex 6.5 -6.5 0.005
      vertex 6.5 6.5 -0.00495
    endloop
  endfacet
  facet normal -0.9635179096299407 7.923850132665638e-18 -0.26764386378609467
    outer loop
      vertex 6.5 -6.5 0.005
      vertex 5 -5 5.404999999999999
      vertex 5 5 5.404999999999999
    endloop
  endfacet
  facet normal 0 0 -1
    outer loop
      vertex -0.7982828624497714 -2.6315859232635743 5.404999999999999
      vertex -0.6681954947339757 -2.667585946284996 5.404999999999999
      vertex 5 -5 5.404999999999999
    endloop
  endfacet
  facet normal 0 0 -1
    outer loop
      vertex -0.6681954947339757 -2.667585946284996 5.404999999999999
      vertex -0.5364983855443527 -2.6971595211088837 5.404999999999999
      vertex 5 -5 5.404999999999999
    endloop
  endfacet
  facet normal 0 0 -1
    outer loop
      vertex -0.5364983855443527 -2.6971595211088837 5.404999999999999
      vertex -0.4035088047522448 -2.720235402403148 5.404999999999999
      vertex 5 -5 5.404999999999999
    endloop
  endfacet
  facet normal 0 0 -1
    outer loop
      vertex -0.4035088047522448 -2.720235402403148 5.404999999999999
      vertex -0.26954713590629165 -2.7367579983485415 5.404999999999999
      vertex 5 -5 5.404999999999999
    endloop
  endfacet
  facet normal 0 0 -1
    outer loop
      vertex -0.26954713590629165 -2.7367579983485415 5.404999999999999
      vertex -0.13493610440039955 -2.7466875045642243 5.404999999999999
      vertex 5 -5 5.404999999999999
    endloop
  endfacet
  facet normal 0 0 -1
    outer loop
      vertex -0.13493610440039955 -2.7466875045642243 5.404999999999999
      vertex 0 -2.75 5.404999999999999
      vertex 5 -5 5.404999999999999
    endloop
  endfacet
  facet normal 0 0 -1
    outer loop
      vertex 0 -2.75 5.404999999999999
      vertex 0.13493610440039955 -2.7466875045642243 5.404999999999999
      vertex 5 -5 5.404999999999999
    endloop
  endfacet
  facet normal 0 0 -1
    outer loop
      vertex 0.13493610440039955 -2.7466875045642243 5.404999999999999
      vertex 0.26954713590629165 -2.7367579983485415 5.404999999999999
      vertex 5 -5 5.404999999999999
    endloop
  endfacet
  facet normal 0 0 -1
    outer loop
      vertex 0.26954713590629165 -2.7367579983485415 5.404999999999999
      vertex 0.4035088047522448 -2.720235402403148 5.404999999999999
      vertex 5 -5 5.404999999999999
    endloop
  endfacet
  facet normal 0 0 -1
    outer loop
      vertex 0.4035088047522448 -2.720235402403148 5.404999999999999
      vertex 0.5364983855443527 -2.6971595211088837 5.404999999999999
      vertex 5 -5 5.404999999999999
    endloop
  endfacet
  facet normal 0 0 -1
    outer loop
      vertex 0.5364983855443527 -2.6971595211088837 5.404999999999999
      vertex 0.6681954947339757 -2.667585946284996 5.404999999999999
      vertex 5 -5 5.404999999999999
    endloop
  endfacet
  facet normal 0 0 -1
    outer loop
      vertex -0.735 -2.05 5.404999999999999
      vertex 0.735 -0.6849999999999999 5.404999999999999
      vertex 0.735 -2.05 5.404999999999999
    endloop
  endfacet
  facet normal 0 0 -1
    outer loop
      vertex 0.735 -0.6849999999999999 5.404999999999999
      vertex 0.735 0.6849999999999999 5.404999999999999
      vertex 2.6629355133716164 -0.6849999999999999 5.404999999999999
    endloop
  endfacet
  facet normal 0 0 -1
    outer loop
      vertex 0.6681954947339757 -2.667585946284996 5.404999999999999
      vertex 0.7982828624497714 -2.6315859232635743 5.404999999999999
      vertex 5 -5 5.404999999999999
    endloop
  endfacet
  facet normal 0 0 -1
    outer loop
      vertex 0.7982828624497714 -2.6315859232635743 5.404999999999999
      vertex 0.9264470968286052 -2.589246179253307 5.404999999999999
      vertex 5 -5 5.404999999999999
    endloop
  endfacet
  facet normal 0 0 -1
    outer loop
      vertex 0.9264470968286052 -2.589246179253307 5.404999999999999
      vertex 1.0523794390039969 -2.5406687144060385 5.404999999999999
      vertex 5 -5 5.404999999999999
    endloop
  endfacet
  facet normal 0 0 -1
    outer loop
      vertex 1.0523794390039969 -2.5406687144060385 5.404999999999999
      vertex 1.1757765069332757 -2.485970556089469 5.404999999999999
      vertex 5 -5 5.404999999999999
    endloop
  endfacet
  facet normal 0 0 -1
    outer loop
      vertex 1.1757765069332757 -2.485970556089469 5.404999999999999
      vertex 1.2963410262714936 -2.4252834769579765 5.404999999999999
      vertex 5 -5 5.404999999999999
    endloop
  endfacet
  facet normal 0 0 -1
    outer loop
      vertex 1.2963410262714936 -2.4252834769579765 5.404999999999999
      vertex 1.4137825465313598 -2.358753677500748 5.404999999999999
      vertex 5 -5 5.404999999999999
    endloop
  endfacet
  facet normal 0 0 -1
    outer loop
      vertex 1.4137825465313598 -2.358753677500748 5.404999999999999
      vertex 1.527818140803906 -2.2865414338319994 5.404999999999999
      vertex 5 -5 5.404999999999999
    endloop
  endfacet
  facet normal 0 0 -1
    outer loop
      vertex 1.527818140803906 -2.2865414338319994 5.404999999999999
      vertex 1.6381730873541918 -2.2088207115717737 5.404999999999999
      vertex 5 -5 5.404999999999999
    endloop
  endfacet
  facet normal 0 0 -1
    outer loop
      vertex 1.6381730873541918 -2.2088207115717737 5.404999999999999
      vertex 1.744581531450025 -2.125778746747527 5.404999999999999
      vertex 5 -5 5.404999999999999
    endloop
  endfacet
  facet normal 0 0 -1
    outer loop
      vertex 1.744581531450025 -2.125778746747527 5.404999999999999
      vertex 1.8467871258293007 -2.0376155947261374 5.404999999999999
      vertex 5 -5 5.404999999999999
    endloop
  endfacet
  facet normal 0 0 -1
    outer loop
      vertex 1.8467871258293007 -2.0376155947261374 5.404999999999999
      vertex 1.9445436482630059 -1.9445436482630059 5.404999999999999
      vertex 5 -5 5.404999999999999
    endloop
  endfacet
  facet normal 0 0 -1
    outer loop
      vertex 1.9445436482630059 -1.9445436482630059 5.404999999999999
      vertex 2.0376155947261374 -1.8467871258293007 5.404999999999999
      vertex 5 -5 5.404999999999999
    endloop
  endfacet
  facet normal 0 0 -1
    outer loop
      vertex 2.0376155947261374 -1.8467871258293007 5.404999999999999
      vertex 2.125778746747527 -1.744581531450025 5.404999999999999
      vertex 5 -5 5.404999999999999
    endloop
  endfacet
  facet normal 0 0 -1
    outer loop
      vertex 2.125778746747527 -1.744581531450025 5.404999999999999
      vertex 2.2088207115717737 -1.6381730873541918 5.404999999999999
      vertex 5 -5 5.404999999999999
    endloop
  endfacet
  facet normal 0 0 -1
    outer loop
      vertex 2.2088207115717737 -1.6381730873541918 5.404999999999999
      vertex 2.2865414338319994 -1.527818140803906 5.404999999999999
      vertex 5 -5 5.404999999999999
    endloop
  endfacet
  facet normal 0 0 -1
    outer loop
      vertex 2.2865414338319994 -1.527818140803906 5.404999999999999
      vertex 2.358753677500748 -1.4137825465313598 5.404999999999999
      vertex 5 -5 5.404999999999999
    endloop
  endfacet
  facet normal 0 0 -1
    outer loop
      vertex 2.358753677500748 -1.4137825465313598 5.404999999999999
      vertex 2.4252834769579765 -1.2963410262714936 5.404999999999999
      vertex 5 -5 5.404999999999999
    endloop
  endfacet
  facet normal 0 0 -1
    outer loop
      vertex 2.4252834769579765 -1.2963410262714936 5.404999999999999
      vertex 2.485970556089469 -1.1757765069332757 5.404999999999999
      vertex 5 -5 5.404999999999999
    endloop
  endfacet
  facet normal 0 0 -1
    outer loop
      vertex 2.485970556089469 -1.1757765069332757 5.404999999999999
      vertex 2.5406687144060385 -1.0523794390039969 5.404999999999999
      vertex 5 -5 5.404999999999999
    endloop
  endfacet
  facet normal 0 0 -1
    outer loop
      vertex 2.5406687144060385 -1.0523794390039969 5.404999999999999
      vertex 2.589246179253307 -0.9264470968286052 5.404999999999999
      vertex 5 -5 5.404999999999999
    endloop
  endfacet
  facet normal 0 0 -1
    outer loop
      vertex 2.589246179253307 -0.9264470968286052 5.404999999999999
      vertex 2.6315859232635743 -0.7982828624497714 5.404999999999999
      vertex 5 -5 5.404999999999999
    endloop
  endfacet
  facet normal 0 0 -1
    outer loop
      vertex 2.6315859232635743 -0.7982828624497714 5.404999999999999
      vertex 2.6629355133716164 -0.6849999999999999 5.404999999999999
      vertex 5 -5 5.404999999999999
    endloop
  endfacet
  facet normal 0 0 -1
    outer loop
      vertex 2.6629355133716164 -0.6849999999999999 5.404999999999999
      vertex 5 5 5.404999999999999
      vertex 5 -5 5.404999999999999
    endloop
  endfacet
  facet normal 0 -0.9635179096299405 -0.26764386378609467
    outer loop
      vertex -6.5 6.5 0.005
      vertex 6.5 6.5 0.005
      vertex 5 5 5.404999999999999
    endloop
  endfacet
  facet normal 0 -1 0
    outer loop
      vertex -6.5 6.5 -0.00495
      vertex 6.5 6.5 -0.00495
      vertex 6.5 6.5 0.005
    endloop
  endfacet
  facet normal -0.9635179096299405 0 -0.26764386378609467
    outer loop
      vertex 6.5 -6.5 0.005
      vertex 5 5 5.404999999999999
      vertex 6.5 6.5 0.005
    endloop
  endfacet
  facet normal -1 0 0
    outer loop
      vertex 6.5 -6.5 0.005
      vertex 6.5 6.5 0.005
      vertex 6.5 6.5 -0.00495
    endloop
  endfacet
  facet normal 0 0 -1
    outer loop
      vertex -0.735 0.6849999999999999 5.404999999999999
      vertex 0.735 0.6849999999999999 5.404999999999999
      vertex 0.735 -0.6849999999999999 5.404999999999999
    endloop
  endfacet
  facet normal 0 0 -1
    outer loop
      vertex -0.735 0.6849999999999999 5.404999999999999
      vertex 0.735 2.05 5.404999999999999
      vertex 0.735 0.6849999999999999 5.404999999999999
    endloop
  endfacet
  facet normal 0 0 -1
    outer loop
      vertex 2.6629355133716164 -0.6849999999999999 5.404999999999999
      vertex 0.735 0.6849999999999999 5.404999999999999
      vertex 2.6629355133716164 0.6849999999999999 5.404999999999999
    endloop
  endfacet
  facet normal 0 0 -1
    outer loop
      vertex 2.6629355133716164 -0.6849999999999999 5.404999999999999
      vertex 2.6629355133716164 0.6849999999999999 5.404999999999999
      vertex 5 5 5.404999999999999
    endloop
  endfacet
  facet normal 0 0 -1
    outer loop
      vertex 1.6381730873541918 2.2088207115717737 5.404999999999999
      vertex 5 5 5.404999999999999
      vertex 1.744581531450025 2.125778746747527 5.404999999999999
    endloop
  endfacet
  facet normal 0 0 -1
    outer loop
      vertex 2.125778746747527 1.744581531450025 5.404999999999999
      vertex 5 5 5.404999999999999
      vertex 2.2088207115717737 1.6381730873541918 5.404999999999999
    endloop
  endfacet
  facet normal 0 0 -1
    outer loop
      vertex 1.8467871258293007 2.0376155947261374 5.404999999999999
      vertex 1.744581531450025 2.125778746747527 5.404999999999999
      vertex 5 5 5.404999999999999
    endloop
  endfacet
  facet normal 0 0 -1
    outer loop
      vertex 1.9445436482630059 1.9445436482630059 5.404999999999999
      vertex 1.8467871258293007 2.0376155947261374 5.404999999999999
      vertex 5 5 5.404999999999999
    endloop
  endfacet
  facet normal 0 0 -1
    outer loop
      vertex 1.9445436482630059 1.9445436482630059 5.404999999999999
      vertex 5 5 5.404999999999999
      vertex 2.0376155947261374 1.8467871258293007 5.404999999999999
    endloop
  endfacet
  facet normal 0 0 -1
    outer loop
      vertex 2.0376155947261374 1.8467871258293007 5.404999999999999
      vertex 5 5 5.404999999999999
      vertex 2.125778746747527 1.744581531450025 5.404999999999999
    endloop
  endfacet
  facet normal 0 0 -1
    outer loop
      vertex 0.9264470968286052 2.589246179253307 5.404999999999999
      vertex 0.7982828624497714 2.6315859232635743 5.404999999999999
      vertex 5 5 5.404999999999999
    endloop
  endfacet
  facet normal 0 0 -1
    outer loop
      vertex 0.9264470968286052 2.589246179253307 5.404999999999999
      vertex 5 5 5.404999999999999
      vertex 1.0523794390039969 2.5406687144060385 5.404999999999999
    endloop
  endfacet
  facet normal 0 0 -1
    outer loop
      vertex 1.0523794390039969 2.5406687144060385 5.404999999999999
      vertex 5 5 5.404999999999999
      vertex 1.1757765069332757 2.485970556089469 5.404999999999999
    endloop
  endfacet
  facet normal 0 0 -1
    outer loop
      vertex 1.2963410262714936 2.4252834769579765 5.404999999999999
      vertex 1.1757765069332757 2.485970556089469 5.404999999999999
      vertex 5 5 5.404999999999999
    endloop
  endfacet
  facet normal 0 0 -1
    outer loop
      vertex 1.2963410262714936 2.4252834769579765 5.404999999999999
      vertex 5 5 5.404999999999999
      vertex 1.4137825465313598 2.358753677500748 5.404999999999999
    endloop
  endfacet
  facet normal 0 0 -1
    outer loop
      vertex 1.527818140803906 2.2865414338319994 5.404999999999999
      vertex 1.4137825465313598 2.358753677500748 5.404999999999999
      vertex 5 5 5.404999999999999
    endloop
  endfacet
  facet normal 0 0 -1
    outer loop
      vertex 1.527818140803906 2.2865414338319994 5.404999999999999
      vertex 5 5 5.404999999999999
      vertex 1.6381730873541918 2.2088207115717737 5.404999999999999
    endloop
  endfacet
  facet normal 0 0 -1
    outer loop
      vertex 2.5406687144060385 1.0523794390039969 5.404999999999999
      vertex 2.485970556089469 1.1757765069332757 5.404999999999999
      vertex 5 5 5.404999999999999
    endloop
  endfacet
  facet normal 0 0 -1
    outer loop
      vertex 2.4252834769579765 1.2963410262714936 5.404999999999999
      vertex 5 5 5.404999999999999
      vertex 2.485970556089469 1.1757765069332757 5.404999999999999
    endloop
  endfacet
  facet normal 0 0 -1
    outer loop
      vertex 2.4252834769579765 1.2963410262714936 5.404999999999999
      vertex 2.358753677500748 1.4137825465313598 5.404999999999999
      vertex 5 5 5.404999999999999
    endloop
  endfacet
  facet normal 0 0 -1
    outer loop
      vertex 2.6629355133716164 0.6849999999999999 5.404999999999999
      vertex 2.6315859232635743 0.7982828624497714 5.404999999999999
      vertex 5 5 5.404999999999999
    endloop
  endfacet
  facet normal 0 0 -1
    outer loop
      vertex 2.589246179253307 0.9264470968286052 5.404999999999999
      vertex 5 5 5.404999999999999
      vertex 2.6315859232635743 0.7982828624497714 5.404999999999999
    endloop
  endfacet
  facet normal 0 0 -1
    outer loop
      vertex 2.589246179253307 0.9264470968286052 5.404999999999999
      vertex 2.5406687144060385 1.0523794390039969 5.404999999999999
      vertex 5 5 5.404999999999999
    endloop
  endfacet
  facet normal 0 0 -1
    outer loop
      vertex 2.2865414338319994 1.527818140803906 5.404999999999999
      vertex 2.2088207115717737 1.6381730873541918 5.404999999999999
      vertex 5 5 5.404999999999999
    endloop
  endfacet
  facet normal 0 0 -1
    outer loop
      vertex 2.2865414338319994 1.527818140803906 5.404999999999999
      vertex 5 5 5.404999999999999
      vertex 2.358753677500748 1.4137825465313598 5.404999999999999
    endloop
  endfacet
  facet normal 0 0 -1
    outer loop
      vertex -5 5 5.404999999999999
      vertex 5 5 5.404999999999999
      vertex 0.7982828624497714 2.6315859232635743 5.404999999999999
    endloop
  endfacet
  facet normal -0.817584813151585 -0.5758081914178433 8.89366559866544e-19
    outer loop
      vertex -2.2088207115717737 -1.6381730873541918 -0.3
      vertex -2.2865414338319994 -1.527818140803906 5.404999999999999
      vertex -2.2865414338319994 -1.527818140803906 -0.3
    endloop
  endfacet
  facet normal -0.7572088465064839 -0.6531728429537773 0
    outer loop
      vertex -2.125778746747527 -1.744581531450025 -0.3
      vertex -2.0376155947261374 -1.8467871258293007 -0.3
      vertex -2.125778746747527 -1.744581531450025 5.404999999999999
    endloop
  endfacet
  facet normal -0.7883464276266059 -0.6152315905806274 0
    outer loop
      vertex -2.2088207115717737 -1.6381730873541918 -0.3
      vertex -2.125778746747527 -1.744581531450025 -0.3
      vertex -2.2088207115717737 -1.6381730873541918 5.404999999999999
    endloop
  endfacet
  facet normal -0.844853565249707 -0.5349976198870973 0
    outer loop
      vertex -2.358753677500748 -1.4137825465313598 -0.3
      vertex -2.2865414338319994 -1.527818140803906 -0.3
      vertex -2.358753677500748 -1.4137825465313598 5.404999999999999
    endloop
  endfacet
  facet normal -0.8700869911087104 -0.492898192229786 6.893183887666575e-19
    outer loop
      vertex -2.358753677500748 -1.4137825465313598 -0.3
      vertex -2.4252834769579765 -1.2963410262714936 5.404999999999999
      vertex -2.4252834769579765 -1.2963410262714936 -0.3
    endloop
  endfacet
  facet normal -0.8932243011955161 -0.44961132965460504 0
    outer loop
      vertex -2.485970556089469 -1.1757765069332757 -0.3
      vertex -2.4252834769579765 -1.2963410262714936 -0.3
      vertex -2.485970556089469 -1.1757765069332757 5.404999999999999
    endloop
  endfacet
  facet normal -0.9142097557035308 -0.40524131400498936 5.511702449831115e-19
    outer loop
      vertex -2.485970556089469 -1.1757765069332757 -0.3
      vertex -2.5406687144060385 -1.0523794390039969 5.404999999999999
      vertex -2.5406687144060385 -1.0523794390039969 -0.3
    endloop
  endfacet
  facet normal -0.9495281805930367 -0.3136817403988917 0
    outer loop
      vertex -2.6315859232635743 -0.7982828624497714 -0.3
      vertex -2.589246179253307 -0.9264470968286052 -0.3
      vertex -2.6315859232635743 -0.7982828624497714 5.404999999999999
    endloop
  endfacet
  facet normal -0.9637760657954394 -0.26671275747490036 -3.930916543903381e-20
    outer loop
      vertex -2.6315859232635743 -0.7982828624497714 -0.3
      vertex -2.6629355133716164 -0.6849999999999999 5.404999999999999
      vertex -2.6629355133716164 -0.6849999999999999 -0.3
    endloop
  endfacet
  facet normal -0.932992798834739 -0.35989503653498806 -2.621646733919818e-19
    outer loop
      vertex -2.5406687144060385 -1.0523794390039969 -0.3
      vertex -2.589246179253307 -0.9264470968286052 5.404999999999999
      vertex -2.589246179253307 -0.9264470968286052 -0.3
    endloop
  endfacet
  facet normal 0 0 -1
    outer loop
      vertex -0.7982828624497714 -2.6315859232635743 -0.3
      vertex -0.735 -2.05 -0.3
      vertex 0.735 -2.05 -0.3
    endloop
  endfacet
  facet normal 0 0 -1
    outer loop
      vertex -0.6681954947339757 -2.667585946284996 -0.3
      vertex 0.735 -2.05 -0.3
      vertex -0.5364983855443527 -2.6971595211088837 -0.3
    endloop
  endfacet
  facet normal 0 0 -1
    outer loop
      vertex -0.7982828624497714 -2.6315859232635743 -0.3
      vertex 0.735 -2.05 -0.3
      vertex -0.6681954947339757 -2.667585946284996 -0.3
    endloop
  endfacet
  facet normal 0 0 -1
    outer loop
      vertex -0.5364983855443527 -2.6971595211088837 -0.3
      vertex 0.735 -2.05 -0.3
      vertex -0.4035088047522448 -2.720235402403148 -0.3
    endloop
  endfacet
  facet normal -0.6152315905806274 -0.7883464276266059 0
    outer loop
      vertex -1.744581531450025 -2.125778746747527 -0.3
      vertex -1.6381730873541918 -2.2088207115717737 -0.3
      vertex -1.744581531450025 -2.125778746747527 5.404999999999999
    endloop
  endfacet
  facet normal -0.5758081914178433 -0.817584813151585 0
    outer loop
      vertex -1.6381730873541918 -2.2088207115717737 -0.3
      vertex -1.527818140803906 -2.2865414338319994 -0.3
      vertex -1.6381730873541918 -2.2088207115717737 5.404999999999999
    endloop
  endfacet
  facet normal -0.492898192229786 -0.8700869911087104 0
    outer loop
      vertex -1.4137825465313598 -2.358753677500748 -0.3
      vertex -1.2963410262714936 -2.4252834769579765 -0.3
      vertex -1.4137825465313598 -2.358753677500748 5.404999999999999
    endloop
  endfacet
  facet normal -0.5349976198870973 -0.844853565249707 -4.658893456851306e-19
    outer loop
      vertex -1.4137825465313598 -2.358753677500748 -0.3
      vertex -1.527818140803906 -2.2865414338319994 5.404999999999999
      vertex -1.527818140803906 -2.2865414338319994 -0.3
    endloop
  endfacet
  facet normal -0.44961132965460504 -0.8932243011955161 3.0682033098684176e-19
    outer loop
      vertex -1.1757765069332757 -2.485970556089469 -0.3
      vertex -1.2963410262714936 -2.4252834769579765 5.404999999999999
      vertex -1.2963410262714936 -2.4252834769579765 -0.3
    endloop
  endfacet
  facet normal -0.40524131400498936 -0.9142097557035308 0
    outer loop
      vertex -1.1757765069332757 -2.485970556089469 -0.3
      vertex -1.0523794390039969 -2.5406687144060385 -0.3
      vertex -1.1757765069332757 -2.485970556089469 5.404999999999999
    endloop
  endfacet
  facet normal -0.3136817403988917 -0.9495281805930367 -1.768400595657261e-19
    outer loop
      vertex -0.7982828624497714 -2.6315859232635743 -0.3
      vertex -0.9264470968286052 -2.589246179253307 5.404999999999999
      vertex -0.9264470968286052 -2.589246179253307 -0.3
    endloop
  endfacet
  facet normal -0.2667127574748991 -0.9637760657954396 0
    outer loop
      vertex -0.7982828624497714 -2.6315859232635743 -0.3
      vertex -0.6681954947339757 -2.667585946284996 -0.3
      vertex -0.7982828624497714 -2.6315859232635743 5.404999999999999
    endloop
  endfacet
  facet normal -0.2191012401568692 -0.9757021300385286 0
    outer loop
      vertex -0.6681954947339757 -2.667585946284996 -0.3
      vertex -0.5364983855443527 -2.6971595211088837 -0.3
      vertex -0.6681954947339757 -2.667585946284996 5.404999999999999
    endloop
  endfacet
  facet normal -0.35989503653498806 -0.932992798834739 0
    outer loop
      vertex -1.0523794390039969 -2.5406687144060385 -0.3
      vertex -0.9264470968286052 -2.589246179253307 -0.3
      vertex -1.0523794390039969 -2.5406687144060385 5.404999999999999
    endloop
  endfacet
  facet normal -0.17096188876030302 -0.9852776423889409 0
    outer loop
      vertex -0.5364983855443527 -2.6971595211088837 -0.3
      vertex -0.4035088047522448 -2.720235402403148 -0.3
      vertex -0.5364983855443527 -2.6971595211088837 5.404999999999999
    endloop
  endfacet
  facet normal -0.12241067519921521 -0.9924795345987102 0
    outer loop
      vertex -0.4035088047522448 -2.720235402403148 -0.3
      vertex -0.26954713590629165 -2.7367579983485415 -0.3
      vertex -0.4035088047522448 -2.720235402403148 5.404999999999999
    endloop
  endfacet
  facet normal -0.07356456359966845 -0.9972904566786902 0
    outer loop
      vertex -0.26954713590629165 -2.7367579983485415 -0.3
      vertex -0.13493610440039955 -2.7466875045642243 -0.3
      vertex -0.26954713590629165 -2.7367579983485415 5.404999999999999
    endloop
  endfacet
  facet normal -0.024541228522910803 -0.9996988186962044 0
    outer loop
      vertex -0.13493610440039955 -2.7466875045642243 -0.3
      vertex 0 -2.75 -0.3
      vertex -0.13493610440039955 -2.7466875045642243 5.404999999999999
    endloop
  endfacet
  facet normal 0 0 -1
    outer loop
      vertex -2.485970556089469 -1.1757765069332757 -0.3
      vertex -0.735 -0.6849999999999999 -0.3
      vertex -2.4252834769579765 -1.2963410262714936 -0.3
    endloop
  endfacet
  facet normal 0 0 -1
    outer loop
      vertex -2.358753677500748 -1.4137825465313598 -0.3
      vertex -2.4252834769579765 -1.2963410262714936 -0.3
      vertex -0.735 -0.6849999999999999 -0.3
    endloop
  endfacet
  facet normal 0 0 -1
    outer loop
      vertex -2.2088207115717737 -1.6381730873541918 -0.3
      vertex -0.735 -0.6849999999999999 -0.3
      vertex -2.125778746747527 -1.744581531450025 -0.3
    endloop
  endfacet
  facet normal 0 0 -1
    outer loop
      vertex -2.0376155947261374 -1.8467871258293007 -0.3
      vertex -0.735 -0.6849999999999999 -0.3
      vertex -1.9445436482630059 -1.9445436482630059 -0.3
    endloop
  endfacet
  facet normal 0 0 -1
    outer loop
      vertex -2.125778746747527 -1.744581531450025 -0.3
      vertex -0.735 -0.6849999999999999 -0.3
      vertex -2.0376155947261374 -1.8467871258293007 -0.3
    endloop
  endfacet
  facet normal 0 0 -1
    outer loop
      vertex -2.358753677500748 -1.4137825465313598 -0.3
      vertex -0.735 -0.6849999999999999 -0.3
      vertex -2.2865414338319994 -1.527818140803906 -0.3
    endloop
  endfacet
  facet normal 0 0 -1
    outer loop
      vertex -2.2088207115717737 -1.6381730873541918 -0.3
      vertex -2.2865414338319994 -1.527818140803906 -0.3
      vertex -0.735 -0.6849999999999999 -0.3
    endloop
  endfacet
  facet normal 0 0 -1
    outer loop
      vertex -1.744581531450025 -2.125778746747527 -0.3
      vertex -1.8467871258293007 -2.0376155947261374 -0.3
      vertex -0.735 -0.6849999999999999 -0.3
    endloop
  endfacet
  facet normal 0 0 -1
    outer loop
      vertex -1.6381730873541918 -2.2088207115717737 -0.3
      vertex -0.735 -0.6849999999999999 -0.3
      vertex -1.527818140803906 -2.2865414338319994 -0.3
    endloop
  endfacet
  facet normal 0 0 -1
    outer loop
      vertex -1.744581531450025 -2.125778746747527 -0.3
      vertex -0.735 -0.6849999999999999 -0.3
      vertex -1.6381730873541918 -2.2088207115717737 -0.3
    endloop
  endfacet
  facet normal 0 0 -1
    outer loop
      vertex -1.4137825465313598 -2.358753677500748 -0.3
      vertex -0.735 -0.6849999999999999 -0.3
      vertex -1.2963410262714936 -2.4252834769579765 -0.3
    endloop
  endfacet
  facet normal 0 0 -1
    outer loop
      vertex -1.1757765069332757 -2.485970556089469 -0.3
      vertex -1.2963410262714936 -2.4252834769579765 -0.3
      vertex -0.735 -0.6849999999999999 -0.3
    endloop
  endfacet
  facet normal 0 0 -1
    outer loop
      vertex -1.4137825465313598 -2.358753677500748 -0.3
      vertex -1.527818140803906 -2.2865414338319994 -0.3
      vertex -0.735 -0.6849999999999999 -0.3
    endloop
  endfacet
  facet normal 0 0 -1
    outer loop
      vertex -1.8467871258293007 -2.0376155947261374 -0.3
      vertex -1.9445436482630059 -1.9445436482630059 -0.3
      vertex -0.735 -0.6849999999999999 -0.3
    endloop
  endfacet
  facet normal 0 0 -1
    outer loop
      vertex -2.5406687144060385 -1.0523794390039969 -0.3
      vertex -2.589246179253307 -0.9264470968286052 -0.3
      vertex -0.735 -0.6849999999999999 -0.3
    endloop
  endfacet
  facet normal 0 0 -1
    outer loop
      vertex -2.6315859232635743 -0.7982828624497714 -0.3
      vertex -0.735 -0.6849999999999999 -0.3
      vertex -2.589246179253307 -0.9264470968286052 -0.3
    endloop
  endfacet
  facet normal 0 0 -1
    outer loop
      vertex -2.485970556089469 -1.1757765069332757 -0.3
      vertex -2.5406687144060385 -1.0523794390039969 -0.3
      vertex -0.735 -0.6849999999999999 -0.3
    endloop
  endfacet
  facet normal 0 0 -1
    outer loop
      vertex -2.6315859232635743 -0.7982828624497714 -0.3
      vertex -2.6629355133716164 -0.6849999999999999 -0.3
      vertex -0.735 -0.6849999999999999 -0.3
    endloop
  endfacet
  facet normal 0 0 -1
    outer loop
      vertex -1.1757765069332757 -2.485970556089469 -0.3
      vertex -0.735 -0.6849999999999999 -0.3
      vertex -1.0523794390039969 -2.5406687144060385 -0.3
    endloop
  endfacet
  facet normal 0 0 -1
    outer loop
      vertex -0.7982828624497714 -2.6315859232635743 -0.3
      vertex -0.9264470968286052 -2.589246179253307 -0.3
      vertex -0.735 -0.6849999999999999 -0.3
    endloop
  endfacet
  facet normal 0 0 -1
    outer loop
      vertex -1.0523794390039969 -2.5406687144060385 -0.3
      vertex -0.735 -0.6849999999999999 -0.3
      vertex -0.9264470968286052 -2.589246179253307 -0.3
    endloop
  endfacet
  facet normal 0 0 -1
    outer loop
      vertex -0.7982828624497714 -2.6315859232635743 -0.3
      vertex -0.735 -0.6849999999999999 -0.3
      vertex -0.735 -2.05 -0.3
    endloop
  endfacet
  facet normal -0.7242470829514681 -0.6895405447370658 0
    outer loop
      vertex -2.0376155947261374 -1.8467871258293007 -0.3
      vertex -1.9445436482630059 -1.9445436482630059 -0.3
      vertex -2.0376155947261374 -1.8467871258293007 5.404999999999999
    endloop
  endfacet
  facet normal -0.6895405447370658 -0.7242470829514681 -1.7149034641046605e-19
    outer loop
      vertex -1.8467871258293007 -2.0376155947261374 -0.3
      vertex -1.9445436482630059 -1.9445436482630059 5.404999999999999
      vertex -1.9445436482630059 -1.9445436482630059 -0.3
    endloop
  endfacet
  facet normal -0.6531728429537773 -0.7572088465064839 7.160988608422316e-19
    outer loop
      vertex -1.744581531450025 -2.125778746747527 -0.3
      vertex -1.8467871258293007 -2.0376155947261374 5.404999999999999
      vertex -1.8467871258293007 -2.0376155947261374 -0.3
    endloop
  endfacet
  facet normal -0.817584813151585 -0.5758081914178433 0
    outer loop
      vertex -2.2088207115717737 -1.6381730873541918 -0.3
      vertex -2.2088207115717737 -1.6381730873541918 5.404999999999999
      vertex -2.2865414338319994 -1.527818140803906 5.404999999999999
    endloop
  endfacet
  facet normal -0.7883464276266059 -0.6152315905806274 0
    outer loop
      vertex -2.125778746747527 -1.744581531450025 -0.3
      vertex -2.125778746747527 -1.744581531450025 5.404999999999999
      vertex -2.2088207115717737 -1.6381730873541918 5.404999999999999
    endloop
  endfacet
  facet normal -0.8700869911087104 -0.492898192229786 0
    outer loop
      vertex -2.358753677500748 -1.4137825465313598 -0.3
      vertex -2.358753677500748 -1.4137825465313598 5.404999999999999
      vertex -2.4252834769579765 -1.2963410262714936 5.404999999999999
    endloop
  endfacet
  facet normal -0.9142097557035308 -0.40524131400498936 0
    outer loop
      vertex -2.485970556089469 -1.1757765069332757 -0.3
      vertex -2.485970556089469 -1.1757765069332757 5.404999999999999
      vertex -2.5406687144060385 -1.0523794390039969 5.404999999999999
    endloop
  endfacet
  facet normal -0.8932243011955161 -0.44961132965460504 0
    outer loop
      vertex -2.4252834769579765 -1.2963410262714936 -0.3
      vertex -2.4252834769579765 -1.2963410262714936 5.404999999999999
      vertex -2.485970556089469 -1.1757765069332757 5.404999999999999
    endloop
  endfacet
  facet normal -0.844853565249707 -0.5349976198870973 0
    outer loop
      vertex -2.2865414338319994 -1.527818140803906 -0.3
      vertex -2.2865414338319994 -1.527818140803906 5.404999999999999
      vertex -2.358753677500748 -1.4137825465313598 5.404999999999999
    endloop
  endfacet
  facet normal -0.9495281805930367 -0.3136817403988917 0
    outer loop
      vertex -2.589246179253307 -0.9264470968286052 -0.3
      vertex -2.589246179253307 -0.9264470968286052 5.404999999999999
      vertex -2.6315859232635743 -0.7982828624497714 5.404999999999999
    endloop
  endfacet
  facet normal -0.9637760657954394 -0.26671275747490036 0
    outer loop
      vertex -2.6315859232635743 -0.7982828624497714 -0.3
      vertex -2.6315859232635743 -0.7982828624497714 5.404999999999999
      vertex -2.6629355133716164 -0.6849999999999999 5.404999999999999
    endloop
  endfacet
  facet normal -0.932992798834739 -0.35989503653498806 0
    outer loop
      vertex -2.5406687144060385 -1.0523794390039969 -0.3
      vertex -2.5406687144060385 -1.0523794390039969 5.404999999999999
      vertex -2.589246179253307 -0.9264470968286052 5.404999999999999
    endloop
  endfacet
  facet normal -0.6531728429537773 -0.7572088465064839 0
    outer loop
      vertex -1.744581531450025 -2.125778746747527 -0.3
      vertex -1.744581531450025 -2.125778746747527 5.404999999999999
      vertex -1.8467871258293007 -2.0376155947261374 5.404999999999999
    endloop
  endfacet
  facet normal -0.5758081914178433 -0.817584813151585 0
    outer loop
      vertex -1.527818140803906 -2.2865414338319994 -0.3
      vertex -1.527818140803906 -2.2865414338319994 5.404999999999999
      vertex -1.6381730873541918 -2.2088207115717737 5.404999999999999
    endloop
  endfacet
  facet normal -0.6152315905806274 -0.7883464276266059 0
    outer loop
      vertex -1.6381730873541918 -2.2088207115717737 -0.3
      vertex -1.6381730873541918 -2.2088207115717737 5.404999999999999
      vertex -1.744581531450025 -2.125778746747527 5.404999999999999
    endloop
  endfacet
  facet normal -0.5349976198870973 -0.844853565249707 0
    outer loop
      vertex -1.4137825465313598 -2.358753677500748 -0.3
      vertex -1.4137825465313598 -2.358753677500748 5.404999999999999
      vertex -1.527818140803906 -2.2865414338319994 5.404999999999999
    endloop
  endfacet
  facet normal -0.492898192229786 -0.8700869911087104 0
    outer loop
      vertex -1.2963410262714936 -2.4252834769579765 -0.3
      vertex -1.2963410262714936 -2.4252834769579765 5.404999999999999
      vertex -1.4137825465313598 -2.358753677500748 5.404999999999999
    endloop
  endfacet
  facet normal -0.44961132965460504 -0.8932243011955161 0
    outer loop
      vertex -1.1757765069332757 -2.485970556089469 -0.3
      vertex -1.1757765069332757 -2.485970556089469 5.404999999999999
      vertex -1.2963410262714936 -2.4252834769579765 5.404999999999999
    endloop
  endfacet
  facet normal -0.40524131400498936 -0.9142097557035308 0
    outer loop
      vertex -1.0523794390039969 -2.5406687144060385 -0.3
      vertex -1.0523794390039969 -2.5406687144060385 5.404999999999999
      vertex -1.1757765069332757 -2.485970556089469 5.404999999999999
    endloop
  endfacet
  facet normal -0.3136817403988917 -0.9495281805930367 0
    outer loop
      vertex -0.7982828624497714 -2.6315859232635743 -0.3
      vertex -0.7982828624497714 -2.6315859232635743 5.404999999999999
      vertex -0.9264470968286052 -2.589246179253307 5.404999999999999
    endloop
  endfacet
  facet normal -0.2667127574748991 -0.9637760657954396 0
    outer loop
      vertex -0.6681954947339757 -2.667585946284996 -0.3
      vertex -0.6681954947339757 -2.667585946284996 5.404999999999999
      vertex -0.7982828624497714 -2.6315859232635743 5.404999999999999
    endloop
  endfacet
  facet normal -0.2191012401568692 -0.9757021300385286 0
    outer loop
      vertex -0.5364983855443527 -2.6971595211088837 -0.3
      vertex -0.5364983855443527 -2.6971595211088837 5.404999999999999
      vertex -0.6681954947339757 -2.667585946284996 5.404999999999999
    endloop
  endfacet
  facet normal -0.35989503653498806 -0.932992798834739 0
    outer loop
      vertex -0.9264470968286052 -2.589246179253307 -0.3
      vertex -0.9264470968286052 -2.589246179253307 5.404999999999999
      vertex -1.0523794390039969 -2.5406687144060385 5.404999999999999
    endloop
  endfacet
  facet normal -0.17096188876030302 -0.9852776423889409 0
    outer loop
      vertex -0.4035088047522448 -2.720235402403148 -0.3
      vertex -0.4035088047522448 -2.720235402403148 5.404999999999999
      vertex -0.5364983855443527 -2.6971595211088837 5.404999999999999
    endloop
  endfacet
  facet normal -0.12241067519921521 -0.9924795345987102 0
    outer loop
      vertex -0.26954713590629165 -2.7367579983485415 -0.3
      vertex -0.26954713590629165 -2.7367579983485415 5.404999999999999
      vertex -0.4035088047522448 -2.720235402403148 5.404999999999999
    endloop
  endfacet
  facet normal -0.07356456359966845 -0.9972904566786902 0
    outer loop
      vertex -0.13493610440039955 -2.7466875045642243 -0.3
      vertex -0.13493610440039955 -2.7466875045642243 5.404999999999999
      vertex -0.26954713590629165 -2.7367579983485415 5.404999999999999
    endloop
  endfacet
  facet normal -0.024541228522910803 -0.9996988186962044 -5.8726443113421e-21
    outer loop
      vertex -0.13493610440039955 -2.7466875045642243 5.404999999999999
      vertex 0 -2.75 -0.3
      vertex 0 -2.75 5.404999999999999
    endloop
  endfacet
  facet normal -0.7242470829514681 -0.6895405447370658 0
    outer loop
      vertex -1.9445436482630059 -1.9445436482630059 -0.3
      vertex -1.9445436482630059 -1.9445436482630059 5.404999999999999
      vertex -2.0376155947261374 -1.8467871258293007 5.404999999999999
    endloop
  endfacet
  facet normal -0.6895405447370658 -0.7242470829514681 0
    outer loop
      vertex -1.8467871258293007 -2.0376155947261374 -0.3
      vertex -1.8467871258293007 -2.0376155947261374 5.404999999999999
      vertex -1.9445436482630059 -1.9445436482630059 5.404999999999999
    endloop
  endfacet
  facet normal -0.7572088465064839 -0.6531728429537773 0
    outer loop
      vertex -2.0376155947261374 -1.8467871258293007 -0.3
      vertex -2.0376155947261374 -1.8467871258293007 5.404999999999999
      vertex -2.125778746747527 -1.744581531450025 5.404999999999999
    endloop
  endfacet
  facet normal 0 0 -1
    outer loop
      vertex -2.6629355133716164 0.6849999999999999 -0.3
      vertex -2.6315859232635743 0.7982828624497714 -0.3
      vertex -2.589246179253307 0.9264470968286052 -0.3
    endloop
  endfacet
  facet normal 0 0 -1
    outer loop
      vertex -2.6629355133716164 0.6849999999999999 -0.3
      vertex -2.589246179253307 0.9264470968286052 -0.3
      vertex -2.5406687144060385 1.0523794390039969 -0.3
    endloop
  endfacet
  facet normal 0 0 -1
    outer loop
      vertex -2.6629355133716164 0.6849999999999999 -0.3
      vertex -2.5406687144060385 1.0523794390039969 -0.3
      vertex -2.485970556089469 1.1757765069332757 -0.3
    endloop
  endfacet
  facet normal 0 0 -1
    outer loop
      vertex -2.6629355133716164 0.6849999999999999 -0.3
      vertex -2.485970556089469 1.1757765069332757 -0.3
      vertex -2.4252834769579765 1.2963410262714936 -0.3
    endloop
  endfacet
  facet normal 0 0 -1
    outer loop
      vertex -2.6629355133716164 0.6849999999999999 -0.3
      vertex -2.4252834769579765 1.2963410262714936 -0.3
      vertex -2.358753677500748 1.4137825465313598 -0.3
    endloop
  endfacet
  facet normal 0 0 -1
    outer loop
      vertex -2.6629355133716164 0.6849999999999999 -0.3
      vertex -2.358753677500748 1.4137825465313598 -0.3
      vertex -2.2865414338319994 1.527818140803906 -0.3
    endloop
  endfacet
  facet normal 0 0 -1
    outer loop
      vertex -2.6629355133716164 0.6849999999999999 -0.3
      vertex -2.2865414338319994 1.527818140803906 -0.3
      vertex -2.2088207115717737 1.6381730873541918 -0.3
    endloop
  endfacet
  facet normal 0 0 -1
    outer loop
      vertex -2.6629355133716164 0.6849999999999999 -0.3
      vertex -2.2088207115717737 1.6381730873541918 -0.3
      vertex -2.125778746747527 1.744581531450025 -0.3
    endloop
  endfacet
  facet normal 0 0 -1
    outer loop
      vertex -2.6629355133716164 0.6849999999999999 -0.3
      vertex -2.125778746747527 1.744581531450025 -0.3
      vertex -2.0376155947261374 1.8467871258293007 -0.3
    endloop
  endfacet
  facet normal 0 0 -1
    outer loop
      vertex -2.6629355133716164 0.6849999999999999 -0.3
      vertex -2.0376155947261374 1.8467871258293007 -0.3
      vertex -1.9445436482630059 1.9445436482630059 -0.3
    endloop
  endfacet
  facet normal 0 0 -1
    outer loop
      vertex -2.6629355133716164 0.6849999999999999 -0.3
      vertex -1.9445436482630059 1.9445436482630059 -0.3
      vertex -1.8467871258293007 2.0376155947261374 -0.3
    endloop
  endfacet
  facet normal 0 0 -1
    outer loop
      vertex -2.6629355133716164 0.6849999999999999 -0.3
      vertex -1.8467871258293007 2.0376155947261374 -0.3
      vertex -1.744581531450025 2.125778746747527 -0.3
    endloop
  endfacet
  facet normal -0.9637760657954394 0.26671275747490036 3.930916543903381e-20
    outer loop
      vertex -2.6629355133716164 0.6849999999999999 -0.3
      vertex -2.6315859232635743 0.7982828624497714 5.404999999999999
      vertex -2.6315859232635743 0.7982828624497714 -0.3
    endloop
  endfacet
  facet normal -0.9495281805930367 0.3136817403988917 1.768400595657261e-19
    outer loop
      vertex -2.6315859232635743 0.7982828624497714 -0.3
      vertex -2.589246179253307 0.9264470968286052 5.404999999999999
      vertex -2.589246179253307 0.9264470968286052 -0.3
    endloop
  endfacet
  facet normal -0.932992798834739 0.35989503653498806 2.621646733919818e-19
    outer loop
      vertex -2.589246179253307 0.9264470968286052 -0.3
      vertex -2.5406687144060385 1.0523794390039969 5.404999999999999
      vertex -2.5406687144060385 1.0523794390039969 -0.3
    endloop
  endfacet
  facet normal -0.9142097557035308 0.40524131400498936 -5.511702449831115e-19
    outer loop
      vertex -2.5406687144060385 1.0523794390039969 -0.3
      vertex -2.485970556089469 1.1757765069332757 5.404999999999999
      vertex -2.485970556089469 1.1757765069332757 -0.3
    endloop
  endfacet
  facet normal -0.8932243011955161 0.44961132965460504 -3.0682033098684176e-19
    outer loop
      vertex -2.485970556089469 1.1757765069332757 -0.3
      vertex -2.4252834769579765 1.2963410262714936 5.404999999999999
      vertex -2.4252834769579765 1.2963410262714936 -0.3
    endloop
  endfacet
  facet normal -0.8700869911087104 0.492898192229786 -6.893183887666575e-19
    outer loop
      vertex -2.4252834769579765 1.2963410262714936 -0.3
      vertex -2.358753677500748 1.4137825465313598 5.404999999999999
      vertex -2.358753677500748 1.4137825465313598 -0.3
    endloop
  endfacet
  facet normal -0.844853565249707 0.5349976198870973 4.658893456851306e-19
    outer loop
      vertex -2.358753677500748 1.4137825465313598 -0.3
      vertex -2.2865414338319994 1.527818140803906 5.404999999999999
      vertex -2.2865414338319994 1.527818140803906 -0.3
    endloop
  endfacet
  facet normal -0.817584813151585 0.5758081914178433 -8.89366559866544e-19
    outer loop
      vertex -2.2865414338319994 1.527818140803906 -0.3
      vertex -2.2088207115717737 1.6381730873541918 5.404999999999999
      vertex -2.2088207115717737 1.6381730873541918 -0.3
    endloop
  endfacet
  facet normal -0.7883464276266059 0.6152315905806274 4.397106166118348e-19
    outer loop
      vertex -2.2088207115717737 1.6381730873541918 -0.3
      vertex -2.125778746747527 1.744581531450025 5.404999999999999
      vertex -2.125778746747527 1.744581531450025 -0.3
    endloop
  endfacet
  facet normal 0 0 -1
    outer loop
      vertex -2.6629355133716164 0.6849999999999999 -0.3
      vertex -1.744581531450025 2.125778746747527 -0.3
      vertex -1.6381730873541918 2.2088207115717737 -0.3
    endloop
  endfacet
  facet normal 0 0 -1
    outer loop
      vertex -2.6629355133716164 0.6849999999999999 -0.3
      vertex -1.6381730873541918 2.2088207115717737 -0.3
      vertex -1.527818140803906 2.2865414338319994 -0.3
    endloop
  endfacet
  facet normal 0 0 -1
    outer loop
      vertex -2.6629355133716164 0.6849999999999999 -0.3
      vertex -1.527818140803906 2.2865414338319994 -0.3
      vertex -1.4137825465313598 2.358753677500748 -0.3
    endloop
  endfacet
  facet normal 0 0 -1
    outer loop
      vertex -2.6629355133716164 0.6849999999999999 -0.3
      vertex -1.4137825465313598 2.358753677500748 -0.3
      vertex -1.2963410262714936 2.4252834769579765 -0.3
    endloop
  endfacet
  facet normal 0 0 -1
    outer loop
      vertex -2.6629355133716164 0.6849999999999999 -0.3
      vertex -1.2963410262714936 2.4252834769579765 -0.3
      vertex -1.1757765069332757 2.485970556089469 -0.3
    endloop
  endfacet
  facet normal 0 0 -1
    outer loop
      vertex -2.6629355133716164 0.6849999999999999 -0.3
      vertex -1.1757765069332757 2.485970556089469 -0.3
      vertex -1.0523794390039969 2.5406687144060385 -0.3
    endloop
  endfacet
  facet normal 0 0 -1
    outer loop
      vertex -2.6629355133716164 0.6849999999999999 -0.3
      vertex -0.735 2.05 -0.3
      vertex -0.735 0.6849999999999999 -0.3
    endloop
  endfacet
  facet normal 0 0 -1
    outer loop
      vertex -2.6629355133716164 0.6849999999999999 -0.3
      vertex -0.7982828624497714 2.6315859232635743 -0.3
      vertex -0.735 2.05 -0.3
    endloop
  endfacet
  facet normal 0 0 -1
    outer loop
      vertex -2.6629355133716164 0.6849999999999999 -0.3
      vertex -1.0523794390039969 2.5406687144060385 -0.3
      vertex -0.9264470968286052 2.589246179253307 -0.3
    endloop
  endfacet
  facet normal 0 0 -1
    outer loop
      vertex -2.6629355133716164 0.6849999999999999 -0.3
      vertex -0.9264470968286052 2.589246179253307 -0.3
      vertex -0.7982828624497714 2.6315859232635743 -0.3
    endloop
  endfacet
  facet normal -0.7572088465064839 0.6531728429537773 -7.160988608422316e-19
    outer loop
      vertex -2.125778746747527 1.744581531450025 -0.3
      vertex -2.0376155947261374 1.8467871258293007 5.404999999999999
      vertex -2.0376155947261374 1.8467871258293007 -0.3
    endloop
  endfacet
  facet normal -0.7242470829514681 0.6895405447370658 1.7149034641046605e-19
    outer loop
      vertex -2.0376155947261374 1.8467871258293007 -0.3
      vertex -1.9445436482630059 1.9445436482630059 5.404999999999999
      vertex -1.9445436482630059 1.9445436482630059 -0.3
    endloop
  endfacet
  facet normal -0.6895405447370658 0.7242470829514681 1.7149034641046605e-19
    outer loop
      vertex -1.9445436482630059 1.9445436482630059 -0.3
      vertex -1.8467871258293007 2.0376155947261374 5.404999999999999
      vertex -1.8467871258293007 2.0376155947261374 -0.3
    endloop
  endfacet
  facet normal 0 0 -1
    outer loop
      vertex -0.735 2.05 -0.3
      vertex -0.7982828624497714 2.6315859232635743 -0.3
      vertex -0.6681954947339757 2.667585946284996 -0.3
    endloop
  endfacet
  facet normal 0 0 -1
    outer loop
      vertex -0.735 2.05 -0.3
      vertex -0.6681954947339757 2.667585946284996 -0.3
      vertex -0.5364983855443527 2.6971595211088837 -0.3
    endloop
  endfacet
  facet normal 0 0 -1
    outer loop
      vertex -0.735 2.05 -0.3
      vertex -0.5364983855443527 2.6971595211088837 -0.3
      vertex -0.4035088047522448 2.720235402403148 -0.3
    endloop
  endfacet
  facet normal 0 0 -1
    outer loop
      vertex -0.735 2.05 -0.3
      vertex -0.4035088047522448 2.720235402403148 -0.3
      vertex -0.26954713590629165 2.7367579983485415 -0.3
    endloop
  endfacet
  facet normal 0 0 -1
    outer loop
      vertex -0.735 2.05 -0.3
      vertex -0.26954713590629165 2.7367579983485415 -0.3
      vertex -0.13493610440039955 2.7466875045642243 -0.3
    endloop
  endfacet
  facet normal 0 0 -1
    outer loop
      vertex -0.735 2.05 -0.3
      vertex -0.13493610440039955 2.7466875045642243 -0.3
      vertex 0 2.75 -0.3
    endloop
  endfacet
  facet normal 0 0 -1
    outer loop
      vertex -0.735 2.05 -0.3
      vertex 0 2.75 -0.3
      vertex 0.13493610440039955 2.7466875045642243 -0.3
    endloop
  endfacet
  facet normal 0 0 -1
    outer loop
      vertex -0.735 2.05 -0.3
      vertex 0.13493610440039955 2.7466875045642243 -0.3
      vertex 0.26954713590629165 2.7367579983485415 -0.3
    endloop
  endfacet
  facet normal 0 0 -1
    outer loop
      vertex -0.735 2.05 -0.3
      vertex 0.26954713590629165 2.7367579983485415 -0.3
      vertex 0.4035088047522448 2.720235402403148 -0.3
    endloop
  endfacet
  facet normal -0.6531728429537773 0.7572088465064839 -7.160988608422316e-19
    outer loop
      vertex -1.8467871258293007 2.0376155947261374 -0.3
      vertex -1.744581531450025 2.125778746747527 5.404999999999999
      vertex -1.744581531450025 2.125778746747527 -0.3
    endloop
  endfacet
  facet normal -0.6152315905806274 0.7883464276266059 4.397106166118348e-19
    outer loop
      vertex -1.744581531450025 2.125778746747527 -0.3
      vertex -1.6381730873541918 2.2088207115717737 5.404999999999999
      vertex -1.6381730873541918 2.2088207115717737 -0.3
    endloop
  endfacet
  facet normal -0.5758081914178433 0.817584813151585 -8.89366559866544e-19
    outer loop
      vertex -1.6381730873541918 2.2088207115717737 -0.3
      vertex -1.527818140803906 2.2865414338319994 5.404999999999999
      vertex -1.527818140803906 2.2865414338319994 -0.3
    endloop
  endfacet
  facet normal -0.5349976198870973 0.844853565249707 4.658893456851306e-19
    outer loop
      vertex -1.527818140803906 2.2865414338319994 -0.3
      vertex -1.4137825465313598 2.358753677500748 5.404999999999999
      vertex -1.4137825465313598 2.358753677500748 -0.3
    endloop
  endfacet
  facet normal -0.492898192229786 0.8700869911087104 -6.893183887666575e-19
    outer loop
      vertex -1.4137825465313598 2.358753677500748 -0.3
      vertex -1.2963410262714936 2.4252834769579765 5.404999999999999
      vertex -1.2963410262714936 2.4252834769579765 -0.3
    endloop
  endfacet
  facet normal -0.44961132965460504 0.8932243011955161 -3.0682033098684176e-19
    outer loop
      vertex -1.2963410262714936 2.4252834769579765 -0.3
      vertex -1.1757765069332757 2.485970556089469 5.404999999999999
      vertex -1.1757765069332757 2.485970556089469 -0.3
    endloop
  endfacet
  facet normal -0.40524131400498936 0.9142097557035308 -5.511702449831115e-19
    outer loop
      vertex -1.1757765069332757 2.485970556089469 -0.3
      vertex -1.0523794390039969 2.5406687144060385 5.404999999999999
      vertex -1.0523794390039969 2.5406687144060385 -0.3
    endloop
  endfacet
  facet normal -0.35989503653498806 0.932992798834739 2.621646733919818e-19
    outer loop
      vertex -1.0523794390039969 2.5406687144060385 -0.3
      vertex -0.9264470968286052 2.589246179253307 5.404999999999999
      vertex -0.9264470968286052 2.589246179253307 -0.3
    endloop
  endfacet
  facet normal -0.3136817403988917 0.9495281805930367 1.768400595657261e-19
    outer loop
      vertex -0.9264470968286052 2.589246179253307 -0.3
      vertex -0.7982828624497714 2.6315859232635743 5.404999999999999
      vertex -0.7982828624497714 2.6315859232635743 -0.3
    endloop
  endfacet
  facet normal -0.2667127574748991 0.9637760657954396 2.800852051993347e-20
    outer loop
      vertex -0.7982828624497714 2.6315859232635743 -0.3
      vertex -0.6681954947339757 2.667585946284996 5.404999999999999
      vertex -0.6681954947339757 2.667585946284996 -0.3
    endloop
  endfacet
  facet normal -0.2191012401568692 0.9757021300385286 -2.0812277941075905e-19
    outer loop
      vertex -0.6681954947339757 2.667585946284996 -0.3
      vertex -0.5364983855443527 2.6971595211088837 5.404999999999999
      vertex -0.5364983855443527 2.6971595211088837 -0.3
    endloop
  endfacet
  facet normal -0.17096188876030302 0.9852776423889409 -1.5035922380659942e-19
    outer loop
      vertex -0.5364983855443527 2.6971595211088837 -0.3
      vertex -0.4035088047522448 2.720235402403148 5.404999999999999
      vertex -0.4035088047522448 2.720235402403148 -0.3
    endloop
  endfacet
  facet normal -0.12241067519921521 0.9924795345987102 7.558059902188401e-22
    outer loop
      vertex -0.4035088047522448 2.720235402403148 -0.3
      vertex -0.26954713590629165 2.7367579983485415 5.404999999999999
      vertex -0.26954713590629165 2.7367579983485415 -0.3
    endloop
  endfacet
  facet normal -0.07356456359966845 0.9972904566786902 8.251153571796293e-20
    outer loop
      vertex -0.26954713590629165 2.7367579983485415 -0.3
      vertex -0.13493610440039955 2.7466875045642243 5.404999999999999
      vertex -0.13493610440039955 2.7466875045642243 -0.3
    endloop
  endfacet
  facet normal -0.024541228522910803 0.9996988186962044 5.8726443113421e-21
    outer loop
      vertex -0.13493610440039955 2.7466875045642243 -0.3
      vertex 0 2.75 5.404999999999999
      vertex 0 2.75 -0.3
    endloop
  endfacet
  facet normal -0.9637760657954394 0.26671275747490036 0
    outer loop
      vertex -2.6629355133716164 0.6849999999999999 -0.3
      vertex -2.6629355133716164 0.6849999999999999 5.404999999999999
      vertex -2.6315859232635743 0.7982828624497714 5.404999999999999
    endloop
  endfacet
  facet normal -0.9495281805930367 0.3136817403988917 0
    outer loop
      vertex -2.6315859232635743 0.7982828624497714 -0.3
      vertex -2.6315859232635743 0.7982828624497714 5.404999999999999
      vertex -2.589246179253307 0.9264470968286052 5.404999999999999
    endloop
  endfacet
  facet normal -0.932992798834739 0.35989503653498806 0
    outer loop
      vertex -2.589246179253307 0.9264470968286052 -0.3
      vertex -2.589246179253307 0.9264470968286052 5.404999999999999
      vertex -2.5406687144060385 1.0523794390039969 5.404999999999999
    endloop
  endfacet
  facet normal -0.9142097557035308 0.40524131400498936 0
    outer loop
      vertex -2.5406687144060385 1.0523794390039969 -0.3
      vertex -2.5406687144060385 1.0523794390039969 5.404999999999999
      vertex -2.485970556089469 1.1757765069332757 5.404999999999999
    endloop
  endfacet
  facet normal -0.8932243011955161 0.44961132965460504 0
    outer loop
      vertex -2.485970556089469 1.1757765069332757 -0.3
      vertex -2.485970556089469 1.1757765069332757 5.404999999999999
      vertex -2.4252834769579765 1.2963410262714936 5.404999999999999
    endloop
  endfacet
  facet normal -0.8700869911087104 0.492898192229786 0
    outer loop
      vertex -2.4252834769579765 1.2963410262714936 -0.3
      vertex -2.4252834769579765 1.2963410262714936 5.404999999999999
      vertex -2.358753677500748 1.4137825465313598 5.404999999999999
    endloop
  endfacet
  facet normal -0.844853565249707 0.5349976198870973 0
    outer loop
      vertex -2.358753677500748 1.4137825465313598 -0.3
      vertex -2.358753677500748 1.4137825465313598 5.404999999999999
      vertex -2.2865414338319994 1.527818140803906 5.404999999999999
    endloop
  endfacet
  facet normal -0.817584813151585 0.5758081914178433 0
    outer loop
      vertex -2.2865414338319994 1.527818140803906 -0.3
      vertex -2.2865414338319994 1.527818140803906 5.404999999999999
      vertex -2.2088207115717737 1.6381730873541918 5.404999999999999
    endloop
  endfacet
  facet normal -0.7883464276266059 0.6152315905806274 0
    outer loop
      vertex -2.2088207115717737 1.6381730873541918 -0.3
      vertex -2.2088207115717737 1.6381730873541918 5.404999999999999
      vertex -2.125778746747527 1.744581531450025 5.404999999999999
    endloop
  endfacet
  facet normal -0.7572088465064839 0.6531728429537773 0
    outer loop
      vertex -2.125778746747527 1.744581531450025 -0.3
      vertex -2.125778746747527 1.744581531450025 5.404999999999999
      vertex -2.0376155947261374 1.8467871258293007 5.404999999999999
    endloop
  endfacet
  facet normal -0.7242470829514681 0.6895405447370658 0
    outer loop
      vertex -2.0376155947261374 1.8467871258293007 -0.3
      vertex -2.0376155947261374 1.8467871258293007 5.404999999999999
      vertex -1.9445436482630059 1.9445436482630059 5.404999999999999
    endloop
  endfacet
  facet normal -0.6895405447370658 0.7242470829514681 0
    outer loop
      vertex -1.9445436482630059 1.9445436482630059 -0.3
      vertex -1.9445436482630059 1.9445436482630059 5.404999999999999
      vertex -1.8467871258293007 2.0376155947261374 5.404999999999999
    endloop
  endfacet
  facet normal -0.6531728429537773 0.7572088465064839 0
    outer loop
      vertex -1.8467871258293007 2.0376155947261374 -0.3
      vertex -1.8467871258293007 2.0376155947261374 5.404999999999999
      vertex -1.744581531450025 2.125778746747527 5.404999999999999
    endloop
  endfacet
  facet normal -0.6152315905806274 0.7883464276266059 0
    outer loop
      vertex -1.744581531450025 2.125778746747527 -0.3
      vertex -1.744581531450025 2.125778746747527 5.404999999999999
      vertex -1.6381730873541918 2.2088207115717737 5.404999999999999
    endloop
  endfacet
  facet normal -0.5758081914178433 0.817584813151585 0
    outer loop
      vertex -1.6381730873541918 2.2088207115717737 -0.3
      vertex -1.6381730873541918 2.2088207115717737 5.404999999999999
      vertex -1.527818140803906 2.2865414338319994 5.404999999999999
    endloop
  endfacet
  facet normal -0.5349976198870973 0.844853565249707 0
    outer loop
      vertex -1.527818140803906 2.2865414338319994 -0.3
      vertex -1.527818140803906 2.2865414338319994 5.404999999999999
      vertex -1.4137825465313598 2.358753677500748 5.404999999999999
    endloop
  endfacet
  facet normal -0.492898192229786 0.8700869911087104 0
    outer loop
      vertex -1.4137825465313598 2.358753677500748 -0.3
      vertex -1.4137825465313598 2.358753677500748 5.404999999999999
      vertex -1.2963410262714936 2.4252834769579765 5.404999999999999
    endloop
  endfacet
  facet normal -0.44961132965460504 0.8932243011955161 0
    outer loop
      vertex -1.2963410262714936 2.4252834769579765 -0.3
      vertex -1.2963410262714936 2.4252834769579765 5.404999999999999
      vertex -1.1757765069332757 2.485970556089469 5.404999999999999
    endloop
  endfacet
  facet normal -0.40524131400498936 0.9142097557035308 0
    outer loop
      vertex -1.1757765069332757 2.485970556089469 -0.3
      vertex -1.1757765069332757 2.485970556089469 5.404999999999999
      vertex -1.0523794390039969 2.5406687144060385 5.404999999999999
    endloop
  endfacet
  facet normal -0.35989503653498806 0.932992798834739 0
    outer loop
      vertex -1.0523794390039969 2.5406687144060385 -0.3
      vertex -1.0523794390039969 2.5406687144060385 5.404999999999999
      vertex -0.9264470968286052 2.589246179253307 5.404999999999999
    endloop
  endfacet
  facet normal -0.3136817403988917 0.9495281805930367 0
    outer loop
      vertex -0.9264470968286052 2.589246179253307 -0.3
      vertex -0.9264470968286052 2.589246179253307 5.404999999999999
      vertex -0.7982828624497714 2.6315859232635743 5.404999999999999
    endloop
  endfacet
  facet normal -0.2667127574748991 0.9637760657954396 0
    outer loop
      vertex -0.7982828624497714 2.6315859232635743 -0.3
      vertex -0.7982828624497714 2.6315859232635743 5.404999999999999
      vertex -0.6681954947339757 2.667585946284996 5.404999999999999
    endloop
  endfacet
  facet normal -0.2191012401568692 0.9757021300385286 0
    outer loop
      vertex -0.6681954947339757 2.667585946284996 -0.3
      vertex -0.6681954947339757 2.667585946284996 5.404999999999999
      vertex -0.5364983855443527 2.6971595211088837 5.404999999999999
    endloop
  endfacet
  facet normal -0.17096188876030302 0.9852776423889409 0
    outer loop
      vertex -0.5364983855443527 2.6971595211088837 -0.3
      vertex -0.5364983855443527 2.6971595211088837 5.404999999999999
      vertex -0.4035088047522448 2.720235402403148 5.404999999999999
    endloop
  endfacet
  facet normal -0.12241067519921521 0.9924795345987102 0
    outer loop
      vertex -0.4035088047522448 2.720235402403148 -0.3
      vertex -0.4035088047522448 2.720235402403148 5.404999999999999
      vertex -0.26954713590629165 2.7367579983485415 5.404999999999999
    endloop
  endfacet
  facet normal -0.07356456359966845 0.9972904566786902 0
    outer loop
      vertex -0.26954713590629165 2.7367579983485415 -0.3
      vertex -0.26954713590629165 2.7367579983485415 5.404999999999999
      vertex -0.13493610440039955 2.7466875045642243 5.404999999999999
    endloop
  endfacet
  facet normal -0.024541228522910803 0.9996988186962044 0
    outer loop
      vertex -0.13493610440039955 2.7466875045642243 -0.3
      vertex -0.13493610440039955 2.7466875045642243 5.404999999999999
      vertex 0 2.75 5.404999999999999
    endloop
  endfacet
  facet normal 0 0 -1
    outer loop
      vertex -0.4035088047522448 -2.720235402403148 -0.3
      vertex 0.735 -2.05 -0.3
      vertex -0.26954713590629165 -2.7367579983485415 -0.3
    endloop
  endfacet
  facet normal 0 0 -1
    outer loop
      vertex -0.26954713590629165 -2.7367579983485415 -0.3
      vertex 0.735 -2.05 -0.3
      vertex -0.13493610440039955 -2.7466875045642243 -0.3
    endloop
  endfacet
  facet normal 0 0 -1
    outer loop
      vertex -0.13493610440039955 -2.7466875045642243 -0.3
      vertex 0.735 -2.05 -0.3
      vertex 0 -2.75 -0.3
    endloop
  endfacet
  facet normal 0 0 -1
    outer loop
      vertex 0 -2.75 -0.3
      vertex 0.735 -2.05 -0.3
      vertex 0.13493610440039955 -2.7466875045642243 -0.3
    endloop
  endfacet
  facet normal 0 0 -1
    outer loop
      vertex 0.13493610440039955 -2.7466875045642243 -0.3
      vertex 0.735 -2.05 -0.3
      vertex 0.26954713590629165 -2.7367579983485415 -0.3
    endloop
  endfacet
  facet normal 0 0 -1
    outer loop
      vertex 0.26954713590629165 -2.7367579983485415 -0.3
      vertex 0.735 -2.05 -0.3
      vertex 0.4035088047522448 -2.720235402403148 -0.3
    endloop
  endfacet
  facet normal 0 0 -1
    outer loop
      vertex 0.4035088047522448 -2.720235402403148 -0.3
      vertex 0.735 -2.05 -0.3
      vertex 0.5364983855443527 -2.6971595211088837 -0.3
    endloop
  endfacet
  facet normal 0 0 -1
    outer loop
      vertex 0.5364983855443527 -2.6971595211088837 -0.3
      vertex 0.735 -2.05 -0.3
      vertex 0.6681954947339757 -2.667585946284996 -0.3
    endloop
  endfacet
  facet normal 0 0 -1
    outer loop
      vertex 0.6681954947339757 -2.667585946284996 -0.3
      vertex 0.735 -2.05 -0.3
      vertex 0.7982828624497714 -2.6315859232635743 -0.3
    endloop
  endfacet
  facet normal 0.024541228522910803 -0.9996988186962044 0
    outer loop
      vertex 0 -2.75 -0.3
      vertex 0.13493610440039955 -2.7466875045642243 -0.3
      vertex 0 -2.75 5.404999999999999
    endloop
  endfacet
  facet normal 0.07356456359966845 -0.9972904566786902 0
    outer loop
      vertex 0.13493610440039955 -2.7466875045642243 -0.3
      vertex 0.26954713590629165 -2.7367579983485415 -0.3
      vertex 0.13493610440039955 -2.7466875045642243 5.404999999999999
    endloop
  endfacet
  facet normal 0.12241067519921521 -0.9924795345987102 0
    outer loop
      vertex 0.26954713590629165 -2.7367579983485415 -0.3
      vertex 0.4035088047522448 -2.720235402403148 -0.3
      vertex 0.26954713590629165 -2.7367579983485415 5.404999999999999
    endloop
  endfacet
  facet normal 0.17096188876030302 -0.9852776423889409 0
    outer loop
      vertex 0.4035088047522448 -2.720235402403148 -0.3
      vertex 0.5364983855443527 -2.6971595211088837 -0.3
      vertex 0.4035088047522448 -2.720235402403148 5.404999999999999
    endloop
  endfacet
  facet normal 0.2191012401568692 -0.9757021300385286 0
    outer loop
      vertex 0.5364983855443527 -2.6971595211088837 -0.3
      vertex 0.6681954947339757 -2.667585946284996 -0.3
      vertex 0.5364983855443527 -2.6971595211088837 5.404999999999999
    endloop
  endfacet
  facet normal 0.2667127574748991 -0.9637760657954396 0
    outer loop
      vertex 0.6681954947339757 -2.667585946284996 -0.3
      vertex 0.7982828624497714 -2.6315859232635743 -0.3
      vertex 0.6681954947339757 -2.667585946284996 5.404999999999999
    endloop
  endfacet
  facet normal 0.3136817403988917 -0.9495281805930367 0
    outer loop
      vertex 0.7982828624497714 -2.6315859232635743 -0.3
      vertex 0.9264470968286052 -2.589246179253307 -0.3
      vertex 0.7982828624497714 -2.6315859232635743 5.404999999999999
    endloop
  endfacet
  facet normal 0.35989503653498806 -0.932992798834739 0
    outer loop
      vertex 0.9264470968286052 -2.589246179253307 -0.3
      vertex 1.0523794390039969 -2.5406687144060385 -0.3
      vertex 0.9264470968286052 -2.589246179253307 5.404999999999999
    endloop
  endfacet
  facet normal 0.40524131400498936 -0.9142097557035308 0
    outer loop
      vertex 1.0523794390039969 -2.5406687144060385 -0.3
      vertex 1.1757765069332757 -2.485970556089469 -0.3
      vertex 1.0523794390039969 -2.5406687144060385 5.404999999999999
    endloop
  endfacet
  facet normal 0.44961132965460504 -0.8932243011955161 0
    outer loop
      vertex 1.1757765069332757 -2.485970556089469 -0.3
      vertex 1.2963410262714936 -2.4252834769579765 -0.3
      vertex 1.1757765069332757 -2.485970556089469 5.404999999999999
    endloop
  endfacet
  facet normal 0.492898192229786 -0.8700869911087104 0
    outer loop
      vertex 1.2963410262714936 -2.4252834769579765 -0.3
      vertex 1.4137825465313598 -2.358753677500748 -0.3
      vertex 1.2963410262714936 -2.4252834769579765 5.404999999999999
    endloop
  endfacet
  facet normal 0.5349976198870973 -0.844853565249707 0
    outer loop
      vertex 1.4137825465313598 -2.358753677500748 -0.3
      vertex 1.527818140803906 -2.2865414338319994 -0.3
      vertex 1.4137825465313598 -2.358753677500748 5.404999999999999
    endloop
  endfacet
  facet normal 0.5758081914178433 -0.817584813151585 0
    outer loop
      vertex 1.527818140803906 -2.2865414338319994 -0.3
      vertex 1.6381730873541918 -2.2088207115717737 -0.3
      vertex 1.527818140803906 -2.2865414338319994 5.404999999999999
    endloop
  endfacet
  facet normal 0.6152315905806274 -0.7883464276266059 0
    outer loop
      vertex 1.6381730873541918 -2.2088207115717737 -0.3
      vertex 1.744581531450025 -2.125778746747527 -0.3
      vertex 1.6381730873541918 -2.2088207115717737 5.404999999999999
    endloop
  endfacet
  facet normal 0.6531728429537773 -0.7572088465064839 0
    outer loop
      vertex 1.744581531450025 -2.125778746747527 -0.3
      vertex 1.8467871258293007 -2.0376155947261374 -0.3
      vertex 1.744581531450025 -2.125778746747527 5.404999999999999
    endloop
  endfacet
  facet normal 0 0 -1
    outer loop
      vertex 0.7982828624497714 -2.6315859232635743 -0.3
      vertex 2.6629355133716164 -0.6849999999999999 -0.3
      vertex 0.9264470968286052 -2.589246179253307 -0.3
    endloop
  endfacet
  facet normal 0 0 -1
    outer loop
      vertex 0.9264470968286052 -2.589246179253307 -0.3
      vertex 2.6629355133716164 -0.6849999999999999 -0.3
      vertex 1.0523794390039969 -2.5406687144060385 -0.3
    endloop
  endfacet
  facet normal 0 0 -1
    outer loop
      vertex 0.7982828624497714 -2.6315859232635743 -0.3
      vertex 0.735 -2.05 -0.3
      vertex 2.6629355133716164 -0.6849999999999999 -0.3
    endloop
  endfacet
  facet normal 0 0 -1
    outer loop
      vertex 0.735 -2.05 -0.3
      vertex 0.735 -0.6849999999999999 -0.3
      vertex 2.6629355133716164 -0.6849999999999999 -0.3
    endloop
  endfacet
  facet normal 0 0 -1
    outer loop
      vertex 1.0523794390039969 -2.5406687144060385 -0.3
      vertex 2.6629355133716164 -0.6849999999999999 -0.3
      vertex 1.1757765069332757 -2.485970556089469 -0.3
    endloop
  endfacet
  facet normal 0 0 -1
    outer loop
      vertex 1.1757765069332757 -2.485970556089469 -0.3
      vertex 2.6629355133716164 -0.6849999999999999 -0.3
      vertex 1.2963410262714936 -2.4252834769579765 -0.3
    endloop
  endfacet
  facet normal 0 0 -1
    outer loop
      vertex 1.2963410262714936 -2.4252834769579765 -0.3
      vertex 2.6629355133716164 -0.6849999999999999 -0.3
      vertex 1.4137825465313598 -2.358753677500748 -0.3
    endloop
  endfacet
  facet normal 0 0 -1
    outer loop
      vertex 1.4137825465313598 -2.358753677500748 -0.3
      vertex 2.6629355133716164 -0.6849999999999999 -0.3
      vertex 1.527818140803906 -2.2865414338319994 -0.3
    endloop
  endfacet
  facet normal 0 0 -1
    outer loop
      vertex 1.527818140803906 -2.2865414338319994 -0.3
      vertex 2.6629355133716164 -0.6849999999999999 -0.3
      vertex 1.6381730873541918 -2.2088207115717737 -0.3
    endloop
  endfacet
  facet normal 0 0 -1
    outer loop
      vertex 1.6381730873541918 -2.2088207115717737 -0.3
      vertex 2.6629355133716164 -0.6849999999999999 -0.3
      vertex 1.744581531450025 -2.125778746747527 -0.3
    endloop
  endfacet
  facet normal 0.6895405447370658 -0.7242470829514681 0
    outer loop
      vertex 1.8467871258293007 -2.0376155947261374 -0.3
      vertex 1.9445436482630059 -1.9445436482630059 -0.3
      vertex 1.8467871258293007 -2.0376155947261374 5.404999999999999
    endloop
  endfacet
  facet normal 0.7242470829514681 -0.6895405447370658 0
    outer loop
      vertex 1.9445436482630059 -1.9445436482630059 -0.3
      vertex 2.0376155947261374 -1.8467871258293007 -0.3
      vertex 1.9445436482630059 -1.9445436482630059 5.404999999999999
    endloop
  endfacet
  facet normal 0.7572088465064839 -0.6531728429537773 0
    outer loop
      vertex 2.0376155947261374 -1.8467871258293007 -0.3
      vertex 2.125778746747527 -1.744581531450025 -0.3
      vertex 2.0376155947261374 -1.8467871258293007 5.404999999999999
    endloop
  endfacet
  facet normal 0 0 -1
    outer loop
      vertex 1.744581531450025 -2.125778746747527 -0.3
      vertex 2.6629355133716164 -0.6849999999999999 -0.3
      vertex 1.8467871258293007 -2.0376155947261374 -0.3
    endloop
  endfacet
  facet normal 0 0 -1
    outer loop
      vertex 1.8467871258293007 -2.0376155947261374 -0.3
      vertex 2.6629355133716164 -0.6849999999999999 -0.3
      vertex 1.9445436482630059 -1.9445436482630059 -0.3
    endloop
  endfacet
  facet normal 0 0 -1
    outer loop
      vertex 1.9445436482630059 -1.9445436482630059 -0.3
      vertex 2.6629355133716164 -0.6849999999999999 -0.3
      vertex 2.0376155947261374 -1.8467871258293007 -0.3
    endloop
  endfacet
  facet normal 0 0 -1
    outer loop
      vertex 2.0376155947261374 -1.8467871258293007 -0.3
      vertex 2.6629355133716164 -0.6849999999999999 -0.3
      vertex 2.125778746747527 -1.744581531450025 -0.3
    endloop
  endfacet
  facet normal 0 0 -1
    outer loop
      vertex 2.125778746747527 -1.744581531450025 -0.3
      vertex 2.6629355133716164 -0.6849999999999999 -0.3
      vertex 2.2088207115717737 -1.6381730873541918 -0.3
    endloop
  endfacet
  facet normal 0 0 -1
    outer loop
      vertex 2.2088207115717737 -1.6381730873541918 -0.3
      vertex 2.6629355133716164 -0.6849999999999999 -0.3
      vertex 2.2865414338319994 -1.527818140803906 -0.3
    endloop
  endfacet
  facet normal 0 0 -1
    outer loop
      vertex 2.2865414338319994 -1.527818140803906 -0.3
      vertex 2.6629355133716164 -0.6849999999999999 -0.3
      vertex 2.358753677500748 -1.4137825465313598 -0.3
    endloop
  endfacet
  facet normal 0 0 -1
    outer loop
      vertex 2.358753677500748 -1.4137825465313598 -0.3
      vertex 2.6629355133716164 -0.6849999999999999 -0.3
      vertex 2.4252834769579765 -1.2963410262714936 -0.3
    endloop
  endfacet
  facet normal 0 0 -1
    outer loop
      vertex 2.4252834769579765 -1.2963410262714936 -0.3
      vertex 2.6629355133716164 -0.6849999999999999 -0.3
      vertex 2.485970556089469 -1.1757765069332757 -0.3
    endloop
  endfacet
  facet normal 0 0 -1
    outer loop
      vertex 2.485970556089469 -1.1757765069332757 -0.3
      vertex 2.6629355133716164 -0.6849999999999999 -0.3
      vertex 2.5406687144060385 -1.0523794390039969 -0.3
    endloop
  endfacet
  facet normal 0 0 -1
    outer loop
      vertex 2.5406687144060385 -1.0523794390039969 -0.3
      vertex 2.6629355133716164 -0.6849999999999999 -0.3
      vertex 2.589246179253307 -0.9264470968286052 -0.3
    endloop
  endfacet
  facet normal 0 0 -1
    outer loop
      vertex 2.589246179253307 -0.9264470968286052 -0.3
      vertex 2.6629355133716164 -0.6849999999999999 -0.3
      vertex 2.6315859232635743 -0.7982828624497714 -0.3
    endloop
  endfacet
  facet normal 0.7883464276266059 -0.6152315905806274 0
    outer loop
      vertex 2.125778746747527 -1.744581531450025 -0.3
      vertex 2.2088207115717737 -1.6381730873541918 -0.3
      vertex 2.125778746747527 -1.744581531450025 5.404999999999999
    endloop
  endfacet
  facet normal 0.817584813151585 -0.5758081914178433 0
    outer loop
      vertex 2.2088207115717737 -1.6381730873541918 -0.3
      vertex 2.2865414338319994 -1.527818140803906 -0.3
      vertex 2.2088207115717737 -1.6381730873541918 5.404999999999999
    endloop
  endfacet
  facet normal 0.844853565249707 -0.5349976198870973 0
    outer loop
      vertex 2.2865414338319994 -1.527818140803906 -0.3
      vertex 2.358753677500748 -1.4137825465313598 -0.3
      vertex 2.2865414338319994 -1.527818140803906 5.404999999999999
    endloop
  endfacet
  facet normal 0.8700869911087104 -0.492898192229786 0
    outer loop
      vertex 2.358753677500748 -1.4137825465313598 -0.3
      vertex 2.4252834769579765 -1.2963410262714936 -0.3
      vertex 2.358753677500748 -1.4137825465313598 5.404999999999999
    endloop
  endfacet
  facet normal 0.8932243011955161 -0.44961132965460504 0
    outer loop
      vertex 2.4252834769579765 -1.2963410262714936 -0.3
      vertex 2.485970556089469 -1.1757765069332757 -0.3
      vertex 2.4252834769579765 -1.2963410262714936 5.404999999999999
    endloop
  endfacet
  facet normal 0.9142097557035308 -0.40524131400498936 0
    outer loop
      vertex 2.485970556089469 -1.1757765069332757 -0.3
      vertex 2.5406687144060385 -1.0523794390039969 -0.3
      vertex 2.485970556089469 -1.1757765069332757 5.404999999999999
    endloop
  endfacet
  facet normal 0.932992798834739 -0.35989503653498806 0
    outer loop
      vertex 2.5406687144060385 -1.0523794390039969 -0.3
      vertex 2.589246179253307 -0.9264470968286052 -0.3
      vertex 2.5406687144060385 -1.0523794390039969 5.404999999999999
    endloop
  endfacet
  facet normal 0.9495281805930367 -0.3136817403988917 0
    outer loop
      vertex 2.589246179253307 -0.9264470968286052 -0.3
      vertex 2.6315859232635743 -0.7982828624497714 -0.3
      vertex 2.589246179253307 -0.9264470968286052 5.404999999999999
    endloop
  endfacet
  facet normal 0.9637760657954394 -0.26671275747490036 0
    outer loop
      vertex 2.6315859232635743 -0.7982828624497714 -0.3
      vertex 2.6629355133716164 -0.6849999999999999 -0.3
      vertex 2.6315859232635743 -0.7982828624497714 5.404999999999999
    endloop
  endfacet
  facet normal 0.024541228522910803 -0.9996988186962044 0
    outer loop
      vertex 0.13493610440039955 -2.7466875045642243 -0.3
      vertex 0.13493610440039955 -2.7466875045642243 5.404999999999999
      vertex 0 -2.75 5.404999999999999
    endloop
  endfacet
  facet normal 0.07356456359966845 -0.9972904566786902 0
    outer loop
      vertex 0.26954713590629165 -2.7367579983485415 -0.3
      vertex 0.26954713590629165 -2.7367579983485415 5.404999999999999
      vertex 0.13493610440039955 -2.7466875045642243 5.404999999999999
    endloop
  endfacet
  facet normal 0.12241067519921521 -0.9924795345987102 0
    outer loop
      vertex 0.4035088047522448 -2.720235402403148 -0.3
      vertex 0.4035088047522448 -2.720235402403148 5.404999999999999
      vertex 0.26954713590629165 -2.7367579983485415 5.404999999999999
    endloop
  endfacet
  facet normal 0.17096188876030302 -0.9852776423889409 0
    outer loop
      vertex 0.5364983855443527 -2.6971595211088837 -0.3
      vertex 0.5364983855443527 -2.6971595211088837 5.404999999999999
      vertex 0.4035088047522448 -2.720235402403148 5.404999999999999
    endloop
  endfacet
  facet normal 0.2191012401568692 -0.9757021300385286 0
    outer loop
      vertex 0.6681954947339757 -2.667585946284996 -0.3
      vertex 0.6681954947339757 -2.667585946284996 5.404999999999999
      vertex 0.5364983855443527 -2.6971595211088837 5.404999999999999
    endloop
  endfacet
  facet normal 0.2667127574748991 -0.9637760657954396 0
    outer loop
      vertex 0.7982828624497714 -2.6315859232635743 -0.3
      vertex 0.7982828624497714 -2.6315859232635743 5.404999999999999
      vertex 0.6681954947339757 -2.667585946284996 5.404999999999999
    endloop
  endfacet
  facet normal 0.3136817403988917 -0.9495281805930367 0
    outer loop
      vertex 0.9264470968286052 -2.589246179253307 -0.3
      vertex 0.9264470968286052 -2.589246179253307 5.404999999999999
      vertex 0.7982828624497714 -2.6315859232635743 5.404999999999999
    endloop
  endfacet
  facet normal 0.35989503653498806 -0.932992798834739 0
    outer loop
      vertex 1.0523794390039969 -2.5406687144060385 -0.3
      vertex 1.0523794390039969 -2.5406687144060385 5.404999999999999
      vertex 0.9264470968286052 -2.589246179253307 5.404999999999999
    endloop
  endfacet
  facet normal 0.40524131400498936 -0.9142097557035308 0
    outer loop
      vertex 1.1757765069332757 -2.485970556089469 -0.3
      vertex 1.1757765069332757 -2.485970556089469 5.404999999999999
      vertex 1.0523794390039969 -2.5406687144060385 5.404999999999999
    endloop
  endfacet
  facet normal 0.44961132965460504 -0.8932243011955161 0
    outer loop
      vertex 1.2963410262714936 -2.4252834769579765 -0.3
      vertex 1.2963410262714936 -2.4252834769579765 5.404999999999999
      vertex 1.1757765069332757 -2.485970556089469 5.404999999999999
    endloop
  endfacet
  facet normal 0.492898192229786 -0.8700869911087104 0
    outer loop
      vertex 1.4137825465313598 -2.358753677500748 -0.3
      vertex 1.4137825465313598 -2.358753677500748 5.404999999999999
      vertex 1.2963410262714936 -2.4252834769579765 5.404999999999999
    endloop
  endfacet
  facet normal 0.5349976198870973 -0.844853565249707 0
    outer loop
      vertex 1.527818140803906 -2.2865414338319994 -0.3
      vertex 1.527818140803906 -2.2865414338319994 5.404999999999999
      vertex 1.4137825465313598 -2.358753677500748 5.404999999999999
    endloop
  endfacet
  facet normal 0.5758081914178433 -0.817584813151585 0
    outer loop
      vertex 1.6381730873541918 -2.2088207115717737 -0.3
      vertex 1.6381730873541918 -2.2088207115717737 5.404999999999999
      vertex 1.527818140803906 -2.2865414338319994 5.404999999999999
    endloop
  endfacet
  facet normal 0.6152315905806274 -0.7883464276266059 0
    outer loop
      vertex 1.744581531450025 -2.125778746747527 -0.3
      vertex 1.744581531450025 -2.125778746747527 5.404999999999999
      vertex 1.6381730873541918 -2.2088207115717737 5.404999999999999
    endloop
  endfacet
  facet normal 0.6531728429537773 -0.7572088465064839 0
    outer loop
      vertex 1.8467871258293007 -2.0376155947261374 -0.3
      vertex 1.8467871258293007 -2.0376155947261374 5.404999999999999
      vertex 1.744581531450025 -2.125778746747527 5.404999999999999
    endloop
  endfacet
  facet normal 0.6895405447370658 -0.7242470829514681 0
    outer loop
      vertex 1.9445436482630059 -1.9445436482630059 -0.3
      vertex 1.9445436482630059 -1.9445436482630059 5.404999999999999
      vertex 1.8467871258293007 -2.0376155947261374 5.404999999999999
    endloop
  endfacet
  facet normal 0.7242470829514681 -0.6895405447370658 0
    outer loop
      vertex 2.0376155947261374 -1.8467871258293007 -0.3
      vertex 2.0376155947261374 -1.8467871258293007 5.404999999999999
      vertex 1.9445436482630059 -1.9445436482630059 5.404999999999999
    endloop
  endfacet
  facet normal 0.7572088465064839 -0.6531728429537773 0
    outer loop
      vertex 2.125778746747527 -1.744581531450025 -0.3
      vertex 2.125778746747527 -1.744581531450025 5.404999999999999
      vertex 2.0376155947261374 -1.8467871258293007 5.404999999999999
    endloop
  endfacet
  facet normal 0.7883464276266059 -0.6152315905806274 0
    outer loop
      vertex 2.2088207115717737 -1.6381730873541918 -0.3
      vertex 2.2088207115717737 -1.6381730873541918 5.404999999999999
      vertex 2.125778746747527 -1.744581531450025 5.404999999999999
    endloop
  endfacet
  facet normal 0.817584813151585 -0.5758081914178433 0
    outer loop
      vertex 2.2865414338319994 -1.527818140803906 -0.3
      vertex 2.2865414338319994 -1.527818140803906 5.404999999999999
      vertex 2.2088207115717737 -1.6381730873541918 5.404999999999999
    endloop
  endfacet
  facet normal 0.844853565249707 -0.5349976198870973 0
    outer loop
      vertex 2.358753677500748 -1.4137825465313598 -0.3
      vertex 2.358753677500748 -1.4137825465313598 5.404999999999999
      vertex 2.2865414338319994 -1.527818140803906 5.404999999999999
    endloop
  endfacet
  facet normal 0.8700869911087104 -0.492898192229786 0
    outer loop
      vertex 2.4252834769579765 -1.2963410262714936 -0.3
      vertex 2.4252834769579765 -1.2963410262714936 5.404999999999999
      vertex 2.358753677500748 -1.4137825465313598 5.404999999999999
    endloop
  endfacet
  facet normal 0.8932243011955161 -0.44961132965460504 0
    outer loop
      vertex 2.485970556089469 -1.1757765069332757 -0.3
      vertex 2.485970556089469 -1.1757765069332757 5.404999999999999
      vertex 2.4252834769579765 -1.2963410262714936 5.404999999999999
    endloop
  endfacet
  facet normal 0.9142097557035308 -0.40524131400498936 0
    outer loop
      vertex 2.5406687144060385 -1.0523794390039969 -0.3
      vertex 2.5406687144060385 -1.0523794390039969 5.404999999999999
      vertex 2.485970556089469 -1.1757765069332757 5.404999999999999
    endloop
  endfacet
  facet normal 0.932992798834739 -0.35989503653498806 0
    outer loop
      vertex 2.589246179253307 -0.9264470968286052 -0.3
      vertex 2.589246179253307 -0.9264470968286052 5.404999999999999
      vertex 2.5406687144060385 -1.0523794390039969 5.404999999999999
    endloop
  endfacet
  facet normal 0.9495281805930367 -0.3136817403988917 0
    outer loop
      vertex 2.6315859232635743 -0.7982828624497714 -0.3
      vertex 2.6315859232635743 -0.7982828624497714 5.404999999999999
      vertex 2.589246179253307 -0.9264470968286052 5.404999999999999
    endloop
  endfacet
  facet normal 0.9637760657954394 -0.26671275747490036 0
    outer loop
      vertex 2.6629355133716164 -0.6849999999999999 -0.3
      vertex 2.6629355133716164 -0.6849999999999999 5.404999999999999
      vertex 2.6315859232635743 -0.7982828624497714 5.404999999999999
    endloop
  endfacet
  facet normal 0 0 -1
    outer loop
      vertex 0.735 0.6849999999999999 -0.3
      vertex 0.735 2.05 -0.3
      vertex 0.7982828624497714 2.6315859232635743 -0.3
    endloop
  endfacet
  facet normal 0 0 -1
    outer loop
      vertex 0.735 0.6849999999999999 -0.3
      vertex 0.9264470968286052 2.589246179253307 -0.3
      vertex 1.0523794390039969 2.5406687144060385 -0.3
    endloop
  endfacet
  facet normal 0 0 -1
    outer loop
      vertex 0.735 0.6849999999999999 -0.3
      vertex 0.7982828624497714 2.6315859232635743 -0.3
      vertex 0.9264470968286052 2.589246179253307 -0.3
    endloop
  endfacet
  facet normal 0 0 -1
    outer loop
      vertex 0.735 0.6849999999999999 -0.3
      vertex 1.0523794390039969 2.5406687144060385 -0.3
      vertex 1.1757765069332757 2.485970556089469 -0.3
    endloop
  endfacet
  facet normal 0 0 -1
    outer loop
      vertex 0.735 0.6849999999999999 -0.3
      vertex 2.6315859232635743 0.7982828624497714 -0.3
      vertex 2.6629355133716164 0.6849999999999999 -0.3
    endloop
  endfacet
  facet normal 0 0 -1
    outer loop
      vertex 0.735 0.6849999999999999 -0.3
      vertex 2.485970556089469 1.1757765069332757 -0.3
      vertex 2.5406687144060385 1.0523794390039969 -0.3
    endloop
  endfacet
  facet normal 0 0 -1
    outer loop
      vertex 0.735 0.6849999999999999 -0.3
      vertex 2.589246179253307 0.9264470968286052 -0.3
      vertex 2.6315859232635743 0.7982828624497714 -0.3
    endloop
  endfacet
  facet normal 0 0 -1
    outer loop
      vertex 0.735 0.6849999999999999 -0.3
      vertex 2.5406687144060385 1.0523794390039969 -0.3
      vertex 2.589246179253307 0.9264470968286052 -0.3
    endloop
  endfacet
  facet normal 0 0 -1
    outer loop
      vertex 0.735 0.6849999999999999 -0.3
      vertex 1.8467871258293007 2.0376155947261374 -0.3
      vertex 1.9445436482630059 1.9445436482630059 -0.3
    endloop
  endfacet
  facet normal 0 0 -1
    outer loop
      vertex 0.735 0.6849999999999999 -0.3
      vertex 1.4137825465313598 2.358753677500748 -0.3
      vertex 1.527818140803906 2.2865414338319994 -0.3
    endloop
  endfacet
  facet normal 0 0 -1
    outer loop
      vertex 0.735 0.6849999999999999 -0.3
      vertex 1.1757765069332757 2.485970556089469 -0.3
      vertex 1.2963410262714936 2.4252834769579765 -0.3
    endloop
  endfacet
  facet normal 0 0 -1
    outer loop
      vertex 0.735 0.6849999999999999 -0.3
      vertex 1.2963410262714936 2.4252834769579765 -0.3
      vertex 1.4137825465313598 2.358753677500748 -0.3
    endloop
  endfacet
  facet normal 0 0 -1
    outer loop
      vertex 0.735 0.6849999999999999 -0.3
      vertex 1.6381730873541918 2.2088207115717737 -0.3
      vertex 1.744581531450025 2.125778746747527 -0.3
    endloop
  endfacet
  facet normal 0 0 -1
    outer loop
      vertex 0.735 0.6849999999999999 -0.3
      vertex 1.527818140803906 2.2865414338319994 -0.3
      vertex 1.6381730873541918 2.2088207115717737 -0.3
    endloop
  endfacet
  facet normal 0 0 -1
    outer loop
      vertex 0.735 0.6849999999999999 -0.3
      vertex 1.744581531450025 2.125778746747527 -0.3
      vertex 1.8467871258293007 2.0376155947261374 -0.3
    endloop
  endfacet
  facet normal 0 0 -1
    outer loop
      vertex 0.735 0.6849999999999999 -0.3
      vertex 2.2088207115717737 1.6381730873541918 -0.3
      vertex 2.2865414338319994 1.527818140803906 -0.3
    endloop
  endfacet
  facet normal 0 0 -1
    outer loop
      vertex 0.735 0.6849999999999999 -0.3
      vertex 2.2865414338319994 1.527818140803906 -0.3
      vertex 2.358753677500748 1.4137825465313598 -0.3
    endloop
  endfacet
  facet normal 0 0 -1
    outer loop
      vertex 0.735 0.6849999999999999 -0.3
      vertex 2.0376155947261374 1.8467871258293007 -0.3
      vertex 2.125778746747527 1.744581531450025 -0.3
    endloop
  endfacet
  facet normal 0 0 -1
    outer loop
      vertex 0.735 0.6849999999999999 -0.3
      vertex 1.9445436482630059 1.9445436482630059 -0.3
      vertex 2.0376155947261374 1.8467871258293007 -0.3
    endloop
  endfacet
  facet normal 0 0 -1
    outer loop
      vertex 0.735 0.6849999999999999 -0.3
      vertex 2.125778746747527 1.744581531450025 -0.3
      vertex 2.2088207115717737 1.6381730873541918 -0.3
    endloop
  endfacet
  facet normal 0 0 -1
    outer loop
      vertex 0.735 0.6849999999999999 -0.3
      vertex 2.358753677500748 1.4137825465313598 -0.3
      vertex 2.4252834769579765 1.2963410262714936 -0.3
    endloop
  endfacet
  facet normal 0 0 -1
    outer loop
      vertex 0.735 0.6849999999999999 -0.3
      vertex 2.4252834769579765 1.2963410262714936 -0.3
      vertex 2.485970556089469 1.1757765069332757 -0.3
    endloop
  endfacet
  facet normal 0.6531728429537773 0.7572088465064839 0
    outer loop
      vertex 1.8467871258293007 2.0376155947261374 -0.3
      vertex 1.744581531450025 2.125778746747527 -0.3
      vertex 1.8467871258293007 2.0376155947261374 5.404999999999999
    endloop
  endfacet
  facet normal 0.6895405447370658 0.7242470829514681 0
    outer loop
      vertex 1.9445436482630059 1.9445436482630059 -0.3
      vertex 1.8467871258293007 2.0376155947261374 -0.3
      vertex 1.9445436482630059 1.9445436482630059 5.404999999999999
    endloop
  endfacet
  facet normal 0.7242470829514681 0.6895405447370658 -1.7149034641046605e-19
    outer loop
      vertex 1.9445436482630059 1.9445436482630059 -0.3
      vertex 2.0376155947261374 1.8467871258293007 5.404999999999999
      vertex 2.0376155947261374 1.8467871258293007 -0.3
    endloop
  endfacet
  facet normal 0 0 -1
    outer loop
      vertex -0.735 2.05 -0.3
      vertex 0.4035088047522448 2.720235402403148 -0.3
      vertex 0.5364983855443527 2.6971595211088837 -0.3
    endloop
  endfacet
  facet normal 0 0 -1
    outer loop
      vertex -0.735 2.05 -0.3
      vertex 0.6681954947339757 2.667585946284996 -0.3
      vertex 0.7982828624497714 2.6315859232635743 -0.3
    endloop
  endfacet
  facet normal 0 0 -1
    outer loop
      vertex -0.735 2.05 -0.3
      vertex 0.5364983855443527 2.6971595211088837 -0.3
      vertex 0.6681954947339757 2.667585946284996 -0.3
    endloop
  endfacet
  facet normal 0 0 -1
    outer loop
      vertex -0.735 2.05 -0.3
      vertex 0.7982828624497714 2.6315859232635743 -0.3
      vertex 0.735 2.05 -0.3
    endloop
  endfacet
  facet normal 0.024541228522910803 0.9996988186962044 -5.8726443113421e-21
    outer loop
      vertex 0 2.75 -0.3
      vertex 0.13493610440039955 2.7466875045642243 5.404999999999999
      vertex 0.13493610440039955 2.7466875045642243 -0.3
    endloop
  endfacet
  facet normal 0.07356456359966845 0.9972904566786902 -8.251153571796293e-20
    outer loop
      vertex 0.13493610440039955 2.7466875045642243 -0.3
      vertex 0.26954713590629165 2.7367579983485415 5.404999999999999
      vertex 0.26954713590629165 2.7367579983485415 -0.3
    endloop
  endfacet
  facet normal 0.12241067519921521 0.9924795345987102 -7.558059902188401e-22
    outer loop
      vertex 0.26954713590629165 2.7367579983485415 -0.3
      vertex 0.4035088047522448 2.720235402403148 5.404999999999999
      vertex 0.4035088047522448 2.720235402403148 -0.3
    endloop
  endfacet
  facet normal 0.17096188876030302 0.9852776423889409 1.5035922380659942e-19
    outer loop
      vertex 0.4035088047522448 2.720235402403148 -0.3
      vertex 0.5364983855443527 2.6971595211088837 5.404999999999999
      vertex 0.5364983855443527 2.6971595211088837 -0.3
    endloop
  endfacet
  facet normal 0.35989503653498806 0.932992798834739 -2.621646733919818e-19
    outer loop
      vertex 0.9264470968286052 2.589246179253307 -0.3
      vertex 1.0523794390039969 2.5406687144060385 5.404999999999999
      vertex 1.0523794390039969 2.5406687144060385 -0.3
    endloop
  endfacet
  facet normal 0.2191012401568692 0.9757021300385286 2.0812277941075905e-19
    outer loop
      vertex 0.5364983855443527 2.6971595211088837 -0.3
      vertex 0.6681954947339757 2.667585946284996 5.404999999999999
      vertex 0.6681954947339757 2.667585946284996 -0.3
    endloop
  endfacet
  facet normal 0.2667127574748991 0.9637760657954396 -2.800852051993347e-20
    outer loop
      vertex 0.6681954947339757 2.667585946284996 -0.3
      vertex 0.7982828624497714 2.6315859232635743 5.404999999999999
      vertex 0.7982828624497714 2.6315859232635743 -0.3
    endloop
  endfacet
  facet normal 0.3136817403988917 0.9495281805930367 0
    outer loop
      vertex 0.9264470968286052 2.589246179253307 -0.3
      vertex 0.7982828624497714 2.6315859232635743 -0.3
      vertex 0.9264470968286052 2.589246179253307 5.404999999999999
    endloop
  endfacet
  facet normal 0.40524131400498936 0.9142097557035308 5.511702449831115e-19
    outer loop
      vertex 1.0523794390039969 2.5406687144060385 -0.3
      vertex 1.1757765069332757 2.485970556089469 5.404999999999999
      vertex 1.1757765069332757 2.485970556089469 -0.3
    endloop
  endfacet
  facet normal 0.44961132965460504 0.8932243011955161 0
    outer loop
      vertex 1.2963410262714936 2.4252834769579765 -0.3
      vertex 1.1757765069332757 2.485970556089469 -0.3
      vertex 1.2963410262714936 2.4252834769579765 5.404999999999999
    endloop
  endfacet
  facet normal 0.5349976198870973 0.844853565249707 0
    outer loop
      vertex 1.527818140803906 2.2865414338319994 -0.3
      vertex 1.4137825465313598 2.358753677500748 -0.3
      vertex 1.527818140803906 2.2865414338319994 5.404999999999999
    endloop
  endfacet
  facet normal 0.492898192229786 0.8700869911087104 6.893183887666575e-19
    outer loop
      vertex 1.2963410262714936 2.4252834769579765 -0.3
      vertex 1.4137825465313598 2.358753677500748 5.404999999999999
      vertex 1.4137825465313598 2.358753677500748 -0.3
    endloop
  endfacet
  facet normal 0.5758081914178433 0.817584813151585 8.89366559866544e-19
    outer loop
      vertex 1.527818140803906 2.2865414338319994 -0.3
      vertex 1.6381730873541918 2.2088207115717737 5.404999999999999
      vertex 1.6381730873541918 2.2088207115717737 -0.3
    endloop
  endfacet
  facet normal 0.6152315905806274 0.7883464276266059 -4.397106166118348e-19
    outer loop
      vertex 1.6381730873541918 2.2088207115717737 -0.3
      vertex 1.744581531450025 2.125778746747527 5.404999999999999
      vertex 1.744581531450025 2.125778746747527 -0.3
    endloop
  endfacet
  facet normal 0.932992798834739 0.35989503653498806 0
    outer loop
      vertex 2.589246179253307 0.9264470968286052 -0.3
      vertex 2.5406687144060385 1.0523794390039969 -0.3
      vertex 2.589246179253307 0.9264470968286052 5.404999999999999
    endloop
  endfacet
  facet normal 0.9637760657954394 0.26671275747490036 0
    outer loop
      vertex 2.6629355133716164 0.6849999999999999 -0.3
      vertex 2.6315859232635743 0.7982828624497714 -0.3
      vertex 2.6629355133716164 0.6849999999999999 5.404999999999999
    endloop
  endfacet
  facet normal 0.9495281805930367 0.3136817403988917 -1.768400595657261e-19
    outer loop
      vertex 2.589246179253307 0.9264470968286052 -0.3
      vertex 2.6315859232635743 0.7982828624497714 5.404999999999999
      vertex 2.6315859232635743 0.7982828624497714 -0.3
    endloop
  endfacet
  facet normal 0.9142097557035308 0.40524131400498936 0
    outer loop
      vertex 2.5406687144060385 1.0523794390039969 -0.3
      vertex 2.485970556089469 1.1757765069332757 -0.3
      vertex 2.5406687144060385 1.0523794390039969 5.404999999999999
    endloop
  endfacet
  facet normal 0.8932243011955161 0.44961132965460504 3.0682033098684176e-19
    outer loop
      vertex 2.4252834769579765 1.2963410262714936 -0.3
      vertex 2.485970556089469 1.1757765069332757 5.404999999999999
      vertex 2.485970556089469 1.1757765069332757 -0.3
    endloop
  endfacet
  facet normal 0.8700869911087104 0.492898192229786 0
    outer loop
      vertex 2.4252834769579765 1.2963410262714936 -0.3
      vertex 2.358753677500748 1.4137825465313598 -0.3
      vertex 2.4252834769579765 1.2963410262714936 5.404999999999999
    endloop
  endfacet
  facet normal 0.844853565249707 0.5349976198870973 -4.658893456851306e-19
    outer loop
      vertex 2.2865414338319994 1.527818140803906 -0.3
      vertex 2.358753677500748 1.4137825465313598 5.404999999999999
      vertex 2.358753677500748 1.4137825465313598 -0.3
    endloop
  endfacet
  facet normal 0.7883464276266059 0.6152315905806274 -4.397106166118348e-19
    outer loop
      vertex 2.125778746747527 1.744581531450025 -0.3
      vertex 2.2088207115717737 1.6381730873541918 5.404999999999999
      vertex 2.2088207115717737 1.6381730873541918 -0.3
    endloop
  endfacet
  facet normal 0.7572088465064839 0.6531728429537773 7.160988608422316e-19
    outer loop
      vertex 2.0376155947261374 1.8467871258293007 -0.3
      vertex 2.125778746747527 1.744581531450025 5.404999999999999
      vertex 2.125778746747527 1.744581531450025 -0.3
    endloop
  endfacet
  facet normal 0.817584813151585 0.5758081914178433 0
    outer loop
      vertex 2.2865414338319994 1.527818140803906 -0.3
      vertex 2.2088207115717737 1.6381730873541918 -0.3
      vertex 2.2865414338319994 1.527818140803906 5.404999999999999
    endloop
  endfacet
  facet normal 0.7572088465064839 0.6531728429537773 0
    outer loop
      vertex 2.0376155947261374 1.8467871258293007 -0.3
      vertex 2.0376155947261374 1.8467871258293007 5.404999999999999
      vertex 2.125778746747527 1.744581531450025 5.404999999999999
    endloop
  endfacet
  facet normal 0.6895405447370658 0.7242470829514681 0
    outer loop
      vertex 1.8467871258293007 2.0376155947261374 -0.3
      vertex 1.8467871258293007 2.0376155947261374 5.404999999999999
      vertex 1.9445436482630059 1.9445436482630059 5.404999999999999
    endloop
  endfacet
  facet normal 0.7242470829514681 0.6895405447370658 0
    outer loop
      vertex 1.9445436482630059 1.9445436482630059 -0.3
      vertex 1.9445436482630059 1.9445436482630059 5.404999999999999
      vertex 2.0376155947261374 1.8467871258293007 5.404999999999999
    endloop
  endfacet
  facet normal 0.024541228522910803 0.9996988186962044 0
    outer loop
      vertex 0 2.75 -0.3
      vertex 0 2.75 5.404999999999999
      vertex 0.13493610440039955 2.7466875045642243 5.404999999999999
    endloop
  endfacet
  facet normal 0.07356456359966845 0.9972904566786902 0
    outer loop
      vertex 0.13493610440039955 2.7466875045642243 -0.3
      vertex 0.13493610440039955 2.7466875045642243 5.404999999999999
      vertex 0.26954713590629165 2.7367579983485415 5.404999999999999
    endloop
  endfacet
  facet normal 0.12241067519921521 0.9924795345987102 0
    outer loop
      vertex 0.26954713590629165 2.7367579983485415 -0.3
      vertex 0.26954713590629165 2.7367579983485415 5.404999999999999
      vertex 0.4035088047522448 2.720235402403148 5.404999999999999
    endloop
  endfacet
  facet normal 0.17096188876030302 0.9852776423889409 0
    outer loop
      vertex 0.4035088047522448 2.720235402403148 -0.3
      vertex 0.4035088047522448 2.720235402403148 5.404999999999999
      vertex 0.5364983855443527 2.6971595211088837 5.404999999999999
    endloop
  endfacet
  facet normal 0.35989503653498806 0.932992798834739 0
    outer loop
      vertex 0.9264470968286052 2.589246179253307 -0.3
      vertex 0.9264470968286052 2.589246179253307 5.404999999999999
      vertex 1.0523794390039969 2.5406687144060385 5.404999999999999
    endloop
  endfacet
  facet normal 0.2191012401568692 0.9757021300385286 0
    outer loop
      vertex 0.5364983855443527 2.6971595211088837 -0.3
      vertex 0.5364983855443527 2.6971595211088837 5.404999999999999
      vertex 0.6681954947339757 2.667585946284996 5.404999999999999
    endloop
  endfacet
  facet normal 0.2667127574748991 0.9637760657954396 0
    outer loop
      vertex 0.6681954947339757 2.667585946284996 -0.3
      vertex 0.6681954947339757 2.667585946284996 5.404999999999999
      vertex 0.7982828624497714 2.6315859232635743 5.404999999999999
    endloop
  endfacet
  facet normal 0.3136817403988917 0.9495281805930367 0
    outer loop
      vertex 0.7982828624497714 2.6315859232635743 -0.3
      vertex 0.7982828624497714 2.6315859232635743 5.404999999999999
      vertex 0.9264470968286052 2.589246179253307 5.404999999999999
    endloop
  endfacet
  facet normal 0.40524131400498936 0.9142097557035308 0
    outer loop
      vertex 1.0523794390039969 2.5406687144060385 -0.3
      vertex 1.0523794390039969 2.5406687144060385 5.404999999999999
      vertex 1.1757765069332757 2.485970556089469 5.404999999999999
    endloop
  endfacet
  facet normal 0.44961132965460504 0.8932243011955161 0
    outer loop
      vertex 1.1757765069332757 2.485970556089469 -0.3
      vertex 1.1757765069332757 2.485970556089469 5.404999999999999
      vertex 1.2963410262714936 2.4252834769579765 5.404999999999999
    endloop
  endfacet
  facet normal 0.492898192229786 0.8700869911087104 0
    outer loop
      vertex 1.2963410262714936 2.4252834769579765 -0.3
      vertex 1.2963410262714936 2.4252834769579765 5.404999999999999
      vertex 1.4137825465313598 2.358753677500748 5.404999999999999
    endloop
  endfacet
  facet normal 0.5349976198870973 0.844853565249707 0
    outer loop
      vertex 1.4137825465313598 2.358753677500748 -0.3
      vertex 1.4137825465313598 2.358753677500748 5.404999999999999
      vertex 1.527818140803906 2.2865414338319994 5.404999999999999
    endloop
  endfacet
  facet normal 0.6152315905806274 0.7883464276266059 0
    outer loop
      vertex 1.6381730873541918 2.2088207115717737 -0.3
      vertex 1.6381730873541918 2.2088207115717737 5.404999999999999
      vertex 1.744581531450025 2.125778746747527 5.404999999999999
    endloop
  endfacet
  facet normal 0.5758081914178433 0.817584813151585 0
    outer loop
      vertex 1.527818140803906 2.2865414338319994 -0.3
      vertex 1.527818140803906 2.2865414338319994 5.404999999999999
      vertex 1.6381730873541918 2.2088207115717737 5.404999999999999
    endloop
  endfacet
  facet normal 0.6531728429537773 0.7572088465064839 0
    outer loop
      vertex 1.744581531450025 2.125778746747527 -0.3
      vertex 1.744581531450025 2.125778746747527 5.404999999999999
      vertex 1.8467871258293007 2.0376155947261374 5.404999999999999
    endloop
  endfacet
  facet normal 0.932992798834739 0.35989503653498806 0
    outer loop
      vertex 2.5406687144060385 1.0523794390039969 -0.3
      vertex 2.5406687144060385 1.0523794390039969 5.404999999999999
      vertex 2.589246179253307 0.9264470968286052 5.404999999999999
    endloop
  endfacet
  facet normal 0.9637760657954394 0.26671275747490036 0
    outer loop
      vertex 2.6315859232635743 0.7982828624497714 -0.3
      vertex 2.6315859232635743 0.7982828624497714 5.404999999999999
      vertex 2.6629355133716164 0.6849999999999999 5.404999999999999
    endloop
  endfacet
  facet normal 0.9495281805930367 0.3136817403988917 0
    outer loop
      vertex 2.589246179253307 0.9264470968286052 -0.3
      vertex 2.589246179253307 0.9264470968286052 5.404999999999999
      vertex 2.6315859232635743 0.7982828624497714 5.404999999999999
    endloop
  endfacet
  facet normal 0.844853565249707 0.5349976198870973 0
    outer loop
      vertex 2.2865414338319994 1.527818140803906 -0.3
      vertex 2.2865414338319994 1.527818140803906 5.404999999999999
      vertex 2.358753677500748 1.4137825465313598 5.404999999999999
    endloop
  endfacet
  facet normal 0.8932243011955161 0.44961132965460504 0
    outer loop
      vertex 2.4252834769579765 1.2963410262714936 -0.3
      vertex 2.4252834769579765 1.2963410262714936 5.404999999999999
      vertex 2.485970556089469 1.1757765069332757 5.404999999999999
    endloop
  endfacet
  facet normal 0.9142097557035308 0.40524131400498936 0
    outer loop
      vertex 2.485970556089469 1.1757765069332757 -0.3
      vertex 2.485970556089469 1.1757765069332757 5.404999999999999
      vertex 2.5406687144060385 1.0523794390039969 5.404999999999999
    endloop
  endfacet
  facet normal 0.8700869911087104 0.492898192229786 0
    outer loop
      vertex 2.358753677500748 1.4137825465313598 -0.3
      vertex 2.358753677500748 1.4137825465313598 5.404999999999999
      vertex 2.4252834769579765 1.2963410262714936 5.404999999999999
    endloop
  endfacet
  facet normal 0.7883464276266059 0.6152315905806274 0
    outer loop
      vertex 2.125778746747527 1.744581531450025 -0.3
      vertex 2.125778746747527 1.744581531450025 5.404999999999999
      vertex 2.2088207115717737 1.6381730873541918 5.404999999999999
    endloop
  endfacet
  facet normal 0.817584813151585 0.5758081914178433 0
    outer loop
      vertex 2.2088207115717737 1.6381730873541918 -0.3
      vertex 2.2088207115717737 1.6381730873541918 5.404999999999999
      vertex 2.2865414338319994 1.527818140803906 5.404999999999999
    endloop
  endfacet
  facet normal 1 0 0
    outer loop
      vertex -0.735 -2.05 -0.3
      vertex -0.735 -0.6849999999999999 -0.3
      vertex -0.735 -2.05 5.404999999999999
    endloop
  endfacet
  facet normal 1 0 0
    outer loop
      vertex -0.735 -0.6849999999999999 -0.3
      vertex -0.735 -0.6849999999999999 5.404999999999999
      vertex -0.735 -2.05 5.404999999999999
    endloop
  endfacet
  facet normal 0 1 0
    outer loop
      vertex -0.735 -2.05 -0.3
      vertex -0.735 -2.05 5.404999999999999
      vertex 0.735 -2.05 5.404999999999999
    endloop
  endfacet
  facet normal 1 0 0
    outer loop
      vertex -0.735 0.6849999999999999 -0.3
      vertex -0.735 2.05 -0.3
      vertex -0.735 0.6849999999999999 5.404999999999999
    endloop
  endfacet
  facet normal 0 -1 0
    outer loop
      vertex -0.735 2.05 -0.3
      vertex 0.735 2.05 -0.3
      vertex -0.735 2.05 5.404999999999999
    endloop
  endfacet
  facet normal 1 0 0
    outer loop
      vertex -0.735 2.05 -0.3
      vertex -0.735 2.05 5.404999999999999
      vertex -0.735 0.6849999999999999 5.404999999999999
    endloop
  endfacet
  facet normal 0 1 0
    outer loop
      vertex -0.735 -2.05 -0.3
      vertex 0.735 -2.05 5.404999999999999
      vertex 0.735 -2.05 -0.3
    endloop
  endfacet
  facet normal -1 0 0
    outer loop
      vertex 0.735 -2.05 -0.3
      vertex 0.735 -0.6849999999999999 5.404999999999999
      vertex 0.735 -0.6849999999999999 -0.3
    endloop
  endfacet
  facet normal -1 0 0
    outer loop
      vertex 0.735 -2.05 -0.3
      vertex 0.735 -2.05 5.404999999999999
      vertex 0.735 -0.6849999999999999 5.404999999999999
    endloop
  endfacet
  facet normal -1 0 0
    outer loop
      vertex 0.735 0.6849999999999999 -0.3
      vertex 0.735 2.05 5.404999999999999
      vertex 0.735 2.05 -0.3
    endloop
  endfacet
  facet normal 0 -1 0
    outer loop
      vertex -0.735 2.05 5.404999999999999
      vertex 0.735 2.05 -0.3
      vertex 0.735 2.05 5.404999999999999
    endloop
  endfacet
  facet normal -1 0 0
    outer loop
      vertex 0.735 0.6849999999999999 -0.3
      vertex 0.735 0.6849999999999999 5.404999999999999
      vertex 0.735 2.05 5.404999999999999
    endloop
  endfacet
  facet normal 0 1 0
    outer loop
      vertex -2.6629355133716164 -0.6849999999999999 -0.3
      vertex -0.735 -0.6849999999999999 5.404999999999999
      vertex -0.735 -0.6849999999999999 -0.3
    endloop
  endfacet
  facet normal 0 1 0
    outer loop
      vertex -2.6629355133716164 -0.6849999999999999 -0.3
      vertex -2.6629355133716164 -0.6849999999999999 5.404999999999999
      vertex -0.735 -0.6849999999999999 5.404999999999999
    endloop
  endfacet
  facet normal 0 -1 0
    outer loop
      vertex -2.6629355133716164 0.6849999999999999 -0.3
      vertex -0.735 0.6849999999999999 -0.3
      vertex -2.6629355133716164 0.6849999999999999 5.404999999999999
    endloop
  endfacet
  facet normal 0 -1 0
    outer loop
      vertex -0.735 0.6849999999999999 -0.3
      vertex -0.735 0.6849999999999999 5.404999999999999
      vertex -2.6629355133716164 0.6849999999999999 5.404999999999999
    endloop
  endfacet
  facet normal 0 1 0
    outer loop
      vertex 0.735 -0.6849999999999999 -0.3
      vertex 2.6629355133716164 -0.6849999999999999 5.404999999999999
      vertex 2.6629355133716164 -0.6849999999999999 -0.3
    endloop
  endfacet
  facet normal 0 1 0
    outer loop
      vertex 0.735 -0.6849999999999999 -0.3
      vertex 0.735 -0.6849999999999999 5.404999999999999
      vertex 2.6629355133716164 -0.6849999999999999 5.404999999999999
    endloop
  endfacet
  facet normal 0 -1 0
    outer loop
      vertex 0.735 0.6849999999999999 -0.3
      vertex 2.6629355133716164 0.6849999999999999 -0.3
      vertex 0.735 0.6849999999999999 5.404999999999999
    endloop
  endfacet
  facet normal 0 -1 0
    outer loop
      vertex 2.6629355133716164 0.6849999999999999 -0.3
      vertex 2.6629355133716164 0.6849999999999999 5.404999999999999
      vertex 0.735 0.6849999999999999 5.404999999999999
    endloop
  endfacet
  facet normal 1 0 0
    outer loop
      vertex -0.6367100030183792 7.0814214984229835 3.274314006308068
      vertex -0.6367100030183792 7.131747639606085 3.0730094415756612
      vertex -0.6367100030183792 7.509406463135496 3.1674241474580143
    endloop
  endfacet
  facet normal 0 0.9701425001453319 0.2425356250363335
    outer loop
      vertex -0.6367100030183792 7.0814214984229835 3.274314006308068
      vertex -0.17153000086545944 7.0814214984229835 3.274314006308068
      vertex -0.6367100030183792 7.131747639606085 3.0730094415756612
    endloop
  endfacet
  facet normal 0 0.9701425001453318 0.24253562503633347
    outer loop
      vertex -0.6367100030183792 7.131747639606085 3.0730094415756612
      vertex -0.17153000086545944 7.0814214984229835 3.274314006308068
      vertex 0.5608500018715858 7.131747639606085 3.0730094415756612
    endloop
  endfacet
  facet normal 0 0.24253562503633297 -0.9701425001453319
    outer loop
      vertex -0.6367100030183792 7.0814214984229835 3.274314006308068
      vertex -0.6367100030183792 7.459080321952396 3.368728712190421
      vertex -0.17153000086545944 7.0814214984229835 3.274314006308068
    endloop
  endfacet
  facet normal 1 0 0
    outer loop
      vertex -0.6367100030183792 7.0814214984229835 3.274314006308068
      vertex -0.6367100030183792 7.509406463135496 3.1674241474580143
      vertex -0.6367100030183792 7.459080321952396 3.368728712190421
    endloop
  endfacet
  facet normal 1.7509683944651249e-16 -0.2425356250363335 0.9701425001453317
    outer loop
      vertex -0.6367100030183792 7.131747639606085 3.0730094415756612
      vertex 0.5608500018715858 7.509406463135497 3.1674241474580143
      vertex -0.6367100030183792 7.509406463135496 3.1674241474580143
    endloop
  endfacet
  facet normal -9.048873903867258e-18 0.24253562503633297 -0.9701425001453319
    outer loop
      vertex -0.17153000086545944 7.0814214984229835 3.274314006308068
      vertex -0.6367100030183792 7.459080321952396 3.368728712190421
      vertex -0.17153000086545944 7.459080321952396 3.368728712190421
    endloop
  endfacet
  facet normal 0 0.9701425001453319 0.24253562503633289
    outer loop
      vertex -0.17153000086545944 7.0814214984229835 3.274314006308068
      vertex 0.0739699974656105 6.724850473841408 4.700598104634371
      vertex 0.0739699974656105 7.0814214984229835 3.274314006308068
    endloop
  endfacet
  facet normal 1 0 0
    outer loop
      vertex -0.17153000086545944 7.0814214984229835 3.274314006308068
      vertex -0.17153000086545944 7.459080321952396 3.368728712190421
      vertex -0.17153000086545944 7.045930586017557 5.021327655929771
    endloop
  endfacet
  facet normal 0 0.9701425001453322 0.2425356250363321
    outer loop
      vertex -0.17153000086545944 6.668271762488146 4.926912950047418
      vertex 0.053609997034072876 6.668271762488146 4.926912950047418
      vertex 0.0739699974656105 6.724850473841408 4.700598104634371
    endloop
  endfacet
  facet normal 6.308886595505011e-16 0.9701425001453319 0.24253562503633277
    outer loop
      vertex -0.17153000086545944 7.0814214984229835 3.274314006308068
      vertex -0.17153000086545944 6.668271762488146 4.926912950047418
      vertex 0.0739699974656105 6.724850473841408 4.700598104634371
    endloop
  endfacet
  facet normal 1 0 0
    outer loop
      vertex -0.17153000086545944 7.0814214984229835 3.274314006308068
      vertex -0.17153000086545944 7.045930586017557 5.021327655929771
      vertex -0.17153000086545944 6.668271762488146 4.926912950047418
    endloop
  endfacet
  facet normal 0 0.24253562503633352 -0.9701425001453319
    outer loop
      vertex -0.17153000086545944 6.668271762488146 4.926912950047418
      vertex -0.17153000086545944 7.045930586017557 5.021327655929771
      vertex 0.053609997034072876 6.668271762488146 4.926912950047418
    endloop
  endfacet
  facet normal -2.5432781004666474e-17 0.24253562503633352 -0.9701425001453319
    outer loop
      vertex 0.053609997034072876 6.668271762488146 4.926912950047418
      vertex -0.17153000086545944 7.045930586017557 5.021327655929771
      vertex 0.053609997034072876 7.045930586017557 5.021327655929771
    endloop
  endfacet
  facet normal 0 0.9701425001453318 0.2425356250363335
    outer loop
      vertex -0.17153000086545944 7.0814214984229835 3.274314006308068
      vertex 0.0739699974656105 7.0814214984229835 3.274314006308068
      vertex 0.5608500018715858 7.131747639606085 3.0730094415756612
    endloop
  endfacet
  facet normal 0 -0.24253562503633297 0.9701425001453319
    outer loop
      vertex -0.6367100030183792 7.131747639606085 3.0730094415756612
      vertex 0.5608500018715858 7.131747639606085 3.0730094415756612
      vertex 0.5608500018715858 7.509406463135497 3.1674241474580143
    endloop
  endfacet
  facet normal 0 0.9701425001453319 0.24253562503633347
    outer loop
      vertex 0.0739699974656105 7.0814214984229835 3.274314006308068
      vertex 0.5608500018715858 7.0814214984229835 3.274314006308068
      vertex 0.5608500018715858 7.131747639606085 3.0730094415756612
    endloop
  endfacet
  facet normal 0 0.24253562503633297 -0.9701425001453319
    outer loop
      vertex 0.0739699974656105 7.0814214984229835 3.274314006308068
      vertex 0.0739699974656105 7.459080321952396 3.368728712190421
      vertex 0.5608500018715858 7.0814214984229835 3.274314006308068
    endloop
  endfacet
  facet normal -1 0 0
    outer loop
      vertex 0.5608500018715858 7.0814214984229835 3.274314006308068
      vertex 0.5608500018715858 7.459080321952396 3.368728712190421
      vertex 0.5608500018715858 7.131747639606085 3.0730094415756612
    endloop
  endfacet
  facet normal -8.645570045987313e-18 0.24253562503633297 -0.9701425001453319
    outer loop
      vertex 0.5608500018715858 7.0814214984229835 3.274314006308068
      vertex 0.0739699974656105 7.459080321952396 3.368728712190421
      vertex 0.5608500018715858 7.459080321952396 3.368728712190421
    endloop
  endfacet
  facet normal -1 0 0
    outer loop
      vertex 0.5608500018715858 7.131747639606085 3.0730094415756612
      vertex 0.5608500018715858 7.459080321952396 3.368728712190421
      vertex 0.5608500018715858 7.509406463135497 3.1674241474580143
    endloop
  endfacet
  facet normal -1 0 0
    outer loop
      vertex 0.0739699974656105 7.0814214984229835 3.274314006308068
      vertex 0.0739699974656105 7.102509297370819 4.795012810516724
      vertex 0.0739699974656105 7.459080321952396 3.368728712190421
    endloop
  endfacet
  facet normal 1.3540463442770122e-15 0.9701425001453321 0.24253562503633216
    outer loop
      vertex 0.0739699974656105 6.724850473841408 4.700598104634371
      vertex 0.053609997034072876 6.668271762488146 4.926912950047418
      vertex 0.5052499994635582 6.743598476980163 4.625606092079346
    endloop
  endfacet
  facet normal -1 0 0
    outer loop
      vertex 0.0739699974656105 7.0814214984229835 3.274314006308068
      vertex 0.0739699974656105 6.724850473841408 4.700598104634371
      vertex 0.0739699974656105 7.102509297370819 4.795012810516724
    endloop
  endfacet
  facet normal 0.5809918029490958 -0.19740202706301124 0.789608108252045
    outer loop
      vertex 0.0739699974656105 6.724850473841408 4.700598104634371
      vertex 0.5052499994635582 6.799517490024131 4.401930039903476
      vertex 0.5052499994635582 7.177176313553543 4.496344745785829
    endloop
  endfacet
  facet normal -1 0 0
    outer loop
      vertex 0.5052499994635582 6.799517490024131 4.401930039903476
      vertex 0.5052499994635582 7.121257300509575 4.720020797961699
      vertex 0.5052499994635582 7.177176313553543 4.496344745785829
    endloop
  endfacet
  facet normal 0.580991802949096 -0.19740202706301163 0.7896081082520446
    outer loop
      vertex 0.0739699974656105 6.724850473841408 4.700598104634371
      vertex 0.5052499994635582 7.177176313553543 4.496344745785829
      vertex 0.0739699974656105 7.102509297370819 4.795012810516724
    endloop
  endfacet
  facet normal -0.5666248286393155 0.1998435128337507 -0.7993740513350011
    outer loop
      vertex 0.5052499994635582 6.743598476980163 4.625606092079346
      vertex 0.053609997034072876 6.668271762488146 4.926912950047418
      vertex 0.053609997034072876 7.045930586017557 5.021327655929771
    endloop
  endfacet
  facet normal 1.8293170088759778e-15 0.9701425001453314 0.24253562503633477
    outer loop
      vertex 0.0739699974656105 6.724850473841408 4.700598104634371
      vertex 0.5052499994635582 6.743598476980163 4.625606092079346
      vertex 0.5052499994635582 6.799517490024131 4.401930039903476
    endloop
  endfacet
  facet normal -1 0 0
    outer loop
      vertex 0.5052499994635582 6.799517490024131 4.401930039903476
      vertex 0.5052499994635582 6.743598476980163 4.625606092079346
      vertex 0.5052499994635582 7.121257300509575 4.720020797961699
    endloop
  endfacet
  facet normal -0.5666248286393157 0.19984351283375024 -0.799374051335001
    outer loop
      vertex 0.5052499994635582 6.743598476980163 4.625606092079346
      vertex 0.053609997034072876 7.045930586017557 5.021327655929771
      vertex 0.5052499994635582 7.121257300509575 4.720020797961699
    endloop
  endfacet
  facet normal 0.03914642574130312 -0.14145700621185828 0.9891700929290467
    outer loop
      vertex -5.815649068261169 -2.07012747162743 8.561130065548241
      vertex -5.877044904678297 -5.228365753411697 8.111913588149514
      vertex -5.8153174450507015 -5.328013059022921 8.095220585539156
    endloop
  endfacet
  facet normal 0.03914642574131986 -0.14145700621185725 0.9891700929290462
    outer loop
      vertex -5.815649068261169 -2.07012747162743 8.561130065548241
      vertex -5.749107371016037 -5.423961645581507 8.078879121450312
      vertex -5.67858480478212 -5.5160003819824475 8.062926121433666
    endloop
  endfacet
  facet normal 0.0391464257412703 -0.1414570062118585 0.9891700929290481
    outer loop
      vertex -5.815649068261169 -2.07012747162743 8.561130065548241
      vertex -5.8153174450507015 -5.328013059022921 8.095220585539156
      vertex -5.749107371016037 -5.423961645581507 8.078879121450312
    endloop
  endfacet
  facet normal 0.03914642574130431 -0.14145700621185814 0.9891700929290467
    outer loop
      vertex -5.815649068261169 -2.07012747162743 8.561130065548241
      vertex -5.175429941726045 -5.975633419329503 7.977283592906213
      vertex -5.08013958879161 -6.035288631710509 7.964981437230108
    endloop
  endfacet
  facet normal 0.03914642574129982 -0.14145700621185914 0.9891700929290468
    outer loop
      vertex -5.815649068261169 -2.07012747162743 8.561130065548241
      vertex -5.08013958879161 -6.035288631710509 7.964981437230108
      vertex -4.982163914453841 -6.089735880489504 7.9533177786226155
    endloop
  endfacet
  facet normal 0.03914642574130522 -0.1414570062118578 0.9891700929290467
    outer loop
      vertex -5.815649068261169 -2.07012747162743 8.561130065548241
      vertex -4.982163914453841 -6.089735880489504 7.9533177786226155
      vertex -4.881732101524964 -6.138864571376721 7.942317502616819
    endloop
  endfacet
  facet normal 0.03914642574129295 -0.14145700621185853 0.989170092929047
    outer loop
      vertex -5.815649068261169 -2.07012747162743 8.561130065548241
      vertex -5.603928435143531 -5.603928435143531 8.047397377386329
      vertex -5.52532501513719 -5.6875555536617775 8.032327487107029
    endloop
  endfacet
  facet normal 0.03914642574132481 -0.14145700621185595 0.9891700929290463
    outer loop
      vertex -5.815649068261169 -2.07012747162743 8.561130065548241
      vertex -5.52532501513719 -5.6875555536617775 8.032327487107029
      vertex -5.442968858280041 -5.766702321421414 8.017749798092318
    endloop
  endfacet
  facet normal 0.03914642574128214 -0.14145700621186114 0.9891700929290472
    outer loop
      vertex -5.815649068261169 -2.07012747162743 8.561130065548241
      vertex -5.357061334859097 -5.8412003824347885 8.003696355448701
      vertex -5.267810369581001 -5.910892638254066 7.990197853781101
    endloop
  endfacet
  facet normal 0.03914642574132386 -0.14145700621185595 0.9891700929290462
    outer loop
      vertex -5.815649068261169 -2.07012747162743 8.561130065548241
      vertex -5.442968858280041 -5.766702321421414 8.017749798092318
      vertex -5.357061334859097 -5.8412003824347885 8.003696355448701
    endloop
  endfacet
  facet normal 0.0391464257412998 -0.14145700621185814 0.9891700929290469
    outer loop
      vertex -5.815649068261169 -2.07012747162743 8.561130065548241
      vertex -5.67858480478212 -5.5160003819824475 8.062926121433666
      vertex -5.603928435143531 -5.603928435143531 8.047397377386329
    endloop
  endfacet
  facet normal 0.03914642574131159 -0.14145700621185692 0.9891700929290467
    outer loop
      vertex -5.815649068261169 -2.07012747162743 8.561130065548241
      vertex -5.267810369581001 -5.910892638254066 7.990197853781101
      vertex -5.175429941726045 -5.975633419329503 7.977283592906213
    endloop
  endfacet
  facet normal 0.03914642574131023 -0.1414570062118566 0.9891700929290467
    outer loop
      vertex -5.815649068261169 -2.07012747162743 8.561130065548241
      vertex -4.881732101524964 -6.138864571376721 7.942317502616819
      vertex -4.786305259281932 -6.179498307510829 7.932730125758057
    endloop
  endfacet
  facet normal 0.03215830584495761 -0.1432074391221474 0.9891700929290466
    outer loop
      vertex -4.669421390302573 -1.812733439154691 8.561130065548241
      vertex -4.786305259281932 -6.179498307510829 7.932730125758057
      vertex -4.779060548176484 -6.1825638286047475 7.932050785505328
    endloop
  endfacet
  facet normal 0.032158305844952356 -0.14320743912214737 0.9891700929290468
    outer loop
      vertex -4.669421390302573 -1.812733439154691 8.561130065548241
      vertex -4.779060548176484 -6.1825638286047475 7.932050785505328
      vertex -4.674165804804091 -6.220594132232395 7.923134766214515
    endloop
  endfacet
  facet normal 0.03215830584494887 -0.1432074391221474 0.9891700929290468
    outer loop
      vertex -4.669421390302573 -1.812733439154691 8.561130065548241
      vertex -4.674165804804091 -6.220594132232395 7.923134766214515
      vertex -4.567506029272803 -6.25304300308826 7.91496941888113
    endloop
  endfacet
  facet normal 0.032158305844953904 -0.14320743912214726 0.9891700929290467
    outer loop
      vertex -4.669421390302573 -1.812733439154691 8.561130065548241
      vertex -4.567506029272803 -6.25304300308826 7.91496941888113
      vertex -4.459323841040673 -6.279847383699813 7.90757176032565
    endloop
  endfacet
  facet normal 0.032158305844942586 -0.1432074391221483 0.9891700929290469
    outer loop
      vertex -4.669421390302573 -1.812733439154691 8.561130065548241
      vertex -4.349864194987728 -6.300956176624591 7.900957151776584
      vertex -4.239373936891892 -6.316330249676381 7.895139283662198
    endloop
  endfacet
  facet normal 0.03215830584496243 -0.14320743912214684 0.9891700929290465
    outer loop
      vertex -4.669421390302573 -1.812733439154691 8.561130065548241
      vertex -4.459323841040673 -6.279847383699813 7.90757176032565
      vertex -4.349864194987728 -6.300956176624591 7.900957151776584
    endloop
  endfacet
  facet normal 0.03215830584495484 -0.14320743912214712 0.9891700929290467
    outer loop
      vertex -4.669421390302573 -1.812733439154691 8.561130065548241
      vertex -4.239373936891892 -6.316330249676381 7.895139283662198
      vertex -4.128101364215799 -6.3259424281956305 7.8901301624505695
    endloop
  endfacet
  facet normal 0.03215830584495806 -0.14320743912214676 0.9891700929290467
    outer loop
      vertex -4.669421390302573 -1.812733439154691 8.561130065548241
      vertex -4.128101364215799 -6.3259424281956305 7.8901301624505695
      vertex -4.016295791910333 -6.3297774751462 7.885940099415201
    endloop
  endfacet
  facet normal 0.03215830584495197 -0.14320743912214762 0.9891700929290468
    outer loop
      vertex -4.669421390302573 -1.812733439154691 8.561130065548241
      vertex -4.016295791910333 -6.3297774751462 7.885940099415201
      vertex -3.7705131940554097 -6.331850113943667 7.877649544225332
    endloop
  endfacet
  facet normal 0.03914642574129684 -0.14145700621185733 0.989170092929047
    outer loop
      vertex -5.815649068261169 -2.07012747162743 8.561130065548241
      vertex -6.0760537946227995 -4.797353844284896 8.181426548084646
      vertex -6.0337693231658625 -4.90949046297643 8.163716958587402
    endloop
  endfacet
  facet normal 0.03914642574132185 -0.14145700621185953 0.9891700929290459
    outer loop
      vertex -5.815649068261169 -2.07012747162743 8.561130065548241
      vertex -6.113150803275292 -4.6827164578223845 8.199288467798636
      vertex -6.0760537946227995 -4.797353844284896 8.181426548084646
    endloop
  endfacet
  facet normal 0.03914642574130377 -0.14145700621185764 0.9891700929290468
    outer loop
      vertex -5.815649068261169 -2.07012747162743 8.561130065548241
      vertex -6.144951870851889 -4.5658434450857825 8.21726050794233
      vertex -6.113150803275292 -4.6827164578223845 8.199288467798636
    endloop
  endfacet
  facet normal 0.03914642574129658 -0.1414570062118566 0.9891700929290472
    outer loop
      vertex -5.815649068261169 -2.07012747162743 8.561130065548241
      vertex -6.171360405809237 -4.447007331897007 8.235299873145278
      vertex -6.144951870851889 -4.5658434450857825 8.21726050794233
    endloop
  endfacet
  facet normal 0.039146425741329934 -0.14145700621185864 0.9891700929290456
    outer loop
      vertex -5.815649068261169 -2.07012747162743 8.561130065548241
      vertex -5.934128693571699 -5.125240842964816 8.128920134870734
      vertex -5.877044904678297 -5.228365753411697 8.111913588149514
    endloop
  endfacet
  facet normal 0.03914642574129721 -0.14145700621185764 0.9891700929290471
    outer loop
      vertex -5.815649068261169 -2.07012747162743 8.561130065548241
      vertex -5.98641731573546 -5.018869077735382 8.146201231662548
      vertex -5.934128693571699 -5.125240842964816 8.128920134870734
    endloop
  endfacet
  facet normal 0.03914642574130989 -0.14145700621185822 0.9891700929290465
    outer loop
      vertex -5.815649068261169 -2.07012747162743 8.561130065548241
      vertex -6.0337693231658625 -4.90949046297643 8.163716958587402
      vertex -5.98641731573546 -5.018869077735382 8.146201231662548
    endloop
  endfacet
  facet normal 0.039146425741333084 -0.1414570062118618 0.9891700929290451
    outer loop
      vertex -5.815649068261169 -2.07012747162743 8.561130065548241
      vertex -6.1922921229288015 -4.326487471496367 8.253363278700027
      vertex -6.171360405809237 -4.447007331897007 8.235299873145278
    endloop
  endfacet
  facet normal 0.03914642574126958 -0.14145700621185203 0.9891700929290491
    outer loop
      vertex -5.815649068261169 -2.07012747162743 8.561130065548241
      vertex -6.207675441665421 -4.204569451857474 8.271407051084129
      vertex -6.1922921229288015 -4.326487471496367 8.253363278700027
    endloop
  endfacet
  facet normal 0.039146425741337365 -0.14145700621186366 0.9891700929290446
    outer loop
      vertex -5.815649068261169 -2.07012747162743 8.561130065548241
      vertex -6.217451860503941 -4.081544467591784 8.289387232596592
      vertex -6.207675441665421 -4.204569451857474 8.271407051084129
    endloop
  endfacet
  facet normal 0.039146425741277344 -0.14145700621185245 0.9891700929290486
    outer loop
      vertex -5.815649068261169 -2.07012747162743 8.561130065548241
      vertex -6.221576304534026 -3.9577086570762674 8.307259689907692
      vertex -6.217451860503941 -4.081544467591784 8.289387232596592
    endloop
  endfacet
  facet normal 0.039146425741315355 -0.14145700621186005 0.989170092929046
    outer loop
      vertex -5.815649068261169 -2.07012747162743 8.561130065548241
      vertex -6.220017443429895 -3.8333624057164903 8.324980226280424
      vertex -6.221576304534026 -3.9577086570762674 8.307259689907692
    endloop
  endfacet
  facet normal 0.0391464257413052 -0.1414570062118578 0.9891700929290467
    outer loop
      vertex -5.815649068261169 -2.07012747162743 8.561130065548241
      vertex -6.16097998361294 -2.1656934064369695 8.561130065548241
      vertex -6.220017443429895 -3.8333624057164903 8.324980226280424
    endloop
  endfacet
  facet normal 0.03215830584495384 -0.1432074391221474 0.9891700929290468
    outer loop
      vertex -5.815649068261169 -2.07012747162743 8.561130065548241
      vertex -4.786305259281932 -6.179498307510829 7.932730125758057
      vertex -4.669421390302573 -1.812733439154691 8.561130065548241
    endloop
  endfacet
  facet normal 0.052048156957279566 -0.188077872311419 0.9807740327436081
    outer loop
      vertex -5.815649068261169 -2.07012747162743 8.561130065548241
      vertex -6.102311851780045 -0.9257054893416388 8.795802592879822
      vertex -6.16097998361294 -2.1656934064369695 8.561130065548241
    endloop
  endfacet
  facet normal 0.042756918886013996 -0.190405206292304 0.9807740327436081
    outer loop
      vertex -5.815649068261169 -2.07012747162743 8.561130065548241
      vertex -4.669421390302573 -1.812733439154691 8.561130065548241
      vertex -5.8994729983127066 3.29912166385451 9.607158006749176
    endloop
  endfacet
  facet normal 0.025092713773086903 -0.14461287276810122 0.9891700929290468
    outer loop
      vertex -3.5119446672217287 -1.6118921754737379 8.561130065548241
      vertex -3.7705131940554097 -6.331850113943667 7.877649544225332
      vertex -2.8108680352168043 -6.338166922683573 7.8523823092657095
    endloop
  endfacet
  facet normal 0.01796667115587941 -0.14566992133696516 0.9891700929290467
    outer loop
      vertex -2.3460073618275246 -1.468087524780394 8.561130065548241
      vertex -2.8108680352168043 -6.338166922683573 7.8523823092657095
      vertex -1.8659076349534047 -6.342621854777808 7.834562580888768
    endloop
  endfacet
  facet normal 0.010797345254161917 -0.14637603830615034 0.9891700929290467
    outer loop
      vertex -1.1744183192127018 -1.3816659250739818 8.561130065548241
      vertex -1.8659076349534047 -6.342621854777808 7.834562580888768
      vertex -0.9305719727227548 -6.345272336521505 7.8239606539139785
    endloop
  endfacet
  facet normal 0.0036020076019905017 -0.14672952257802901 0.9891700929290467
    outer loop
      vertex 0 -1.3528355735578295 8.561130065548241
      vertex -0.9305719727227548 -6.345272336521505 7.8239606539139785
      vertex 0 -6.346152118821244 7.820441524715023
    endloop
  endfacet
  facet normal 0.02509271377308702 -0.14461287276810122 0.9891700929290467
    outer loop
      vertex -4.669421390302573 -1.812733439154691 8.561130065548241
      vertex -3.7705131940554097 -6.331850113943667 7.877649544225332
      vertex -3.5119446672217287 -1.6118921754737379 8.561130065548241
    endloop
  endfacet
  facet normal 0.01796667115587885 -0.14566992133696513 0.9891700929290468
    outer loop
      vertex -3.5119446672217287 -1.6118921754737379 8.561130065548241
      vertex -2.8108680352168043 -6.338166922683573 7.8523823092657095
      vertex -2.3460073618275246 -1.468087524780394 8.561130065548241
    endloop
  endfacet
  facet normal 0.010797345254161329 -0.14637603830615029 0.9891700929290468
    outer loop
      vertex -2.3460073618275246 -1.468087524780394 8.561130065548241
      vertex -1.8659076349534047 -6.342621854777808 7.834562580888768
      vertex -1.1744183192127018 -1.3816659250739818 8.561130065548241
    endloop
  endfacet
  facet normal 0.003602007601991122 -0.14672952257802913 0.9891700929290467
    outer loop
      vertex -1.1744183192127018 -1.3816659250739818 8.561130065548241
      vertex -0.9305719727227548 -6.345272336521505 7.8239606539139785
      vertex 0 -1.3528355735578295 8.561130065548241
    endloop
  endfacet
  facet normal 0.04275691888601395 -0.190405206292304 0.980774032743608
    outer loop
      vertex -5.815649068261169 -2.07012747162743 8.561130065548241
      vertex -5.8994729983127066 3.29912166385451 9.607158006749176
      vertex -6.102311851780045 -0.9257054893416388 8.795802592879822
    endloop
  endfacet
  facet normal 0.0427569188860032 -0.19040520629230712 0.980774032743608
    outer loop
      vertex -4.669421390302573 -1.812733439154691 8.561130065548241
      vertex -5.890687293913006 3.4174847577461853 9.629753731064461
      vertex -5.8994729983127066 3.29912166385451 9.607158006749176
    endloop
  endfacet
  facet normal 0.0427569188860337 -0.19040520629229918 0.9807740327436082
    outer loop
      vertex -4.669421390302573 -1.812733439154691 8.561130065548241
      vertex -5.875677837741128 3.5360055173248566 9.652108739298212
      vertex -5.890687293913006 3.4174847577461853 9.629753731064461
    endloop
  endfacet
  facet normal 0.042756918886005496 -0.19040520629230562 0.9807740327436081
    outer loop
      vertex -4.669421390302573 -1.812733439154691 8.561130065548241
      vertex -5.854455096013297 3.6543909030674304 9.674166597709487
      vertex -5.875677837741128 3.5360055173248566 9.652108739298212
    endloop
  endfacet
  facet normal 0.0427569188860263 -0.1904052062923017 0.9807740327436079
    outer loop
      vertex -4.669421390302573 -1.812733439154691 8.561130065548241
      vertex -5.8270455889344 3.7723457427503413 9.695871158394656
      vertex -5.854455096013297 3.6543909030674304 9.674166597709487
    endloop
  endfacet
  facet normal 0.04275691888601868 -0.19040520629230268 0.9807740327436082
    outer loop
      vertex -4.669421390302573 -1.812733439154691 8.561130065548241
      vertex -5.799503277367974 3.8685718610253055 9.713351565651477
      vertex -5.8270455889344 3.7723457427503413 9.695871158394656
    endloop
  endfacet
  facet normal 0.03336267565206165 -0.1922738374537088 0.9807740327436081
    outer loop
      vertex -4.669421390302573 -1.812733439154691 8.561130065548241
      vertex -5.793469087947605 3.889539608430737 9.717256881681545
      vertex -5.799503277367974 3.8685718610253055 9.713351565651477
    endloop
  endfacet
  facet normal 0.033362675652080426 -0.19227383745370563 0.9807740327436081
    outer loop
      vertex -4.669421390302573 -1.812733439154691 8.561130065548241
      vertex -5.7536874815313395 4.005539176659095 9.738644541421857
      vertex -5.793469087947605 3.889539608430737 9.717256881681545
    endloop
  endfacet
  facet normal 0.03336267565208825 -0.1922738374537045 0.9807740327436082
    outer loop
      vertex -4.669421390302573 -1.812733439154691 8.561130065548241
      vertex -3.5119446672217287 -1.6118921754737379 8.561130065548241
      vertex -4.500836049076593 5.0546720094258895 9.901701794605998
    endloop
  endfacet
  facet normal 0.033362675652085734 -0.19227383745370472 0.9807740327436082
    outer loop
      vertex -4.669421390302573 -1.812733439154691 8.561130065548241
      vertex -5.707880101708963 4.120207664922872 9.759566275514475
      vertex -5.7536874815313395 4.005539176659095 9.738644541421857
    endloop
  endfacet
  facet normal 0.03336267565208044 -0.19227383745370616 0.980774032743608
    outer loop
      vertex -4.669421390302573 -1.812733439154691 8.561130065548241
      vertex -5.6561382676274 4.233250959604307 9.779967531431426
      vertex -5.707880101708963 4.120207664922872 9.759566275514475
    endloop
  endfacet
  facet normal 0.03336267565209091 -0.1922738374537041 0.9807740327436081
    outer loop
      vertex -4.669421390302573 -1.812733439154691 8.561130065548241
      vertex -5.598569721637977 4.344376962395511 9.799794710394913
      vertex -5.6561382676274 4.233250959604307 9.779967531431426
    endloop
  endfacet
  facet normal 0.0333626756520971 -0.19227383745370336 0.980774032743608
    outer loop
      vertex -4.669421390302573 -1.812733439154691 8.561130065548241
      vertex -5.535298553300554 4.453296480190605 9.818995339249268
      vertex -5.598569721637977 4.344376962395511 9.799794710394913
    endloop
  endfacet
  facet normal 0.03336267565208334 -0.19227383745370544 0.9807740327436081
    outer loop
      vertex -4.669421390302573 -1.812733439154691 8.561130065548241
      vertex -5.466465061996164 4.559724127370909 9.837518242674145
      vertex -5.535298553300554 4.453296480190605 9.818995339249268
    endloop
  endfacet
  facet normal 0.033362675652095816 -0.19227383745370347 0.980774032743608
    outer loop
      vertex -4.669421390302573 -1.812733439154691 8.561130065548241
      vertex -5.392225556451406 4.663379236383793 9.855313714877568
      vertex -5.466465061996164 4.559724127370909 9.837518242674145
    endloop
  endfacet
  facet normal 0.03336267565207211 -0.19227383745370633 0.9807740327436082
    outer loop
      vertex -4.669421390302573 -1.812733439154691 8.561130065548241
      vertex -5.312752089861291 4.763986772260625 9.872333689870494
      vertex -5.392225556451406 4.663379236383793 9.855313714877568
    endloop
  endfacet
  facet normal 0.03336267565210392 -0.1922738374537029 0.9807740327436079
    outer loop
      vertex -4.669421390302573 -1.812733439154691 8.561130065548241
      vertex -5.22823212971224 4.861278246494696 9.888531909394608
      vertex -5.312752089861291 4.763986772260625 9.872333689870494
    endloop
  endfacet
  facet normal 0.03336267565208323 -0.19227383745370502 0.9807740327436082
    outer loop
      vertex -4.669421390302573 -1.812733439154691 8.561130065548241
      vertex -5.151471138115079 4.941776111934451 9.901701794605998
      vertex -5.22823212971224 4.861278246494696 9.888531909394608
    endloop
  endfacet
  facet normal 0.033362675652088856 -0.1922738374537045 0.9807740327436081
    outer loop
      vertex -4.669421390302573 -1.812733439154691 8.561130065548241
      vertex -4.500836049076593 5.0546720094258895 9.901701794605998
      vertex -5.151471138115079 4.941776111934451 9.901701794605998
    endloop
  endfacet
  facet normal 0.041552126244688514 -0.23947080416443764 0.9700139971966296
    outer loop
      vertex -5.138717059999027 4.954835562889645 9.904379486026617
      vertex -5.151471138115079 4.941776111934451 9.901701794605998
      vertex -4.944302025478306 5.128583286652291 9.938945120305927
    endloop
  endfacet
  facet normal 0.04155212624532934 -0.23947080416511643 0.9700139971964348
    outer loop
      vertex -5.138717059999027 4.954835562889645 9.904379486026617
      vertex -4.944302025478306 5.128583286652291 9.938945120305927
      vertex -5.043694545603835 5.043694545603835 9.92224597515322
    endloop
  endfacet
  facet normal 0.04155212624504428 -0.23947080416481065 0.9700139971965223
    outer loop
      vertex -4.500836049076593 5.0546720094258895 9.901701794605998
      vertex -4.944302025478306 5.128583286652291 9.938945120305927
      vertex -5.151471138115079 4.941776111934451 9.901701794605998
    endloop
  endfacet
  facet normal 0.041552126245041864 -0.23947080416482355 0.9700139971965193
    outer loop
      vertex -4.500836049076593 5.0546720094258895 9.901701794605998
      vertex -4.840788541627511 5.209264838364638 9.954429093490024
      vertex -4.944302025478306 5.128583286652291 9.938945120305927
    endloop
  endfacet
  facet normal 0.041552126245045916 -0.23947080416481528 0.9700139971965211
    outer loop
      vertex -4.500836049076593 5.0546720094258895 9.901701794605998
      vertex -4.733416522332278 5.285513025168649 9.968653299479836
      vertex -4.840788541627511 5.209264838364638 9.954429093490024
    endloop
  endfacet
  facet normal 0.04155212624503917 -0.2394708041648218 0.9700139971965198
    outer loop
      vertex -4.500836049076593 5.0546720094258895 9.901701794605998
      vertex -4.622461030328637 5.357113323871713 9.981576560931504
      vertex -4.733416522332278 5.285513025168649 9.968653299479836
    endloop
  endfacet
  facet normal 0.041552126245067766 -0.23947080416481062 0.9700139971965213
    outer loop
      vertex -4.500836049076593 5.0546720094258895 9.901701794605998
      vertex -4.5518209000409575 5.398383955599332 9.9887392037146
      vertex -4.622461030328637 5.357113323871713 9.981576560931504
    endloop
  endfacet
  facet normal 0.029751799459506127 -0.24122121729182217 0.9700139971965215
    outer loop
      vertex -4.500836049076593 5.0546720094258895 9.901701794605998
      vertex -4.508031966876091 5.423717353865903 9.993695991579342
      vertex -4.5518209000409575 5.398383955599332 9.9887392037146
    endloop
  endfacet
  facet normal 0.029751799459545304 -0.2412212172918211 0.9700139971965204
    outer loop
      vertex -4.500836049076593 5.0546720094258895 9.901701794605998
      vertex -4.39029461446684 5.485046253560829 10.005335961491562
      vertex -4.508031966876091 5.423717353865903 9.993695991579342
    endloop
  endfacet
  facet normal 0.029751799459517624 -0.2412212172918146 0.9700139971965228
    outer loop
      vertex -4.500836049076593 5.0546720094258895 9.901701794605998
      vertex -4.269837209513098 5.541165906795355 10.01559707786761
      vertex -4.39029461446684 5.485046253560829 10.005335961491562
    endloop
  endfacet
  facet normal 0.023888058810291556 -0.19367926409947991 0.9807740327436082
    outer loop
      vertex -3.5119446672217287 -1.6118921754737379 8.561130065548241
      vertex -2.3460073618275246 -1.468087524780394 8.561130065548241
      vertex -3.006594780397133 5.238969091867535 9.901701794605998
    endloop
  endfacet
  facet normal 0.023888058810291123 -0.1936792640994799 0.9807740327436081
    outer loop
      vertex -3.5119446672217287 -1.6118921754737379 8.561130065548241
      vertex -3.006594780397133 5.238969091867535 9.901701794605998
      vertex -4.500836049076593 5.0546720094258895 9.901701794605998
    endloop
  endfacet
  facet normal 0.014355893542473892 -0.19461810043373967 0.9807740327436081
    outer loop
      vertex -2.3460073618275246 -1.468087524780394 8.561130065548241
      vertex -1.5051103615450965 5.349725236463971 9.901701794605998
      vertex -3.006594780397133 5.238969091867535 9.901701794605998
    endloop
  endfacet
  facet normal 0.01435589354247361 -0.1946181004337397 0.9807740327436082
    outer loop
      vertex -2.3460073618275246 -1.468087524780394 8.561130065548241
      vertex -1.1744183192127018 -1.3816659250739818 8.561130065548241
      vertex -1.5051103615450965 5.349725236463971 9.901701794605998
    endloop
  endfacet
  facet normal 0.004789143669684542 -0.1950880847175223 0.9807740327436081
    outer loop
      vertex -1.1744183192127018 -1.3816659250739818 8.561130065548241
      vertex 0 -1.3528355735578295 8.561130065548241
      vertex 0 5.386673621961769 9.901701794605998
    endloop
  endfacet
  facet normal 0.004789143669684365 -0.19508808471752223 0.9807740327436081
    outer loop
      vertex -1.1744183192127018 -1.3816659250739818 8.561130065548241
      vertex 0 5.386673621961769 9.901701794605998
      vertex -1.5051103615450965 5.349725236463971 9.901701794605998
    endloop
  endfacet
  facet normal 0.02975179945952975 -0.24122121729181997 0.9700139971965211
    outer loop
      vertex -4.500836049076593 5.0546720094258895 9.901701794605998
      vertex -3.006594780397133 5.238969091867535 9.901701794605998
      vertex -4.269837209513098 5.541165906795355 10.01559707786761
    endloop
  endfacet
  facet normal 0.029751799459530676 -0.2412212172918164 0.970013997196522
    outer loop
      vertex -3.006594780397133 5.238969091867535 9.901701794605998
      vertex -4.14697676487474 5.591916163947709 10.02444923827209
      vertex -4.269837209513098 5.541165906795355 10.01559707786761
    endloop
  endfacet
  facet normal 0.029751799459529746 -0.24122121729181914 0.9700139971965214
    outer loop
      vertex -3.006594780397133 5.238969091867535 9.901701794605998
      vertex -4.022038475207685 5.637152147070254 10.031866388948282
      vertex -4.14697676487474 5.591916163947709 10.02444923827209
    endloop
  endfacet
  facet normal 0.029751799459526936 -0.24122121729182586 0.9700139971965197
    outer loop
      vertex -3.006594780397133 5.238969091867535 9.901701794605998
      vertex -3.8953546323656476 5.676744843638193 10.03782663920415
      vertex -4.022038475207685 5.637152147070254 10.031866388948282
    endloop
  endfacet
  facet normal 0.02975179945953291 -0.24122121729181448 0.9700139971965225
    outer loop
      vertex -3.006594780397133 5.238969091867535 9.901701794605998
      vertex -3.767263499576061 5.710581634606314 10.042312358197746
      vertex -3.8953546323656476 5.676744843638193 10.03782663920415
    endloop
  endfacet
  facet normal 0.02975179945952022 -0.24122121729183357 0.9700139971965179
    outer loop
      vertex -3.006594780397133 5.238969091867535 9.901701794605998
      vertex -3.6381081507839665 5.738566752827934 10.045310253336881
      vertex -3.767263499576061 5.710581634606314 10.042312358197746
    endloop
  endfacet
  facet normal 0.029751799459545324 -0.24122121729180382 0.9700139971965246
    outer loop
      vertex -3.006594780397133 5.238969091867535 9.901701794605998
      vertex -3.5082352819238602 5.760621668423532 10.046811429651743
      vertex -3.6381081507839665 5.738566752827934 10.045310253336881
    endloop
  endfacet
  facet normal 0.029751799459529323 -0.2412212172918184 0.9700139971965216
    outer loop
      vertex -3.006594780397133 5.238969091867535 9.901701794605998
      vertex -3.3779940011756913 5.776685398263201 10.046811429651743
      vertex -3.5082352819238602 5.760621668423532 10.046811429651743
    endloop
  endfacet
  facet normal 0.02975179945952592 -0.24122121729182053 0.970013997196521
    outer loop
      vertex -3.006594780397133 5.238969091867535 9.901701794605998
      vertex -3.2477346054825937 5.78671473733985 10.04531025333688
      vertex -3.3779940011756913 5.776685398263201 10.046811429651743
    endloop
  endfacet
  facet normal 0.029751799459530482 -0.24122121729181867 0.9700139971965215
    outer loop
      vertex -3.006594780397133 5.238969091867535 9.901701794605998
      vertex -3.1178073507509394 5.790684410450564 10.042312358197746
      vertex -3.2477346054825937 5.78671473733985 10.04531025333688
    endloop
  endfacet
  facet normal 0.02975179945953768 -0.24122121729181725 0.9700139971965215
    outer loop
      vertex -3.006594780397133 5.238969091867535 9.901701794605998
      vertex -3.0609744055451364 5.791094691609512 10.040671233561952
      vertex -3.1178073507509394 5.790684410450564 10.042312358197746
    endloop
  endfacet
  facet normal 0.017879797983166655 -0.24239050737788342 0.9700139971965216
    outer loop
      vertex -3.006594780397133 5.238969091867535 9.901701794605998
      vertex -1.527120273913825 5.797747295114429 10.014060819542284
      vertex -3.0609744055451364 5.791094691609512 10.040671233561952
    endloop
  endfacet
  facet normal 0.01787979798316801 -0.24239050737788684 0.9700139971965207
    outer loop
      vertex -3.006594780397133 5.238969091867535 9.901701794605998
      vertex -1.5051103615450965 5.349725236463971 9.901701794605998
      vertex -1.527120273913825 5.797747295114429 10.014060819542284
    endloop
  endfacet
  facet normal 0.005964722507379699 -0.24297585750077774 0.9700139971965208
    outer loop
      vertex -1.5051103615450965 5.349725236463971 9.901701794605998
      vertex 0 5.799956554952549 10.005223780189805
      vertex -1.527120273913825 5.797747295114429 10.014060819542284
    endloop
  endfacet
  facet normal 0.005964722507378482 -0.24297585750077394 0.9700139971965218
    outer loop
      vertex -1.5051103615450965 5.349725236463971 9.901701794605998
      vertex 0 5.386673621961769 9.901701794605998
      vertex 0 5.799956554952549 10.005223780189805
    endloop
  endfacet
  facet normal -0.003602007601991496 -0.14672952257802896 0.9891700929290468
    outer loop
      vertex 1.1744183192127018 -1.3816659250739818 8.561130065548241
      vertex 0 -6.346152118821244 7.820441524715023
      vertex 0.9305719727227548 -6.345272336521505 7.823960653913979
    endloop
  endfacet
  facet normal -0.010797345254160937 -0.1463760383061503 0.9891700929290467
    outer loop
      vertex 2.3460073618275246 -1.468087524780394 8.561130065548241
      vertex 0.9305719727227548 -6.345272336521505 7.823960653913979
      vertex 1.8659076349534047 -6.342621854777808 7.834562580888768
    endloop
  endfacet
  facet normal -0.017966671155879244 -0.14566992133696507 0.9891700929290467
    outer loop
      vertex 3.5119446672217287 -1.6118921754737379 8.561130065548241
      vertex 1.8659076349534047 -6.342621854777808 7.834562580888768
      vertex 2.8108680352168043 -6.338166922683572 7.8523823092657095
    endloop
  endfacet
  facet normal -0.025092713773087007 -0.14461287276810122 0.9891700929290467
    outer loop
      vertex 4.669421390302573 -1.812733439154691 8.561130065548241
      vertex 2.8108680352168043 -6.338166922683572 7.8523823092657095
      vertex 3.7705131940554097 -6.331850113943667 7.877649544225332
    endloop
  endfacet
  facet normal -0.003602007601991119 -0.146729522578029 0.9891700929290466
    outer loop
      vertex 0 -1.3528355735578295 8.561130065548241
      vertex 0 -6.346152118821244 7.820441524715023
      vertex 1.1744183192127018 -1.3816659250739818 8.561130065548241
    endloop
  endfacet
  facet normal -0.010797345254161322 -0.14637603830615017 0.9891700929290467
    outer loop
      vertex 1.1744183192127018 -1.3816659250739818 8.561130065548241
      vertex 0.9305719727227548 -6.345272336521505 7.823960653913979
      vertex 2.3460073618275246 -1.468087524780394 8.561130065548241
    endloop
  endfacet
  facet normal -0.01796667115587886 -0.14566992133696519 0.9891700929290466
    outer loop
      vertex 2.3460073618275246 -1.468087524780394 8.561130065548241
      vertex 1.8659076349534047 -6.342621854777808 7.834562580888768
      vertex 3.5119446672217287 -1.6118921754737379 8.561130065548241
    endloop
  endfacet
  facet normal -0.025092713773087024 -0.14461287276810122 0.9891700929290467
    outer loop
      vertex 3.5119446672217287 -1.6118921754737379 8.561130065548241
      vertex 2.8108680352168043 -6.338166922683572 7.8523823092657095
      vertex 4.669421390302573 -1.812733439154691 8.561130065548241
    endloop
  endfacet
  facet normal -0.032158305844952 -0.14320743912214765 0.9891700929290468
    outer loop
      vertex 4.669421390302573 -1.812733439154691 8.561130065548241
      vertex 3.7705131940554097 -6.331850113943667 7.877649544225332
      vertex 4.016295791910333 -6.3297774751462 7.885940099415201
    endloop
  endfacet
  facet normal -0.03215830584495733 -0.1432074391221468 0.9891700929290467
    outer loop
      vertex 4.669421390302573 -1.812733439154691 8.561130065548241
      vertex 4.016295791910333 -6.3297774751462 7.885940099415201
      vertex 4.128101364215799 -6.3259424281956305 7.8901301624505695
    endloop
  endfacet
  facet normal -0.032158305844955076 -0.1432074391221471 0.9891700929290467
    outer loop
      vertex 4.669421390302573 -1.812733439154691 8.561130065548241
      vertex 4.128101364215799 -6.3259424281956305 7.8901301624505695
      vertex 4.239373936891892 -6.316330249676381 7.895139283662198
    endloop
  endfacet
  facet normal -0.03215830584494267 -0.14320743912214828 0.9891700929290469
    outer loop
      vertex 4.669421390302573 -1.812733439154691 8.561130065548241
      vertex 4.239373936891892 -6.316330249676381 7.895139283662198
      vertex 4.349864194987728 -6.300956176624591 7.900957151776584
    endloop
  endfacet
  facet normal -0.03215830584496271 -0.1432074391221468 0.9891700929290465
    outer loop
      vertex 4.669421390302573 -1.812733439154691 8.561130065548241
      vertex 4.349864194987728 -6.300956176624591 7.900957151776584
      vertex 4.459323841040673 -6.279847383699813 7.90757176032565
    endloop
  endfacet
  facet normal -0.03215830584495441 -0.14320743912214726 0.9891700929290467
    outer loop
      vertex 4.669421390302573 -1.812733439154691 8.561130065548241
      vertex 4.459323841040673 -6.279847383699813 7.90757176032565
      vertex 4.567506029272803 -6.25304300308826 7.91496941888113
    endloop
  endfacet
  facet normal -0.03215830584494877 -0.14320743912214737 0.9891700929290468
    outer loop
      vertex 4.669421390302573 -1.812733439154691 8.561130065548241
      vertex 4.567506029272803 -6.25304300308826 7.91496941888113
      vertex 4.674165804804091 -6.220594132232395 7.923134766214515
    endloop
  endfacet
  facet normal -0.03215830584495295 -0.14320743912214737 0.9891700929290467
    outer loop
      vertex 4.669421390302573 -1.812733439154691 8.561130065548241
      vertex 4.674165804804091 -6.220594132232395 7.923134766214515
      vertex 4.779060548176484 -6.1825638286047475 7.932050785505328
    endloop
  endfacet
  facet normal -0.03215830584508772 -0.14320743912215048 0.9891700929290418
    outer loop
      vertex 4.669421390302573 -1.812733439154691 8.561130065548241
      vertex 4.779060548176484 -6.1825638286047475 7.932050785505328
      vertex 4.786305259281932 -6.17949830751083 7.932730125758058
    endloop
  endfacet
  facet normal -0.039146425741298486 -0.14145700621185942 0.9891700929290468
    outer loop
      vertex 5.815649068261169 -2.07012747162743 8.561130065548241
      vertex 4.786305259281932 -6.17949830751083 7.932730125758058
      vertex 4.881732101524964 -6.138864571376721 7.942317502616819
    endloop
  endfacet
  facet normal -0.039146425741305106 -0.14145700621185794 0.9891700929290467
    outer loop
      vertex 5.815649068261169 -2.07012747162743 8.561130065548241
      vertex 4.881732101524964 -6.138864571376721 7.942317502616819
      vertex 4.982163914453841 -6.089735880489504 7.9533177786226155
    endloop
  endfacet
  facet normal -0.03914642574129916 -0.14145700621185905 0.9891700929290468
    outer loop
      vertex 5.815649068261169 -2.07012747162743 8.561130065548241
      vertex 4.982163914453841 -6.089735880489504 7.9533177786226155
      vertex 5.08013958879161 -6.035288631710509 7.964981437230108
    endloop
  endfacet
  facet normal -0.039146425741305065 -0.1414570062118581 0.9891700929290467
    outer loop
      vertex 5.815649068261169 -2.07012747162743 8.561130065548241
      vertex 5.08013958879161 -6.035288631710509 7.964981437230108
      vertex 5.175429941726045 -5.975633419329503 7.977283592906213
    endloop
  endfacet
  facet normal -0.039146425741310685 -0.1414570062118571 0.9891700929290467
    outer loop
      vertex 5.815649068261169 -2.07012747162743 8.561130065548241
      vertex 5.175429941726045 -5.975633419329503 7.977283592906213
      vertex 5.267810369581001 -5.910892638254066 7.990197853781101
    endloop
  endfacet
  facet normal -0.03914642574128187 -0.14145700621186116 0.989170092929047
    outer loop
      vertex 5.815649068261169 -2.07012747162743 8.561130065548241
      vertex 5.267810369581001 -5.910892638254066 7.990197853781101
      vertex 5.357061334859097 -5.8412003824347885 8.003696355448701
    endloop
  endfacet
  facet normal -0.03914642574132375 -0.14145700621185592 0.9891700929290462
    outer loop
      vertex 5.815649068261169 -2.07012747162743 8.561130065548241
      vertex 5.357061334859097 -5.8412003824347885 8.003696355448701
      vertex 5.442968858280041 -5.766702321421414 8.017749798092318
    endloop
  endfacet
  facet normal -0.039146425741324486 -0.1414570062118559 0.9891700929290463
    outer loop
      vertex 5.815649068261169 -2.07012747162743 8.561130065548241
      vertex 5.442968858280041 -5.766702321421414 8.017749798092318
      vertex 5.52532501513719 -5.6875555536617775 8.032327487107029
    endloop
  endfacet
  facet normal -0.03914642574129258 -0.14145700621185855 0.989170092929047
    outer loop
      vertex 5.815649068261169 -2.07012747162743 8.561130065548241
      vertex 5.52532501513719 -5.6875555536617775 8.032327487107029
      vertex 5.603928435143531 -5.603928435143531 8.047397377386329
    endloop
  endfacet
  facet normal -0.039146425741299694 -0.14145700621185817 0.9891700929290469
    outer loop
      vertex 5.815649068261169 -2.07012747162743 8.561130065548241
      vertex 5.603928435143531 -5.603928435143531 8.047397377386329
      vertex 5.67858480478212 -5.5160003819824475 8.062926121433666
    endloop
  endfacet
  facet normal -0.03914642574131961 -0.14145700621185725 0.9891700929290462
    outer loop
      vertex 5.815649068261169 -2.07012747162743 8.561130065548241
      vertex 5.67858480478212 -5.5160003819824475 8.062926121433666
      vertex 5.749107371016037 -5.423961645581507 8.078879121450312
    endloop
  endfacet
  facet normal -0.039146425741270856 -0.14145700621185847 0.9891700929290479
    outer loop
      vertex 5.815649068261169 -2.07012747162743 8.561130065548241
      vertex 5.749107371016037 -5.423961645581507 8.078879121450312
      vertex 5.8153174450507015 -5.328013059022921 8.095220585539156
    endloop
  endfacet
  facet normal -0.039146425741303253 -0.14145700621185828 0.9891700929290467
    outer loop
      vertex 5.815649068261169 -2.07012747162743 8.561130065548241
      vertex 5.8153174450507015 -5.328013059022921 8.095220585539156
      vertex 5.877044904678297 -5.228365753411697 8.111913588149514
    endloop
  endfacet
  facet normal -0.0321583058449538 -0.1432074391221472 0.9891700929290468
    outer loop
      vertex 4.669421390302573 -1.812733439154691 8.561130065548241
      vertex 4.786305259281932 -6.17949830751083 7.932730125758058
      vertex 5.815649068261169 -2.07012747162743 8.561130065548241
    endloop
  endfacet
  facet normal -0.03914642574132941 -0.14145700621185864 0.9891700929290456
    outer loop
      vertex 5.815649068261169 -2.07012747162743 8.561130065548241
      vertex 5.877044904678297 -5.228365753411697 8.111913588149514
      vertex 5.934128693571699 -5.125240842964816 8.128920134870734
    endloop
  endfacet
  facet normal -0.03914642574129713 -0.14145700621185767 0.9891700929290469
    outer loop
      vertex 5.815649068261169 -2.07012747162743 8.561130065548241
      vertex 5.934128693571699 -5.125240842964816 8.128920134870734
      vertex 5.98641731573546 -5.018869077735382 8.146201231662548
    endloop
  endfacet
  facet normal -0.03914642574131025 -0.14145700621185817 0.9891700929290465
    outer loop
      vertex 5.815649068261169 -2.07012747162743 8.561130065548241
      vertex 5.98641731573546 -5.018869077735382 8.146201231662548
      vertex 6.0337693231658625 -4.90949046297643 8.163716958587402
    endloop
  endfacet
  facet normal -0.03914642574129757 -0.1414570062118574 0.989170092929047
    outer loop
      vertex 5.815649068261169 -2.07012747162743 8.561130065548241
      vertex 6.0337693231658625 -4.90949046297643 8.163716958587402
      vertex 6.0760537946227995 -4.797353844284896 8.181426548084646
    endloop
  endfacet
  facet normal -0.03914642574132183 -0.1414570062118595 0.9891700929290459
    outer loop
      vertex 5.815649068261169 -2.07012747162743 8.561130065548241
      vertex 6.0760537946227995 -4.797353844284896 8.181426548084646
      vertex 6.113150803275292 -4.6827164578223845 8.199288467798636
    endloop
  endfacet
  facet normal -0.0391464257413046 -0.1414570062118577 0.9891700929290468
    outer loop
      vertex 5.815649068261169 -2.07012747162743 8.561130065548241
      vertex 6.113150803275292 -4.6827164578223845 8.199288467798636
      vertex 6.144951870851889 -4.5658434450857825 8.21726050794233
    endloop
  endfacet
  facet normal -0.03914642574129622 -0.14145700621185664 0.9891700929290473
    outer loop
      vertex 5.815649068261169 -2.07012747162743 8.561130065548241
      vertex 6.144951870851889 -4.5658434450857825 8.21726050794233
      vertex 6.171360405809237 -4.447007331897007 8.235299873145278
    endloop
  endfacet
  facet normal -0.039146425741332445 -0.14145700621186183 0.9891700929290451
    outer loop
      vertex 5.815649068261169 -2.07012747162743 8.561130065548241
      vertex 6.171360405809237 -4.447007331897007 8.235299873145278
      vertex 6.1922921229288015 -4.326487471496367 8.253363278700027
    endloop
  endfacet
  facet normal -0.03914642574127012 -0.1414570062118519 0.9891700929290489
    outer loop
      vertex 5.815649068261169 -2.07012747162743 8.561130065548241
      vertex 6.1922921229288015 -4.326487471496367 8.253363278700027
      vertex 6.207675441665421 -4.204569451857474 8.271407051084129
    endloop
  endfacet
  facet normal -0.039146425741337296 -0.14145700621186355 0.9891700929290446
    outer loop
      vertex 5.815649068261169 -2.07012747162743 8.561130065548241
      vertex 6.207675441665421 -4.204569451857474 8.271407051084129
      vertex 6.217451860503941 -4.081544467591784 8.289387232596592
    endloop
  endfacet
  facet normal -0.03914642574127869 -0.1414570062118524 0.9891700929290485
    outer loop
      vertex 5.815649068261169 -2.07012747162743 8.561130065548241
      vertex 6.217451860503941 -4.081544467591784 8.289387232596592
      vertex 6.221576304534026 -3.9577086570762674 8.307259689907692
    endloop
  endfacet
  facet normal -0.03914642574131507 -0.14145700621186005 0.9891700929290461
    outer loop
      vertex 5.815649068261169 -2.07012747162743 8.561130065548241
      vertex 6.221576304534026 -3.9577086570762674 8.307259689907692
      vertex 6.220017443429895 -3.8333624057164903 8.324980226280424
    endloop
  endfacet
  facet normal -0.039146425741305196 -0.14145700621185778 0.9891700929290467
    outer loop
      vertex 5.815649068261169 -2.07012747162743 8.561130065548241
      vertex 6.220017443429895 -3.8333624057164903 8.324980226280424
      vertex 6.16097998361294 -2.1656934064369695 8.561130065548241
    endloop
  endfacet
  facet normal -0.042756918886013996 -0.190405206292304 0.9807740327436081
    outer loop
      vertex 4.669421390302573 -1.812733439154691 8.561130065548241
      vertex 5.815649068261169 -2.07012747162743 8.561130065548241
      vertex 6.102311851780045 -0.9257054893416388 8.795802592879822
    endloop
  endfacet
  facet normal -0.05204815695727956 -0.18807787231141898 0.9807740327436081
    outer loop
      vertex 5.815649068261169 -2.07012747162743 8.561130065548241
      vertex 6.16097998361294 -2.1656934064369695 8.561130065548241
      vertex 6.102311851780045 -0.9257054893416388 8.795802592879822
    endloop
  endfacet
  facet normal -0.004789143669684541 -0.19508808471752223 0.9807740327436081
    outer loop
      vertex 0 -1.3528355735578295 8.561130065548241
      vertex 1.1744183192127018 -1.3816659250739818 8.561130065548241
      vertex 1.5051103615450965 5.349725236463971 9.901701794605998
    endloop
  endfacet
  facet normal -0.01435589354247361 -0.1946181004337397 0.9807740327436082
    outer loop
      vertex 1.1744183192127018 -1.3816659250739818 8.561130065548241
      vertex 2.3460073618275246 -1.468087524780394 8.561130065548241
      vertex 1.5051103615450965 5.349725236463971 9.901701794605998
    endloop
  endfacet
  facet normal -0.004789143669684373 -0.19508808471752226 0.9807740327436081
    outer loop
      vertex 0 -1.3528355735578295 8.561130065548241
      vertex 1.5051103615450965 5.349725236463971 9.901701794605998
      vertex 0 5.386673621961769 9.901701794605998
    endloop
  endfacet
  facet normal -0.023888058810291556 -0.19367926409947991 0.9807740327436082
    outer loop
      vertex 2.3460073618275246 -1.468087524780394 8.561130065548241
      vertex 3.5119446672217287 -1.6118921754737379 8.561130065548241
      vertex 3.006594780397133 5.238969091867535 9.901701794605998
    endloop
  endfacet
  facet normal -0.014355893542473894 -0.1946181004337397 0.9807740327436081
    outer loop
      vertex 2.3460073618275246 -1.468087524780394 8.561130065548241
      vertex 3.006594780397133 5.238969091867535 9.901701794605998
      vertex 1.5051103615450965 5.349725236463971 9.901701794605998
    endloop
  endfacet
  facet normal -0.02388805881029122 -0.1936792640994799 0.9807740327436081
    outer loop
      vertex 3.5119446672217287 -1.6118921754737379 8.561130065548241
      vertex 4.500836049076593 5.0546720094258895 9.901701794605998
      vertex 3.006594780397133 5.238969091867535 9.901701794605998
    endloop
  endfacet
  facet normal -0.005964722507379696 -0.24297585750077388 0.9700139971965216
    outer loop
      vertex 0 5.386673621961769 9.901701794605998
      vertex 1.527120273913825 5.797747295114429 10.014060819542284
      vertex 0 5.799956554952549 10.005223780189805
    endloop
  endfacet
  facet normal -0.005964722507378576 -0.24297585750077777 0.9700139971965206
    outer loop
      vertex 0 5.386673621961769 9.901701794605998
      vertex 1.5051103615450965 5.349725236463971 9.901701794605998
      vertex 1.527120273913825 5.797747295114429 10.014060819542284
    endloop
  endfacet
  facet normal -0.01787979798316666 -0.24239050737788695 0.9700139971965208
    outer loop
      vertex 1.5051103615450965 5.349725236463971 9.901701794605998
      vertex 3.0609744055451364 5.791094691609512 10.040671233561952
      vertex 1.527120273913825 5.797747295114429 10.014060819542284
    endloop
  endfacet
  facet normal -0.01787979798316775 -0.2423905073778833 0.9700139971965216
    outer loop
      vertex 3.006594780397133 5.238969091867535 9.901701794605998
      vertex 3.0609744055451364 5.791094691609512 10.040671233561952
      vertex 1.5051103615450965 5.349725236463971 9.901701794605998
    endloop
  endfacet
  facet normal -0.029751799459537372 -0.24122121729181725 0.9700139971965215
    outer loop
      vertex 3.006594780397133 5.238969091867535 9.901701794605998
      vertex 3.1178073507509394 5.790684410450564 10.042312358197746
      vertex 3.0609744055451364 5.791094691609512 10.040671233561952
    endloop
  endfacet
  facet normal -0.029751799459530378 -0.24122121729181864 0.9700139971965214
    outer loop
      vertex 3.006594780397133 5.238969091867535 9.901701794605998
      vertex 3.2477346054825937 5.78671473733985 10.04531025333688
      vertex 3.1178073507509394 5.790684410450564 10.042312358197746
    endloop
  endfacet
  facet normal -0.029751799459525868 -0.24122121729182064 0.970013997196521
    outer loop
      vertex 3.006594780397133 5.238969091867535 9.901701794605998
      vertex 3.3779940011756913 5.776685398263201 10.046811429651743
      vertex 3.2477346054825937 5.78671473733985 10.04531025333688
    endloop
  endfacet
  facet normal -0.029751799459529216 -0.2412212172918184 0.9700139971965216
    outer loop
      vertex 3.006594780397133 5.238969091867535 9.901701794605998
      vertex 3.5082352819238602 5.760621668423532 10.046811429651743
      vertex 3.3779940011756913 5.776685398263201 10.046811429651743
    endloop
  endfacet
  facet normal -0.02975179945952029 -0.24122121729183366 0.9700139971965179
    outer loop
      vertex 3.006594780397133 5.238969091867535 9.901701794605998
      vertex 3.767263499576061 5.710581634606314 10.042312358197746
      vertex 3.6381081507839665 5.738566752827934 10.045310253336881
    endloop
  endfacet
  facet normal -0.02975179945954535 -0.24122121729180387 0.9700139971965247
    outer loop
      vertex 3.006594780397133 5.238969091867535 9.901701794605998
      vertex 3.6381081507839665 5.738566752827934 10.045310253336881
      vertex 3.5082352819238602 5.760621668423532 10.046811429651743
    endloop
  endfacet
  facet normal -0.02975179945953284 -0.24122121729181442 0.9700139971965223
    outer loop
      vertex 3.006594780397133 5.238969091867535 9.901701794605998
      vertex 3.8953546323656476 5.676744843638193 10.03782663920415
      vertex 3.767263499576061 5.710581634606314 10.042312358197746
    endloop
  endfacet
  facet normal -0.029751799459526905 -0.24122121729182572 0.9700139971965199
    outer loop
      vertex 3.006594780397133 5.238969091867535 9.901701794605998
      vertex 4.022038475207685 5.637152147070254 10.031866388948282
      vertex 3.8953546323656476 5.676744843638193 10.03782663920415
    endloop
  endfacet
  facet normal -0.029751799459529805 -0.2412212172918191 0.9700139971965214
    outer loop
      vertex 3.006594780397133 5.238969091867535 9.901701794605998
      vertex 4.14697676487474 5.591916163947709 10.02444923827209
      vertex 4.022038475207685 5.637152147070254 10.031866388948282
    endloop
  endfacet
  facet normal -0.029751799459530638 -0.24122121729181628 0.970013997196522
    outer loop
      vertex 3.006594780397133 5.238969091867535 9.901701794605998
      vertex 4.269837209513098 5.541165906795355 10.01559707786761
      vertex 4.14697676487474 5.591916163947709 10.02444923827209
    endloop
  endfacet
  facet normal -0.02975179945952975 -0.24122121729181997 0.9700139971965211
    outer loop
      vertex 3.006594780397133 5.238969091867535 9.901701794605998
      vertex 4.500836049076593 5.0546720094258895 9.901701794605998
      vertex 4.269837209513098 5.541165906795355 10.01559707786761
    endloop
  endfacet
  facet normal -0.03336267565208825 -0.1922738374537045 0.9807740327436082
    outer loop
      vertex 3.5119446672217287 -1.6118921754737379 8.561130065548241
      vertex 4.669421390302573 -1.812733439154691 8.561130065548241
      vertex 4.500836049076593 5.0546720094258895 9.901701794605998
    endloop
  endfacet
  facet normal -0.04275691888601399 -0.19040520629230404 0.9807740327436081
    outer loop
      vertex 4.669421390302573 -1.812733439154691 8.561130065548241
      vertex 6.102311851780045 -0.9257054893416388 8.795802592879822
      vertex 5.8994729983127066 3.29912166385451 9.607158006749176
    endloop
  endfacet
  facet normal -0.04275691888601876 -0.19040520629230245 0.9807740327436082
    outer loop
      vertex 4.669421390302573 -1.812733439154691 8.561130065548241
      vertex 5.8270455889344 3.7723457427503413 9.695871158394656
      vertex 5.799503277367974 3.8685718610253055 9.713351565651477
    endloop
  endfacet
  facet normal -0.033362675652057305 -0.19227383745371185 0.9807740327436076
    outer loop
      vertex 4.669421390302573 -1.812733439154691 8.561130065548241
      vertex 5.799503277367974 3.8685718610253055 9.713351565651477
      vertex 5.793469087947605 3.889539608430737 9.717256881681545
    endloop
  endfacet
  facet normal -0.03336267565208093 -0.19227383745370544 0.9807740327436081
    outer loop
      vertex 4.669421390302573 -1.812733439154691 8.561130065548241
      vertex 5.793469087947605 3.889539608430737 9.717256881681545
      vertex 5.7536874815313395 4.005539176659095 9.738644541421857
    endloop
  endfacet
  facet normal -0.042756918886001284 -0.19040520629230676 0.9807740327436081
    outer loop
      vertex 4.669421390302573 -1.812733439154691 8.561130065548241
      vertex 5.8994729983127066 3.29912166385451 9.607158006749176
      vertex 5.890687293913006 3.4174847577461853 9.629753731064461
    endloop
  endfacet
  facet normal -0.042756918886033765 -0.19040520629229926 0.9807740327436082
    outer loop
      vertex 4.669421390302573 -1.812733439154691 8.561130065548241
      vertex 5.890687293913006 3.4174847577461853 9.629753731064461
      vertex 5.875677837741128 3.5360055173248566 9.652108739298212
    endloop
  endfacet
  facet normal -0.04275691888600732 -0.19040520629230578 0.9807740327436081
    outer loop
      vertex 4.669421390302573 -1.812733439154691 8.561130065548241
      vertex 5.875677837741128 3.5360055173248566 9.652108739298212
      vertex 5.854455096013297 3.6543909030674304 9.674166597709487
    endloop
  endfacet
  facet normal -0.04275691888602493 -0.19040520629230148 0.9807740327436081
    outer loop
      vertex 4.669421390302573 -1.812733439154691 8.561130065548241
      vertex 5.854455096013297 3.6543909030674304 9.674166597709487
      vertex 5.8270455889344 3.7723457427503413 9.695871158394656
    endloop
  endfacet
  facet normal -0.03336267565209727 -0.19227383745370363 0.9807740327436079
    outer loop
      vertex 4.669421390302573 -1.812733439154691 8.561130065548241
      vertex 5.466465061996164 4.559724127370909 9.837518242674145
      vertex 5.392225556451406 4.663379236383793 9.855313714877568
    endloop
  endfacet
  facet normal -0.03336267565207132 -0.19227383745370613 0.9807740327436084
    outer loop
      vertex 4.669421390302573 -1.812733439154691 8.561130065548241
      vertex 5.392225556451406 4.663379236383793 9.855313714877568
      vertex 5.312752089861291 4.763986772260625 9.872333689870494
    endloop
  endfacet
  facet normal -0.03336267565208872 -0.19227383745370447 0.980774032743608
    outer loop
      vertex 4.669421390302573 -1.812733439154691 8.561130065548241
      vertex 5.15147113811508 4.941776111934451 9.901701794605998
      vertex 4.500836049076593 5.0546720094258895 9.901701794605998
    endloop
  endfacet
  facet normal -0.03336267565208257 -0.19227383745370508 0.9807740327436082
    outer loop
      vertex 4.669421390302573 -1.812733439154691 8.561130065548241
      vertex 5.22823212971224 4.861278246494696 9.888531909394608
      vertex 5.15147113811508 4.941776111934451 9.901701794605998
    endloop
  endfacet
  facet normal -0.03336267565210615 -0.19227383745370288 0.9807740327436079
    outer loop
      vertex 4.669421390302573 -1.812733439154691 8.561130065548241
      vertex 5.312752089861291 4.763986772260625 9.872333689870494
      vertex 5.22823212971224 4.861278246494696 9.888531909394608
    endloop
  endfacet
  facet normal -0.033362675652091285 -0.19227383745370413 0.9807740327436081
    outer loop
      vertex 4.669421390302573 -1.812733439154691 8.561130065548241
      vertex 5.6561382676274 4.233250959604307 9.779967531431426
      vertex 5.598569721637977 4.344376962395511 9.799794710394913
    endloop
  endfacet
  facet normal -0.033362675652097766 -0.19227383745370322 0.980774032743608
    outer loop
      vertex 4.669421390302573 -1.812733439154691 8.561130065548241
      vertex 5.598569721637977 4.344376962395511 9.799794710394913
      vertex 5.535298553300554 4.453296480190605 9.818995339249268
    endloop
  endfacet
  facet normal -0.033362675652085956 -0.19227383745370483 0.9807740327436081
    outer loop
      vertex 4.669421390302573 -1.812733439154691 8.561130065548241
      vertex 5.7536874815313395 4.005539176659095 9.738644541421857
      vertex 5.707880101708963 4.120207664922872 9.759566275514475
    endloop
  endfacet
  facet normal -0.033362675652079704 -0.19227383745370588 0.9807740327436081
    outer loop
      vertex 4.669421390302573 -1.812733439154691 8.561130065548241
      vertex 5.707880101708963 4.120207664922872 9.759566275514475
      vertex 5.6561382676274 4.233250959604307 9.779967531431426
    endloop
  endfacet
  facet normal -0.033362675652082174 -0.1922738374537051 0.9807740327436081
    outer loop
      vertex 4.669421390302573 -1.812733439154691 8.561130065548241
      vertex 5.535298553300554 4.453296480190605 9.818995339249268
      vertex 5.466465061996164 4.559724127370909 9.837518242674145
    endloop
  endfacet
  facet normal -0.04155212624504593 -0.23947080416481528 0.9700139971965211
    outer loop
      vertex 4.500836049076593 5.0546720094258895 9.901701794605998
      vertex 4.840788541627511 5.209264838364638 9.954429093490024
      vertex 4.733416522332278 5.285513025168649 9.968653299479836
    endloop
  endfacet
  facet normal -0.041552126245041864 -0.23947080416482355 0.9700139971965193
    outer loop
      vertex 4.500836049076593 5.0546720094258895 9.901701794605998
      vertex 4.944302025478306 5.128583286652291 9.938945120305927
      vertex 4.840788541627511 5.209264838364638 9.954429093490024
    endloop
  endfacet
  facet normal -0.04155212624504618 -0.23947080416482197 0.9700139971965194
    outer loop
      vertex 4.500836049076593 5.0546720094258895 9.901701794605998
      vertex 5.15147113811508 4.941776111934451 9.901701794605998
      vertex 5.043694545603835 5.043694545603835 9.92224597515322
    endloop
  endfacet
  facet normal -0.04155212624504596 -0.23947080416480165 0.9700139971965245
    outer loop
      vertex 4.500836049076593 5.0546720094258895 9.901701794605998
      vertex 5.043694545603835 5.043694545603835 9.92224597515322
      vertex 4.944302025478306 5.128583286652291 9.938945120305927
    endloop
  endfacet
  facet normal -0.041552126244375445 -0.23947080416415184 0.9700139971967136
    outer loop
      vertex 5.138717059999027 4.954835562889645 9.904379486026617
      vertex 5.043694545603835 5.043694545603835 9.92224597515322
      vertex 5.15147113811508 4.941776111934451 9.901701794605998
    endloop
  endfacet
  facet normal -0.029751799459517496 -0.2412212172918145 0.9700139971965228
    outer loop
      vertex 4.500836049076593 5.0546720094258895 9.901701794605998
      vertex 4.39029461446684 5.485046253560829 10.005335961491562
      vertex 4.269837209513098 5.541165906795355 10.01559707786761
    endloop
  endfacet
  facet normal -0.02975179945950633 -0.24122121729182217 0.9700139971965215
    outer loop
      vertex 4.500836049076593 5.0546720094258895 9.901701794605998
      vertex 4.5518209000409575 5.398383955599332 9.9887392037146
      vertex 4.508031966876091 5.423717353865903 9.993695991579342
    endloop
  endfacet
  facet normal -0.02975179945954529 -0.2412212172918211 0.9700139971965204
    outer loop
      vertex 4.500836049076593 5.0546720094258895 9.901701794605998
      vertex 4.508031966876091 5.423717353865903 9.993695991579342
      vertex 4.39029461446684 5.485046253560829 10.005335961491562
    endloop
  endfacet
  facet normal -0.04155212624506775 -0.23947080416481065 0.9700139971965213
    outer loop
      vertex 4.500836049076593 5.0546720094258895 9.901701794605998
      vertex 4.622461030328637 5.357113323871713 9.981576560931504
      vertex 4.5518209000409575 5.398383955599332 9.9887392037146
    endloop
  endfacet
  facet normal -0.04155212624503911 -0.23947080416482172 0.9700139971965198
    outer loop
      vertex 4.500836049076593 5.0546720094258895 9.901701794605998
      vertex 4.733416522332278 5.285513025168649 9.968653299479836
      vertex 4.622461030328637 5.357113323871713 9.981576560931504
    endloop
  endfacet
endsolid OpenSCAD_Model
