solid OpenSCAD_Model
  facet normal -0.8700869911087146 -0.49289819222977843 1.0638569812861197e-16
    outer loop
      vertex -8.157728610000273 -7.814102744193223 0.005050000000000001
      vertex -8.181921264348356 -7.771396736825999 0.005050000000000001
      vertex -8.181921264348356 -7.771396736825999 -0.00495
    endloop
  endfacet
  facet normal -0.7883464276266051 -0.6152315905806282 0
    outer loop
      vertex -8.073010453362738 -7.934393284163646 -0.00495
      vertex -8.073010453362738 -7.934393284163646 0.005050000000000001
      vertex -8.103207531480646 -7.895699304492434 0.005050000000000001
    endloop
  endfacet
  facet normal -0.7572088465064851 -0.6531728429537761 5.195272149007608e-17
    outer loop
      vertex -8.04095112535496 -7.971558954847019 0.005050000000000001
      vertex -8.073010453362738 -7.934393284163646 0.005050000000000001
      vertex -8.073010453362738 -7.934393284163646 -0.00495
    endloop
  endfacet
  facet normal -0.7572088465064851 -0.6531728429537761 0
    outer loop
      vertex -8.04095112535496 -7.971558954847019 -0.00495
      vertex -8.04095112535496 -7.971558954847019 0.005050000000000001
      vertex -8.073010453362738 -7.934393284163646 -0.00495
    endloop
  endfacet
  facet normal 0 0 -1
    outer loop
      vertex -8.073010453362738 -7.934393284163646 -0.00495
      vertex -8.131469612302546 -7.855570233019603 -0.00495
      vertex -8.007106781186549 -8.007106781186549 -0.00495
    endloop
  endfacet
  facet normal -0.8175848131515888 -0.575808191417838 7.808484056361628e-18
    outer loop
      vertex -8.131469612302546 -7.855570233019603 -0.00495
      vertex -8.103207531480646 -7.895699304492434 -0.00495
      vertex -8.103207531480646 -7.895699304492434 0.005050000000000001
    endloop
  endfacet
  facet normal -0.8175848131515888 -0.575808191417838 0
    outer loop
      vertex -8.131469612302546 -7.855570233019603 -0.00495
      vertex -8.103207531480646 -7.895699304492434 0.005050000000000001
      vertex -8.131469612302546 -7.855570233019603 0.005050000000000001
    endloop
  endfacet
  facet normal 0 0 -1
    outer loop
      vertex -8.131469612302546 -7.855570233019603 -0.00495
      vertex -8.223879532511287 -7.68268343236509 -0.00495
      vertex -8.007106781186549 -8.007106781186549 -0.00495
    endloop
  endfacet
  facet normal 0 0 -1
    outer loop
      vertex -8.131469612302546 -7.855570233019603 -0.00495
      vertex -8.157728610000273 -7.814102744193223 -0.00495
      vertex -8.181921264348356 -7.771396736825999 -0.00495
    endloop
  endfacet
  facet normal -0.8448535652496996 -0.5349976198871089 0
    outer loop
      vertex -8.131469612302546 -7.855570233019603 -0.00495
      vertex -8.131469612302546 -7.855570233019603 0.005050000000000001
      vertex -8.157728610000273 -7.814102744193223 0.005050000000000001
    endloop
  endfacet
  facet normal -0.8448535652496996 -0.5349976198871089 -4.369913759878488e-17
    outer loop
      vertex -8.131469612302546 -7.855570233019603 -0.00495
      vertex -8.157728610000273 -7.814102744193223 0.005050000000000001
      vertex -8.157728610000273 -7.814102744193223 -0.00495
    endloop
  endfacet
  facet normal -0.8700869911087146 -0.49289819222977843 0
    outer loop
      vertex -8.157728610000273 -7.814102744193223 -0.00495
      vertex -8.157728610000273 -7.814102744193223 0.005050000000000001
      vertex -8.181921264348356 -7.771396736825999 -0.00495
    endloop
  endfacet
  facet normal 0 0 -1
    outer loop
      vertex -8.073010453362738 -7.934393284163646 -0.00495
      vertex -8.103207531480646 -7.895699304492434 -0.00495
      vertex -8.131469612302546 -7.855570233019603 -0.00495
    endloop
  endfacet
  facet normal -0.7883464276266051 -0.6152315905806282 1.2258921321545644e-16
    outer loop
      vertex -8.073010453362738 -7.934393284163646 -0.00495
      vertex -8.103207531480646 -7.895699304492434 0.005050000000000001
      vertex -8.103207531480646 -7.895699304492434 -0.00495
    endloop
  endfacet
  facet normal -0.6531728429537761 -0.7572088465064851 5.195272149007608e-17
    outer loop
      vertex -7.971558954847019 -8.04095112535496 0.005050000000000001
      vertex -7.934393284163646 -8.073010453362738 -0.00495
      vertex -7.934393284163646 -8.073010453362738 0.005050000000000001
    endloop
  endfacet
  facet normal -0.6531728429537761 -0.7572088465064851 0
    outer loop
      vertex -7.971558954847019 -8.04095112535496 -0.00495
      vertex -7.934393284163646 -8.073010453362738 -0.00495
      vertex -7.971558954847019 -8.04095112535496 0.005050000000000001
    endloop
  endfacet
  facet normal -0.6152315905806282 -0.7883464276266051 0
    outer loop
      vertex -7.934393284163646 -8.073010453362738 -0.00495
      vertex -7.895699304492434 -8.103207531480646 0.005050000000000001
      vertex -7.934393284163646 -8.073010453362738 0.005050000000000001
    endloop
  endfacet
  facet normal 0 0 -1
    outer loop
      vertex -7.934393284163646 -8.073010453362738 -0.00495
      vertex -8.007106781186549 -8.007106781186549 -0.00495
      vertex -7.855570233019603 -8.131469612302546 -0.00495
    endloop
  endfacet
  facet normal -0.49289819222977843 -0.8700869911087146 1.0638569812861197e-16
    outer loop
      vertex -7.814102744193223 -8.157728610000273 -0.00495
      vertex -7.771396736825999 -8.181921264348356 -0.00495
      vertex -7.771396736825999 -8.181921264348356 0.005050000000000001
    endloop
  endfacet
  facet normal -0.575808191417838 -0.8175848131515888 7.808484056361628e-18
    outer loop
      vertex -7.855570233019603 -8.131469612302546 -0.00495
      vertex -7.895699304492434 -8.103207531480646 0.005050000000000001
      vertex -7.895699304492434 -8.103207531480646 -0.00495
    endloop
  endfacet
  facet normal -0.575808191417838 -0.8175848131515888 0
    outer loop
      vertex -7.855570233019603 -8.131469612302546 -0.00495
      vertex -7.855570233019603 -8.131469612302546 0.005050000000000001
      vertex -7.895699304492434 -8.103207531480646 0.005050000000000001
    endloop
  endfacet
  facet normal 0 0 -1
    outer loop
      vertex -7.855570233019603 -8.131469612302546 -0.00495
      vertex -8.007106781186549 -8.007106781186549 -0.00495
      vertex -7.771396736825999 -8.181921264348356 -0.00495
    endloop
  endfacet
  facet normal 0 0 -1
    outer loop
      vertex -7.934393284163646 -8.073010453362738 -0.00495
      vertex -7.855570233019603 -8.131469612302546 -0.00495
      vertex -7.895699304492434 -8.103207531480646 -0.00495
    endloop
  endfacet
  facet normal -0.6152315905806282 -0.7883464276266051 1.2258921321545644e-16
    outer loop
      vertex -7.934393284163646 -8.073010453362738 -0.00495
      vertex -7.895699304492434 -8.103207531480646 -0.00495
      vertex -7.895699304492434 -8.103207531480646 0.005050000000000001
    endloop
  endfacet
  facet normal -0.5349976198871089 -0.8448535652496996 0
    outer loop
      vertex -7.855570233019603 -8.131469612302546 -0.00495
      vertex -7.814102744193223 -8.157728610000273 -0.00495
      vertex -7.855570233019603 -8.131469612302546 0.005050000000000001
    endloop
  endfacet
  facet normal 0 0 -1
    outer loop
      vertex -7.855570233019603 -8.131469612302546 -0.00495
      vertex -7.771396736825999 -8.181921264348356 -0.00495
      vertex -7.814102744193223 -8.157728610000273 -0.00495
    endloop
  endfacet
  facet normal -0.5349976198871089 -0.8448535652496996 -4.369913759878488e-17
    outer loop
      vertex -7.855570233019603 -8.131469612302546 0.005050000000000001
      vertex -7.814102744193223 -8.157728610000273 -0.00495
      vertex -7.814102744193223 -8.157728610000273 0.005050000000000001
    endloop
  endfacet
  facet normal 0 0 -1
    outer loop
      vertex -8.007106781186549 -8.007106781186549 -0.00495
      vertex -7.68268343236509 -8.223879532511287 -0.00495
      vertex -7.771396736825999 -8.181921264348356 -0.00495
    endloop
  endfacet
  facet normal -0.49289819222977843 -0.8700869911087146 0
    outer loop
      vertex -7.814102744193223 -8.157728610000273 -0.00495
      vertex -7.771396736825999 -8.181921264348356 0.005050000000000001
      vertex -7.814102744193223 -8.157728610000273 0.005050000000000001
    endloop
  endfacet
  facet normal -0.7242470829514729 -0.6895405447370607 0
    outer loop
      vertex -8.04095112535496 -7.971558954847019 -0.00495
      vertex -8.007106781186549 -8.007106781186549 -0.00495
      vertex -8.04095112535496 -7.971558954847019 0.005050000000000001
    endloop
  endfacet
  facet normal -0.7242470829514729 -0.6895405447370607 1.8613048138239457e-16
    outer loop
      vertex -8.04095112535496 -7.971558954847019 0.005050000000000001
      vertex -8.007106781186549 -8.007106781186549 -0.00495
      vertex -8.007106781186549 -8.007106781186549 0.005050000000000001
    endloop
  endfacet
  facet normal -0.6895405447370607 -0.7242470829514729 1.8613048138239457e-16
    outer loop
      vertex -7.971558954847019 -8.04095112535496 0.005050000000000001
      vertex -8.007106781186549 -8.007106781186549 0.005050000000000001
      vertex -8.007106781186549 -8.007106781186549 -0.00495
    endloop
  endfacet
  facet normal -0.6895405447370607 -0.7242470829514729 0
    outer loop
      vertex -7.971558954847019 -8.04095112535496 -0.00495
      vertex -7.971558954847019 -8.04095112535496 0.005050000000000001
      vertex -8.007106781186549 -8.007106781186549 -0.00495
    endloop
  endfacet
  facet normal 0 0 -1
    outer loop
      vertex -8.04095112535496 -7.971558954847019 -0.00495
      vertex -8.073010453362738 -7.934393284163646 -0.00495
      vertex -8.007106781186549 -8.007106781186549 -0.00495
    endloop
  endfacet
  facet normal 0 0 -1
    outer loop
      vertex -7.971558954847019 -8.04095112535496 -0.00495
      vertex -8.007106781186549 -8.007106781186549 -0.00495
      vertex -7.934393284163646 -8.073010453362738 -0.00495
    endloop
  endfacet
  facet normal -0.932992798834737 -0.35989503653499316 3.5145105410712124e-17
    outer loop
      vertex -8.223879532511287 -7.68268343236509 0.005050000000000001
      vertex -8.241544065183021 -7.636889853392221 0.005050000000000001
      vertex -8.241544065183021 -7.636889853392221 -0.00495
    endloop
  endfacet
  facet normal 0 0 -1
    outer loop
      vertex -8.203989293123444 -7.727555093430283 -0.00495
      vertex -8.223879532511287 -7.68268343236509 -0.00495
      vertex -8.181921264348356 -7.771396736825999 -0.00495
    endloop
  endfacet
  facet normal -0.8932243011955183 -0.4496113296546005 6.462560192373798e-17
    outer loop
      vertex -8.203989293123444 -7.727555093430283 0.005050000000000001
      vertex -8.181921264348356 -7.771396736825999 -0.00495
      vertex -8.181921264348356 -7.771396736825999 0.005050000000000001
    endloop
  endfacet
  facet normal 0 0 -1
    outer loop
      vertex -8.131469612302546 -7.855570233019603 -0.00495
      vertex -8.181921264348356 -7.771396736825999 -0.00495
      vertex -8.223879532511287 -7.68268343236509 -0.00495
    endloop
  endfacet
  facet normal -0.8932243011955183 -0.4496113296546005 0
    outer loop
      vertex -8.203989293123444 -7.727555093430283 -0.00495
      vertex -8.181921264348356 -7.771396736825999 -0.00495
      vertex -8.203989293123444 -7.727555093430283 0.005050000000000001
    endloop
  endfacet
  facet normal -0.914209755703534 -0.4052413140049827 0
    outer loop
      vertex -8.203989293123444 -7.727555093430283 -0.00495
      vertex -8.203989293123444 -7.727555093430283 0.005050000000000001
      vertex -8.223879532511287 -7.68268343236509 -0.00495
    endloop
  endfacet
  facet normal -0.914209755703534 -0.4052413140049827 1.0375808606099149e-16
    outer loop
      vertex -8.203989293123444 -7.727555093430283 0.005050000000000001
      vertex -8.223879532511287 -7.68268343236509 0.005050000000000001
      vertex -8.223879532511287 -7.68268343236509 -0.00495
    endloop
  endfacet
  facet normal -0.932992798834737 -0.35989503653499316 0
    outer loop
      vertex -8.223879532511287 -7.68268343236509 -0.00495
      vertex -8.223879532511287 -7.68268343236509 0.005050000000000001
      vertex -8.241544065183021 -7.636889853392221 -0.00495
    endloop
  endfacet
  facet normal 0 0 -1
    outer loop
      vertex -8.007106781186549 -8.007106781186549 -0.00495
      vertex -8.223879532511287 -7.68268343236509 -0.00495
      vertex -8.3 -7.300000000000001 -0.00495
    endloop
  endfacet
  facet normal 0 0 -1
    outer loop
      vertex -8.223879532511287 -7.68268343236509 -0.00495
      vertex -8.241544065183021 -7.636889853392221 -0.00495
      vertex -8.25694033573221 -7.590284677254463 -0.00495
    endloop
  endfacet
  facet normal -0.9495281805930307 -0.3136817403989097 0
    outer loop
      vertex -8.241544065183021 -7.636889853392221 -0.00495
      vertex -8.241544065183021 -7.636889853392221 0.005050000000000001
      vertex -8.25694033573221 -7.590284677254463 -0.00495
    endloop
  endfacet
  facet normal -0.9495281805930307 -0.3136817403989097 7.424109525557104e-17
    outer loop
      vertex -8.241544065183021 -7.636889853392221 0.005050000000000001
      vertex -8.25694033573221 -7.590284677254463 0.005050000000000001
      vertex -8.25694033573221 -7.590284677254463 -0.00495
    endloop
  endfacet
  facet normal 0 0 -1
    outer loop
      vertex -8.223879532511287 -7.68268343236509 -0.00495
      vertex -8.25694033573221 -7.590284677254463 -0.00495
      vertex -8.280785280403231 -7.495090322016129 -0.00495
    endloop
  endfacet
  facet normal 0 0 -1
    outer loop
      vertex -8.25694033573221 -7.590284677254463 -0.00495
      vertex -8.270031253194544 -7.542980179903265 -0.00495
      vertex -8.280785280403231 -7.495090322016129 -0.00495
    endloop
  endfacet
  facet normal -0.9757021300385256 -0.21910124015688293 0
    outer loop
      vertex -8.270031253194544 -7.542980179903265 -0.00495
      vertex -8.270031253194544 -7.542980179903265 0.005050000000000001
      vertex -8.280785280403231 -7.495090322016129 0.005050000000000001
    endloop
  endfacet
  facet normal -0.9637760657954466 -0.2667127574748739 0
    outer loop
      vertex -8.25694033573221 -7.590284677254463 -0.00495
      vertex -8.25694033573221 -7.590284677254463 0.005050000000000001
      vertex -8.270031253194544 -7.542980179903265 -0.00495
    endloop
  endfacet
  facet normal -0.9637760657954466 -0.2667127574748739 -7.934497710735335e-17
    outer loop
      vertex -8.25694033573221 -7.590284677254463 0.005050000000000001
      vertex -8.270031253194544 -7.542980179903265 0.005050000000000001
      vertex -8.270031253194544 -7.542980179903265 -0.00495
    endloop
  endfacet
  facet normal -0.9757021300385256 -0.21910124015688293 -9.260387099027372e-17
    outer loop
      vertex -8.270031253194544 -7.542980179903265 -0.00495
      vertex -8.280785280403231 -7.495090322016129 0.005050000000000001
      vertex -8.280785280403231 -7.495090322016129 -0.00495
    endloop
  endfacet
  facet normal 0 0 -1
    outer loop
      vertex -8.223879532511287 -7.68268343236509 -0.00495
      vertex -8.280785280403231 -7.495090322016129 -0.00495
      vertex -8.3 -7.300000000000001 -0.00495
    endloop
  endfacet
  facet normal -0.9852776423889434 -0.17096188876028862 -1.471406909311094e-17
    outer loop
      vertex -8.280785280403231 -7.495090322016129 -0.00495
      vertex -8.289176509964781 -7.446730474455363 0.005050000000000001
      vertex -8.289176509964781 -7.446730474455363 -0.00495
    endloop
  endfacet
  facet normal -0.9852776423889434 -0.17096188876028862 0
    outer loop
      vertex -8.280785280403231 -7.495090322016129 -0.00495
      vertex -8.280785280403231 -7.495090322016129 0.005050000000000001
      vertex -8.289176509964781 -7.446730474455363 0.005050000000000001
    endloop
  endfacet
  facet normal 0 0 -1
    outer loop
      vertex -8.280785280403231 -7.495090322016129 -0.00495
      vertex -8.289176509964781 -7.446730474455363 -0.00495
      vertex -8.295184726672197 -7.398017140329562 -0.00495
    endloop
  endfacet
  facet normal -0.9924795345987096 -0.12241067519921875 0
    outer loop
      vertex -8.289176509964781 -7.446730474455363 -0.00495
      vertex -8.289176509964781 -7.446730474455363 0.005050000000000001
      vertex -8.295184726672197 -7.398017140329562 -0.00495
    endloop
  endfacet
  facet normal -0.9924795345987096 -0.12241067519921875 -6.899163172176291e-18
    outer loop
      vertex -8.289176509964781 -7.446730474455363 0.005050000000000001
      vertex -8.295184726672197 -7.398017140329562 0.005050000000000001
      vertex -8.295184726672197 -7.398017140329562 -0.00495
    endloop
  endfacet
  facet normal 0 0 -1
    outer loop
      vertex -8.280785280403231 -7.495090322016129 -0.00495
      vertex -8.295184726672197 -7.398017140329562 -0.00495
      vertex -8.3 -7.300000000000001 -0.00495
    endloop
  endfacet
  facet normal -0.9972904566786889 -0.07356456359968419 0
    outer loop
      vertex -8.295184726672197 -7.398017140329562 -0.00495
      vertex -8.295184726672197 -7.398017140329562 0.005050000000000001
      vertex -8.298795456205173 -7.349067674327419 0.005050000000000001
    endloop
  endfacet
  facet normal -0.9972904566786889 -0.07356456359968419 -5.316206543072558e-18
    outer loop
      vertex -8.295184726672197 -7.398017140329562 -0.00495
      vertex -8.298795456205173 -7.349067674327419 0.005050000000000001
      vertex -8.298795456205173 -7.349067674327419 -0.00495
    endloop
  endfacet
  facet normal 0 0 -1
    outer loop
      vertex -8.295184726672197 -7.398017140329562 -0.00495
      vertex -8.298795456205173 -7.349067674327419 -0.00495
      vertex -8.3 -7.300000000000001 -0.00495
    endloop
  endfacet
  facet normal -0.9996988186962044 -0.024541228522907587 0
    outer loop
      vertex -8.298795456205173 -7.349067674327419 -0.00495
      vertex -8.298795456205173 -7.349067674327419 0.005050000000000001
      vertex -8.3 -7.300000000000001 -0.00495
    endloop
  endfacet
  facet normal -0.9996988186962044 -0.024541228522907587 1.1764332665181406e-18
    outer loop
      vertex -8.298795456205173 -7.349067674327419 0.005050000000000001
      vertex -8.3 -7.300000000000001 0.005050000000000001
      vertex -8.3 -7.300000000000001 -0.00495
    endloop
  endfacet
  facet normal -0.4496113296546005 -0.8932243011955183 0
    outer loop
      vertex -7.771396736825999 -8.181921264348356 -0.00495
      vertex -7.727555093430283 -8.203989293123444 0.005050000000000001
      vertex -7.771396736825999 -8.181921264348356 0.005050000000000001
    endloop
  endfacet
  facet normal 0 0 -1
    outer loop
      vertex -7.771396736825999 -8.181921264348356 -0.00495
      vertex -7.68268343236509 -8.223879532511287 -0.00495
      vertex -7.727555093430283 -8.203989293123444 -0.00495
    endloop
  endfacet
  facet normal -0.4496113296546005 -0.8932243011955183 6.462560192373798e-17
    outer loop
      vertex -7.771396736825999 -8.181921264348356 -0.00495
      vertex -7.727555093430283 -8.203989293123444 -0.00495
      vertex -7.727555093430283 -8.203989293123444 0.005050000000000001
    endloop
  endfacet
  facet normal -0.35989503653499316 -0.932992798834737 3.5145105410712124e-17
    outer loop
      vertex -7.68268343236509 -8.223879532511287 -0.00495
      vertex -7.636889853392221 -8.241544065183021 -0.00495
      vertex -7.636889853392221 -8.241544065183021 0.005050000000000001
    endloop
  endfacet
  facet normal -0.4052413140049827 -0.914209755703534 0
    outer loop
      vertex -7.727555093430283 -8.203989293123444 -0.00495
      vertex -7.68268343236509 -8.223879532511287 -0.00495
      vertex -7.727555093430283 -8.203989293123444 0.005050000000000001
    endloop
  endfacet
  facet normal -0.4052413140049827 -0.914209755703534 1.0375808606099149e-16
    outer loop
      vertex -7.727555093430283 -8.203989293123444 0.005050000000000001
      vertex -7.68268343236509 -8.223879532511287 -0.00495
      vertex -7.68268343236509 -8.223879532511287 0.005050000000000001
    endloop
  endfacet
  facet normal -0.35989503653499316 -0.932992798834737 0
    outer loop
      vertex -7.68268343236509 -8.223879532511287 -0.00495
      vertex -7.636889853392221 -8.241544065183021 0.005050000000000001
      vertex -7.68268343236509 -8.223879532511287 0.005050000000000001
    endloop
  endfacet
  facet normal 0 0 -1
    outer loop
      vertex -8.007106781186549 -8.007106781186549 -0.00495
      vertex -7.300000000000001 -8.3 -0.00495
      vertex -7.68268343236509 -8.223879532511287 -0.00495
    endloop
  endfacet
  facet normal 0 0 -1
    outer loop
      vertex -7.68268343236509 -8.223879532511287 -0.00495
      vertex -7.542980179903265 -8.270031253194544 -0.00495
      vertex -7.636889853392221 -8.241544065183021 -0.00495
    endloop
  endfacet
  facet normal -0.3136817403989097 -0.9495281805930307 0
    outer loop
      vertex -7.636889853392221 -8.241544065183021 -0.00495
      vertex -7.590284677254463 -8.25694033573221 0.005050000000000001
      vertex -7.636889853392221 -8.241544065183021 0.005050000000000001
    endloop
  endfacet
  facet normal -0.3136817403989097 -0.9495281805930307 7.424109525557104e-17
    outer loop
      vertex -7.636889853392221 -8.241544065183021 -0.00495
      vertex -7.590284677254463 -8.25694033573221 -0.00495
      vertex -7.590284677254463 -8.25694033573221 0.005050000000000001
    endloop
  endfacet
  facet normal 0 0 -1
    outer loop
      vertex -7.636889853392221 -8.241544065183021 -0.00495
      vertex -7.542980179903265 -8.270031253194544 -0.00495
      vertex -7.590284677254463 -8.25694033573221 -0.00495
    endloop
  endfacet
  facet normal 0 0 -1
    outer loop
      vertex -7.68268343236509 -8.223879532511287 -0.00495
      vertex -7.495090322016129 -8.280785280403231 -0.00495
      vertex -7.542980179903265 -8.270031253194544 -0.00495
    endloop
  endfacet
  facet normal -0.2667127574748739 -0.9637760657954466 0
    outer loop
      vertex -7.590284677254463 -8.25694033573221 -0.00495
      vertex -7.542980179903265 -8.270031253194544 -0.00495
      vertex -7.590284677254463 -8.25694033573221 0.005050000000000001
    endloop
  endfacet
  facet normal -0.2667127574748739 -0.9637760657954466 -7.934497710735335e-17
    outer loop
      vertex -7.590284677254463 -8.25694033573221 0.005050000000000001
      vertex -7.542980179903265 -8.270031253194544 -0.00495
      vertex -7.542980179903265 -8.270031253194544 0.005050000000000001
    endloop
  endfacet
  facet normal -0.21910124015688293 -0.9757021300385256 0
    outer loop
      vertex -7.542980179903265 -8.270031253194544 -0.00495
      vertex -7.495090322016129 -8.280785280403231 -0.00495
      vertex -7.542980179903265 -8.270031253194544 0.005050000000000001
    endloop
  endfacet
  facet normal -0.21910124015688293 -0.9757021300385256 -9.260387099027372e-17
    outer loop
      vertex -7.542980179903265 -8.270031253194544 0.005050000000000001
      vertex -7.495090322016129 -8.280785280403231 -0.00495
      vertex -7.495090322016129 -8.280785280403231 0.005050000000000001
    endloop
  endfacet
  facet normal 0 0 -1
    outer loop
      vertex -7.68268343236509 -8.223879532511287 -0.00495
      vertex -7.300000000000001 -8.3 -0.00495
      vertex -7.495090322016129 -8.280785280403231 -0.00495
    endloop
  endfacet
  facet normal -0.17096188876028862 -0.9852776423889434 0
    outer loop
      vertex -7.495090322016129 -8.280785280403231 -0.00495
      vertex -7.446730474455363 -8.289176509964781 0.005050000000000001
      vertex -7.495090322016129 -8.280785280403231 0.005050000000000001
    endloop
  endfacet
  facet normal -0.17096188876028862 -0.9852776423889434 -1.471406909311094e-17
    outer loop
      vertex -7.495090322016129 -8.280785280403231 -0.00495
      vertex -7.446730474455363 -8.289176509964781 -0.00495
      vertex -7.446730474455363 -8.289176509964781 0.005050000000000001
    endloop
  endfacet
  facet normal 0 0 -1
    outer loop
      vertex -7.495090322016129 -8.280785280403231 -0.00495
      vertex -7.398017140329562 -8.295184726672197 -0.00495
      vertex -7.446730474455363 -8.289176509964781 -0.00495
    endloop
  endfacet
  facet normal -0.12241067519921875 -0.9924795345987096 0
    outer loop
      vertex -7.446730474455363 -8.289176509964781 -0.00495
      vertex -7.398017140329562 -8.295184726672197 -0.00495
      vertex -7.446730474455363 -8.289176509964781 0.005050000000000001
    endloop
  endfacet
  facet normal -0.12241067519921875 -0.9924795345987096 -6.899163172176291e-18
    outer loop
      vertex -7.446730474455363 -8.289176509964781 0.005050000000000001
      vertex -7.398017140329562 -8.295184726672197 -0.00495
      vertex -7.398017140329562 -8.295184726672197 0.005050000000000001
    endloop
  endfacet
  facet normal 0 0 -1
    outer loop
      vertex -7.495090322016129 -8.280785280403231 -0.00495
      vertex -7.300000000000001 -8.3 -0.00495
      vertex -7.398017140329562 -8.295184726672197 -0.00495
    endloop
  endfacet
  facet normal -0.07356456359968419 -0.9972904566786889 0
    outer loop
      vertex -7.398017140329562 -8.295184726672197 -0.00495
      vertex -7.349067674327419 -8.298795456205173 0.005050000000000001
      vertex -7.398017140329562 -8.295184726672197 0.005050000000000001
    endloop
  endfacet
  facet normal -0.07356456359968419 -0.9972904566786889 -5.316206543072558e-18
    outer loop
      vertex -7.398017140329562 -8.295184726672197 -0.00495
      vertex -7.349067674327419 -8.298795456205173 -0.00495
      vertex -7.349067674327419 -8.298795456205173 0.005050000000000001
    endloop
  endfacet
  facet normal 0 0 -1
    outer loop
      vertex -7.398017140329562 -8.295184726672197 -0.00495
      vertex -7.300000000000001 -8.3 -0.00495
      vertex -7.349067674327419 -8.298795456205173 -0.00495
    endloop
  endfacet
  facet normal -0.024541228522907587 -0.9996988186962044 0
    outer loop
      vertex -7.349067674327419 -8.298795456205173 -0.00495
      vertex -7.300000000000001 -8.3 -0.00495
      vertex -7.349067674327419 -8.298795456205173 0.005050000000000001
    endloop
  endfacet
  facet normal -0.024541228522907587 -0.9996988186962044 1.1764332665181406e-18
    outer loop
      vertex -7.349067674327419 -8.298795456205173 0.005050000000000001
      vertex -7.300000000000001 -8.3 -0.00495
      vertex -7.300000000000001 -8.3 0.005050000000000001
    endloop
  endfacet
  facet normal -0.6978729712000236 -0.6019893649187763 0.3880491213662768
    outer loop
      vertex -8.04095112535496 -7.971558954847019 0.005050000000000001
      vertex -6.0352313933309 -5.886716210584974 6.846428068345464
      vertex -8.073010453362738 -7.934393284163646 0.005050000000000001
    endloop
  endfacet
  facet normal -0.6671550401249879 -0.6351844013194092 0.3891592588598266
    outer loop
      vertex -8.04095112535496 -7.971558954847019 0.005050000000000001
      vertex -8.007106781186549 -8.007106781186549 0.005050000000000001
      vertex -5.9643357592379855 -5.9643357592379855 6.841277614159243
    endloop
  endfacet
  facet normal -0.6351844013194092 -0.6671550401249879 0.3891592588598266
    outer loop
      vertex -7.971558954847019 -8.04095112535496 0.005050000000000001
      vertex -5.9643357592379855 -5.9643357592379855 6.841277614159243
      vertex -8.007106781186549 -8.007106781186549 0.005050000000000001
    endloop
  endfacet
  facet normal -0.6019893649187764 -0.6978729712000237 0.3880491213662768
    outer loop
      vertex -7.971558954847019 -8.04095112535496 0.005050000000000001
      vertex -7.934393284163646 -8.073010453362738 0.005050000000000001
      vertex -5.889844588206831 -6.038241044175143 6.836162347292604
    endloop
  endfacet
  facet normal -0.7273058488569466 -0.5675950553590766 0.3858264575562481
    outer loop
      vertex -8.073010453362738 -7.934393284163646 0.005050000000000001
      vertex -6.10235667987203 -5.805564582466402 6.851601366780068
      vertex -8.103207531480646 -7.895699304492434 0.005050000000000001
    endloop
  endfacet
  facet normal -0.7821623665199152 -0.49529885611567154 0.3780225860057478
    outer loop
      vertex -8.131469612302546 -7.855570233019603 0.005050000000000001
      vertex -6.22464062397225 -5.633438066420526 6.861966730039378
      vertex -8.157728610000273 -7.814102744193223 0.005050000000000001
    endloop
  endfacet
  facet normal -0.755416524630346 -0.5320243426951955 0.3824865659015424
    outer loop
      vertex -8.131469612302546 -7.855570233019603 0.005050000000000001
      vertex -8.103207531480646 -7.895699304492434 0.005050000000000001
      vertex -6.22464062397225 -5.633438066420526 6.861966730039378
    endloop
  endfacet
  facet normal -0.8074946719061397 -0.4574400813768562 0.37242573325849965
    outer loop
      vertex -8.157728610000273 -7.814102744193223 0.005050000000000001
      vertex -6.329969797179336 -5.449584635373495 6.872273799550847
      vertex -8.181921264348356 -7.771396736825999 0.005050000000000001
    endloop
  endfacet
  facet normal -0.8536907362335876 -0.37841507766338844 0.357790659277135
    outer loop
      vertex -8.203989293123444 -7.727555093430283 0.005050000000000001
      vertex -6.416460649602622 -5.254646981866993 6.885560418553805
      vertex -8.223879532511287 -7.68268343236509 0.005050000000000001
    endloop
  endfacet
  facet normal -0.8313581852729585 -0.4184705438483048 0.3656856186821642
    outer loop
      vertex -8.203989293123444 -7.727555093430283 0.005050000000000001
      vertex -8.181921264348356 -7.771396736825999 0.005050000000000001
      vertex -6.329969797179336 -5.449584635373495 6.872273799550847
    endloop
  endfacet
  facet normal -0.8744230179649986 -0.3373021789563627 0.34872858461025796
    outer loop
      vertex -8.223879532511287 -7.68268343236509 0.005050000000000001
      vertex -6.451769725063285 -5.1527137219022405 6.895617645070781
      vertex -8.241544065183021 -7.636889853392221 0.005050000000000001
    endloop
  endfacet
  facet normal -0.893478530770086 -0.2951654371816319 0.33848704516761746
    outer loop
      vertex -8.241544065183021 -7.636889853392221 0.005050000000000001
      vertex -6.451769725063285 -5.1527137219022405 6.895617645070781
      vertex -8.25694033573221 -7.590284677254463 0.005050000000000001
    endloop
  endfacet
  facet normal -0.9107737197683217 -0.25204503292429115 0.3270543269207237
    outer loop
      vertex -8.25694033573221 -7.590284677254463 0.005050000000000001
      vertex -6.507961646722531 -4.943563666003005 6.91526804262804
      vertex -8.270031253194544 -7.542980179903265 0.005050000000000001
    endloop
  endfacet
  facet normal -0.9262183392288567 -0.20798928334109315 0.3144201744344613
    outer loop
      vertex -8.270031253194544 -7.542980179903265 0.005050000000000001
      vertex -6.507961646722531 -4.943563666003005 6.91526804262804
      vertex -8.280785280403231 -7.495090322016129 0.005050000000000001
    endloop
  endfacet
  facet normal -0.9397160782499556 -0.16305620743254817 0.30057672148095116
    outer loop
      vertex -8.280785280403231 -7.495090322016129 0.005050000000000001
      vertex -6.544405259603782 -4.72906223617212 6.934137064910515
      vertex -8.289176509964781 -7.446730474455363 0.005050000000000001
    endloop
  endfacet
  facet normal -0.9511654826858322 -0.11731507290862267 0.28551952335255854
    outer loop
      vertex -8.289176509964781 -7.446730474455363 0.005050000000000001
      vertex -6.544405259603782 -4.72906223617212 6.934137064910515
      vertex -8.295184726672197 -7.398017140329562 0.005050000000000001
    endloop
  endfacet
  facet normal -0.9674956130081709 -0.023750684195776205 0.2517700216669495
    outer loop
      vertex -8.298795456205173 -7.349067674327419 0.005050000000000001
      vertex -6.560632357592572 -4.511266427795165 6.95212369144558
      vertex -8.3 -7.300000000000001 0.005050000000000001
    endloop
  endfacet
  facet normal -0.9604612056723597 -0.0708478748358041 0.2692486787890469
    outer loop
      vertex -8.295184726672197 -7.398017140329562 0.005050000000000001
      vertex -6.555074277684943 -4.620456634077095 6.9432190091665955
      vertex -8.298795456205173 -7.349067674327419 0.005050000000000001
    endloop
  endfacet
  facet normal -0.4574400813768562 -0.8074946719061397 0.37242573325849987
    outer loop
      vertex -7.814102744193223 -8.157728610000273 0.005050000000000001
      vertex -7.771396736825999 -8.181921264348356 0.005050000000000001
      vertex -5.559697140196934 -6.29340969114761 6.816295438013643
    endloop
  endfacet
  facet normal -0.5675950553590765 -0.7273058488569466 0.3858264575562481
    outer loop
      vertex -7.934393284163646 -8.073010453362738 0.005050000000000001
      vertex -7.895699304492434 -8.103207531480646 0.005050000000000001
      vertex -5.811940874784186 -6.108259204817746 6.831094497040612
    endloop
  endfacet
  facet normal -0.5320243426951955 -0.755416524630346 0.3824865659015423
    outer loop
      vertex -7.855570233019603 -8.131469612302546 0.005050000000000001
      vertex -5.730815323605101 -6.174227070225948 6.826086150418393
      vertex -7.895699304492434 -8.103207531480646 0.005050000000000001
    endloop
  endfacet
  facet normal -0.49529885611567165 -0.7821623665199152 0.3780225860057477
    outer loop
      vertex -7.855570233019603 -8.131469612302546 0.005050000000000001
      vertex -7.814102744193223 -8.157728610000273 0.005050000000000001
      vertex -5.646665861960589 -6.235991498761171 6.821149224265626
    endloop
  endfacet
  facet normal -0.4184705438483048 -0.8313581852729585 0.36568561868216426
    outer loop
      vertex -7.771396736825999 -8.181921264348356 0.005050000000000001
      vertex -7.727555093430283 -8.203989293123444 0.005050000000000001
      vertex -5.470120021343765 -6.346349476720471 6.811536287165681
    endloop
  endfacet
  facet normal -0.37841507766338844 -0.8536907362335876 0.35779065927713494
    outer loop
      vertex -7.727555093430283 -8.203989293123444 0.005050000000000001
      vertex -7.68268343236509 -8.223879532511287 0.005050000000000001
      vertex -5.378151061341632 -6.394689572727572 6.806883017536814
    endloop
  endfacet
  facet normal -0.2951654371816319 -0.8934785307700859 0.33848704516761746
    outer loop
      vertex -7.636889853392221 -8.241544065183021 0.005050000000000001
      vertex -7.590284677254463 -8.25694033573221 0.005050000000000001
      vertex -5.1879291324550545 -6.4771413713750166 6.797937707852494
    endloop
  endfacet
  facet normal -0.3373021789563626 -0.8744230179649986 0.3487285846102578
    outer loop
      vertex -7.68268343236509 -8.223879532511287 0.005050000000000001
      vertex -7.636889853392221 -8.241544065183021 0.005050000000000001
      vertex -5.284011981209068 -6.438319816624839 6.802346600296454
    endloop
  endfacet
  facet normal -0.25204503292429115 -0.9107737197683216 0.3270543269207241
    outer loop
      vertex -7.590284677254463 -8.25694033573221 0.005050000000000001
      vertex -7.542980179903265 -8.270031253194544 0.005050000000000001
      vertex -5.090125981525361 -6.511062032795625 6.793685631007958
    endloop
  endfacet
  facet normal -0.20798928334109315 -0.9262183392288567 0.31442017443446124
    outer loop
      vertex -7.542980179903265 -8.270031253194544 0.005050000000000001
      vertex -7.495090322016129 -8.280785280403231 0.005050000000000001
      vertex -4.99079364355214 -6.539977488550365 6.789713157034404
    endloop
  endfacet
  facet normal -0.16305620743254814 -0.9397160782499554 0.30057672148095144
    outer loop
      vertex -7.495090322016129 -8.280785280403231 0.005050000000000001
      vertex -7.446730474455363 -8.289176509964781 0.005050000000000001
      vertex -4.8902128796005675 -6.563855462691302 6.7859077506448955
    endloop
  endfacet
  facet normal -0.11731507290862268 -0.9511654826858323 0.28551952335255865
    outer loop
      vertex -7.446730474455363 -8.289176509964781 0.005050000000000001
      vertex -7.398017140329562 -8.295184726672197 0.005050000000000001
      vertex -4.788623013123638 -6.582643897348549 6.782278275328644
    endloop
  endfacet
  facet normal -0.0708478748358041 -0.9604612056723597 0.2692486787890469
    outer loop
      vertex -7.398017140329562 -8.295184726672197 0.005050000000000001
      vertex -7.349067674327419 -8.298795456205173 0.005050000000000001
      vertex -4.686265295494708 -6.596302664648566 6.778833169810583
    endloop
  endfacet
  facet normal -0.02375068419577621 -0.9674956130081709 0.2517700216669496
    outer loop
      vertex -7.349067674327419 -8.298795456205173 0.005050000000000001
      vertex -7.300000000000001 -8.3 0.005050000000000001
      vertex -4.583382358602994 -6.604803615148202 6.775580430615955
    endloop
  endfacet
  facet normal 0 0 -1
    outer loop
      vertex -8.007106781186549 -8.007106781186549 -0.00495
      vertex -8.3 -7.300000000000001 -0.00495
      vertex -8.298795456205173 7.349067674327419 -0.00495
    endloop
  endfacet
  facet normal -1 0 0
    outer loop
      vertex -8.3 -7.300000000000001 -0.00495
      vertex -8.3 -7.300000000000001 0.005050000000000001
      vertex -8.3 7.300000000000001 0.005050000000000001
    endloop
  endfacet
  facet normal 0 0 -1
    outer loop
      vertex -8.007106781186549 -8.007106781186549 -0.00495
      vertex -6.5 6.5 -0.00495
      vertex -6.5 -6.5 -0.00495
    endloop
  endfacet
  facet normal -0.9701425001453319 0 0.24253562503633305
    outer loop
      vertex -8.3 -7.300000000000001 0.005050000000000001
      vertex -6.522620541565327 -2.5051650701297516 7.114567833738693
      vertex -8.3 7.300000000000001 0.005050000000000001
    endloop
  endfacet
  facet normal 0 -1 0
    outer loop
      vertex -7.300000000000001 -8.3 -0.00495
      vertex 7.300000000000001 -8.3 0.005050000000000001
      vertex -7.300000000000001 -8.3 0.005050000000000001
    endloop
  endfacet
  facet normal 0 0 -1
    outer loop
      vertex -8.007106781186549 -8.007106781186549 -0.00495
      vertex 8.3 -7.300000000000001 -0.00495
      vertex -7.300000000000001 -8.3 -0.00495
    endloop
  endfacet
  facet normal 0 0 -1
    outer loop
      vertex -8.007106781186549 -8.007106781186549 -0.00495
      vertex -6.5 -6.5 -0.00495
      vertex 6.5 -6.5 -0.00495
    endloop
  endfacet
  facet normal -0.7821623665199172 -0.4952988561156684 0.3780225860057479
    outer loop
      vertex -8.157728610000273 -7.814102744193223 0.005050000000000001
      vertex -6.22464062397225 -5.633438066420526 6.861966730039378
      vertex -6.279494625568018 -5.542870511713264 6.867133803697873
    endloop
  endfacet
  facet normal -0.8074946719061338 -0.457440081376865 0.3724257332585017
    outer loop
      vertex -8.157728610000273 -7.814102744193223 0.005050000000000001
      vertex -6.279494625568018 -5.542870511713264 6.867133803697873
      vertex -6.329969797179336 -5.449584635373495 6.872273799550847
    endloop
  endfacet
  facet normal -0.7554165246303471 -0.5320243426951936 0.38248656590154273
    outer loop
      vertex -8.103207531480646 -7.895699304492434 0.005050000000000001
      vertex -6.165545451002871 -5.7210719909162995 6.856785081669492
      vertex -6.22464062397225 -5.633438066420526 6.861966730039378
    endloop
  endfacet
  facet normal -0.7273058488569487 -0.5675950553590743 0.38582645755624734
    outer loop
      vertex -8.103207531480646 -7.895699304492434 0.005050000000000001
      vertex -6.10235667987203 -5.805564582466402 6.851601366780068
      vertex -6.165545451002871 -5.7210719909162995 6.856785081669492
    endloop
  endfacet
  facet normal -0.5675950553590768 -0.7273058488569459 0.3858264575562486
    outer loop
      vertex -7.895699304492434 -8.103207531480646 0.005050000000000001
      vertex -5.730815323605101 -6.174227070225948 6.826086150418393
      vertex -5.811940874784186 -6.108259204817746 6.831094497040612
    endloop
  endfacet
  facet normal -0.5320243426951975 -0.7554165246303448 0.3824865659015425
    outer loop
      vertex -7.855570233019603 -8.131469612302546 0.005050000000000001
      vertex -5.646665861960589 -6.235991498761171 6.821149224265626
      vertex -5.730815323605101 -6.174227070225948 6.826086150418393
    endloop
  endfacet
  facet normal -0.49529885611566216 -0.7821623665199218 0.37802258600574684
    outer loop
      vertex -7.814102744193223 -8.157728610000273 0.005050000000000001
      vertex -5.559697140196934 -6.29340969114761 6.816295438013643
      vertex -5.646665861960589 -6.235991498761171 6.821149224265626
    endloop
  endfacet
  facet normal -0.4574400813768623 -0.8074946719061358 0.3724257332585005
    outer loop
      vertex -7.771396736825999 -8.181921264348356 0.005050000000000001
      vertex -5.470120021343765 -6.346349476720471 6.811536287165681
      vertex -5.559697140196934 -6.29340969114761 6.816295438013643
    endloop
  endfacet
  facet normal -0.6671550401249865 -0.6351844013194103 0.3891592588598269
    outer loop
      vertex -8.04095112535496 -7.971558954847019 0.005050000000000001
      vertex -5.9643357592379855 -5.9643357592379855 6.841277614159243
      vertex -6.0352313933309 -5.886716210584974 6.846428068345464
    endloop
  endfacet
  facet normal -0.6978729712000167 -0.6019893649187842 0.388049121366277
    outer loop
      vertex -8.073010453362738 -7.934393284163646 0.005050000000000001
      vertex -6.0352313933309 -5.886716210584974 6.846428068345464
      vertex -6.10235667987203 -5.805564582466402 6.851601366780068
    endloop
  endfacet
  facet normal -0.6351844013194146 -0.6671550401249828 0.38915925885982644
    outer loop
      vertex -7.971558954847019 -8.04095112535496 0.005050000000000001
      vertex -5.889844588206831 -6.038241044175143 6.836162347292604
      vertex -5.9643357592379855 -5.9643357592379855 6.841277614159243
    endloop
  endfacet
  facet normal -0.601989364918779 -0.6978729712000217 0.388049121366276
    outer loop
      vertex -7.934393284163646 -8.073010453362738 0.005050000000000001
      vertex -5.811940874784186 -6.108259204817746 6.831094497040612
      vertex -5.889844588206831 -6.038241044175143 6.836162347292604
    endloop
  endfacet
  facet normal -0.8536907362335845 -0.37841507766339455 0.3577906592771358
    outer loop
      vertex -8.203989293123444 -7.727555093430283 0.005050000000000001
      vertex -6.3920055918722944 -5.315701821300564 6.879336064983363
      vertex -6.416460649602622 -5.254646981866993 6.885560418553805
    endloop
  endfacet
  facet normal -0.874423017964999 -0.337302178956361 0.34872858461025835
    outer loop
      vertex -8.223879532511287 -7.68268343236509 0.005050000000000001
      vertex -6.416460649602622 -5.254646981866993 6.885560418553805
      vertex -6.451769725063285 -5.1527137219022405 6.895617645070781
    endloop
  endfacet
  facet normal -0.9107737197683159 -0.2520450329243069 0.3270543269207277
    outer loop
      vertex -8.25694033573221 -7.590284677254463 0.005050000000000001
      vertex -6.482298688376524 -5.048935867903633 6.905528400611104
      vertex -6.507961646722531 -4.943563666003005 6.91526804262804
    endloop
  endfacet
  facet normal -0.893478530770091 -0.2951654371816194 0.33848704516761485
    outer loop
      vertex -8.25694033573221 -7.590284677254463 0.005050000000000001
      vertex -6.451769725063285 -5.1527137219022405 6.895617645070781
      vertex -6.482298688376524 -5.048935867903633 6.905528400611104
    endloop
  endfacet
  facet normal -0.9262183392288602 -0.20798928334108305 0.3144201744344576
    outer loop
      vertex -8.280785280403231 -7.495090322016129 0.005050000000000001
      vertex -6.507961646722531 -4.943563666003005 6.91526804262804
      vertex -6.528684503941579 -4.836852494027338 6.924812245036809
    endloop
  endfacet
  facet normal -0.8313581852729596 -0.418470543848303 0.3656856186821639
    outer loop
      vertex -8.203989293123444 -7.727555093430283 0.005050000000000001
      vertex -6.329969797179336 -5.449584635373495 6.872273799550847
      vertex -6.3759387790501885 -5.353802861994723 6.877374250195567
    endloop
  endfacet
  facet normal -0.8536907362335856 -0.37841507766339166 0.35779065927713644
    outer loop
      vertex -8.203989293123444 -7.727555093430283 0.005050000000000001
      vertex -6.3759387790501885 -5.353802861994723 6.877374250195567
      vertex -6.3920055918722944 -5.315701821300564 6.879336064983363
    endloop
  endfacet
  facet normal -0.9397160782499503 -0.16305620743256757 0.30057672148095715
    outer loop
      vertex -8.280785280403231 -7.495090322016129 0.005050000000000001
      vertex -6.528684503941579 -4.836852494027338 6.924812245036809
      vertex -6.544405259603782 -4.72906223617212 6.934137064910515
    endloop
  endfacet
  facet normal -0.9604612056723603 -0.07084787483580145 0.26924867878904585
    outer loop
      vertex -8.298795456205173 -7.349067674327419 0.005050000000000001
      vertex -6.555074277684943 -4.620456634077095 6.9432190091665955
      vertex -6.558997481102782 -4.54371566778034 6.949417181420144
    endloop
  endfacet
  facet normal -0.9604612056723615 -0.07084787483579771 0.26924867878904246
    outer loop
      vertex -8.298795456205173 -7.349067674327419 0.005050000000000001
      vertex -6.558997481102782 -4.54371566778034 6.949417181420144
      vertex -6.560632357592572 -4.511266427795165 6.95212369144558
    endloop
  endfacet
  facet normal -0.9511654826858346 -0.1173150729086129 0.28551952335255537
    outer loop
      vertex -8.295184726672197 -7.398017140329562 0.005050000000000001
      vertex -6.544405259603782 -4.72906223617212 6.934137064910515
      vertex -6.555074277684943 -4.620456634077095 6.9432190091665955
    endloop
  endfacet
  facet normal -0.9674956130081719 -0.02375068419576677 0.2517700216669464
    outer loop
      vertex -8.3 -7.300000000000001 0.005050000000000001
      vertex -6.560632357592572 -4.511266427795165 6.95212369144558
      vertex -6.5610196978787 -4.4016994964645 6.9609712084852
    endloop
  endfacet
  facet normal -0.9701425001453318 -1.007286958355819e-15 0.2425356250363335
    outer loop
      vertex -8.3 -7.300000000000001 0.005050000000000001
      vertex -6.5610196978787 -4.4016994964645 6.9609712084852
      vertex -6.5449483303293645 -3.5922926124812062 7.025256678682544
    endloop
  endfacet
  facet normal -0.970142500145332 5.043075854612445e-16 0.2425356250363329
    outer loop
      vertex -8.3 -7.300000000000001 0.005050000000000001
      vertex -6.5449483303293645 -3.5922926124812062 7.025256678682544
      vertex -6.522620541565327 -2.5051650701297516 7.114567833738693
    endloop
  endfacet
  facet normal -0.37841507766339216 -0.8536907362335859 0.35779065927713494
    outer loop
      vertex -7.68268343236509 -8.223879532511287 0.005050000000000001
      vertex -5.284011981209068 -6.438319816624839 6.802346600296454
      vertex -5.378151061341632 -6.394689572727572 6.806883017536814
    endloop
  endfacet
  facet normal -0.3373021789563556 -0.8744230179650018 0.34872858461025663
    outer loop
      vertex -7.636889853392221 -8.241544065183021 0.005050000000000001
      vertex -5.1879291324550545 -6.4771413713750166 6.797937707852494
      vertex -5.284011981209068 -6.438319816624839 6.802346600296454
    endloop
  endfacet
  facet normal -0.4184705438483141 -0.8313581852729534 0.3656856186821651
    outer loop
      vertex -7.727555093430283 -8.203989293123444 0.005050000000000001
      vertex -5.378151061341632 -6.394689572727572 6.806883017536814
      vertex -5.470120021343765 -6.346349476720471 6.811536287165681
    endloop
  endfacet
  facet normal -0.29516543718161736 -0.8934785307700919 0.33848704516761413
    outer loop
      vertex -7.590284677254463 -8.25694033573221 0.005050000000000001
      vertex -5.103297258928066 -6.5065002022108835 6.7942416104416
      vertex -5.1879291324550545 -6.4771413713750166 6.797937707852494
    endloop
  endfacet
  facet normal -0.2951654371815776 -0.8934785307701111 0.3384870451675986
    outer loop
      vertex -7.590284677254463 -8.25694033573221 0.005050000000000001
      vertex -5.090125981525361 -6.511062032795625 6.793685631007958
      vertex -5.103297258928066 -6.5065002022108835 6.7942416104416
    endloop
  endfacet
  facet normal -0.25204503292431857 -0.9107737197683113 0.32705432692073155
    outer loop
      vertex -7.542980179903265 -8.270031253194544 0.005050000000000001
      vertex -4.99079364355214 -6.539977488550365 6.789713157034404
      vertex -5.090125981525361 -6.511062032795625 6.793685631007958
    endloop
  endfacet
  facet normal -0.16305620743256202 -0.9397160782499516 0.3005767214809557
    outer loop
      vertex -7.446730474455363 -8.289176509964781 0.005050000000000001
      vertex -4.788623013123638 -6.582643897348549 6.782278275328644
      vertex -4.8902128796005675 -6.563855462691302 6.7859077506448955
    endloop
  endfacet
  facet normal -0.20798928334107586 -0.9262183392288622 0.3144201744344567
    outer loop
      vertex -7.495090322016129 -8.280785280403231 0.005050000000000001
      vertex -4.8902128796005675 -6.563855462691302 6.7859077506448955
      vertex -4.99079364355214 -6.539977488550365 6.789713157034404
    endloop
  endfacet
  facet normal -0.11731507290862053 -0.9511654826858327 0.28551952335255804
    outer loop
      vertex -7.398017140329562 -8.295184726672197 0.005050000000000001
      vertex -4.686265295494708 -6.596302664648566 6.778833169810583
      vertex -4.788623013123638 -6.582643897348549 6.782278275328644
    endloop
  endfacet
  facet normal -0.07084787483579043 -0.9604612056723622 0.26924867878904135
    outer loop
      vertex -7.349067674327419 -8.298795456205173 0.005050000000000001
      vertex -4.583382358602994 -6.604803615148202 6.775580430615955
      vertex -4.686265295494708 -6.596302664648566 6.778833169810583
    endloop
  endfacet
  facet normal -0.023750684195781198 -0.96749561300817 0.2517700216669522
    outer loop
      vertex -7.300000000000001 -8.3 0.005050000000000001
      vertex -4.530922410557176 -6.606495410169925 6.774028043242449
      vertex -4.583382358602994 -6.604803615148202 6.775580430615955
    endloop
  endfacet
  facet normal -0.023750684195779297 -0.96749561300817 0.25177002166695284
    outer loop
      vertex -7.300000000000001 -8.3 0.005050000000000001
      vertex -4.480176235173009 -6.608105741103805 6.7726270355847795
      vertex -4.530922410557176 -6.606495410169925 6.774028043242449
    endloop
  endfacet
  facet normal -6.581343156365692e-16 -0.9701425001453318 0.24253562503633333
    outer loop
      vertex -7.300000000000001 -8.3 0.005050000000000001
      vertex -4.061746849737627 -6.610884782616435 6.76151086953426
      vertex -4.480176235173009 -6.608105741103805 6.7726270355847795
    endloop
  endfacet
  facet normal 1.4311911627539265e-16 -0.9701425001453319 0.24253562503633305
    outer loop
      vertex -7.300000000000001 -8.3 0.005050000000000001
      vertex -3.6207334422105735 -6.613584175458779 6.750713298164883
      vertex -4.061746849737627 -6.610884782616435 6.76151086953426
    endloop
  endfacet
  facet normal -1.5918221859850535e-15 -0.9701425001453317 0.24253562503633383
    outer loop
      vertex -7.300000000000001 -8.3 0.005050000000000001
      vertex -3.2027194026310344 -6.615918762062383 6.741374951750473
      vertex -3.6207334422105735 -6.613584175458779 6.750713298164883
    endloop
  endfacet
  facet normal 1.3249425718550894e-15 -0.9701425001453322 0.2425356250363321
    outer loop
      vertex -7.300000000000001 -8.3 0.005050000000000001
      vertex -2.804049317094102 -6.617926109108408 6.733345563566368
      vertex -3.2027194026310344 -6.615918762062383 6.741374951750473
    endloop
  endfacet
  facet normal -9.709231571834802e-16 -0.9701425001453317 0.24253562503633394
    outer loop
      vertex -7.300000000000001 -8.3 0.005050000000000001
      vertex -2.4215801780109283 -6.6196367888853 6.726502844458802
      vertex -2.804049317094102 -6.617926109108408 6.733345563566368
    endloop
  endfacet
  facet normal 8.803175999081421e-16 -0.9701425001453321 0.2425356250363322
    outer loop
      vertex -7.300000000000001 -8.3 0.005050000000000001
      vertex -2.0525723948827386 -6.621075622209124 6.720747511163507
      vertex -2.4215801780109283 -6.6196367888853 6.726502844458802
    endloop
  endfacet
  facet normal 2.476132373408506e-16 -0.9701425001453321 0.24253562503633258
    outer loop
      vertex -7.300000000000001 -8.3 0.005050000000000001
      vertex -1.6946037452494997 -6.622262624149089 6.715999503403645
      vertex -2.0525723948827386 -6.621075622209124 6.720747511163507
    endloop
  endfacet
  facet normal 4.7103280395301193e-17 -0.970142500145332 0.2425356250363327
    outer loop
      vertex -7.300000000000001 -8.3 0.005050000000000001
      vertex -1.3455001967799085 -6.62321372406527 6.712195103738922
      vertex -1.6946037452494997 -6.622262624149089 6.715999503403645
    endloop
  endfacet
  facet normal -1.9541973478753796e-15 -0.9701425001453314 0.24253562503633483
    outer loop
      vertex -7.300000000000001 -8.3 0.005050000000000001
      vertex -1.0032791574365447 -6.623941310796688 6.7092847568132505
      vertex -1.3455001967799085 -6.62321372406527 6.712195103738922
    endloop
  endfacet
  facet normal 3.497092591582852e-16 -0.9701425001453319 0.24253562503633297
    outer loop
      vertex -7.300000000000001 -8.3 0.005050000000000001
      vertex -0.6661018285510626 -6.6244546392232415 6.707231443107037
      vertex -1.0032791574365447 -6.623941310796688 6.7092847568132505
    endloop
  endfacet
  facet normal 1.6826273342201463e-15 -0.9701425001453324 0.24253562503633133
    outer loop
      vertex -7.300000000000001 -8.3 0.005050000000000001
      vertex -0.33223210592624913 -6.624760123836927 6.706009504652293
      vertex -0.6661018285510626 -6.6244546392232415 6.707231443107037
    endloop
  endfacet
  facet normal -9.944413825607358e-16 -0.9701425001453317 0.24253562503633402
    outer loop
      vertex -7.300000000000001 -8.3 0.005050000000000001
      vertex 0 -6.624861537051642 6.705603851793432
      vertex -0.33223210592624913 -6.624760123836927 6.706009504652293
    endloop
  endfacet
  facet normal 3.013710012433429e-16 -0.9701425001453321 0.24253562503633194
    outer loop
      vertex -7.300000000000001 -8.3 0.005050000000000001
      vertex 0.3322321059262492 -6.624760123836927 6.706009504652294
      vertex 0 -6.624861537051642 6.705603851793432
    endloop
  endfacet
  facet normal -1.1469696289827615e-15 -0.9701425001453317 0.24253562503633436
    outer loop
      vertex -7.300000000000001 -8.3 0.005050000000000001
      vertex 0.6661018285510626 -6.6244546392232415 6.707231443107037
      vertex 0.3322321059262492 -6.624760123836927 6.706009504652294
    endloop
  endfacet
  facet normal 2.2849878429975556e-15 -0.9701425001453324 0.24253562503633075
    outer loop
      vertex -7.300000000000001 -8.3 0.005050000000000001
      vertex 1.0032791574365447 -6.623941310796687 6.7092847568132505
      vertex 0.6661018285510626 -6.6244546392232415 6.707231443107037
    endloop
  endfacet
  facet normal -4.144892807382006e-15 -0.9701425001453305 0.2425356250363381
    outer loop
      vertex -7.300000000000001 -8.3 0.005050000000000001
      vertex 1.3455001967799087 -6.623213724065271 6.712195103738923
      vertex 1.0032791574365447 -6.623941310796687 6.7092847568132505
    endloop
  endfacet
  facet normal 3.65964029420487e-15 -0.9701425001453331 0.24253562503632806
    outer loop
      vertex -7.300000000000001 -8.3 0.005050000000000001
      vertex 1.6946037452495 -6.622262624149089 6.715999503403644
      vertex 1.3455001967799087 -6.623213724065271 6.712195103738923
    endloop
  endfacet
  facet normal -1 0 0
    outer loop
      vertex -8.3 -7.300000000000001 -0.00495
      vertex -8.3 7.300000000000001 0.005050000000000001
      vertex -8.3 7.300000000000001 -0.00495
    endloop
  endfacet
  facet normal 0 0 -1
    outer loop
      vertex -8.3 -7.300000000000001 -0.00495
      vertex -8.3 7.300000000000001 -0.00495
      vertex -8.298795456205173 7.349067674327419 -0.00495
    endloop
  endfacet
  facet normal 0 0 -1
    outer loop
      vertex -8.007106781186549 -8.007106781186549 -0.00495
      vertex -8.298795456205173 7.349067674327419 -0.00495
      vertex -7.300000000000001 8.3 -0.00495
    endloop
  endfacet
  facet normal 0 0 -1
    outer loop
      vertex -8.007106781186549 -8.007106781186549 -0.00495
      vertex -7.300000000000001 8.3 -0.00495
      vertex -6.5 6.5 -0.00495
    endloop
  endfacet
  facet normal -0.9996988186962044 0.024541228522907587 0
    outer loop
      vertex -8.3 7.300000000000001 -0.00495
      vertex -8.3 7.300000000000001 0.005050000000000001
      vertex -8.298795456205173 7.349067674327419 -0.00495
    endloop
  endfacet
  facet normal -0.9996988186962044 0.024541228522907587 -1.1764332665181406e-18
    outer loop
      vertex -8.3 7.300000000000001 0.005050000000000001
      vertex -8.298795456205173 7.349067674327419 0.005050000000000001
      vertex -8.298795456205173 7.349067674327419 -0.00495
    endloop
  endfacet
  facet normal -0.9972904566786889 0.07356456359968419 0
    outer loop
      vertex -8.298795456205173 7.349067674327419 -0.00495
      vertex -8.298795456205173 7.349067674327419 0.005050000000000001
      vertex -8.295184726672197 7.398017140329562 0.005050000000000001
    endloop
  endfacet
  facet normal -0.9972904566786889 0.07356456359968419 5.316206543072558e-18
    outer loop
      vertex -8.298795456205173 7.349067674327419 -0.00495
      vertex -8.295184726672197 7.398017140329562 0.005050000000000001
      vertex -8.295184726672197 7.398017140329562 -0.00495
    endloop
  endfacet
  facet normal 0 0 -1
    outer loop
      vertex -8.298795456205173 7.349067674327419 -0.00495
      vertex -8.295184726672197 7.398017140329562 -0.00495
      vertex -8.280785280403231 7.495090322016129 -0.00495
    endloop
  endfacet
  facet normal -0.9924795345987096 0.12241067519921875 0
    outer loop
      vertex -8.295184726672197 7.398017140329562 -0.00495
      vertex -8.295184726672197 7.398017140329562 0.005050000000000001
      vertex -8.289176509964781 7.446730474455363 0.005050000000000001
    endloop
  endfacet
  facet normal -0.9924795345987096 0.12241067519921875 6.899163172176291e-18
    outer loop
      vertex -8.295184726672197 7.398017140329562 -0.00495
      vertex -8.289176509964781 7.446730474455363 0.005050000000000001
      vertex -8.289176509964781 7.446730474455363 -0.00495
    endloop
  endfacet
  facet normal 0 0 -1
    outer loop
      vertex -8.295184726672197 7.398017140329562 -0.00495
      vertex -8.289176509964781 7.446730474455363 -0.00495
      vertex -8.280785280403231 7.495090322016129 -0.00495
    endloop
  endfacet
  facet normal -0.9852776423889434 0.17096188876028862 0
    outer loop
      vertex -8.289176509964781 7.446730474455363 -0.00495
      vertex -8.289176509964781 7.446730474455363 0.005050000000000001
      vertex -8.280785280403231 7.495090322016129 0.005050000000000001
    endloop
  endfacet
  facet normal -0.9852776423889434 0.17096188876028862 1.471406909311094e-17
    outer loop
      vertex -8.289176509964781 7.446730474455363 -0.00495
      vertex -8.280785280403231 7.495090322016129 0.005050000000000001
      vertex -8.280785280403231 7.495090322016129 -0.00495
    endloop
  endfacet
  facet normal 0 0 -1
    outer loop
      vertex -8.298795456205173 7.349067674327419 -0.00495
      vertex -8.280785280403231 7.495090322016129 -0.00495
      vertex -8.241544065183021 7.636889853392221 -0.00495
    endloop
  endfacet
  facet normal -0.9757021300385256 0.21910124015688293 0
    outer loop
      vertex -8.280785280403231 7.495090322016129 -0.00495
      vertex -8.280785280403231 7.495090322016129 0.005050000000000001
      vertex -8.270031253194544 7.542980179903265 0.005050000000000001
    endloop
  endfacet
  facet normal -0.9757021300385256 0.21910124015688293 9.260387099027372e-17
    outer loop
      vertex -8.280785280403231 7.495090322016129 -0.00495
      vertex -8.270031253194544 7.542980179903265 0.005050000000000001
      vertex -8.270031253194544 7.542980179903265 -0.00495
    endloop
  endfacet
  facet normal 0 0 -1
    outer loop
      vertex -8.280785280403231 7.495090322016129 -0.00495
      vertex -8.270031253194544 7.542980179903265 -0.00495
      vertex -8.25694033573221 7.590284677254463 -0.00495
    endloop
  endfacet
  facet normal -0.9637760657954466 0.2667127574748739 0
    outer loop
      vertex -8.270031253194544 7.542980179903265 -0.00495
      vertex -8.270031253194544 7.542980179903265 0.005050000000000001
      vertex -8.25694033573221 7.590284677254463 -0.00495
    endloop
  endfacet
  facet normal 0 0 -1
    outer loop
      vertex -8.280785280403231 7.495090322016129 -0.00495
      vertex -8.25694033573221 7.590284677254463 -0.00495
      vertex -8.241544065183021 7.636889853392221 -0.00495
    endloop
  endfacet
  facet normal -0.9637760657954466 0.2667127574748739 7.934497710735335e-17
    outer loop
      vertex -8.270031253194544 7.542980179903265 0.005050000000000001
      vertex -8.25694033573221 7.590284677254463 0.005050000000000001
      vertex -8.25694033573221 7.590284677254463 -0.00495
    endloop
  endfacet
  facet normal -0.9495281805930307 0.3136817403989097 0
    outer loop
      vertex -8.25694033573221 7.590284677254463 -0.00495
      vertex -8.25694033573221 7.590284677254463 0.005050000000000001
      vertex -8.241544065183021 7.636889853392221 -0.00495
    endloop
  endfacet
  facet normal -0.9495281805930307 0.3136817403989097 -7.424109525557104e-17
    outer loop
      vertex -8.25694033573221 7.590284677254463 0.005050000000000001
      vertex -8.241544065183021 7.636889853392221 0.005050000000000001
      vertex -8.241544065183021 7.636889853392221 -0.00495
    endloop
  endfacet
  facet normal 0 0 -1
    outer loop
      vertex -8.298795456205173 7.349067674327419 -0.00495
      vertex -8.241544065183021 7.636889853392221 -0.00495
      vertex -8.103207531480646 7.895699304492434 -0.00495
    endloop
  endfacet
  facet normal -0.932992798834737 0.35989503653499316 0
    outer loop
      vertex -8.241544065183021 7.636889853392221 -0.00495
      vertex -8.241544065183021 7.636889853392221 0.005050000000000001
      vertex -8.223879532511287 7.68268343236509 -0.00495
    endloop
  endfacet
  facet normal -0.932992798834737 0.35989503653499316 -3.5145105410712124e-17
    outer loop
      vertex -8.241544065183021 7.636889853392221 0.005050000000000001
      vertex -8.223879532511287 7.68268343236509 0.005050000000000001
      vertex -8.223879532511287 7.68268343236509 -0.00495
    endloop
  endfacet
  facet normal 0 0 -1
    outer loop
      vertex -8.241544065183021 7.636889853392221 -0.00495
      vertex -8.223879532511287 7.68268343236509 -0.00495
      vertex -8.181921264348356 7.771396736825999 -0.00495
    endloop
  endfacet
  facet normal -0.914209755703534 0.4052413140049827 0
    outer loop
      vertex -8.223879532511287 7.68268343236509 -0.00495
      vertex -8.223879532511287 7.68268343236509 0.005050000000000001
      vertex -8.203989293123444 7.727555093430283 0.005050000000000001
    endloop
  endfacet
  facet normal -0.914209755703534 0.4052413140049827 -1.0375808606099149e-16
    outer loop
      vertex -8.223879532511287 7.68268343236509 -0.00495
      vertex -8.203989293123444 7.727555093430283 0.005050000000000001
      vertex -8.203989293123444 7.727555093430283 -0.00495
    endloop
  endfacet
  facet normal 0 0 -1
    outer loop
      vertex -8.223879532511287 7.68268343236509 -0.00495
      vertex -8.203989293123444 7.727555093430283 -0.00495
      vertex -8.181921264348356 7.771396736825999 -0.00495
    endloop
  endfacet
  facet normal -0.8932243011955183 0.4496113296546005 0
    outer loop
      vertex -8.203989293123444 7.727555093430283 -0.00495
      vertex -8.203989293123444 7.727555093430283 0.005050000000000001
      vertex -8.181921264348356 7.771396736825999 -0.00495
    endloop
  endfacet
  facet normal -0.8932243011955183 0.4496113296546005 -6.462560192373798e-17
    outer loop
      vertex -8.203989293123444 7.727555093430283 0.005050000000000001
      vertex -8.181921264348356 7.771396736825999 0.005050000000000001
      vertex -8.181921264348356 7.771396736825999 -0.00495
    endloop
  endfacet
  facet normal 0 0 -1
    outer loop
      vertex -8.241544065183021 7.636889853392221 -0.00495
      vertex -8.181921264348356 7.771396736825999 -0.00495
      vertex -8.103207531480646 7.895699304492434 -0.00495
    endloop
  endfacet
  facet normal -0.8700869911087146 0.49289819222977843 0
    outer loop
      vertex -8.181921264348356 7.771396736825999 -0.00495
      vertex -8.181921264348356 7.771396736825999 0.005050000000000001
      vertex -8.157728610000273 7.814102744193223 0.005050000000000001
    endloop
  endfacet
  facet normal -0.8700869911087146 0.49289819222977843 -1.0638569812861197e-16
    outer loop
      vertex -8.181921264348356 7.771396736825999 -0.00495
      vertex -8.157728610000273 7.814102744193223 0.005050000000000001
      vertex -8.157728610000273 7.814102744193223 -0.00495
    endloop
  endfacet
  facet normal 0 0 -1
    outer loop
      vertex -8.181921264348356 7.771396736825999 -0.00495
      vertex -8.157728610000273 7.814102744193223 -0.00495
      vertex -8.103207531480646 7.895699304492434 -0.00495
    endloop
  endfacet
  facet normal -0.8448535652496996 0.5349976198871089 0
    outer loop
      vertex -8.157728610000273 7.814102744193223 -0.00495
      vertex -8.157728610000273 7.814102744193223 0.005050000000000001
      vertex -8.131469612302546 7.855570233019603 0.005050000000000001
    endloop
  endfacet
  facet normal -0.8448535652496996 0.5349976198871089 4.369913759878488e-17
    outer loop
      vertex -8.157728610000273 7.814102744193223 -0.00495
      vertex -8.131469612302546 7.855570233019603 0.005050000000000001
      vertex -8.131469612302546 7.855570233019603 -0.00495
    endloop
  endfacet
  facet normal 0 0 -1
    outer loop
      vertex -8.157728610000273 7.814102744193223 -0.00495
      vertex -8.131469612302546 7.855570233019603 -0.00495
      vertex -8.103207531480646 7.895699304492434 -0.00495
    endloop
  endfacet
  facet normal -0.8175848131515888 0.575808191417838 0
    outer loop
      vertex -8.131469612302546 7.855570233019603 -0.00495
      vertex -8.131469612302546 7.855570233019603 0.005050000000000001
      vertex -8.103207531480646 7.895699304492434 -0.00495
    endloop
  endfacet
  facet normal -0.8175848131515888 0.575808191417838 -7.808484056361628e-18
    outer loop
      vertex -8.131469612302546 7.855570233019603 0.005050000000000001
      vertex -8.103207531480646 7.895699304492434 0.005050000000000001
      vertex -8.103207531480646 7.895699304492434 -0.00495
    endloop
  endfacet
  facet normal -0.7883464276266051 0.6152315905806282 0
    outer loop
      vertex -8.103207531480646 7.895699304492434 -0.00495
      vertex -8.103207531480646 7.895699304492434 0.005050000000000001
      vertex -8.073010453362738 7.934393284163646 0.005050000000000001
    endloop
  endfacet
  facet normal -0.7883464276266051 0.6152315905806282 -1.2258921321545644e-16
    outer loop
      vertex -8.103207531480646 7.895699304492434 -0.00495
      vertex -8.073010453362738 7.934393284163646 0.005050000000000001
      vertex -8.073010453362738 7.934393284163646 -0.00495
    endloop
  endfacet
  facet normal 0 0 -1
    outer loop
      vertex -8.103207531480646 7.895699304492434 -0.00495
      vertex -8.073010453362738 7.934393284163646 -0.00495
      vertex -8.007106781186549 8.007106781186549 -0.00495
    endloop
  endfacet
  facet normal -0.7572088465064851 0.6531728429537761 0
    outer loop
      vertex -8.073010453362738 7.934393284163646 -0.00495
      vertex -8.073010453362738 7.934393284163646 0.005050000000000001
      vertex -8.04095112535496 7.971558954847019 0.005050000000000001
    endloop
  endfacet
  facet normal -0.7572088465064851 0.6531728429537761 -5.195272149007608e-17
    outer loop
      vertex -8.073010453362738 7.934393284163646 -0.00495
      vertex -8.04095112535496 7.971558954847019 0.005050000000000001
      vertex -8.04095112535496 7.971558954847019 -0.00495
    endloop
  endfacet
  facet normal 0 0 -1
    outer loop
      vertex -8.073010453362738 7.934393284163646 -0.00495
      vertex -8.04095112535496 7.971558954847019 -0.00495
      vertex -8.007106781186549 8.007106781186549 -0.00495
    endloop
  endfacet
  facet normal -0.7242470829514729 0.6895405447370607 0
    outer loop
      vertex -8.04095112535496 7.971558954847019 -0.00495
      vertex -8.04095112535496 7.971558954847019 0.005050000000000001
      vertex -8.007106781186549 8.007106781186549 -0.00495
    endloop
  endfacet
  facet normal 0 0 -1
    outer loop
      vertex -8.103207531480646 7.895699304492434 -0.00495
      vertex -8.007106781186549 8.007106781186549 -0.00495
      vertex -7.934393284163646 8.073010453362738 -0.00495
    endloop
  endfacet
  facet normal -0.7242470829514729 0.6895405447370607 -1.8613048138239457e-16
    outer loop
      vertex -8.04095112535496 7.971558954847019 0.005050000000000001
      vertex -8.007106781186549 8.007106781186549 0.005050000000000001
      vertex -8.007106781186549 8.007106781186549 -0.00495
    endloop
  endfacet
  facet normal -0.6895405447370607 0.7242470829514729 0
    outer loop
      vertex -8.007106781186549 8.007106781186549 -0.00495
      vertex -8.007106781186549 8.007106781186549 0.005050000000000001
      vertex -7.971558954847019 8.04095112535496 0.005050000000000001
    endloop
  endfacet
  facet normal -0.6895405447370607 0.7242470829514729 -1.8613048138239457e-16
    outer loop
      vertex -8.007106781186549 8.007106781186549 -0.00495
      vertex -7.971558954847019 8.04095112535496 0.005050000000000001
      vertex -7.971558954847019 8.04095112535496 -0.00495
    endloop
  endfacet
  facet normal 0 0 -1
    outer loop
      vertex -8.007106781186549 8.007106781186549 -0.00495
      vertex -7.971558954847019 8.04095112535496 -0.00495
      vertex -7.934393284163646 8.073010453362738 -0.00495
    endloop
  endfacet
  facet normal 0 0 -1
    outer loop
      vertex -8.298795456205173 7.349067674327419 -0.00495
      vertex -8.103207531480646 7.895699304492434 -0.00495
      vertex -7.300000000000001 8.3 -0.00495
    endloop
  endfacet
  facet normal -0.6531728429537761 0.7572088465064851 0
    outer loop
      vertex -7.971558954847019 8.04095112535496 -0.00495
      vertex -7.971558954847019 8.04095112535496 0.005050000000000001
      vertex -7.934393284163646 8.073010453362738 -0.00495
    endloop
  endfacet
  facet normal -0.6531728429537761 0.7572088465064851 -5.195272149007608e-17
    outer loop
      vertex -7.971558954847019 8.04095112535496 0.005050000000000001
      vertex -7.934393284163646 8.073010453362738 0.005050000000000001
      vertex -7.934393284163646 8.073010453362738 -0.00495
    endloop
  endfacet
  facet normal 0 0 -1
    outer loop
      vertex -8.103207531480646 7.895699304492434 -0.00495
      vertex -7.934393284163646 8.073010453362738 -0.00495
      vertex -7.727555093430283 8.203989293123444 -0.00495
    endloop
  endfacet
  facet normal -0.6152315905806282 0.7883464276266051 0
    outer loop
      vertex -7.934393284163646 8.073010453362738 -0.00495
      vertex -7.934393284163646 8.073010453362738 0.005050000000000001
      vertex -7.895699304492434 8.103207531480646 0.005050000000000001
    endloop
  endfacet
  facet normal -0.6152315905806282 0.7883464276266051 -1.2258921321545644e-16
    outer loop
      vertex -7.934393284163646 8.073010453362738 -0.00495
      vertex -7.895699304492434 8.103207531480646 0.005050000000000001
      vertex -7.895699304492434 8.103207531480646 -0.00495
    endloop
  endfacet
  facet normal -0.575808191417838 0.8175848131515888 0
    outer loop
      vertex -7.895699304492434 8.103207531480646 -0.00495
      vertex -7.895699304492434 8.103207531480646 0.005050000000000001
      vertex -7.855570233019603 8.131469612302546 0.005050000000000001
    endloop
  endfacet
  facet normal -0.575808191417838 0.8175848131515888 -7.808484056361628e-18
    outer loop
      vertex -7.895699304492434 8.103207531480646 -0.00495
      vertex -7.855570233019603 8.131469612302546 0.005050000000000001
      vertex -7.855570233019603 8.131469612302546 -0.00495
    endloop
  endfacet
  facet normal 0 0 -1
    outer loop
      vertex -7.934393284163646 8.073010453362738 -0.00495
      vertex -7.895699304492434 8.103207531480646 -0.00495
      vertex -7.727555093430283 8.203989293123444 -0.00495
    endloop
  endfacet
  facet normal 0 0 -1
    outer loop
      vertex -7.895699304492434 8.103207531480646 -0.00495
      vertex -7.855570233019603 8.131469612302546 -0.00495
      vertex -7.814102744193223 8.157728610000273 -0.00495
    endloop
  endfacet
  facet normal -0.5349976198871089 0.8448535652496996 0
    outer loop
      vertex -7.855570233019603 8.131469612302546 -0.00495
      vertex -7.855570233019603 8.131469612302546 0.005050000000000001
      vertex -7.814102744193223 8.157728610000273 -0.00495
    endloop
  endfacet
  facet normal -0.5349976198871089 0.8448535652496996 4.369913759878488e-17
    outer loop
      vertex -7.855570233019603 8.131469612302546 0.005050000000000001
      vertex -7.814102744193223 8.157728610000273 0.005050000000000001
      vertex -7.814102744193223 8.157728610000273 -0.00495
    endloop
  endfacet
  facet normal 0 0 -1
    outer loop
      vertex -7.895699304492434 8.103207531480646 -0.00495
      vertex -7.814102744193223 8.157728610000273 -0.00495
      vertex -7.727555093430283 8.203989293123444 -0.00495
    endloop
  endfacet
  facet normal -0.49289819222977843 0.8700869911087146 0
    outer loop
      vertex -7.814102744193223 8.157728610000273 -0.00495
      vertex -7.814102744193223 8.157728610000273 0.005050000000000001
      vertex -7.771396736825999 8.181921264348356 0.005050000000000001
    endloop
  endfacet
  facet normal -0.49289819222977843 0.8700869911087146 -1.0638569812861197e-16
    outer loop
      vertex -7.814102744193223 8.157728610000273 -0.00495
      vertex -7.771396736825999 8.181921264348356 0.005050000000000001
      vertex -7.771396736825999 8.181921264348356 -0.00495
    endloop
  endfacet
  facet normal 0 0 -1
    outer loop
      vertex -8.103207531480646 7.895699304492434 -0.00495
      vertex -7.727555093430283 8.203989293123444 -0.00495
      vertex -7.300000000000001 8.3 -0.00495
    endloop
  endfacet
  facet normal 0 0 -1
    outer loop
      vertex -7.814102744193223 8.157728610000273 -0.00495
      vertex -7.771396736825999 8.181921264348356 -0.00495
      vertex -7.727555093430283 8.203989293123444 -0.00495
    endloop
  endfacet
  facet normal -0.4496113296546005 0.8932243011955183 0
    outer loop
      vertex -7.771396736825999 8.181921264348356 -0.00495
      vertex -7.771396736825999 8.181921264348356 0.005050000000000001
      vertex -7.727555093430283 8.203989293123444 -0.00495
    endloop
  endfacet
  facet normal -0.4496113296546005 0.8932243011955183 -6.462560192373798e-17
    outer loop
      vertex -7.771396736825999 8.181921264348356 0.005050000000000001
      vertex -7.727555093430283 8.203989293123444 0.005050000000000001
      vertex -7.727555093430283 8.203989293123444 -0.00495
    endloop
  endfacet
  facet normal -0.4052413140049827 0.914209755703534 0
    outer loop
      vertex -7.727555093430283 8.203989293123444 -0.00495
      vertex -7.727555093430283 8.203989293123444 0.005050000000000001
      vertex -7.68268343236509 8.223879532511287 0.005050000000000001
    endloop
  endfacet
  facet normal -0.4052413140049827 0.914209755703534 -1.0375808606099149e-16
    outer loop
      vertex -7.727555093430283 8.203989293123444 -0.00495
      vertex -7.68268343236509 8.223879532511287 0.005050000000000001
      vertex -7.68268343236509 8.223879532511287 -0.00495
    endloop
  endfacet
  facet normal 0 0 -1
    outer loop
      vertex -7.727555093430283 8.203989293123444 -0.00495
      vertex -7.68268343236509 8.223879532511287 -0.00495
      vertex -7.636889853392221 8.241544065183021 -0.00495
    endloop
  endfacet
  facet normal 0 0 -1
    outer loop
      vertex -7.727555093430283 8.203989293123444 -0.00495
      vertex -7.636889853392221 8.241544065183021 -0.00495
      vertex -7.590284677254463 8.25694033573221 -0.00495
    endloop
  endfacet
  facet normal -0.35989503653499316 0.932992798834737 0
    outer loop
      vertex -7.68268343236509 8.223879532511287 -0.00495
      vertex -7.68268343236509 8.223879532511287 0.005050000000000001
      vertex -7.636889853392221 8.241544065183021 0.005050000000000001
    endloop
  endfacet
  facet normal -0.35989503653499316 0.932992798834737 -3.5145105410712124e-17
    outer loop
      vertex -7.68268343236509 8.223879532511287 -0.00495
      vertex -7.636889853392221 8.241544065183021 0.005050000000000001
      vertex -7.636889853392221 8.241544065183021 -0.00495
    endloop
  endfacet
  facet normal -0.3136817403989097 0.9495281805930307 0
    outer loop
      vertex -7.636889853392221 8.241544065183021 -0.00495
      vertex -7.636889853392221 8.241544065183021 0.005050000000000001
      vertex -7.590284677254463 8.25694033573221 0.005050000000000001
    endloop
  endfacet
  facet normal -0.3136817403989097 0.9495281805930307 -7.424109525557104e-17
    outer loop
      vertex -7.636889853392221 8.241544065183021 -0.00495
      vertex -7.590284677254463 8.25694033573221 0.005050000000000001
      vertex -7.590284677254463 8.25694033573221 -0.00495
    endloop
  endfacet
  facet normal 0 0 -1
    outer loop
      vertex -7.727555093430283 8.203989293123444 -0.00495
      vertex -7.590284677254463 8.25694033573221 -0.00495
      vertex -7.446730474455363 8.289176509964781 -0.00495
    endloop
  endfacet
  facet normal -0.2667127574748739 0.9637760657954466 0
    outer loop
      vertex -7.590284677254463 8.25694033573221 -0.00495
      vertex -7.590284677254463 8.25694033573221 0.005050000000000001
      vertex -7.542980179903265 8.270031253194544 0.005050000000000001
    endloop
  endfacet
  facet normal -0.2667127574748739 0.9637760657954466 7.934497710735335e-17
    outer loop
      vertex -7.590284677254463 8.25694033573221 -0.00495
      vertex -7.542980179903265 8.270031253194544 0.005050000000000001
      vertex -7.542980179903265 8.270031253194544 -0.00495
    endloop
  endfacet
  facet normal 0 0 -1
    outer loop
      vertex -7.590284677254463 8.25694033573221 -0.00495
      vertex -7.542980179903265 8.270031253194544 -0.00495
      vertex -7.495090322016129 8.280785280403231 -0.00495
    endloop
  endfacet
  facet normal -0.21910124015688293 0.9757021300385256 0
    outer loop
      vertex -7.542980179903265 8.270031253194544 -0.00495
      vertex -7.542980179903265 8.270031253194544 0.005050000000000001
      vertex -7.495090322016129 8.280785280403231 -0.00495
    endloop
  endfacet
  facet normal 0 0 -1
    outer loop
      vertex -7.727555093430283 8.203989293123444 -0.00495
      vertex -7.446730474455363 8.289176509964781 -0.00495
      vertex -7.300000000000001 8.3 -0.00495
    endloop
  endfacet
  facet normal 0 0 -1
    outer loop
      vertex -7.590284677254463 8.25694033573221 -0.00495
      vertex -7.495090322016129 8.280785280403231 -0.00495
      vertex -7.446730474455363 8.289176509964781 -0.00495
    endloop
  endfacet
  facet normal -0.21910124015688293 0.9757021300385256 9.260387099027372e-17
    outer loop
      vertex -7.542980179903265 8.270031253194544 0.005050000000000001
      vertex -7.495090322016129 8.280785280403231 0.005050000000000001
      vertex -7.495090322016129 8.280785280403231 -0.00495
    endloop
  endfacet
  facet normal -0.17096188876028862 0.9852776423889434 0
    outer loop
      vertex -7.495090322016129 8.280785280403231 -0.00495
      vertex -7.495090322016129 8.280785280403231 0.005050000000000001
      vertex -7.446730474455363 8.289176509964781 -0.00495
    endloop
  endfacet
  facet normal -0.17096188876028862 0.9852776423889434 1.471406909311094e-17
    outer loop
      vertex -7.495090322016129 8.280785280403231 0.005050000000000001
      vertex -7.446730474455363 8.289176509964781 0.005050000000000001
      vertex -7.446730474455363 8.289176509964781 -0.00495
    endloop
  endfacet
  facet normal -0.12241067519921875 0.9924795345987096 0
    outer loop
      vertex -7.446730474455363 8.289176509964781 -0.00495
      vertex -7.446730474455363 8.289176509964781 0.005050000000000001
      vertex -7.398017140329562 8.295184726672197 -0.00495
    endloop
  endfacet
  facet normal -0.12241067519921875 0.9924795345987096 6.899163172176291e-18
    outer loop
      vertex -7.446730474455363 8.289176509964781 0.005050000000000001
      vertex -7.398017140329562 8.295184726672197 0.005050000000000001
      vertex -7.398017140329562 8.295184726672197 -0.00495
    endloop
  endfacet
  facet normal 0 0 -1
    outer loop
      vertex -7.446730474455363 8.289176509964781 -0.00495
      vertex -7.398017140329562 8.295184726672197 -0.00495
      vertex -7.300000000000001 8.3 -0.00495
    endloop
  endfacet
  facet normal -0.07356456359968419 0.9972904566786889 0
    outer loop
      vertex -7.398017140329562 8.295184726672197 -0.00495
      vertex -7.398017140329562 8.295184726672197 0.005050000000000001
      vertex -7.349067674327419 8.298795456205173 0.005050000000000001
    endloop
  endfacet
  facet normal -0.07356456359968419 0.9972904566786889 5.316206543072558e-18
    outer loop
      vertex -7.398017140329562 8.295184726672197 -0.00495
      vertex -7.349067674327419 8.298795456205173 0.005050000000000001
      vertex -7.349067674327419 8.298795456205173 -0.00495
    endloop
  endfacet
  facet normal 0 0 -1
    outer loop
      vertex -7.398017140329562 8.295184726672197 -0.00495
      vertex -7.349067674327419 8.298795456205173 -0.00495
      vertex -7.300000000000001 8.3 -0.00495
    endloop
  endfacet
  facet normal -0.024541228522907587 0.9996988186962044 0
    outer loop
      vertex -7.349067674327419 8.298795456205173 -0.00495
      vertex -7.349067674327419 8.298795456205173 0.005050000000000001
      vertex -7.300000000000001 8.3 -0.00495
    endloop
  endfacet
  facet normal -0.024541228522907587 0.9996988186962044 -1.1764332665181406e-18
    outer loop
      vertex -7.349067674327419 8.298795456205173 0.005050000000000001
      vertex -7.300000000000001 8.3 0.005050000000000001
      vertex -7.300000000000001 8.3 -0.00495
    endloop
  endfacet
  facet normal -0.9674956130081709 0.02375068419577621 0.2517700216669496
    outer loop
      vertex -8.3 7.300000000000001 0.005050000000000001
      vertex -6.353240170171368 4.172668854037725 7.781026807726903
      vertex -8.298795456205173 7.349067674327419 0.005050000000000001
    endloop
  endfacet
  facet normal -0.9604612056723598 0.0708478748358041 0.26924867878904696
    outer loop
      vertex -8.298795456205173 7.349067674327419 0.005050000000000001
      vertex -6.34140289511196 4.279394838892492 7.795169622747738
      vertex -8.295184726672197 7.398017140329562 0.005050000000000001
    endloop
  endfacet
  facet normal -0.9511654826858322 0.11731507290862268 0.2855195233525586
    outer loop
      vertex -8.295184726672197 7.398017140329562 0.005050000000000001
      vertex -6.324055393893027 4.385843701806543 7.809222210848848
      vertex -8.289176509964781 7.446730474455363 0.005050000000000001
    endloop
  endfacet
  facet normal -0.9397160782499554 0.16305620743254814 0.30057672148095144
    outer loop
      vertex -8.289176509964781 7.446730474455363 0.005050000000000001
      vertex -6.3012394618615755 4.491779298028557 7.823085698339204
      vertex -8.280785280403231 7.495090322016129 0.005050000000000001
    endloop
  endfacet
  facet normal -0.9262183392288568 0.20798928334109315 0.3144201744344613
    outer loop
      vertex -8.280785280403231 7.495090322016129 0.005050000000000001
      vertex -6.273027912839169 4.596987897778173 7.836595622843912
      vertex -8.270031253194544 7.542980179903265 0.005050000000000001
    endloop
  endfacet
  facet normal -0.9107737197683217 0.25204503292429115 0.32705432692072395
    outer loop
      vertex -8.270031253194544 7.542980179903265 0.005050000000000001
      vertex -6.2394754163512545 4.701204462995155 7.849717187272803
      vertex -8.25694033573221 7.590284677254463 0.005050000000000001
    endloop
  endfacet
  facet normal -0.8934785307700859 0.2951654371816318 0.33848704516761746
    outer loop
      vertex -8.25694033573221 7.590284677254463 0.005050000000000001
      vertex -6.200650847340754 4.8041650204144695 7.8624164057377826
      vertex -8.241544065183021 7.636889853392221 0.005050000000000001
    endloop
  endfacet
  facet normal -0.8744230179649984 0.33730217895636266 0.34872858461025785
    outer loop
      vertex -8.241544065183021 7.636889853392221 0.005050000000000001
      vertex -6.156637245715151 4.9056074198170325 7.874660208501168
      vertex -8.223879532511287 7.68268343236509 0.005050000000000001
    endloop
  endfacet
  facet normal -0.8536907362335876 0.3784150776633884 0.35779065927713494
    outer loop
      vertex -8.223879532511287 7.68268343236509 0.005050000000000001
      vertex -6.107531727775966 5.0052721009516 7.886416545906115
      vertex -8.203989293123444 7.727555093430283 0.005050000000000001
    endloop
  endfacet
  facet normal -0.8313581852729586 0.4184705438483048 0.36568561868216426
    outer loop
      vertex -8.203989293123444 7.727555093430283 0.005050000000000001
      vertex -6.053445348437098 5.102902865997184 7.89765449079715
      vertex -8.181921264348356 7.771396736825999 0.005050000000000001
    endloop
  endfacet
  facet normal -0.8074946719061395 0.4574400813768561 0.3724257332584998
    outer loop
      vertex -8.181921264348356 7.771396736825999 0.005050000000000001
      vertex -5.9945029134053875 5.198247654274619 7.908344338928632
      vertex -8.157728610000273 7.814102744193223 0.005050000000000001
    endloop
  endfacet
  facet normal -0.7821623665199152 0.4952988561156716 0.3780225860057478
    outer loop
      vertex -8.157728610000273 7.814102744193223 0.005050000000000001
      vertex -5.930842740782078 5.291059315776886 7.918457706852605
      vertex -8.131469612302546 7.855570233019603 0.005050000000000001
    endloop
  endfacet
  facet normal -0.755416524630346 0.5320243426951955 0.38248656590154234
    outer loop
      vertex -8.131469612302546 7.855570233019603 0.005050000000000001
      vertex -5.862616371845361 5.381096379972847 7.927967626775382
      vertex -8.103207531480646 7.895699304492434 0.005050000000000001
    endloop
  endfacet
  facet normal -0.7273058488569466 0.5675950553590765 0.38582645755624806
    outer loop
      vertex -8.103207531480646 7.895699304492434 0.005050000000000001
      vertex -5.789988231089287 5.468123816250303 7.936848637874362
      vertex -8.073010453362738 7.934393284163646 0.005050000000000001
    endloop
  endfacet
  facet normal -0.6978729712000237 0.6019893649187763 0.3880491213662767
    outer loop
      vertex -8.073010453362738 7.934393284163646 0.005050000000000001
      vertex -5.737237181264184 5.525636326522591 7.9424964082750495
      vertex -8.04095112535496 7.971558954847019 0.005050000000000001
    endloop
  endfacet
  facet normal -0.6671550401249878 0.6351844013194091 0.3891592588598266
    outer loop
      vertex -8.04095112535496 7.971558954847019 0.005050000000000001
      vertex -5.713073130563667 5.551849226972792 7.945288710857995
      vertex -8.007106781186549 8.007106781186549 0.005050000000000001
    endloop
  endfacet
  facet normal -0.6351844013194091 0.6671550401249879 0.38915925885982655
    outer loop
      vertex -8.007106781186549 8.007106781186549 0.005050000000000001
      vertex -5.631975157412146 5.631975157412146 7.953537725374782
      vertex -7.971558954847019 8.04095112535496 0.005050000000000001
    endloop
  endfacet
  facet normal -0.6019893649187763 0.6978729712000237 0.38804912136627673
    outer loop
      vertex -7.971558954847019 8.04095112535496 0.005050000000000001
      vertex -5.4584423538530356 5.781026114789901 7.967985304509675
      vertex -7.934393284163646 8.073010453362738 0.005050000000000001
    endloop
  endfacet
  facet normal -0.5675950553590764 0.7273058488569465 0.38582645755624817
    outer loop
      vertex -7.934393284163646 8.073010453362738 0.005050000000000001
      vertex -5.4584423538530356 5.781026114789901 7.967985304509675
      vertex -7.895699304492434 8.103207531480646 0.005050000000000001
    endloop
  endfacet
  facet normal -0.5320243426951955 0.7554165246303461 0.38248656590154223
    outer loop
      vertex -7.895699304492434 8.103207531480646 0.005050000000000001
      vertex -5.271254046311732 5.91384768418486 7.979571571086163
      vertex -7.855570233019603 8.131469612302546 0.005050000000000001
    endloop
  endfacet
  facet normal -0.49529885611567154 0.7821623665199152 0.3780225860057478
    outer loop
      vertex -7.855570233019603 8.131469612302546 0.005050000000000001
      vertex -5.173123830143818 5.97372634127571 7.9842510578407175
      vertex -7.814102744193223 8.157728610000273 0.005050000000000001
    endloop
  endfacet
  facet normal -0.45744008137685616 0.8074946719061395 0.3724257332584998
    outer loop
      vertex -7.814102744193223 8.157728610000273 0.005050000000000001
      vertex -5.173123830143818 5.97372634127571 7.9842510578407175
      vertex -7.771396736825999 8.181921264348356 0.005050000000000001
    endloop
  endfacet
  facet normal -0.4184705438483048 0.8313581852729586 0.3656856186821642
    outer loop
      vertex -7.771396736825999 8.181921264348356 0.005050000000000001
      vertex -5.072299391135972 6.029035039724245 7.988170390332862
      vertex -7.727555093430283 8.203989293123444 0.005050000000000001
    endloop
  endfacet
  facet normal -0.3784150776633884 0.8536907362335876 0.35779065927713494
    outer loop
      vertex -7.727555093430283 8.203989293123444 0.005050000000000001
      vertex -4.863546964770152 6.125327641339209 7.993850099204748
      vertex -7.68268343236509 8.223879532511287 0.005050000000000001
    endloop
  endfacet
  facet normal -0.33730217895636266 0.8744230179649984 0.34872858461025785
    outer loop
      vertex -7.68268343236509 8.223879532511287 0.005050000000000001
      vertex -4.863546964770152 6.125327641339209 7.993850099204748
      vertex -7.636889853392221 8.241544065183021 0.005050000000000001
    endloop
  endfacet
  facet normal -0.29516543718163185 0.893478530770086 0.33848704516761746
    outer loop
      vertex -7.636889853392221 8.241544065183021 0.005050000000000001
      vertex -4.7559247673783345 6.165895192960815 7.996224440742712
      vertex -7.590284677254463 8.25694033573221 0.005050000000000001
    endloop
  endfacet
  facet normal -0.25204503292429115 0.9107737197683217 0.3270543269207236
    outer loop
      vertex -7.590284677254463 8.25694033573221 0.005050000000000001
      vertex -4.536044712918653 6.231716282637421 7.998605325151907
      vertex -7.542980179903265 8.270031253194544 0.005050000000000001
    endloop
  endfacet
  facet normal -0.20798928334109315 0.9262183392288568 0.31442017443446124
    outer loop
      vertex -7.542980179903265 8.270031253194544 0.005050000000000001
      vertex -4.536044712918653 6.231716282637421 7.998605325151907
      vertex -7.495090322016129 8.280785280403231 0.005050000000000001
    endloop
  endfacet
  facet normal -0.16305620743254814 0.9397160782499555 0.3005767214809512
    outer loop
      vertex -7.495090322016129 8.280785280403231 0.005050000000000001
      vertex -4.311877005518921 6.276568006231481 7.997810969131016
      vertex -7.446730474455363 8.289176509964781 0.005050000000000001
    endloop
  endfacet
  facet normal -0.11731507290862268 0.9511654826858322 0.28551952335255865
    outer loop
      vertex -7.446730474455363 8.289176509964781 0.005050000000000001
      vertex -4.198906467779477 6.290977834962797 7.996224440742712
      vertex -7.398017140329562 8.295184726672197 0.005050000000000001
    endloop
  endfacet
  facet normal -0.07084787483580408 0.9604612056723597 0.26924867878904685
    outer loop
      vertex -7.398017140329562 8.295184726672197 0.005050000000000001
      vertex -4.198906467779477 6.290977834962797 7.996224440742712
      vertex -7.349067674327419 8.298795456205173 0.005050000000000001
    endloop
  endfacet
  facet normal -0.023750684195776205 0.9674956130081708 0.25177002166694945
    outer loop
      vertex -7.349067674327419 8.298795456205173 0.005050000000000001
      vertex -3.9726481403446727 6.303588884206804 7.990694463172787
      vertex -7.300000000000001 8.3 0.005050000000000001
    endloop
  endfacet
  facet normal 0 1 0
    outer loop
      vertex -7.300000000000001 8.3 -0.00495
      vertex -7.300000000000001 8.3 0.005050000000000001
      vertex 7.300000000000001 8.3 0.005050000000000001
    endloop
  endfacet
  facet normal 0 0 -1
    outer loop
      vertex -7.300000000000001 8.3 -0.00495
      vertex 8.007106781186549 8.007106781186549 -0.00495
      vertex -6.5 6.5 -0.00495
    endloop
  endfacet
  facet normal 0 0.9701425001453319 0.24253562503633297
    outer loop
      vertex -7.300000000000001 8.3 0.005050000000000001
      vertex -0.7085800021886826 7.569244852811613 2.928070588753552
      vertex 7.300000000000001 8.3 0.005050000000000001
    endloop
  endfacet
  facet normal -1.2397164223540883e-16 0.9701425001453319 0.2425356250363333
    outer loop
      vertex -7.300000000000001 8.3 0.005050000000000001
      vertex -0.4495922476053238 7.432915142319364 3.473389430722546
      vertex -0.7085800021886826 7.525166428112809 3.1043842875487666
    endloop
  endfacet
  facet normal -8.238810188749499e-16 0.9701425001453313 0.24253562503633513
    outer loop
      vertex -7.300000000000001 8.3 0.005050000000000001
      vertex -0.7085800021886826 7.525166428112809 3.1043842875487666
      vertex -0.7085800021886826 7.569244852811613 2.928070588753552
    endloop
  endfacet
  facet normal 4.736762141294486e-15 0.9701425001453337 0.24253562503632592
    outer loop
      vertex -7.300000000000001 8.3 0.005050000000000001
      vertex -0.6937755048274994 7.390627939126358 3.6425382434945703
      vertex -0.6670960560441017 7.3971646523069525 3.616391390772192
    endloop
  endfacet
  facet normal 3.697189642198255e-16 0.9701425001453317 0.24253562503633463
    outer loop
      vertex -7.300000000000001 8.3 0.005050000000000001
      vertex -0.6670960560441017 7.3971646523069525 3.616391390772192
      vertex -0.6393184810876846 7.4033439907298115 3.591674037080756
    endloop
  endfacet
  facet normal 2.3304084952578437e-15 0.9701425001453333 0.24253562503632756
    outer loop
      vertex -7.300000000000001 8.3 0.005050000000000001
      vertex -0.7670701742172241 7.368931592881011 3.72932362847596
      vertex -0.7438400015234947 7.376482388491962 3.699120446032153
    endloop
  endfacet
  facet normal -6.628510961332856e-16 0.9701425001453315 0.2425356250363342
    outer loop
      vertex -7.300000000000001 8.3 0.005050000000000001
      vertex -0.7438400015234947 7.376482388491962 3.699120446032153
      vertex -0.7193568199872971 7.383733851188028 3.670114595247891
    endloop
  endfacet
  facet normal -2.424666462381293e-15 0.9701425001453305 0.2425356250363381
    outer loop
      vertex -7.300000000000001 8.3 0.005050000000000001
      vertex -0.7193568199872971 7.383733851188028 3.670114595247891
      vertex -0.6937755048274994 7.390627939126358 3.6425382434945703
    endloop
  endfacet
  facet normal -8.605437082858215e-15 0.9701425001453282 0.24253562503634787
    outer loop
      vertex -7.300000000000001 8.3 0.005050000000000001
      vertex -0.7888924553990364 7.361139502583959 3.760491989664165
      vertex -0.7670701742172241 7.368931592881011 3.72932362847596
    endloop
  endfacet
  facet normal 6.635510731060667e-16 0.9701425001453319 0.2425356250363336
    outer loop
      vertex -7.300000000000001 8.3 0.005050000000000001
      vertex -0.8093068525195122 7.353106117600809 3.7926255295967666
      vertex -0.7888924553990364 7.361139502583959 3.760491989664165
    endloop
  endfacet
  facet normal 6.552858457868522e-15 0.9701425001453342 0.2425356250363237
    outer loop
      vertex -7.300000000000001 8.3 0.005050000000000001
      vertex -0.8283133581280708 7.3448314397385905 3.825724241045641
      vertex -0.8093068525195122 7.353106117600809 3.7926255295967666
    endloop
  endfacet
  facet normal 6.179523849612889e-15 0.970142500145335 0.24253562503632042
    outer loop
      vertex -7.300000000000001 8.3 0.005050000000000001
      vertex -0.5493969544768333 7.4197377538379135 3.5260989846483497
      vertex -0.5172268524765968 7.424487591422799 3.5070996343088066
    endloop
  endfacet
  facet normal -1.7285800594942281e-15 0.9701425001453315 0.24253562503633452
    outer loop
      vertex -7.300000000000001 8.3 0.005050000000000001
      vertex -0.4839586168527603 7.428880054249949 3.489529783000205
      vertex -0.4495922476053238 7.432915142319364 3.473389430722546
    endloop
  endfacet
  facet normal 3.606409198762646e-15 0.9701425001453333 0.24253562503632725
    outer loop
      vertex -7.300000000000001 8.3 0.005050000000000001
      vertex -0.5172268524765968 7.424487591422799 3.5070996343088066
      vertex -0.4839586168527603 7.428880054249949 3.489529783000205
    endloop
  endfacet
  facet normal -5.769678758524854e-15 0.9701425001453289 0.24253562503634446
    outer loop
      vertex -7.300000000000001 8.3 0.005050000000000001
      vertex -0.610442765057087 7.4091659525879034 3.568386189648387
      vertex -0.5804689303040504 7.414630541495292 3.5465278340188346
    endloop
  endfacet
  facet normal 3.76297741940129e-15 0.9701425001453341 0.2425356250363247
    outer loop
      vertex -7.300000000000001 8.3 0.005050000000000001
      vertex -0.6393184810876846 7.4033439907298115 3.591674037080756
      vertex -0.610442765057087 7.4091659525879034 3.568386189648387
    endloop
  endfacet
  facet normal -2.997871068460504e-15 0.9701425001453307 0.24253562503633766
    outer loop
      vertex -7.300000000000001 8.3 0.005050000000000001
      vertex -0.5804689303040504 7.414630541495292 3.5465278340188346
      vertex -0.5493969544768333 7.4197377538379135 3.5260989846483497
    endloop
  endfacet
  facet normal -2.411076641777959e-15 0.9701425001453308 0.2425356250363373
    outer loop
      vertex -7.300000000000001 8.3 0.005050000000000001
      vertex -0.8768855333328247 7.318559645263464 3.9308114189461483
      vertex -0.8621027022600174 7.327558203569918 3.8948171857203313
    endloop
  endfacet
  facet normal 2.295481505168575e-15 0.9701425001453329 0.24253562503632922
    outer loop
      vertex -7.300000000000001 8.3 0.005050000000000001
      vertex -0.8902604877948761 7.3093197940779415 3.9677708236882374
      vertex -0.8768855333328247 7.318559645263464 3.9308114189461483
    endloop
  endfacet
  facet normal 1.0931802402185327e-15 0.9701425001453321 0.24253562503633194
    outer loop
      vertex -7.300000000000001 8.3 0.005050000000000001
      vertex -0.9022275432944298 7.29983864820632 4.0056954071747235
      vertex -0.8902604877948761 7.3093197940779415 3.9677708236882374
    endloop
  endfacet
  facet normal 1.197513722613127e-15 0.9701425001453325 0.24253562503633055
    outer loop
      vertex -7.300000000000001 8.3 0.005050000000000001
      vertex -0.8459119722247124 7.336315468997304 3.8597881240107874
      vertex -0.8283133581280708 7.3448314397385905 3.825724241045641
    endloop
  endfacet
  facet normal -4.110841056358324e-16 0.9701425001453315 0.2425356250363345
    outer loop
      vertex -7.300000000000001 8.3 0.005050000000000001
      vertex -0.8621027022600174 7.327558203569918 3.8948171857203313
      vertex -0.8459119722247124 7.336315468997304 3.8597881240107874
    endloop
  endfacet
  facet normal 7.950214706975903e-16 0.9701425001453319 0.2425356250363328
    outer loop
      vertex -7.300000000000001 8.3 0.005050000000000001
      vertex -0.9296813830733299 7.2699474497029835 4.125260201188068
      vertex -0.921937994658947 7.2801524760188405 4.08444009592464
    endloop
  endfacet
  facet normal -1.1790475887502522e-15 0.970142500145332 0.2425356250363324
    outer loop
      vertex -7.300000000000001 8.3 0.005050000000000001
      vertex -0.9127867147326469 7.290116207648599 4.044585169405607
      vertex -0.9022275432944298 7.29983864820632 4.0056954071747235
    endloop
  endfacet
  facet normal -5.7967002040488835e-15 0.9701425001453299 0.24253562503634105
    outer loop
      vertex -7.300000000000001 8.3 0.005050000000000001
      vertex -0.921937994658947 7.2801524760188405 4.08444009592464
      vertex -0.9127867147326469 7.290116207648599 4.044585169405607
    endloop
  endfacet
  facet normal -1.6049936359130943e-15 0.9701425001453304 0.24253562503633883
    outer loop
      vertex -7.300000000000001 8.3 0.005050000000000001
      vertex -0.9360168874263763 7.259501130508058 4.167045477967769
      vertex -0.9296813830733299 7.2699474497029835 4.125260201188068
    endloop
  endfacet
  facet normal 5.151785334167927e-15 0.9701425001453335 0.24253562503632597
    outer loop
      vertex -7.300000000000001 8.3 0.005050000000000001
      vertex -0.9409445002675056 7.248813516627034 4.2097959334918675
      vertex -0.9360168874263763 7.259501130508058 4.167045477967769
    endloop
  endfacet
  facet normal 2.907920708068365e-15 0.9701425001453331 0.24253562503632808
    outer loop
      vertex -7.300000000000001 8.3 0.005050000000000001
      vertex -0.9444642215967178 7.237884609866941 4.253511560532239
      vertex -0.9409445002675056 7.248813516627034 4.2097959334918675
    endloop
  endfacet
  facet normal -7.407410492770752e-17 0.9701425001453317 0.24253562503633402
    outer loop
      vertex -7.300000000000001 8.3 0.005050000000000001
      vertex -0.9465760588645935 7.226714408420749 4.298192366317007
      vertex -0.9444642215967178 7.237884609866941 4.253511560532239
    endloop
  endfacet
  facet normal -6.815174586405677e-15 0.9701425001453293 0.24253562503634282
    outer loop
      vertex -7.300000000000001 8.3 0.005050000000000001
      vertex -0.9472799971699715 7.2153029140954885 4.343838343618048
      vertex -0.9465760588645935 7.226714408420749 4.298192366317007
    endloop
  endfacet
  facet normal -4.9696049311287535e-15 0.9701425001453304 0.24253562503633894
    outer loop
      vertex -7.300000000000001 8.3 0.005050000000000001
      vertex -0.9468880966305733 7.206779171312916 4.377933314748337
      vertex -0.9472799971699715 7.2153029140954885 4.343838343618048
    endloop
  endfacet
  facet normal 9.634918971458167e-15 0.9701425001453353 0.2425356250363194
    outer loop
      vertex -7.300000000000001 8.3 0.005050000000000001
      vertex -0.9457123875617981 7.198389737932947 4.411491048268213
      vertex -0.9468880966305733 7.206779171312916 4.377933314748337
    endloop
  endfacet
  facet normal 3.3111779267844344e-15 0.9701425001453335 0.24253562503632659
    outer loop
      vertex -7.300000000000001 8.3 0.005050000000000001
      vertex -0.9437528699636459 7.190134615762613 4.444511536949552
      vertex -0.9457123875617981 7.198389737932947 4.411491048268213
    endloop
  endfacet
  facet normal 5.259714841868072e-15 0.9701425001453341 0.24253562503632434
    outer loop
      vertex -7.300000000000001 8.3 0.005050000000000001
      vertex -0.9374824240803719 7.174027296015691 4.508940815937239
      vertex -0.9410095512866974 7.18201380118785 4.4769947952486016
    endloop
  endfacet
  facet normal -1.430254522038186e-14 0.9701425001453272 0.24253562503635198
    outer loop
      vertex -7.300000000000001 8.3 0.005050000000000001
      vertex -0.9410095512866974 7.18201380118785 4.4769947952486016
      vertex -0.9437528699636459 7.190134615762613 4.444511536949552
    endloop
  endfacet
  facet normal 2.3191948873498227e-18 0.9701425001453319 0.24253562503633333
    outer loop
      vertex -7.300000000000001 8.3 0.005050000000000001
      vertex -0.9331714883446693 7.166175100246135 4.540349599015462
      vertex -0.9374824240803719 7.174027296015691 4.508940815937239
    endloop
  endfacet
  facet normal -3.2561616688780183e-15 0.9701425001453301 0.24253562503634063
    outer loop
      vertex -7.300000000000001 8.3 0.005050000000000001
      vertex -0.9280767440795898 7.158457213879182 4.571221144483272
      vertex -0.9331714883446693 7.166175100246135 4.540349599015462
    endloop
  endfacet
  facet normal 1.6931243529424698e-14 0.9701425001453386 0.24253562503630574
    outer loop
      vertex -7.300000000000001 8.3 0.005050000000000001
      vertex -0.922198198735714 7.150873636914834 4.601555452340669
      vertex -0.9280767440795898 7.158457213879182 4.571221144483272
    endloop
  endfacet
  facet normal 1.5196978668287014e-14 0.9701425001453364 0.24253562503631496
    outer loop
      vertex -7.300000000000001 8.3 0.005050000000000001
      vertex -0.8998597264289856 7.128928760630374 4.689334957478508
      vertex -0.9080896899104118 7.136109409386913 4.6606123624523494
    endloop
  endfacet
  facet normal -2.2359983992078273e-14 0.9701425001453244 0.24253562503636317
    outer loop
      vertex -7.300000000000001 8.3 0.005050000000000001
      vertex -0.8908459544181824 7.121882421276437 4.717520314894252
      vertex -0.8998597264289856 7.128928760630374 4.689334957478508
    endloop
  endfacet
  facet normal 2.3713689752974707e-15 0.970142500145332 0.24253562503633258
    outer loop
      vertex -7.300000000000001 8.3 0.005050000000000001
      vertex -0.8810483738780022 7.114970391325104 4.7451684346995835
      vertex -0.8908459544181824 7.121882421276437 4.717520314894252
    endloop
  endfacet
  facet normal 1.080727917390919e-15 0.9701425001453308 0.24253562503633802
    outer loop
      vertex -7.300000000000001 8.3 0.005050000000000001
      vertex -0.8704669922590256 7.108192670776375 4.772279316894502
      vertex -0.8810483738780022 7.114970391325104 4.7451684346995835
    endloop
  endfacet
  facet normal 7.330260303309435e-15 0.9701425001453357 0.24253562503631784
    outer loop
      vertex -7.300000000000001 8.3 0.005050000000000001
      vertex -0.859101802110672 7.101549257823217 4.798852968707132
      vertex -0.8704669922590256 7.108192670776375 4.772279316894502
    endloop
  endfacet
  facet normal -8.479026459495843e-15 0.9701425001453282 0.24253562503634768
    outer loop
      vertex -7.300000000000001 8.3 0.005050000000000001
      vertex -0.8469528034329414 7.095040156079694 4.824889375681225
      vertex -0.859101802110672 7.101549257823217 4.798852968707132
    endloop
  endfacet
  facet normal 2.1787779016353446e-14 0.9701425001453384 0.24253562503630702
    outer loop
      vertex -7.300000000000001 8.3 0.005050000000000001
      vertex -0.8340200036764145 7.088665363738775 4.850388545044903
      vertex -0.8469528034329414 7.095040156079694 4.824889375681225
    endloop
  endfacet
  facet normal -8.06764214862242e-15 0.9701425001453293 0.24253562503634327
    outer loop
      vertex -7.300000000000001 8.3 0.005050000000000001
      vertex -0.8203479573130608 7.082445372534515 4.875268509861941
      vertex -0.8340200036764145 7.088665363738775 4.850388545044903
    endloop
  endfacet
  facet normal 7.391731098670977e-15 0.9701425001453347 0.24253562503632203
    outer loop
      vertex -7.300000000000001 8.3 0.005050000000000001
      vertex -0.805976539850235 7.076401821665799 4.899442713336806
      vertex -0.8203479573130608 7.082445372534515 4.875268509861941
    endloop
  endfacet
  facet normal -4.994031148950967e-15 0.9701425001453335 0.24253562503632628
    outer loop
      vertex -7.300000000000001 8.3 0.005050000000000001
      vertex -0.7909057438373566 7.070534709325595 4.9229111626976225
      vertex -0.805976539850235 7.076401821665799 4.899442713336806
    endloop
  endfacet
  facet normal -6.563713052627515e-16 0.9701425001453313 0.24253562503633502
    outer loop
      vertex -7.300000000000001 8.3 0.005050000000000001
      vertex -0.9155358448624611 7.143424367546056 4.6313525298157785
      vertex -0.922198198735714 7.150873636914834 4.601555452340669
    endloop
  endfacet
  facet normal -1.3936032767677244e-14 0.9701425001453275 0.24253562503635062
    outer loop
      vertex -7.300000000000001 8.3 0.005050000000000001
      vertex -0.9080896899104118 7.136109409386913 4.6606123624523494
      vertex -0.9155358448624611 7.143424367546056 4.6313525298157785
    endloop
  endfacet
  facet normal -1.9672796255397455e-14 0.9701425001453285 0.24253562503634624
    outer loop
      vertex -0.7085800021886826 7.525166428112809 3.1043842875487666
      vertex -0.4495922476053238 7.432915142319364 3.473389430722546
      vertex -0.699029341340065 7.52565440424508 3.102432383019681
    endloop
  endfacet
  facet normal -1.0278241234647365e-14 0.9701425001453304 0.24253562503633952
    outer loop
      vertex -0.6800687909126282 7.526541631276625 3.0988834748935035
      vertex -0.4495922476053238 7.432915142319364 3.473389430722546
      vertex -0.6706588938832283 7.526940883982929 3.0972864640682856
    endloop
  endfacet
  facet normal -5.1137734971506774e-14 0.9701425001453243 0.24253562503636314
    outer loop
      vertex -0.6895256042480469 7.526112804697341 3.1005987812106355
      vertex -0.4495922476053238 7.432915142319364 3.473389430722546
      vertex -0.6800687909126282 7.526541631276625 3.0988834748935035
    endloop
  endfacet
  facet normal 6.03359195030265e-14 0.9701425001453412 0.24253562503629564
    outer loop
      vertex -0.699029341340065 7.52565440424508 3.102432383019681
      vertex -0.4495922476053238 7.432915142319364 3.473389430722546
      vertex -0.6895256042480469 7.526112804697341 3.1005987812106355
    endloop
  endfacet
  facet normal 3.221296466556396e-14 0.9701425001453359 0.242535625036317
    outer loop
      vertex -0.6612959206104279 7.527310561009224 3.0958077559631074
      vertex -0.4495922476053238 7.432915142319364 3.473389430722546
      vertex -0.6519798636436462 7.52765066416254 3.0944473433498434
    endloop
  endfacet
  facet normal -1.0403812512236904e-14 0.9701425001453302 0.24253562503633952
    outer loop
      vertex -0.6706588938832283 7.526940883982929 3.0972864640682856
      vertex -0.4495922476053238 7.432915142319364 3.473389430722546
      vertex -0.6612959206104279 7.527310561009224 3.0958077559631074
    endloop
  endfacet
  facet normal -4.468713551842588e-14 0.970142500145327 0.24253562503635245
    outer loop
      vertex -0.6334885135293007 7.528242150657267 3.092081397370933
      vertex -0.4495922476053238 7.432915142319364 3.473389430722546
      vertex -0.6243132203817368 7.528493530384616 3.0910758784615364
    endloop
  endfacet
  facet normal 2.19638011476842e-14 0.9701425001453345 0.2425356250363222
    outer loop
      vertex -0.6427107229828835 7.527961195249908 3.0932052190003683
      vertex -0.4495922476053238 7.432915142319364 3.473389430722546
      vertex -0.6334885135293007 7.528242150657267 3.092081397370933
    endloop
  endfacet
  facet normal 2.1722369583713794e-14 0.9701425001453345 0.24253562503632228
    outer loop
      vertex -0.6519798636436462 7.52765066416254 3.0944473433498434
      vertex -0.4495922476053238 7.432915142319364 3.473389430722546
      vertex -0.6427107229828835 7.527961195249908 3.0932052190003683
    endloop
  endfacet
  facet normal -5.720694715794971e-14 0.9701425001453261 0.24253562503635623
    outer loop
      vertex -0.6151848435401917 7.528715338046018 3.0901886478159297
      vertex -0.4495922476053238 7.432915142319364 3.473389430722546
      vertex -0.606103390455246 7.52890757002741 3.089419719890362
    endloop
  endfacet
  facet normal 1.132497073577798e-14 0.9701425001453331 0.2425356250363284
    outer loop
      vertex -0.6243132203817368 7.528493530384616 3.0910758784615364
      vertex -0.4495922476053238 7.432915142319364 3.473389430722546
      vertex -0.6151848435401917 7.528715338046018 3.0901886478159297
    endloop
  endfacet
  facet normal 7.116192717122508e-14 0.9701425001453375 0.24253562503631018
    outer loop
      vertex -0.5880812481045723 7.5292033123712585 3.0882367505149695
      vertex -0.4495922476053238 7.432915142319364 3.473389430722546
      vertex -0.5791405513882637 7.529306822733714 3.0878227090651444
    endloop
  endfacet
  facet normal -7.03233176219982e-14 0.9701425001453255 0.2425356250363581
    outer loop
      vertex -0.5970688611268997 7.529070228135823 3.0887690874567086
      vertex -0.4495922476053238 7.432915142319364 3.473389430722546
      vertex -0.5880812481045723 7.5292033123712585 3.0882367505149695
    endloop
  endfacet
  facet normal 7.330030876960796e-14 0.9701425001453367 0.24253562503631376
    outer loop
      vertex -0.5613999292254448 7.52942512003266 3.0873495198693623
      vertex -0.4495922476053238 7.432915142319364 3.473389430722546
      vertex -0.5525999963283539 7.529439906969149 3.0872903721234053
    endloop
  endfacet
  facet normal -4.840099366221366e-14 0.9701425001453283 0.24253562503634693
    outer loop
      vertex -0.5702467784285545 7.529380757416161 3.0875269703353583
      vertex -0.4495922476053238 7.432915142319364 3.473389430722546
      vertex -0.5613999292254448 7.52942512003266 3.0873495198693623
    endloop
  endfacet
  facet normal -8.743768114942735e-18 0.970142500145332 0.24253562503633275
    outer loop
      vertex -0.5791405513882637 7.529306822733714 3.0878227090651444
      vertex -0.4495922476053238 7.432915142319364 3.473389430722546
      vertex -0.5702467784285545 7.529380757416161 3.0875269703353583
    endloop
  endfacet
  facet normal 6.959002025987028e-14 0.9701425001453382 0.24253562503630757
    outer loop
      vertex -0.606103390455246 7.52890757002741 3.089419719890362
      vertex -0.4495922476053238 7.432915142319364 3.473389430722546
      vertex -0.5970688611268997 7.529070228135823 3.0887690874567086
    endloop
  endfacet
  facet normal -1.3416063971894355e-14 0.9701425001453313 0.24253562503633558
    outer loop
      vertex -0.5525999963283539 7.529439906969149 3.0872903721234053
      vertex -0.4495922476053238 7.432915142319364 3.473389430722546
      vertex -0.5364912822842598 7.529376158521701 3.087545365913198
    endloop
  endfacet
  facet normal -7.067302639787161e-17 0.9701425001453317 0.24253562503633377
    outer loop
      vertex -0.520715706050396 7.529184916793419 3.0883103328263273
      vertex -0.4495922476053238 7.432915142319364 3.473389430722546
      vertex -0.5052732899785042 7.528866179977271 3.089585280090918
    endloop
  endfacet
  facet normal -2.7597194589701194e-14 0.9701425001453305 0.24253562503633855
    outer loop
      vertex -0.5364912822842598 7.529376158521701 3.087545365913198
      vertex -0.4495922476053238 7.432915142319364 3.473389430722546
      vertex -0.520715706050396 7.529184916793419 3.0883103328263273
    endloop
  endfacet
  facet normal -4.486160377957792e-14 0.9701425001453302 0.24253562503633977
    outer loop
      vertex -0.49016401171684265 7.528419948073258 3.0913702077069694
      vertex -0.41412775218486786 7.436592855631043 3.4586785774758293
      vertex -0.47538788616657257 7.52784622108138 3.093665115674482
    endloop
  endfacet
  facet normal 4.4090014558240274e-14 0.9701425001453345 0.24253562503632242
    outer loop
      vertex -0.5052732899785042 7.528866179977271 3.089585280090918
      vertex -0.41412775218486786 7.436592855631043 3.4586785774758293
      vertex -0.49016401171684265 7.528419948073258 3.0913702077069694
    endloop
  endfacet
  facet normal 6.189871452289669e-17 0.970142500145332 0.24253562503633272
    outer loop
      vertex -0.47538788616657257 7.52784622108138 3.093665115674482
      vertex -0.41412775218486786 7.436592855631043 3.4586785774758293
      vertex -0.46094491332769394 7.527144999001637 3.0964700039934554
    endloop
  endfacet
  facet normal 2.368593150636232e-14 0.9701425001453327 0.2425356250363298
    outer loop
      vertex -0.46094491332769394 7.527144999001637 3.0964700039934554
      vertex -0.41412775218486786 7.436592855631043 3.4586785774758293
      vertex -0.44683508574962616 7.526316281834028 3.0997848726638906
    endloop
  endfacet
  facet normal -7.458117834076349e-15 0.9701425001453322 0.24253562503633136
    outer loop
      vertex -0.43305841088294983 7.525360071385585 3.1036097144576615
      vertex -0.41412775218486786 7.436592855631043 3.4586785774758293
      vertex -0.41961488127708435 7.524276365849277 3.107944536602894
    endloop
  endfacet
  facet normal 2.4399675746809606e-14 0.9701425001453327 0.24253562503632975
    outer loop
      vertex -0.44683508574962616 7.526316281834028 3.0997848726638906
      vertex -0.41412775218486786 7.436592855631043 3.4586785774758293
      vertex -0.43305841088294983 7.525360071385585 3.1036097144576615
    endloop
  endfacet
  facet normal -4.889668770448871e-14 0.9701425001453322 0.24253562503633194
    outer loop
      vertex -0.41961488127708435 7.524276365849277 3.107944536602894
      vertex -0.41412775218486786 7.436592855631043 3.4586785774758293
      vertex -0.4065044969320297 7.523065163418073 3.112789346327712
    endloop
  endfacet
  facet normal 8.74491824279305e-15 0.9701425001453321 0.2425356250363323
    outer loop
      vertex -0.4065044969320297 7.523065163418073 3.112789346327712
      vertex -0.3775651231408119 7.439913192377956 3.445397230488179
      vertex -0.39372726529836655 7.521726467706034 3.1181441291758665
    endloop
  endfacet
  facet normal -5.2628550908209736e-14 0.9701425001453322 0.24253562503633166
    outer loop
      vertex -0.3812831863760948 7.5202602769061295 3.1240088923754823
      vertex -0.3775651231408119 7.439913192377956 3.445397230488179
      vertex -0.36917225271463394 7.518666591018361 3.130383635926559
    endloop
  endfacet
  facet normal 4.447168703545464e-14 0.9701425001453327 0.24253562503633067
    outer loop
      vertex -0.39372726529836655 7.521726467706034 3.1181441291758665
      vertex -0.3775651231408119 7.439913192377956 3.445397230488179
      vertex -0.3812831863760948 7.5202602769061295 3.1240088923754823
    endloop
  endfacet
  facet normal 9.000651747884435e-15 0.9701425001453319 0.24253562503633322
    outer loop
      vertex -0.36917225271463394 7.518666591018361 3.130383635926559
      vertex -0.3775651231408119 7.439913192377956 3.445397230488179
      vertex -0.3573944643139839 7.516945411849758 3.137268352600972
    endloop
  endfacet
  facet normal 3.6341912685130053e-14 0.9701425001453314 0.24253562503633488
    outer loop
      vertex -0.3573944643139839 7.516945411849758 3.137268352600972
      vertex -0.3775651231408119 7.439913192377956 3.445397230488179
      vertex -0.34594982862472534 7.5150967357862575 3.144663056854971
    endloop
  endfacet
  facet normal 1.9209034183751107e-14 0.9701425001453319 0.24253562503633316
    outer loop
      vertex -0.34594982862472534 7.5150967357862575 3.144663056854971
      vertex -0.3775651231408119 7.439913192377956 3.445397230488179
      vertex -0.3348383381962776 7.513120566441923 3.1525677342323064
    endloop
  endfacet
  facet normal -2.512015928463256e-14 0.9701425001453333 0.2425356250363271
    outer loop
      vertex -0.3348383381962776 7.513120566441923 3.1525677342323064
      vertex -0.3775651231408119 7.439913192377956 3.445397230488179
      vertex -0.32406000047922134 7.511016900202693 3.1609823991892276
    endloop
  endfacet
  facet normal -8.18577922738955e-15 0.9701425001453324 0.24253562503633067
    outer loop
      vertex -0.32406000047922134 7.511016900202693 3.1609823991892276
      vertex -0.339904360473156 7.442876156174164 3.4335453753033462
      vertex -0.3135702386498451 7.508770382724274 3.1699684691029066
    endloop
  endfacet
  facet normal -2.7401965588430507e-14 0.9701425001453329 0.2425356250363289
    outer loop
      vertex -0.3135702386498451 7.508770382724274 3.1699684691029066
      vertex -0.339904360473156 7.442876156174164 3.4335453753033462
      vertex -0.3033197894692421 7.506364514004577 3.1795919439816944
    endloop
  endfacet
  facet normal 3.807386235708127e-16 0.970142500145332 0.24253562503633264
    outer loop
      vertex -0.3033197894692421 7.506364514004577 3.1795919439816944
      vertex -0.339904360473156 7.442876156174164 3.4335453753033462
      vertex -0.29330865293741226 7.503799292236572 3.189852831053716
    endloop
  endfacet
  facet normal 6.398410727306622e-14 0.9701425001453291 0.24253562503634407
    outer loop
      vertex -0.29330865293741226 7.503799292236572 3.189852831053716
      vertex -0.339904360473156 7.442876156174164 3.4335453753033462
      vertex -0.2835368141531944 7.501074719227288 3.2007511230908463
    endloop
  endfacet
  facet normal 1.832470300650064e-15 0.9701425001453321 0.2425356250363316
    outer loop
      vertex -0.2740042880177498 7.498190794976729 3.2122868200930856
      vertex -0.339904360473156 7.442876156174164 3.4335453753033462
      vertex -0.26471107453107834 7.495147517677861 3.2244599292885585
    endloop
  endfacet
  facet normal -3.148035476355119e-14 0.9701425001453345 0.2425356250363223
    outer loop
      vertex -0.2835368141531944 7.501074719227288 3.2007511230908463
      vertex -0.339904360473156 7.442876156174164 3.4335453753033462
      vertex -0.2740042880177498 7.498190794976729 3.2122868200930856
    endloop
  endfacet
  facet normal -8.821666455016278e-15 0.9701425001453324 0.242535625036331
    outer loop
      vertex -0.26471107453107834 7.495147517677861 3.2244599292885585
      vertex -0.3011454641819 7.4454817434056055 3.42312302637758
      vertex -0.2556571662425995 7.491944889137716 3.2372704434491397
    endloop
  endfacet
  facet normal -5.5220570259325226e-14 0.9701425001453367 0.2425356250363143
    outer loop
      vertex -0.24684256315231323 7.488582909356293 3.25071836257483
      vertex -0.3011454641819 7.4454817434056055 3.42312302637758
      vertex -0.23826726526021957 7.4850615765265625 3.2648036938937537
    endloop
  endfacet
  facet normal 3.5587146086514103e-14 0.9701425001453298 0.24253562503634116
    outer loop
      vertex -0.2556571662425995 7.491944889137716 3.2372704434491397
      vertex -0.3011454641819 7.4454817434056055 3.42312302637758
      vertex -0.24684256315231323 7.488582909356293 3.25071836257483
    endloop
  endfacet
  facet normal -2.1223488836251705e-15 0.9701425001453317 0.24253562503633413
    outer loop
      vertex -0.23826726526021957 7.4850615765265625 3.2648036938937537
      vertex -0.3011454641819 7.4454817434056055 3.42312302637758
      vertex -0.2299312800168991 7.4813808942625855 3.2795264229496617
    endloop
  endfacet
  facet normal 1.5295788492238296e-14 0.9701425001453305 0.2425356250363386
    outer loop
      vertex -0.2299312800168991 7.4813808942625855 3.2795264229496617
      vertex -0.26128844171762466 7.4477299558793115 3.414130176482756
      vertex -0.22183459997177124 7.477540857143269 3.294886571426928
    endloop
  endfacet
  facet normal -1.11281614715639e-14 0.9701425001453313 0.2425356250363353
    outer loop
      vertex -0.41412775218486786 7.436592855631043 3.4586785774758293
      vertex -0.5052732899785042 7.528866179977271 3.089585280090918
      vertex -0.4495922476053238 7.432915142319364 3.473389430722546
    endloop
  endfacet
  facet normal -7.664932282925225e-18 0.9701425001453319 0.24253562503633297
    outer loop
      vertex -0.3775651231408119 7.439913192377956 3.445397230488179
      vertex -0.4065044969320297 7.523065163418073 3.112789346327712
      vertex -0.41412775218486786 7.436592855631043 3.4586785774758293
    endloop
  endfacet
  facet normal -3.4000964678689424e-15 0.9701425001453323 0.24253562503633092
    outer loop
      vertex -0.32406000047922134 7.511016900202693 3.1609823991892276
      vertex -0.3775651231408119 7.439913192377956 3.445397230488179
      vertex -0.339904360473156 7.442876156174164 3.4335453753033462
    endloop
  endfacet
  facet normal 8.6226228393233e-15 0.9701425001453315 0.24253562503633394
    outer loop
      vertex -0.3011454641819 7.4454817434056055 3.42312302637758
      vertex -0.26471107453107834 7.495147517677861 3.2244599292885585
      vertex -0.339904360473156 7.442876156174164 3.4335453753033462
    endloop
  endfacet
  facet normal 5.69891535824006e-16 0.9701425001453313 0.24253562503633533
    outer loop
      vertex -0.26128844171762466 7.4477299558793115 3.414130176482756
      vertex -0.2299312800168991 7.4813808942625855 3.2795264229496617
      vertex -0.3011454641819 7.4454817434056055 3.42312302637758
    endloop
  endfacet
  facet normal -2.0886246464841567e-16 0.9701425001453321 0.2425356250363319
    outer loop
      vertex -0.2203332856297493 7.449620795402313 3.406566818390749
      vertex -0.21397723257541656 7.473541470589706 3.3108841176411783
      vertex -0.26128844171762466 7.4477299558793115 3.414130176482756
    endloop
  endfacet
  facet normal 9.27890543944253e-15 0.9701425001453293 0.24253562503634327
    outer loop
      vertex -0.17828000336885452 7.451154258360548 3.4004329665578092
      vertex -0.19184096902608871 7.460587198060262 3.3627012077589558
      vertex -0.2203332856297493 7.449620795402313 3.406566818390749
    endloop
  endfacet
  facet normal 1.5265772589188578e-14 0.9701425001453304 0.24253562503633858
    outer loop
      vertex -0.22183459997177124 7.477540857143269 3.294886571426928
      vertex -0.26128844171762466 7.4477299558793115 3.414130176482756
      vertex -0.21397723257541656 7.473541470589706 3.3108841176411783
    endloop
  endfacet
  facet normal -1.0207959507558947e-14 0.9701425001453322 0.24253562503633125
    outer loop
      vertex -0.2203332856297493 7.449620795402313 3.406566818390749
      vertex -0.20635917037725449 7.469382730987835 3.3275190760486617
      vertex -0.21397723257541656 7.473541470589706 3.3108841176411783
    endloop
  endfacet
  facet normal 4.1368953229988885e-14 0.9701425001453302 0.24253562503633982
    outer loop
      vertex -0.2203332856297493 7.449620795402313 3.406566818390749
      vertex -0.198980413377285 7.4650646401446865 3.3447914394212543
      vertex -0.20635917037725449 7.469382730987835 3.3275190760486617
    endloop
  endfacet
  facet normal -3.909211789646757e-14 0.9701425001453367 0.2425356250363137
    outer loop
      vertex -0.198980413377285 7.4650646401446865 3.3447914394212543
      vertex -0.2203332856297493 7.449620795402313 3.406566818390749
      vertex -0.19184096902608871 7.460587198060262 3.3627012077589558
    endloop
  endfacet
  facet normal 1.629052214217013e-12 0.9701425001454661 0.24253562503579612
    outer loop
      vertex -0.17828000336885452 7.451154258360548 3.4004329665578092
      vertex -0.18494082987308502 7.455950402927527 3.3812483882898907
      vertex -0.19184096902608871 7.460587198060262 3.3627012077589558
    endloop
  endfacet
  facet normal 1.3353185384684577e-14 0.9701425001453282 0.2425356250363478
    outer loop
      vertex -0.3616970255970955 7.384046194727712 3.6688652210891535
      vertex -0.38837751001119614 7.38010662632869 3.684623494685242
      vertex -0.4620269909501076 7.366232497204926 3.740120011180297
    endloop
  endfacet
  facet normal 2.1251418524064043e-13 0.9701425001452659 0.24253562503659676
    outer loop
      vertex -0.38837751001119614 7.38010662632869 3.684623494685242
      vertex -0.41399266570806503 7.3758244881787345 3.701752047285066
      vertex -0.4620269909501076 7.366232497204926 3.740120011180297
    endloop
  endfacet
  facet normal 2.490543261200292e-14 0.9701425001453208 0.24253562503637752
    outer loop
      vertex -0.4844461604952812 7.360922646188106 3.761359415247579
      vertex -0.5058000013232231 7.35527022361332 3.783969105546722
      vertex -0.17924221605062485 7.400489606018637 3.6030915759254536
    endloop
  endfacet
  facet normal -2.356862736217745e-14 0.9701425001453428 0.24253562503628937
    outer loop
      vertex -0.17924221605062485 7.400489606018637 3.6030915759254536
      vertex -0.212314672768116 7.398605465160375 3.6106281393585014
      vertex -0.4620269909501076 7.366232497204926 3.740120011180297
    endloop
  endfacet
  facet normal 1.1534841248879365e-14 0.9701425001453279 0.24253562503634918
    outer loop
      vertex -0.30514007061719894 7.390897615044829 3.641459539820685
      vertex -0.3339512124657631 7.387643189761738 3.6544772409530513
      vertex -0.4620269909501076 7.366232497204926 3.740120011180297
    endloop
  endfacet
  facet normal -4.854821023011019e-14 0.9701425001453503 0.2425356250362593
    outer loop
      vertex -0.27526360005140305 7.393809470576987 3.6298121176920546
      vertex -0.30514007061719894 7.390897615044829 3.641459539820685
      vertex -0.4620269909501076 7.366232497204926 3.740120011180297
    endloop
  endfacet
  facet normal 1.0920682180731516e-14 0.9701425001453267 0.24253562503635398
    outer loop
      vertex -0.2443218007683754 7.396378752744148 3.61953498902341
      vertex -0.27526360005140305 7.393809470576987 3.6298121176920546
      vertex -0.4620269909501076 7.366232497204926 3.740120011180297
    endloop
  endfacet
  facet normal -2.246370310575252e-14 0.9701425001453423 0.24253562503629156
    outer loop
      vertex -0.4620269909501076 7.366232497204926 3.740120011180297
      vertex -0.4844461604952812 7.360922646188106 3.761359415247579
      vertex -0.17924221605062485 7.400489606018637 3.6030915759254536
    endloop
  endfacet
  facet normal -3.456097797248048e-14 0.970142500145344 0.24253562503628434
    outer loop
      vertex -0.3339512124657631 7.387643189761738 3.6544772409530513
      vertex -0.3616970255970955 7.384046194727712 3.6688652210891535
      vertex -0.4620269909501076 7.366232497204926 3.740120011180297
    endloop
  endfacet
  facet normal 2.854393336295688e-14 0.9701425001453191 0.24253562503638398
    outer loop
      vertex -0.212314672768116 7.398605465160375 3.6106281393585014
      vertex -0.2443218007683754 7.396378752744148 3.61953498902341
      vertex -0.4620269909501076 7.366232497204926 3.740120011180297
    endloop
  endfacet
  facet normal 1.7197961310846897e-14 0.970142500145326 0.2425356250363569
    outer loop
      vertex -0.14510443061590195 7.402031175318934 3.596925298724267
      vertex -0.17924221605062485 7.400489606018637 3.6030915759254536
      vertex -0.5627584755420685 7.3365219855605055 3.8589620577579815
    endloop
  endfacet
  facet normal -7.790642857889382e-15 0.9701425001453348 0.2425356250363214
    outer loop
      vertex -0.1099013164639473 7.4032301748682965 3.5921293005268162
      vertex -0.14510443061590195 7.402031175318934 3.596925298724267
      vertex -0.6086927354335785 7.315222942234774 3.9441582310609076
    endloop
  endfacet
  facet normal -4.5758499909029896e-14 0.970142500145342 0.2425356250362925
    outer loop
      vertex -0.4385424926877022 7.371199778470813 3.7202508861167507
      vertex -0.4620269909501076 7.366232497204926 3.740120011180297
      vertex -0.41399266570806503 7.3758244881787345 3.701752047285066
    endloop
  endfacet
  facet normal -2.6029278239300408e-14 0.9701425001453424 0.24253562503629095
    outer loop
      vertex -0.5058000013232231 7.35527022361332 3.783969105546722
      vertex -0.5260110720992088 7.349304232331682 3.8078330706732757
      vertex -0.17924221605062485 7.400489606018637 3.6030915759254536
    endloop
  endfacet
  facet normal -4.0540162126478994e-15 0.9701425001453337 0.24253562503632606
    outer loop
      vertex -0.5260110720992088 7.349304232331682 3.8078330706732757
      vertex -0.5449972301721573 7.343054820852098 3.8328307165916127
      vertex -0.17924221605062485 7.400489606018637 3.6030915759254536
    endloop
  endfacet
  facet normal 9.94622658855449e-15 0.9701425001453288 0.24253562503634582
    outer loop
      vertex -0.14510443061590195 7.402031175318934 3.596925298724267
      vertex -0.5627584755420685 7.3365219855605055 3.8589620577579815
      vertex -0.5792948082089424 7.329705726456905 3.8862270941723827
    endloop
  endfacet
  facet normal 5.5289496361386585e-15 0.97014250014533 0.24253562503634038
    outer loop
      vertex -0.5449972301721573 7.343054820852098 3.8328307165916127
      vertex -0.5627584755420685 7.3365219855605055 3.8589620577579815
      vertex -0.17924221605062485 7.400489606018637 3.6030915759254536
    endloop
  endfacet
  facet normal 2.0778918850331336e-14 0.970142500145325 0.242535625036361
    outer loop
      vertex -0.14510443061590195 7.402031175318934 3.596925298724267
      vertex -0.5792948082089424 7.329705726456905 3.8862270941723827
      vertex -0.5946062281727791 7.322606045348327 3.9146258186066913
    endloop
  endfacet
  facet normal -3.174296671710098e-14 0.9701425001453424 0.24253562503629114
    outer loop
      vertex -0.14510443061590195 7.402031175318934 3.596925298724267
      vertex -0.5946062281727791 7.322606045348327 3.9146258186066913
      vertex -0.6086927354335785 7.315222942234774 3.9441582310609076
    endloop
  endfacet
  facet normal 1.5528294731242103e-14 0.970142500145327 0.24253562503635231
    outer loop
      vertex -0.1099013164639473 7.4032301748682965 3.5921293005268162
      vertex -0.6086927354335785 7.315222942234774 3.9441582310609076
      vertex -0.62155432254076 7.307556417116243 3.974824331535031
    endloop
  endfacet
  facet normal -6.6031050011489675e-15 0.9701425001453337 0.24253562503632636
    outer loop
      vertex -0.0736328735947609 7.404086602859694 3.5887035885612266
      vertex -0.1099013164639473 7.4032301748682965 3.5921293005268162
      vertex -0.6331910043954849 7.299606468185703 4.0066241272571865
    endloop
  endfacet
  facet normal -2.9976592994062666e-15 0.9701425001453323 0.24253562503633105
    outer loop
      vertex -0.03629910200834274 7.4046004592931265 3.5866481628274975
      vertex -0.0736328735947609 7.404086602859694 3.5887035885612266
      vertex -0.6527896225452423 7.282856302502664 4.073624789989346
    endloop
  endfacet
  facet normal -2.84342031686624e-15 0.9701425001453324 0.24253562503633094
    outer loop
      vertex 0.0020999982953071594 7.404771744168594 3.5859630233256294
      vertex -0.03629910200834274 7.4046004592931265 3.5866481628274975
      vertex -0.6607515588402748 7.274056087557194 4.108825649771224
    endloop
  endfacet
  facet normal 8.502922796190541e-15 0.9701425001453294 0.24253562503634268
    outer loop
      vertex -0.673000693321228 7.255605386230231 4.182628455079078
      vertex 0.039430730044841766 7.404594768951808 3.5866709241927692
      vertex 0.0020999982953071594 7.404771744168594 3.5859630233256294
    endloop
  endfacet
  facet normal 2.787700089672347e-15 0.970142500145331 0.24253562503633655
    outer loop
      vertex -0.673000693321228 7.255605386230231 4.182628455079078
      vertex 0.07578996568918228 7.404063843301453 3.5887946267941886
      vertex 0.039430730044841766 7.404594768951808 3.5866709241927692
    endloop
  endfacet
  facet normal 1.0901445796574428e-14 0.970142500145329 0.24253562503634474
    outer loop
      vertex -0.6772878915071487 7.245954901655769 4.221230393376928
      vertex 0.1111777126789093 7.403178965410497 3.5923341383580127
      vertex 0.07578996568918228 7.404063843301453 3.5887946267941886
    endloop
  endfacet
  facet normal -1.3175782827028627e-14 0.9701425001453361 0.2425356250363162
    outer loop
      vertex -0.6772878915071487 7.245954901655769 4.221230393376928
      vertex 0.14559397846460342 7.401940137085972 3.597289451656116
      vertex 0.1111777126789093 7.403178965410497 3.5923341383580127
    endloop
  endfacet
  facet normal -1.3524609074512361e-16 0.970142500145332 0.2425356250363323
    outer loop
      vertex -0.6772878915071487 7.245954901655769 4.221230393376928
      vertex 0.17903875559568405 7.400347358327876 3.6036605666884993
      vertex 0.14559397846460342 7.401940137085972 3.597289451656116
    endloop
  endfacet
  facet normal 1.2386812936668627e-14 0.9701425001453279 0.24253562503634907
    outer loop
      vertex -0.6772878915071487 7.245954901655769 4.221230393376928
      vertex 0.21151204407215118 7.3984006273291785 3.6114474906832865
      vertex 0.17903875559568405 7.400347358327876 3.6036605666884993
    endloop
  endfacet
  facet normal -1.420557984454417e-14 0.970142500145337 0.24253562503631254
    outer loop
      vertex -0.6772878915071487 7.245954901655769 4.221230393376928
      vertex 0.24301384389400482 7.396099945896912 3.6206502164123537
      vertex 0.21151204407215118 7.3984006273291785 3.6114474906832865
    endloop
  endfacet
  facet normal 8.269245527345521e-17 0.970142500145332 0.24253562503633236
    outer loop
      vertex -0.6772878915071487 7.245954901655769 4.221230393376928
      vertex 0.27354415506124496 7.393445314031076 3.6312687438757005
      vertex 0.24301384389400482 7.396099945896912 3.6206502164123537
    endloop
  endfacet
  facet normal 1.3333449764046207e-14 0.9701425001453269 0.24253562503635276
    outer loop
      vertex -0.6772878915071487 7.245954901655769 4.221230393376928
      vertex 0.3031029775738716 7.390436731731668 3.643303073073327
      vertex 0.27354415506124496 7.393445314031076 3.6312687438757005
    endloop
  endfacet
  facet normal -1.2344092002014086e-14 0.9701425001453372 0.24253562503631218
    outer loop
      vertex -0.6772878915071487 7.245954901655769 4.221230393376928
      vertex 0.33169031143188477 7.387074197191661 3.6567532112333576
      vertex 0.3031029775738716 7.390436731731668 3.643303073073327
    endloop
  endfacet
  facet normal -0.9701425001453319 -1.5299735615296373e-16 0.24253562503633275
    outer loop
      vertex -8.3 7.300000000000001 0.005050000000000001
      vertex -6.522620541565327 -2.5051650701297516 7.114567833738693
      vertex -6.495723738096392 -1.2348556466849703 7.222155047614433
    endloop
  endfacet
  facet normal -0.9701425001453319 -3.2918078407521354e-16 0.24253562503633258
    outer loop
      vertex -8.3 7.300000000000001 0.005050000000000001
      vertex -6.495723738096392 -1.2348556466849703 7.222155047614433
      vertex -6.462826702961523 0.27699899103391035 7.35374318815391
    endloop
  endfacet
  facet normal -0.9701425001453318 2.9137485836011595e-16 0.2425356250363332
    outer loop
      vertex -8.3 7.300000000000001 0.005050000000000001
      vertex -6.462826702961523 0.27699899103391035 7.35374318815391
      vertex -6.421823309809863 2.1161529297066437 7.517756760760549
    endloop
  endfacet
  facet normal -0.9701425001453319 6.280796684782445e-16 0.24253562503633327
    outer loop
      vertex -8.3 7.300000000000001 0.005050000000000001
      vertex -6.421823309809863 2.1161529297066437 7.517756760760549
      vertex -6.413046210954846 2.501486016898755 7.552865156180616
    endloop
  endfacet
  facet normal -0.9701425001453319 -6.585897129926457e-17 0.24253562503633302
    outer loop
      vertex -8.3 7.300000000000001 0.005050000000000001
      vertex -6.413046210954846 2.501486016898755 7.552865156180616
      vertex -6.359611811456532 4.066019685760887 7.766602754173871
    endloop
  endfacet
  facet normal -0.9674956130081701 0.02375068419578105 0.2517700216669517
    outer loop
      vertex -8.3 7.300000000000001 0.005050000000000001
      vertex -6.359611811456532 4.066019685760887 7.766602754173871
      vertex -6.353240170171368 4.172668854037725 7.781026807726903
    endloop
  endfacet
  facet normal -0.9604612056723627 0.07084787483578665 0.2692486787890404
    outer loop
      vertex -8.298795456205173 7.349067674327419 0.005050000000000001
      vertex -6.353240170171368 4.172668854037725 7.781026807726903
      vertex -6.34140289511196 4.279394838892492 7.795169622747738
    endloop
  endfacet
  facet normal -0.9511654826858322 0.11731507290862363 0.2855195233525585
    outer loop
      vertex -8.295184726672197 7.398017140329562 0.005050000000000001
      vertex -6.34140289511196 4.279394838892492 7.795169622747738
      vertex -6.335134946678939 4.318016064429069 7.800181554297279
    endloop
  endfacet
  facet normal -0.9511654826858355 0.11731507290860758 0.2855195233525539
    outer loop
      vertex -8.295184726672197 7.398017140329562 0.005050000000000001
      vertex -6.335134946678939 4.318016064429069 7.800181554297279
      vertex -6.324055393893027 4.385843701806543 7.809222210848848
    endloop
  endfacet
  facet normal -0.9397160782499498 0.1630562074325691 0.3005767214809579
    outer loop
      vertex -8.289176509964781 7.446730474455363 0.005050000000000001
      vertex -6.324055393893027 4.385843701806543 7.809222210848848
      vertex -6.3012394618615755 4.491779298028557 7.823085698339204
    endloop
  endfacet
  facet normal -0.9262183392288631 0.20798928334107347 0.31442017443445547
    outer loop
      vertex -8.280785280403231 7.495090322016129 0.005050000000000001
      vertex -6.3012394618615755 4.491779298028557 7.823085698339204
      vertex -6.273027912839169 4.596987897778173 7.836595622843912
    endloop
  endfacet
  facet normal -0.9107737197683132 0.25204503292431424 0.3270543269207298
    outer loop
      vertex -8.270031253194544 7.542980179903265 0.005050000000000001
      vertex -6.273027912839169 4.596987897778173 7.836595622843912
      vertex -6.2394754163512545 4.701204462995155 7.849717187272803
    endloop
  endfacet
  facet normal -0.8934785307700904 0.29516543718162064 0.3384870451676153
    outer loop
      vertex -8.25694033573221 7.590284677254463 0.005050000000000001
      vertex -6.2394754163512545 4.701204462995155 7.849717187272803
      vertex -6.200650847340754 4.8041650204144695 7.8624164057377826
    endloop
  endfacet
  facet normal -0.8744230179649999 0.33730217895636 0.3487285846102569
    outer loop
      vertex -8.241544065183021 7.636889853392221 0.005050000000000001
      vertex -6.200650847340754 4.8041650204144695 7.8624164057377826
      vertex -6.156637245715151 4.9056074198170325 7.874660208501168
    endloop
  endfacet
  facet normal -0.853690736233588 0.3784150776633876 0.3577906592771347
    outer loop
      vertex -8.223879532511287 7.68268343236509 0.005050000000000001
      vertex -6.156637245715151 4.9056074198170325 7.874660208501168
      vertex -6.107531727775966 5.0052721009516 7.886416545906115
    endloop
  endfacet
  facet normal -0.8313581852729547 0.41847054384831117 0.3656856186821656
    outer loop
      vertex -8.203989293123444 7.727555093430283 0.005050000000000001
      vertex -6.107531727775966 5.0052721009516 7.886416545906115
      vertex -6.053445348437098 5.102902865997184 7.89765449079715
    endloop
  endfacet
  facet normal -0.8074946719061341 0.45744008137686454 0.3724257332585012
    outer loop
      vertex -8.181921264348356 7.771396736825999 0.005050000000000001
      vertex -6.053445348437098 5.102902865997184 7.89765449079715
      vertex -5.9945029134053875 5.198247654274619 7.908344338928632
    endloop
  endfacet
  facet normal -0.7821623665199207 0.4952988561156639 0.37802258600574684
    outer loop
      vertex -8.157728610000273 7.814102744193223 0.005050000000000001
      vertex -5.9945029134053875 5.198247654274619 7.908344338928632
      vertex -5.930842740782078 5.291059315776886 7.918457706852605
    endloop
  endfacet
  facet normal -0.7554165246303494 0.5320243426951913 0.3824865659015418
    outer loop
      vertex -8.131469612302546 7.855570233019603 0.005050000000000001
      vertex -5.930842740782078 5.291059315776886 7.918457706852605
      vertex -5.862616371845361 5.381096379972847 7.927967626775382
    endloop
  endfacet
  facet normal -0.7273058488569498 0.5675950553590726 0.3858264575562475
    outer loop
      vertex -8.103207531480646 7.895699304492434 0.005050000000000001
      vertex -5.862616371845361 5.381096379972847 7.927967626775382
      vertex -5.789988231089287 5.468123816250303 7.936848637874362
    endloop
  endfacet
  facet normal -0.6978729712000111 0.6019893649187902 0.3880491213662777
    outer loop
      vertex -8.073010453362738 7.934393284163646 0.005050000000000001
      vertex -5.789988231089287 5.468123816250303 7.936848637874362
      vertex -5.737237181264184 5.525636326522591 7.9424964082750495
    endloop
  endfacet
  facet normal -0.697872971200009 0.6019893649187924 0.3880491213662776
    outer loop
      vertex -8.04095112535496 7.971558954847019 0.005050000000000001
      vertex -5.737237181264184 5.525636326522591 7.9424964082750495
      vertex -5.713073130563667 5.551849226972792 7.945288710857995
    endloop
  endfacet
  facet normal -0.6671550401249889 0.6351844013194078 0.38915925885982705
    outer loop
      vertex -8.007106781186549 8.007106781186549 0.005050000000000001
      vertex -5.713073130563667 5.551849226972792 7.945288710857995
      vertex -5.631975157412146 5.631975157412146 7.953537725374782
    endloop
  endfacet
  facet normal -0.6351844013194136 0.6671550401249841 0.3891592588598263
    outer loop
      vertex -7.971558954847019 8.04095112535496 0.005050000000000001
      vertex -5.631975157412146 5.631975157412146 7.953537725374782
      vertex -5.5470278180952555 5.708434701622949 7.961110086855823
    endloop
  endfacet
  facet normal -0.601989364918776 0.6978729712000238 0.38804912136627684
    outer loop
      vertex -7.971558954847019 8.04095112535496 0.005050000000000001
      vertex -5.5470278180952555 5.708434701622949 7.961110086855823
      vertex -5.4584423538530356 5.781026114789901 7.967985304509675
    endloop
  endfacet
  facet normal -0.567595055359084 0.7273058488569406 0.3858264575562481
    outer loop
      vertex -7.895699304492434 8.103207531480646 0.005050000000000001
      vertex -5.4584423538530356 5.781026114789901 7.967985304509675
      vertex -5.366440535036909 5.849557548012679 7.97414471940738
    endloop
  endfacet
  facet normal -0.5320243426951966 0.7554165246303454 0.3824865659015424
    outer loop
      vertex -7.895699304492434 8.103207531480646 0.005050000000000001
      vertex -5.366440535036909 5.849557548012679 7.97414471940738
      vertex -5.271254046311732 5.91384768418486 7.979571571086163
    endloop
  endfacet
  facet normal -0.4952988561156591 0.7821623665199241 0.37802258600574584
    outer loop
      vertex -7.855570233019603 8.131469612302546 0.005050000000000001
      vertex -5.271254046311732 5.91384768418486 7.979571571086163
      vertex -5.173123830143818 5.97372634127571 7.9842510578407175
    endloop
  endfacet
  facet normal -0.45744008137686115 0.8074946719061363 0.37242573325850076
    outer loop
      vertex -7.771396736825999 8.181921264348356 0.005050000000000001
      vertex -5.173123830143818 5.97372634127571 7.9842510578407175
      vertex -5.072299391135972 6.029035039724245 7.988170390332862
    endloop
  endfacet
  facet normal -0.41847054384830734 0.8313581852729574 0.36568561868216387
    outer loop
      vertex -7.727555093430283 8.203989293123444 0.005050000000000001
      vertex -5.072299391135972 6.029035039724245 7.988170390332862
      vertex -4.969038064063946 6.079627530833152 7.991318838187437
    endloop
  endfacet
  facet normal -0.37841507766339455 0.8536907362335843 0.35779065927713644
    outer loop
      vertex -7.727555093430283 8.203989293123444 0.005050000000000001
      vertex -4.969038064063946 6.079627530833152 7.991318838187437
      vertex -4.885355731234189 6.115933342410622 7.993199047869428
    endloop
  endfacet
  facet normal -0.37841507766338994 0.8536907362335864 0.3577906592771364
    outer loop
      vertex -7.727555093430283 8.203989293123444 0.005050000000000001
      vertex -4.885355731234189 6.115933342410622 7.993199047869428
      vertex -4.863546964770152 6.125327641339209 7.993850099204748
    endloop
  endfacet
  facet normal -0.3373021789563611 0.8744230179649989 0.34872858461025846
    outer loop
      vertex -7.636889853392221 8.241544065183021 0.005050000000000001
      vertex -4.863546964770152 6.125327641339209 7.993850099204748
      vertex -4.7559247673783345 6.165895192960815 7.996224440742712
    endloop
  endfacet
  facet normal -0.29516543718161264 0.8934785307700941 0.3384870451676129
    outer loop
      vertex -7.590284677254463 8.25694033573221 0.005050000000000001
      vertex -4.7559247673783345 6.165895192960815 7.996224440742712
      vertex -4.6466636131659165 6.20138915946554 7.997810969131016
    endloop
  endfacet
  facet normal -0.2520450329243186 0.9107737197683112 0.3270543269207316
    outer loop
      vertex -7.590284677254463 8.25694033573221 0.005050000000000001
      vertex -4.6466636131659165 6.20138915946554 7.997810969131016
      vertex -4.536044712918653 6.231716282637421 7.998605325151907
    endloop
  endfacet
  facet normal -0.20798928334108355 0.9262183392288599 0.3144201744344582
    outer loop
      vertex -7.495090322016129 8.280785280403231 0.005050000000000001
      vertex -4.536044712918653 6.231716282637421 7.998605325151907
      vertex -4.424353150275771 6.2567974617562445 7.998605325151907
    endloop
  endfacet
  facet normal -0.163056207432562 0.9397160782499515 0.30057672148095593
    outer loop
      vertex -7.495090322016129 8.280785280403231 0.005050000000000001
      vertex -4.424353150275771 6.2567974617562445 7.998605325151907
      vertex -4.311877005518921 6.276568006231481 7.997810969131016
    endloop
  endfacet
  facet normal -0.11731507290861916 0.951165482685833 0.2855195233525574
    outer loop
      vertex -7.446730474455363 8.289176509964781 0.005050000000000001
      vertex -4.311877005518921 6.276568006231481 7.997810969131016
      vertex -4.198906467779477 6.290977834962797 7.996224440742712
    endloop
  endfacet
  facet normal -0.07084787483578575 0.9604612056723633 0.2692486787890394
    outer loop
      vertex -7.349067674327419 8.298795456205173 0.005050000000000001
      vertex -4.198906467779477 6.290977834962797 7.996224440742712
      vertex -4.085732939914544 6.299991621472716 7.993850099204748
    endloop
  endfacet
  facet normal -0.023750684195787457 0.9674956130081696 0.2517700216669536
    outer loop
      vertex -7.349067674327419 8.298795456205173 0.005050000000000001
      vertex -4.085732939914544 6.299991621472716 7.993850099204748
      vertex -3.9726481403446727 6.303588884206804 7.990694463172787
    endloop
  endfacet
  facet normal 4.596570294492212e-15 0.9701425001453322 0.24253562503633172
    outer loop
      vertex -7.300000000000001 8.3 0.005050000000000001
      vertex -3.9726481403446727 6.303588884206804 7.990694463172787
      vertex -3.9168881035912655 6.304026249422287 7.988945002310856
    endloop
  endfacet
  facet normal 2.874945038454767e-16 0.9701425001453319 0.24253562503633286
    outer loop
      vertex -7.300000000000001 8.3 0.005050000000000001
      vertex -3.9168881035912655 6.304026249422287 7.988945002310856
      vertex -2.921865031307191 6.3101140436037975 7.964593825584812
    endloop
  endfacet
  facet normal -6.018637975530271e-17 0.9701425001453319 0.24253562503633305
    outer loop
      vertex -7.300000000000001 8.3 0.005050000000000001
      vertex -1.9404689784446805 6.31441217001814 7.947401319927441
      vertex -0.7909057438373566 7.070534709325595 4.9229111626976225
    endloop
  endfacet
  facet normal 1.4339090110141194e-16 0.9701425001453321 0.2425356250363328
    outer loop
      vertex -7.300000000000001 8.3 0.005050000000000001
      vertex -2.921865031307191 6.3101140436037975 7.964593825584812
      vertex -1.9404689784446805 6.31441217001814 7.947401319927441
    endloop
  endfacet
  facet normal 2.69077430862996e-16 0.9701425001453281 0.24253562503634832
    outer loop
      vertex -0.6772878915071487 7.245954901655769 4.221230393376928
      vertex -0.6803501695394516 7.236020995076329 4.260966019694686
      vertex 0.6800214499235153 7.244947783523741 4.2252588659050385
    endloop
  endfacet
  facet normal 3.3222427043933264e-16 0.9701425001453355 0.24253562503631812
    outer loop
      vertex -0.6803501695394516 7.236020995076329 4.260966019694686
      vertex -0.6821875423192978 7.225803666491913 4.301835334032351
      vertex 0.685033492743969 7.2254338196046834 4.303314721581268
    endloop
  endfacet
  facet normal -3.934023084735986e-19 0.9701425001453294 0.24253562503634263
    outer loop
      vertex -0.6821875423192978 7.225803666491913 4.301835334032351
      vertex -0.6828000023961067 7.2153029140954885 4.343838343618048
      vertex 0.6856599971652031 7.2153029140954885 4.343838343618048
    endloop
  endfacet
  facet normal 0 0.9701425001453319 0.24253562503633297
    outer loop
      vertex -0.6828000023961067 7.2153029140954885 4.343838343618048
      vertex -0.6821829080581665 7.20525415080455 4.384033396781801
      vertex 0.6856599971652031 7.2153029140954885 4.343838343618048
    endloop
  endfacet
  facet normal 1.5784255661341094e-16 0.9701425001453319 0.24253562503633294
    outer loop
      vertex -0.6803316250443459 7.195462593109621 4.4231996275615195
      vertex -0.6772461608052254 7.1859282410107 4.461337035957204
      vertex 0.6850405558943748 7.2051057772779465 4.384626890888216
    endloop
  endfacet
  facet normal -1.527853195634868e-16 0.9701425001453344 0.24253562503632264
    outer loop
      vertex -0.6821829080581665 7.20525415080455 4.384033396781801
      vertex -0.6803316250443459 7.195462593109621 4.4231996275615195
      vertex 0.6850405558943748 7.2051057772779465 4.384626890888216
    endloop
  endfacet
  facet normal 1.1308175498239463e-15 0.9701425001453278 0.24253562503634923
    outer loop
      vertex -0.6772461608052254 7.1859282410107 4.461337035957204
      vertex -0.6729265078902245 7.176651094507787 4.498445621968853
      vertex 0.6850405558943748 7.2051057772779465 4.384626890888216
    endloop
  endfacet
  facet normal -3.1145130979555153e-16 0.9701425001453319 0.242535625036333
    outer loop
      vertex -0.6729265078902245 7.176651094507787 4.498445621968853
      vertex -0.6673726662993431 7.167631151793852 4.534525392824592
      vertex 0.6850405558943748 7.2051057772779465 4.384626890888216
    endloop
  endfacet
  facet normal -3.1311478921282933e-16 0.9701425001453319 0.24253562503633305
    outer loop
      vertex -0.6673726662993431 7.167631151793852 4.534525392824592
      vertex -0.6605846360325813 7.1588684164829575 4.569576334068171
      vertex 0.6850405558943748 7.2051057772779465 4.384626890888216
    endloop
  endfacet
  facet normal -3.094054664230459e-16 0.9701425001453319 0.24253562503633305
    outer loop
      vertex -0.6605846360325813 7.1588684164829575 4.569576334068171
      vertex -0.6525624245405197 7.15036288496104 4.603598460155841
      vertex 0.6850405558943748 7.2051057772779465 4.384626890888216
    endloop
  endfacet
  facet normal -1.330788746598594e-15 0.9701425001453333 0.24253562503632717
    outer loop
      vertex -0.6525624245405197 7.15036288496104 4.603598460155841
      vertex -0.6433060243725777 7.142114559035131 4.636591763859476
      vertex 0.6850405558943748 7.2051057772779465 4.384626890888216
    endloop
  endfacet
  facet normal -1.5108289537563262e-16 0.970142500145332 0.24253562503633302
    outer loop
      vertex -0.6433060243725777 7.142114559035131 4.636591763859476
      vertex -0.6328154355287552 7.1341234368982 4.6685562524072015
      vertex 0.6850405558943748 7.2051057772779465 4.384626890888216
    endloop
  endfacet
  facet normal -1.5083186973069172e-16 0.970142500145332 0.24253562503633305
    outer loop
      vertex -0.6328154355287552 7.1341234368982 4.6685562524072015
      vertex -0.6210906580090523 7.126389522164309 4.699491911342767
      vertex 0.6850405558943748 7.2051057772779465 4.384626890888216
    endloop
  endfacet
  facet normal 1.4240377537747108e-15 0.9701425001453303 0.2425356250363392
    outer loop
      vertex -0.6210906580090523 7.126389522164309 4.699491911342767
      vertex -0.6081316918134689 7.118912811219395 4.729398755122422
      vertex 0.6850405558943748 7.2051057772779465 4.384626890888216
    endloop
  endfacet
  facet normal -3.811228348385359e-15 0.970142500145335 0.24253562503632073
    outer loop
      vertex -0.6081316918134689 7.118912811219395 4.729398755122422
      vertex -0.5939385443925858 7.11169330587049 4.758276776518044
      vertex 0.6850405558943748 7.2051057772779465 4.384626890888216
    endloop
  endfacet
  facet normal -4.9129520160135284e-15 0.9701425001453351 0.2425356250363205
    outer loop
      vertex -0.5618496909737587 7.098025911960705 4.812946352157181
      vertex -0.5439539775252342 7.091578023399826 4.838737906400698
      vertex 0.6850405558943748 7.2051057772779465 4.384626890888216
    endloop
  endfacet
  facet normal 3.892263417794748e-15 0.9701425001453288 0.24253562503634554
    outer loop
      vertex -0.5939385443925858 7.11169330587049 4.758276776518044
      vertex -0.5785112082958221 7.104731006117593 4.78612597552963
      vertex 0.6850405558943748 7.2051057772779465 4.384626890888216
    endloop
  endfacet
  facet normal -2.8874041711565746e-16 0.9701425001453319 0.24253562503633314
    outer loop
      vertex -0.5785112082958221 7.104731006117593 4.78612597552963
      vertex -0.5618496909737587 7.098025911960705 4.812946352157181
      vertex 0.6850405558943748 7.2051057772779465 4.384626890888216
    endloop
  endfacet
  facet normal -2.5012426788784535e-15 0.9701425001453334 0.2425356250363266
    outer loop
      vertex -0.5439539775252342 7.091578023399826 4.838737906400698
      vertex -0.5248240828514099 7.085387338627925 4.863500645488305
      vertex 0.6850405558943748 7.2051057772779465 4.384626890888216
    endloop
  endfacet
  facet normal 2.811695057781598e-15 0.9701425001453302 0.24253562503633921
    outer loop
      vertex -0.5248240828514099 7.085387338627925 4.863500645488305
      vertex -0.5044599995017052 7.079453859452031 4.887234562191877
      vertex 0.6850405558943748 7.2051057772779465 4.384626890888216
    endloop
  endfacet
  facet normal 2.7878696583962897e-18 0.9701425001453318 0.24253562503633294
    outer loop
      vertex -0.5044599995017052 7.079453859452031 4.887234562191877
      vertex -0.48296961933374405 7.073819714998056 4.90977114000778
      vertex 0.6850405558943748 7.2051057772779465 4.384626890888216
    endloop
  endfacet
  facet normal 6.19522130381746e-15 0.9701425001453285 0.2425356250363459
    outer loop
      vertex -0.48296961933374405 7.073819714998056 4.90977114000778
      vertex -0.46046082675457 7.068527034391906 4.930941862432378
      vertex 0.6850405558943748 7.2051057772779465 4.384626890888216
    endloop
  endfacet
  facet normal -2.366311487334472e-16 0.9701425001453319 0.24253562503633325
    outer loop
      vertex -0.46046082675457 7.068527034391906 4.930941862432378
      vertex -0.43693363666534424 7.063575815826551 4.950746736693795
      vertex 0.6850405558943748 7.2051057772779465 4.384626890888216
    endloop
  endfacet
  facet normal -7.288114075315757e-15 0.970142500145335 0.24253562503632006
    outer loop
      vertex -0.43693363666534424 7.063575815826551 4.950746736693795
      vertex -0.41238802671432495 7.0589660611090235 4.969185755563909
      vertex 0.6850405558943748 7.2051057772779465 4.384626890888216
    endloop
  endfacet
  facet normal -2.3450177656487305e-18 0.9701425001453318 0.24253562503633294
    outer loop
      vertex -0.41238802671432495 7.0589660611090235 4.969185755563909
      vertex -0.38682401180267334 7.054697770239321 4.986258919042718
      vertex 0.6850405558943748 7.2051057772779465 4.384626890888216
    endloop
  endfacet
  facet normal 1.1848116269330012e-14 0.9701425001453269 0.2425356250363528
    outer loop
      vertex -0.38682401180267334 7.054697770239321 4.986258919042718
      vertex -0.3602415919303894 7.050770943217445 5.001966227130222
      vertex 0.6850405558943748 7.2051057772779465 4.384626890888216
    endloop
  endfacet
  facet normal -1.69025852225802e-14 0.9701425001453384 0.24253562503630707
    outer loop
      vertex -0.3602415919303894 7.050770943217445 5.001966227130222
      vertex -0.33264075964689255 7.047185578236364 5.016307687054546
      vertex 0.6850405558943748 7.2051057772779465 4.384626890888216
    endloop
  endfacet
  facet normal 5.283550466868505e-15 0.9701425001453299 0.24253562503634055
    outer loop
      vertex -0.0736328735947609 7.404086602859694 3.5887035885612266
      vertex -0.643602766096592 7.291373097250188 4.039557610999251
      vertex -0.6527896225452423 7.282856302502664 4.073624789989346
    endloop
  endfacet
  facet normal 1.753926929131138e-14 0.9701425001453263 0.242535625036355
    outer loop
      vertex -0.1099013164639473 7.4032301748682965 3.5921293005268162
      vertex -0.62155432254076 7.307556417116243 3.974824331535031
      vertex -0.6331910043954849 7.299606468185703 4.0066241272571865
    endloop
  endfacet
  facet normal -8.358694031807314e-15 0.970142500145334 0.24253562503632428
    outer loop
      vertex -0.0736328735947609 7.404086602859694 3.5887035885612266
      vertex -0.6331910043954849 7.299606468185703 4.0066241272571865
      vertex -0.643602766096592 7.291373097250188 4.039557610999251
    endloop
  endfacet
  facet normal -7.273978567214392e-15 0.9701425001453339 0.24253562503632498
    outer loop
      vertex -0.03629910200834274 7.4046004592931265 3.5866481628274975
      vertex -0.6527896225452423 7.282856302502664 4.073624789989346
      vertex -0.6607515588402748 7.274056087557194 4.108825649771224
    endloop
  endfacet
  facet normal -6.594186792075856e-15 0.9701425001453334 0.24253562503632653
    outer loop
      vertex 0.0020999982953071594 7.404771744168594 3.5859630233256294
      vertex -0.6607515588402748 7.274056087557194 4.108825649771224
      vertex -0.66748858243227 7.264972448799717 4.145160204801135
    endloop
  endfacet
  facet normal -9.25183467150893e-16 0.9701425001453319 0.24253562503633286
    outer loop
      vertex -0.66748858243227 7.264972448799717 4.145160204801135
      vertex -0.673000693321228 7.255605386230231 4.182628455079078
      vertex 0.0020999982953071594 7.404771744168594 3.5859630233256294
    endloop
  endfacet
  facet normal -9.868408088973251e-15 0.9701425001453349 0.24253562503632145
    outer loop
      vertex -0.673000693321228 7.255605386230231 4.182628455079078
      vertex -0.6772878915071487 7.245954901655769 4.221230393376928
      vertex 0.07578996568918228 7.404063843301453 3.5887946267941886
    endloop
  endfacet
  facet normal -8.949870134817451e-15 0.9701425001453328 0.24253562503632992
    outer loop
      vertex -0.7909057438373566 7.070534709325595 4.9229111626976225
      vertex -1.9404689784446805 6.31441217001814 7.947401319927441
      vertex -0.7751355692744255 7.064844033706872 4.945673865172516
    endloop
  endfacet
  facet normal 8.103148556643035e-15 0.970142500145331 0.2425356250363362
    outer loop
      vertex -0.741497091948986 7.053991999861992 4.989082000552034
      vertex -1.9404689784446805 6.31441217001814 7.947401319927441
      vertex -0.7236287891864777 7.048830639828805 5.009727440684783
    endloop
  endfacet
  facet normal 8.432456648270556e-15 0.970142500145331 0.2425356250363362
    outer loop
      vertex -0.7751355692744255 7.064844033706872 4.945673865172516
      vertex -1.9404689784446805 6.31441217001814 7.947401319927441
      vertex -0.7586660236120224 7.059329798423692 4.967730806305236
    endloop
  endfacet
  facet normal -1.1870551311156336e-16 0.9701425001453319 0.24253562503633305
    outer loop
      vertex -0.7586660236120224 7.059329798423692 4.967730806305236
      vertex -1.9404689784446805 6.31441217001814 7.947401319927441
      vertex -0.741497091948986 7.053991999861992 4.989082000552034
    endloop
  endfacet
  facet normal -1.6122436249596737e-14 0.9701425001453334 0.24253562503632672
    outer loop
      vertex -0.7236287891864777 7.048830639828805 5.009727440684783
      vertex -1.9404689784446805 6.31441217001814 7.947401319927441
      vertex -0.7050611078739166 7.043845720131161 5.029667119475359
    endloop
  endfacet
  facet normal 1.557154304460652e-14 0.9701425001453304 0.2425356250363394
    outer loop
      vertex -0.7050611078739166 7.043845720131161 5.029667119475359
      vertex -1.9404689784446805 6.31441217001814 7.947401319927441
      vertex -0.685794048011303 7.039037237154997 5.048901051380012
    endloop
  endfacet
  facet normal -7.754707839690356e-15 0.9701425001453327 0.2425356250363299
    outer loop
      vertex -0.685794048011303 7.039037237154997 5.048901051380012
      vertex -1.9404689784446805 6.31441217001814 7.947401319927441
      vertex -0.6658276095986366 7.0344051927073465 5.0674292291706164
    endloop
  endfacet
  facet normal 2.254566169051299e-14 0.9701425001453295 0.2425356250363425
    outer loop
      vertex -0.6658276095986366 7.0344051927073465 5.0674292291706164
      vertex -1.9404689784446805 6.31441217001814 7.947401319927441
      vertex -0.6451618000864983 7.029949586788207 5.085251652847173
    endloop
  endfacet
  facet normal -7.356362972857423e-15 0.9701425001453328 0.2425356250363298
    outer loop
      vertex -0.6451618000864983 7.029949586788207 5.085251652847173
      vertex -1.9404689784446805 6.31441217001814 7.947401319927441
      vertex -0.6237966120243073 7.02567041939758 5.102368322409682
    endloop
  endfacet
  facet normal -7.258542015097011e-15 0.9701425001453327 0.2425356250363298
    outer loop
      vertex -0.6237966120243073 7.02567041939758 5.102368322409682
      vertex -1.9404689784446805 6.31441217001814 7.947401319927441
      vertex -0.601732037961483 7.0215676887284335 5.118779245086268
    endloop
  endfacet
  facet normal 8.578480668554743e-15 0.9701425001453314 0.24253562503633416
    outer loop
      vertex -0.601732037961483 7.0215676887284335 5.118779245086268
      vertex -0.9680185968858741 6.316971209295929 7.937165162816285
      vertex -0.5789681002497673 7.01764139839483 5.13448440642068
    endloop
  endfacet
  facet normal -2.5343323273382514e-14 0.9701425001453327 0.24253562503632972
    outer loop
      vertex -0.5789681002497673 7.01764139839483 5.13448440642068
      vertex -0.9680185968858741 6.316971209295929 7.937165162816285
      vertex -0.5555047765374184 7.01389154658974 5.149483813641044
    endloop
  endfacet
  facet normal 8.040719125206614e-15 0.9701425001453315 0.2425356250363344
    outer loop
      vertex -0.5555047765374184 7.01389154658974 5.149483813641044
      vertex -0.9680185968858741 6.316971209295929 7.937165162816285
      vertex -0.5313420742750168 7.010318131506129 5.163777473975485
    endloop
  endfacet
  facet normal -1.562796349746913e-14 0.9701425001453325 0.24253562503633058
    outer loop
      vertex -0.5064800009131432 7.006921156758062 5.177365372967754
      vertex -0.9680185968858741 6.316971209295929 7.937165162816285
      vertex -0.481003113090992 7.003709715326647 5.190211138693413
    endloop
  endfacet
  facet normal 1.5847824085619653e-14 0.9701425001453313 0.24253562503633552
    outer loop
      vertex -0.5313420742750168 7.010318131506129 5.163777473975485
      vertex -0.9680185968858741 6.316971209295929 7.937165162816285
      vertex -0.5064800009131432 7.006921156758062 5.177365372967754
    endloop
  endfacet
  facet normal -1.0639565259838558e-16 0.9701425001453318 0.24253562503633316
    outer loop
      vertex -0.481003113090992 7.003709715326647 5.190211138693413
      vertex -0.9680185968858741 6.316971209295929 7.937165162816285
      vertex -0.45499128103256226 7.000692907421119 5.202278370315528
    endloop
  endfacet
  facet normal 7.420762390739751e-15 0.9701425001453314 0.2425356250363345
    outer loop
      vertex -0.45499128103256226 7.000692907421119 5.202278370315528
      vertex -0.9680185968858741 6.316971209295929 7.937165162816285
      vertex -0.4284444972872734 6.997870733041475 5.2135670678341
    endloop
  endfacet
  facet normal -7.443611187564066e-15 0.9701425001453322 0.24253562503633175
    outer loop
      vertex -0.4284444972872734 6.997870733041475 5.2135670678341
      vertex -0.9680185968858741 6.316971209295929 7.937165162816285
      vertex -0.401362769305706 6.9952431921877185 5.224077231249129
    endloop
  endfacet
  facet normal -7.341474516158814e-15 0.9701425001453322 0.24253562503633178
    outer loop
      vertex -0.401362769305706 6.9952431921877185 5.224077231249129
      vertex -0.9680185968858741 6.316971209295929 7.937165162816285
      vertex -0.3737460896372795 6.992810283052816 5.233808867788738
    endloop
  endfacet
  facet normal 2.851358343659293e-14 0.9701425001453303 0.24253562503633921
    outer loop
      vertex -0.3737460896372795 6.992810283052816 5.233808867788738
      vertex -0.9680185968858741 6.316971209295929 7.937165162816285
      vertex -0.34559446573257446 6.990572005636768 5.242761977452929
    endloop
  endfacet
  facet normal -1.4088611197856228e-14 0.9701425001453328 0.24253562503632997
    outer loop
      vertex -0.34559446573257446 6.990572005636768 5.242761977452929
      vertex -0.9680185968858741 6.316971209295929 7.937165162816285
      vertex -0.3169078901410103 6.9885283617466065 5.250936553013576
    endloop
  endfacet
  facet normal -6.9885299744950564e-15 0.9701425001453322 0.24253562503633155
    outer loop
      vertex -0.3169078901410103 6.9885283617466065 5.250936553013576
      vertex -0.9680185968858741 6.316971209295929 7.937165162816285
      vertex -0.28768637031316757 6.986679351382331 5.258332594470679
    endloop
  endfacet
  facet normal -5.550423620428515e-17 0.970142500145332 0.24253562503633322
    outer loop
      vertex -0.28768637031316757 6.986679351382331 5.258332594470679
      vertex -0.9680185968858741 6.316971209295929 7.937165162816285
      vertex -0.25792989879846573 6.98502497273691 5.264950109052363
    endloop
  endfacet
  facet normal 7.18271211788671e-15 0.970142500145332 0.2425356250363326
    outer loop
      vertex -0.25792989879846573 6.98502497273691 5.264950109052363
      vertex 0 6.317820944134678 7.933766223461286
      vertex -0.22763847559690475 6.983565227617374 5.2707890895305045
    endloop
  endfacet
  facet normal -1.4216952752309923e-14 0.9701425001453315 0.24253562503633436
    outer loop
      vertex -0.22763847559690475 6.983565227617374 5.2707890895305045
      vertex 0 6.317820944134678 7.933766223461286
      vertex -0.19681210815906525 6.982300114216694 5.275849543133226
    endloop
  endfacet
  facet normal -5.796576186550387e-17 0.9701425001453319 0.24253562503633339
    outer loop
      vertex -0.19681210815906525 6.982300114216694 5.275849543133226
      vertex 0 6.317820944134678 7.933766223461286
      vertex -0.1654507964849472 6.9812296343419 5.280131462632404
    endloop
  endfacet
  facet normal 2.7155865376695078e-14 0.9701425001453322 0.24253562503633175
    outer loop
      vertex -0.1654507964849472 6.9812296343419 5.280131462632404
      vertex 0 6.317820944134678 7.933766223461286
      vertex -0.13355453312397003 6.980353786185959 5.283634855256164
    endloop
  endfacet
  facet normal -1.334689796390475e-14 0.9701425001453317 0.24253562503633364
    outer loop
      vertex -0.13355453312397003 6.980353786185959 5.283634855256164
      vertex 0 6.317820944134678 7.933766223461286
      vertex -0.10112331807613373 6.979672571555906 5.286359713776379
    endloop
  endfacet
  facet normal -6.563731336932159e-15 0.9701425001453317 0.2425356250363334
    outer loop
      vertex -0.10112331807613373 6.979672571555906 5.286359713776379
      vertex 0 6.317820944134678 7.933766223461286
      vertex -0.06815716624259949 6.979185990451738 5.288306038193052
    endloop
  endfacet
  facet normal 6.424199456250445e-15 0.9701425001453319 0.2425356250363331
    outer loop
      vertex -0.06815716624259949 6.979185990451738 5.288306038193052
      vertex 0 6.317820944134678 7.933766223461286
      vertex -0.03465605527162552 6.978894041066424 5.289473835734304
    endloop
  endfacet
  facet normal 6.327273109477424e-15 0.9701425001453318 0.24253562503633314
    outer loop
      vertex -0.03465605527162552 6.978894041066424 5.289473835734304
      vertex 0 6.317820944134678 7.933766223461286
      vertex -0.0006200000643730164 6.978796725206997 5.289863099172014
    endloop
  endfacet
  facet normal 1.9373821416604923e-16 0.9701425001453319 0.24253562503633314
    outer loop
      vertex -0.601732037961483 7.0215676887284335 5.118779245086268
      vertex -1.9404689784446805 6.31441217001814 7.947401319927441
      vertex -0.9680185968858741 6.316971209295929 7.937165162816285
    endloop
  endfacet
  facet normal 2.370855952156454e-16 0.9701425001453318 0.24253562503633327
    outer loop
      vertex -0.25792989879846573 6.98502497273691 5.264950109052363
      vertex -0.9680185968858741 6.316971209295929 7.937165162816285
      vertex 0 6.317820944134678 7.933766223461286
    endloop
  endfacet
  facet normal 0 -1 0
    outer loop
      vertex -7.300000000000001 -8.3 -0.00495
      vertex 7.300000000000001 -8.3 -0.00495
      vertex 7.300000000000001 -8.3 0.005050000000000001
    endloop
  endfacet
  facet normal 0 0 -1
    outer loop
      vertex -7.300000000000001 -8.3 -0.00495
      vertex 7.349067674327419 -8.298795456205173 -0.00495
      vertex 7.300000000000001 -8.3 -0.00495
    endloop
  endfacet
  facet normal 0 0 -1
    outer loop
      vertex -8.007106781186549 -8.007106781186549 -0.00495
      vertex 6.5 -6.5 -0.00495
      vertex 8.3 -7.300000000000001 -0.00495
    endloop
  endfacet
  facet normal 0 0 -1
    outer loop
      vertex -7.300000000000001 -8.3 -0.00495
      vertex 8.3 -7.300000000000001 -0.00495
      vertex 7.349067674327419 -8.298795456205173 -0.00495
    endloop
  endfacet
  facet normal 0 -0.9701425001453319 0.24253562503633308
    outer loop
      vertex -7.300000000000001 -8.3 0.005050000000000001
      vertex 7.300000000000001 -8.3 0.005050000000000001
      vertex 1.6946037452495 -6.622262624149089 6.715999503403644
    endloop
  endfacet
  facet normal 0.024541228522907587 -0.9996988186962044 0
    outer loop
      vertex 7.300000000000001 -8.3 -0.00495
      vertex 7.349067674327419 -8.298795456205173 -0.00495
      vertex 7.300000000000001 -8.3 0.005050000000000001
    endloop
  endfacet
  facet normal 0.024541228522907587 -0.9996988186962044 -1.1764332665181406e-18
    outer loop
      vertex 7.300000000000001 -8.3 0.005050000000000001
      vertex 7.349067674327419 -8.298795456205173 -0.00495
      vertex 7.349067674327419 -8.298795456205173 0.005050000000000001
    endloop
  endfacet
  facet normal 0.07356456359968419 -0.9972904566786889 0
    outer loop
      vertex 7.349067674327419 -8.298795456205173 -0.00495
      vertex 7.398017140329562 -8.295184726672197 -0.00495
      vertex 7.349067674327419 -8.298795456205173 0.005050000000000001
    endloop
  endfacet
  facet normal 0.07356456359968419 -0.9972904566786889 5.316206543072558e-18
    outer loop
      vertex 7.349067674327419 -8.298795456205173 0.005050000000000001
      vertex 7.398017140329562 -8.295184726672197 -0.00495
      vertex 7.398017140329562 -8.295184726672197 0.005050000000000001
    endloop
  endfacet
  facet normal 0.12241067519921875 -0.9924795345987096 0
    outer loop
      vertex 7.398017140329562 -8.295184726672197 -0.00495
      vertex 7.446730474455363 -8.289176509964781 -0.00495
      vertex 7.398017140329562 -8.295184726672197 0.005050000000000001
    endloop
  endfacet
  facet normal 0 0 -1
    outer loop
      vertex 7.349067674327419 -8.298795456205173 -0.00495
      vertex 7.542980179903265 -8.270031253194544 -0.00495
      vertex 7.398017140329562 -8.295184726672197 -0.00495
    endloop
  endfacet
  facet normal 0.12241067519921875 -0.9924795345987096 6.899163172176291e-18
    outer loop
      vertex 7.398017140329562 -8.295184726672197 0.005050000000000001
      vertex 7.446730474455363 -8.289176509964781 -0.00495
      vertex 7.446730474455363 -8.289176509964781 0.005050000000000001
    endloop
  endfacet
  facet normal 0 0 -1
    outer loop
      vertex 7.398017140329562 -8.295184726672197 -0.00495
      vertex 7.542980179903265 -8.270031253194544 -0.00495
      vertex 7.446730474455363 -8.289176509964781 -0.00495
    endloop
  endfacet
  facet normal 0.17096188876028862 -0.9852776423889434 0
    outer loop
      vertex 7.446730474455363 -8.289176509964781 -0.00495
      vertex 7.495090322016129 -8.280785280403231 0.005050000000000001
      vertex 7.446730474455363 -8.289176509964781 0.005050000000000001
    endloop
  endfacet
  facet normal 0.17096188876028862 -0.9852776423889434 1.471406909311094e-17
    outer loop
      vertex 7.446730474455363 -8.289176509964781 -0.00495
      vertex 7.495090322016129 -8.280785280403231 -0.00495
      vertex 7.495090322016129 -8.280785280403231 0.005050000000000001
    endloop
  endfacet
  facet normal 0 0 -1
    outer loop
      vertex 7.446730474455363 -8.289176509964781 -0.00495
      vertex 7.542980179903265 -8.270031253194544 -0.00495
      vertex 7.495090322016129 -8.280785280403231 -0.00495
    endloop
  endfacet
  facet normal 0.21910124015688293 -0.9757021300385256 0
    outer loop
      vertex 7.495090322016129 -8.280785280403231 -0.00495
      vertex 7.542980179903265 -8.270031253194544 -0.00495
      vertex 7.495090322016129 -8.280785280403231 0.005050000000000001
    endloop
  endfacet
  facet normal 0.21910124015688293 -0.9757021300385256 9.260387099027372e-17
    outer loop
      vertex 7.495090322016129 -8.280785280403231 0.005050000000000001
      vertex 7.542980179903265 -8.270031253194544 -0.00495
      vertex 7.542980179903265 -8.270031253194544 0.005050000000000001
    endloop
  endfacet
  facet normal 0 0 -1
    outer loop
      vertex 7.349067674327419 -8.298795456205173 -0.00495
      vertex 7.727555093430283 -8.203989293123444 -0.00495
      vertex 7.542980179903265 -8.270031253194544 -0.00495
    endloop
  endfacet
  facet normal 0.2667127574748739 -0.9637760657954466 0
    outer loop
      vertex 7.542980179903265 -8.270031253194544 -0.00495
      vertex 7.590284677254463 -8.25694033573221 0.005050000000000001
      vertex 7.542980179903265 -8.270031253194544 0.005050000000000001
    endloop
  endfacet
  facet normal 0.2667127574748739 -0.9637760657954466 7.934497710735335e-17
    outer loop
      vertex 7.542980179903265 -8.270031253194544 -0.00495
      vertex 7.590284677254463 -8.25694033573221 -0.00495
      vertex 7.590284677254463 -8.25694033573221 0.005050000000000001
    endloop
  endfacet
  facet normal 0 0 -1
    outer loop
      vertex 7.542980179903265 -8.270031253194544 -0.00495
      vertex 7.636889853392221 -8.241544065183021 -0.00495
      vertex 7.590284677254463 -8.25694033573221 -0.00495
    endloop
  endfacet
  facet normal 0.3136817403989097 -0.9495281805930307 0
    outer loop
      vertex 7.590284677254463 -8.25694033573221 -0.00495
      vertex 7.636889853392221 -8.241544065183021 -0.00495
      vertex 7.590284677254463 -8.25694033573221 0.005050000000000001
    endloop
  endfacet
  facet normal 0.3136817403989097 -0.9495281805930307 -7.424109525557104e-17
    outer loop
      vertex 7.590284677254463 -8.25694033573221 0.005050000000000001
      vertex 7.636889853392221 -8.241544065183021 -0.00495
      vertex 7.636889853392221 -8.241544065183021 0.005050000000000001
    endloop
  endfacet
  facet normal 0 0 -1
    outer loop
      vertex 7.542980179903265 -8.270031253194544 -0.00495
      vertex 7.727555093430283 -8.203989293123444 -0.00495
      vertex 7.636889853392221 -8.241544065183021 -0.00495
    endloop
  endfacet
  facet normal 0.35989503653499316 -0.932992798834737 0
    outer loop
      vertex 7.636889853392221 -8.241544065183021 -0.00495
      vertex 7.68268343236509 -8.223879532511287 0.005050000000000001
      vertex 7.636889853392221 -8.241544065183021 0.005050000000000001
    endloop
  endfacet
  facet normal 0.35989503653499316 -0.932992798834737 -3.5145105410712124e-17
    outer loop
      vertex 7.636889853392221 -8.241544065183021 -0.00495
      vertex 7.68268343236509 -8.223879532511287 -0.00495
      vertex 7.68268343236509 -8.223879532511287 0.005050000000000001
    endloop
  endfacet
  facet normal 0 0 -1
    outer loop
      vertex 7.636889853392221 -8.241544065183021 -0.00495
      vertex 7.727555093430283 -8.203989293123444 -0.00495
      vertex 7.68268343236509 -8.223879532511287 -0.00495
    endloop
  endfacet
  facet normal 0.4052413140049827 -0.914209755703534 0
    outer loop
      vertex 7.68268343236509 -8.223879532511287 -0.00495
      vertex 7.727555093430283 -8.203989293123444 -0.00495
      vertex 7.68268343236509 -8.223879532511287 0.005050000000000001
    endloop
  endfacet
  facet normal 0.4052413140049827 -0.914209755703534 -1.0375808606099149e-16
    outer loop
      vertex 7.68268343236509 -8.223879532511287 0.005050000000000001
      vertex 7.727555093430283 -8.203989293123444 -0.00495
      vertex 7.727555093430283 -8.203989293123444 0.005050000000000001
    endloop
  endfacet
  facet normal 0.4496113296546005 -0.8932243011955183 0
    outer loop
      vertex 7.727555093430283 -8.203989293123444 -0.00495
      vertex 7.771396736825999 -8.181921264348356 0.005050000000000001
      vertex 7.727555093430283 -8.203989293123444 0.005050000000000001
    endloop
  endfacet
  facet normal 0.4496113296546005 -0.8932243011955183 -6.462560192373798e-17
    outer loop
      vertex 7.727555093430283 -8.203989293123444 -0.00495
      vertex 7.771396736825999 -8.181921264348356 -0.00495
      vertex 7.771396736825999 -8.181921264348356 0.005050000000000001
    endloop
  endfacet
  facet normal 0 0 -1
    outer loop
      vertex 7.727555093430283 -8.203989293123444 -0.00495
      vertex 7.814102744193223 -8.157728610000273 -0.00495
      vertex 7.771396736825999 -8.181921264348356 -0.00495
    endloop
  endfacet
  facet normal 0 0 -1
    outer loop
      vertex 7.349067674327419 -8.298795456205173 -0.00495
      vertex 8.007106781186549 -8.007106781186549 -0.00495
      vertex 7.727555093430283 -8.203989293123444 -0.00495
    endloop
  endfacet
  facet normal 0.49289819222977843 -0.8700869911087146 0
    outer loop
      vertex 7.771396736825999 -8.181921264348356 -0.00495
      vertex 7.814102744193223 -8.157728610000273 -0.00495
      vertex 7.771396736825999 -8.181921264348356 0.005050000000000001
    endloop
  endfacet
  facet normal 0 0 -1
    outer loop
      vertex 7.727555093430283 -8.203989293123444 -0.00495
      vertex 7.855570233019603 -8.131469612302546 -0.00495
      vertex 7.814102744193223 -8.157728610000273 -0.00495
    endloop
  endfacet
  facet normal 0.49289819222977843 -0.8700869911087146 -1.0638569812861197e-16
    outer loop
      vertex 7.771396736825999 -8.181921264348356 0.005050000000000001
      vertex 7.814102744193223 -8.157728610000273 -0.00495
      vertex 7.814102744193223 -8.157728610000273 0.005050000000000001
    endloop
  endfacet
  facet normal 0.5349976198871089 -0.8448535652496996 0
    outer loop
      vertex 7.814102744193223 -8.157728610000273 -0.00495
      vertex 7.855570233019603 -8.131469612302546 -0.00495
      vertex 7.814102744193223 -8.157728610000273 0.005050000000000001
    endloop
  endfacet
  facet normal 0.5349976198871089 -0.8448535652496996 4.369913759878488e-17
    outer loop
      vertex 7.814102744193223 -8.157728610000273 0.005050000000000001
      vertex 7.855570233019603 -8.131469612302546 -0.00495
      vertex 7.855570233019603 -8.131469612302546 0.005050000000000001
    endloop
  endfacet
  facet normal 0.575808191417838 -0.8175848131515888 0
    outer loop
      vertex 7.855570233019603 -8.131469612302546 -0.00495
      vertex 7.895699304492434 -8.103207531480646 0.005050000000000001
      vertex 7.855570233019603 -8.131469612302546 0.005050000000000001
    endloop
  endfacet
  facet normal 0 0 -1
    outer loop
      vertex 7.727555093430283 -8.203989293123444 -0.00495
      vertex 8.007106781186549 -8.007106781186549 -0.00495
      vertex 7.855570233019603 -8.131469612302546 -0.00495
    endloop
  endfacet
  facet normal 0.575808191417838 -0.8175848131515888 -7.808484056361628e-18
    outer loop
      vertex 7.855570233019603 -8.131469612302546 -0.00495
      vertex 7.895699304492434 -8.103207531480646 -0.00495
      vertex 7.895699304492434 -8.103207531480646 0.005050000000000001
    endloop
  endfacet
  facet normal 0.6152315905806282 -0.7883464276266051 0
    outer loop
      vertex 7.895699304492434 -8.103207531480646 -0.00495
      vertex 7.934393284163646 -8.073010453362738 -0.00495
      vertex 7.895699304492434 -8.103207531480646 0.005050000000000001
    endloop
  endfacet
  facet normal 0 0 -1
    outer loop
      vertex 7.855570233019603 -8.131469612302546 -0.00495
      vertex 7.934393284163646 -8.073010453362738 -0.00495
      vertex 7.895699304492434 -8.103207531480646 -0.00495
    endloop
  endfacet
  facet normal 0.6152315905806282 -0.7883464276266051 -1.2258921321545644e-16
    outer loop
      vertex 7.895699304492434 -8.103207531480646 0.005050000000000001
      vertex 7.934393284163646 -8.073010453362738 -0.00495
      vertex 7.934393284163646 -8.073010453362738 0.005050000000000001
    endloop
  endfacet
  facet normal 0 0 -1
    outer loop
      vertex 7.855570233019603 -8.131469612302546 -0.00495
      vertex 8.007106781186549 -8.007106781186549 -0.00495
      vertex 7.934393284163646 -8.073010453362738 -0.00495
    endloop
  endfacet
  facet normal 0.6531728429537761 -0.7572088465064851 0
    outer loop
      vertex 7.934393284163646 -8.073010453362738 -0.00495
      vertex 7.971558954847019 -8.04095112535496 0.005050000000000001
      vertex 7.934393284163646 -8.073010453362738 0.005050000000000001
    endloop
  endfacet
  facet normal 0.6531728429537761 -0.7572088465064851 -5.195272149007608e-17
    outer loop
      vertex 7.934393284163646 -8.073010453362738 -0.00495
      vertex 7.971558954847019 -8.04095112535496 -0.00495
      vertex 7.971558954847019 -8.04095112535496 0.005050000000000001
    endloop
  endfacet
  facet normal 0 0 -1
    outer loop
      vertex 7.349067674327419 -8.298795456205173 -0.00495
      vertex 8.3 -7.300000000000001 -0.00495
      vertex 8.007106781186549 -8.007106781186549 -0.00495
    endloop
  endfacet
  facet normal 0 0 -1
    outer loop
      vertex 7.934393284163646 -8.073010453362738 -0.00495
      vertex 8.007106781186549 -8.007106781186549 -0.00495
      vertex 7.971558954847019 -8.04095112535496 -0.00495
    endloop
  endfacet
  facet normal 0.6895405447370607 -0.7242470829514729 0
    outer loop
      vertex 7.971558954847019 -8.04095112535496 -0.00495
      vertex 8.007106781186549 -8.007106781186549 -0.00495
      vertex 7.971558954847019 -8.04095112535496 0.005050000000000001
    endloop
  endfacet
  facet normal 0.6895405447370607 -0.7242470829514729 -1.8613048138239457e-16
    outer loop
      vertex 7.971558954847019 -8.04095112535496 0.005050000000000001
      vertex 8.007106781186549 -8.007106781186549 -0.00495
      vertex 8.007106781186549 -8.007106781186549 0.005050000000000001
    endloop
  endfacet
  facet normal 0.7242470829514729 -0.6895405447370607 0
    outer loop
      vertex 8.007106781186549 -8.007106781186549 -0.00495
      vertex 8.04095112535496 -7.971558954847019 0.005050000000000001
      vertex 8.007106781186549 -8.007106781186549 0.005050000000000001
    endloop
  endfacet
  facet normal 0.7242470829514729 -0.6895405447370607 -1.8613048138239457e-16
    outer loop
      vertex 8.007106781186549 -8.007106781186549 -0.00495
      vertex 8.04095112535496 -7.971558954847019 -0.00495
      vertex 8.04095112535496 -7.971558954847019 0.005050000000000001
    endloop
  endfacet
  facet normal 0 0 -1
    outer loop
      vertex 8.007106781186549 -8.007106781186549 -0.00495
      vertex 8.073010453362738 -7.934393284163646 -0.00495
      vertex 8.04095112535496 -7.971558954847019 -0.00495
    endloop
  endfacet
  facet normal 0.7572088465064851 -0.6531728429537761 0
    outer loop
      vertex 8.04095112535496 -7.971558954847019 -0.00495
      vertex 8.073010453362738 -7.934393284163646 -0.00495
      vertex 8.04095112535496 -7.971558954847019 0.005050000000000001
    endloop
  endfacet
  facet normal 0.7572088465064851 -0.6531728429537761 -5.195272149007608e-17
    outer loop
      vertex 8.04095112535496 -7.971558954847019 0.005050000000000001
      vertex 8.073010453362738 -7.934393284163646 -0.00495
      vertex 8.073010453362738 -7.934393284163646 0.005050000000000001
    endloop
  endfacet
  facet normal 0.7883464276266051 -0.6152315905806282 0
    outer loop
      vertex 8.073010453362738 -7.934393284163646 -0.00495
      vertex 8.103207531480646 -7.895699304492434 0.005050000000000001
      vertex 8.073010453362738 -7.934393284163646 0.005050000000000001
    endloop
  endfacet
  facet normal 0.7883464276266051 -0.6152315905806282 -1.2258921321545644e-16
    outer loop
      vertex 8.073010453362738 -7.934393284163646 -0.00495
      vertex 8.103207531480646 -7.895699304492434 -0.00495
      vertex 8.103207531480646 -7.895699304492434 0.005050000000000001
    endloop
  endfacet
  facet normal 0 0 -1
    outer loop
      vertex 8.073010453362738 -7.934393284163646 -0.00495
      vertex 8.131469612302546 -7.855570233019603 -0.00495
      vertex 8.103207531480646 -7.895699304492434 -0.00495
    endloop
  endfacet
  facet normal 0 0 -1
    outer loop
      vertex 8.007106781186549 -8.007106781186549 -0.00495
      vertex 8.223879532511287 -7.68268343236509 -0.00495
      vertex 8.073010453362738 -7.934393284163646 -0.00495
    endloop
  endfacet
  facet normal 0.8175848131515888 -0.575808191417838 0
    outer loop
      vertex 8.103207531480646 -7.895699304492434 -0.00495
      vertex 8.131469612302546 -7.855570233019603 -0.00495
      vertex 8.103207531480646 -7.895699304492434 0.005050000000000001
    endloop
  endfacet
  facet normal 0 0 -1
    outer loop
      vertex 8.073010453362738 -7.934393284163646 -0.00495
      vertex 8.157728610000273 -7.814102744193223 -0.00495
      vertex 8.131469612302546 -7.855570233019603 -0.00495
    endloop
  endfacet
  facet normal 0.8175848131515888 -0.575808191417838 -7.808484056361628e-18
    outer loop
      vertex 8.103207531480646 -7.895699304492434 0.005050000000000001
      vertex 8.131469612302546 -7.855570233019603 -0.00495
      vertex 8.131469612302546 -7.855570233019603 0.005050000000000001
    endloop
  endfacet
  facet normal 0.8448535652496996 -0.5349976198871089 0
    outer loop
      vertex 8.131469612302546 -7.855570233019603 -0.00495
      vertex 8.157728610000273 -7.814102744193223 0.005050000000000001
      vertex 8.131469612302546 -7.855570233019603 0.005050000000000001
    endloop
  endfacet
  facet normal 0.8448535652496996 -0.5349976198871089 4.369913759878488e-17
    outer loop
      vertex 8.131469612302546 -7.855570233019603 -0.00495
      vertex 8.157728610000273 -7.814102744193223 -0.00495
      vertex 8.157728610000273 -7.814102744193223 0.005050000000000001
    endloop
  endfacet
  facet normal 0 0 -1
    outer loop
      vertex 8.073010453362738 -7.934393284163646 -0.00495
      vertex 8.223879532511287 -7.68268343236509 -0.00495
      vertex 8.157728610000273 -7.814102744193223 -0.00495
    endloop
  endfacet
  facet normal 0.8700869911087146 -0.49289819222977843 0
    outer loop
      vertex 8.157728610000273 -7.814102744193223 -0.00495
      vertex 8.181921264348356 -7.771396736825999 0.005050000000000001
      vertex 8.157728610000273 -7.814102744193223 0.005050000000000001
    endloop
  endfacet
  facet normal 0.8700869911087146 -0.49289819222977843 -1.0638569812861197e-16
    outer loop
      vertex 8.157728610000273 -7.814102744193223 -0.00495
      vertex 8.181921264348356 -7.771396736825999 -0.00495
      vertex 8.181921264348356 -7.771396736825999 0.005050000000000001
    endloop
  endfacet
  facet normal 0 0 -1
    outer loop
      vertex 8.157728610000273 -7.814102744193223 -0.00495
      vertex 8.223879532511287 -7.68268343236509 -0.00495
      vertex 8.181921264348356 -7.771396736825999 -0.00495
    endloop
  endfacet
  facet normal 0.8932243011955183 -0.4496113296546005 0
    outer loop
      vertex 8.181921264348356 -7.771396736825999 -0.00495
      vertex 8.203989293123444 -7.727555093430283 0.005050000000000001
      vertex 8.181921264348356 -7.771396736825999 0.005050000000000001
    endloop
  endfacet
  facet normal 0.8932243011955183 -0.4496113296546005 -6.462560192373798e-17
    outer loop
      vertex 8.181921264348356 -7.771396736825999 -0.00495
      vertex 8.203989293123444 -7.727555093430283 -0.00495
      vertex 8.203989293123444 -7.727555093430283 0.005050000000000001
    endloop
  endfacet
  facet normal 0 0 -1
    outer loop
      vertex 8.181921264348356 -7.771396736825999 -0.00495
      vertex 8.223879532511287 -7.68268343236509 -0.00495
      vertex 8.203989293123444 -7.727555093430283 -0.00495
    endloop
  endfacet
  facet normal 0 0 -1
    outer loop
      vertex 8.007106781186549 -8.007106781186549 -0.00495
      vertex 8.3 -7.300000000000001 -0.00495
      vertex 8.223879532511287 -7.68268343236509 -0.00495
    endloop
  endfacet
  facet normal 0.914209755703534 -0.4052413140049827 0
    outer loop
      vertex 8.203989293123444 -7.727555093430283 -0.00495
      vertex 8.223879532511287 -7.68268343236509 -0.00495
      vertex 8.203989293123444 -7.727555093430283 0.005050000000000001
    endloop
  endfacet
  facet normal 0.914209755703534 -0.4052413140049827 -1.0375808606099149e-16
    outer loop
      vertex 8.203989293123444 -7.727555093430283 0.005050000000000001
      vertex 8.223879532511287 -7.68268343236509 -0.00495
      vertex 8.223879532511287 -7.68268343236509 0.005050000000000001
    endloop
  endfacet
  facet normal 0.932992798834737 -0.35989503653499316 0
    outer loop
      vertex 8.223879532511287 -7.68268343236509 -0.00495
      vertex 8.241544065183021 -7.636889853392221 0.005050000000000001
      vertex 8.223879532511287 -7.68268343236509 0.005050000000000001
    endloop
  endfacet
  facet normal 0.932992798834737 -0.35989503653499316 -3.5145105410712124e-17
    outer loop
      vertex 8.223879532511287 -7.68268343236509 -0.00495
      vertex 8.241544065183021 -7.636889853392221 -0.00495
      vertex 8.241544065183021 -7.636889853392221 0.005050000000000001
    endloop
  endfacet
  facet normal 0.9495281805930307 -0.3136817403989097 0
    outer loop
      vertex 8.241544065183021 -7.636889853392221 -0.00495
      vertex 8.25694033573221 -7.590284677254463 0.005050000000000001
      vertex 8.241544065183021 -7.636889853392221 0.005050000000000001
    endloop
  endfacet
  facet normal 0 0 -1
    outer loop
      vertex 8.223879532511287 -7.68268343236509 -0.00495
      vertex 8.280785280403231 -7.495090322016129 -0.00495
      vertex 8.241544065183021 -7.636889853392221 -0.00495
    endloop
  endfacet
  facet normal 0.9495281805930307 -0.3136817403989097 -7.424109525557104e-17
    outer loop
      vertex 8.241544065183021 -7.636889853392221 -0.00495
      vertex 8.25694033573221 -7.590284677254463 -0.00495
      vertex 8.25694033573221 -7.590284677254463 0.005050000000000001
    endloop
  endfacet
  facet normal 0 0 -1
    outer loop
      vertex 8.241544065183021 -7.636889853392221 -0.00495
      vertex 8.280785280403231 -7.495090322016129 -0.00495
      vertex 8.25694033573221 -7.590284677254463 -0.00495
    endloop
  endfacet
  facet normal 0.9637760657954466 -0.2667127574748739 0
    outer loop
      vertex 8.25694033573221 -7.590284677254463 -0.00495
      vertex 8.270031253194544 -7.542980179903265 0.005050000000000001
      vertex 8.25694033573221 -7.590284677254463 0.005050000000000001
    endloop
  endfacet
  facet normal 0.9637760657954466 -0.2667127574748739 7.934497710735335e-17
    outer loop
      vertex 8.25694033573221 -7.590284677254463 -0.00495
      vertex 8.270031253194544 -7.542980179903265 -0.00495
      vertex 8.270031253194544 -7.542980179903265 0.005050000000000001
    endloop
  endfacet
  facet normal 0 0 -1
    outer loop
      vertex 8.25694033573221 -7.590284677254463 -0.00495
      vertex 8.280785280403231 -7.495090322016129 -0.00495
      vertex 8.270031253194544 -7.542980179903265 -0.00495
    endloop
  endfacet
  facet normal 0.9757021300385256 -0.21910124015688293 0
    outer loop
      vertex 8.270031253194544 -7.542980179903265 -0.00495
      vertex 8.280785280403231 -7.495090322016129 -0.00495
      vertex 8.270031253194544 -7.542980179903265 0.005050000000000001
    endloop
  endfacet
  facet normal 0.9757021300385256 -0.21910124015688293 9.260387099027372e-17
    outer loop
      vertex 8.270031253194544 -7.542980179903265 0.005050000000000001
      vertex 8.280785280403231 -7.495090322016129 -0.00495
      vertex 8.280785280403231 -7.495090322016129 0.005050000000000001
    endloop
  endfacet
  facet normal 0 0 -1
    outer loop
      vertex 8.223879532511287 -7.68268343236509 -0.00495
      vertex 8.3 -7.300000000000001 -0.00495
      vertex 8.280785280403231 -7.495090322016129 -0.00495
    endloop
  endfacet
  facet normal 0.9852776423889434 -0.17096188876028862 0
    outer loop
      vertex 8.280785280403231 -7.495090322016129 -0.00495
      vertex 8.289176509964781 -7.446730474455363 0.005050000000000001
      vertex 8.280785280403231 -7.495090322016129 0.005050000000000001
    endloop
  endfacet
  facet normal 0.9852776423889434 -0.17096188876028862 1.471406909311094e-17
    outer loop
      vertex 8.280785280403231 -7.495090322016129 -0.00495
      vertex 8.289176509964781 -7.446730474455363 -0.00495
      vertex 8.289176509964781 -7.446730474455363 0.005050000000000001
    endloop
  endfacet
  facet normal 0 0 -1
    outer loop
      vertex 8.280785280403231 -7.495090322016129 -0.00495
      vertex 8.295184726672197 -7.398017140329562 -0.00495
      vertex 8.289176509964781 -7.446730474455363 -0.00495
    endloop
  endfacet
  facet normal 0.9924795345987096 -0.12241067519921875 0
    outer loop
      vertex 8.289176509964781 -7.446730474455363 -0.00495
      vertex 8.295184726672197 -7.398017140329562 -0.00495
      vertex 8.289176509964781 -7.446730474455363 0.005050000000000001
    endloop
  endfacet
  facet normal 0.9924795345987096 -0.12241067519921875 6.899163172176291e-18
    outer loop
      vertex 8.289176509964781 -7.446730474455363 0.005050000000000001
      vertex 8.295184726672197 -7.398017140329562 -0.00495
      vertex 8.295184726672197 -7.398017140329562 0.005050000000000001
    endloop
  endfacet
  facet normal 0 0 -1
    outer loop
      vertex 8.280785280403231 -7.495090322016129 -0.00495
      vertex 8.3 -7.300000000000001 -0.00495
      vertex 8.295184726672197 -7.398017140329562 -0.00495
    endloop
  endfacet
  facet normal 0.9972904566786889 -0.07356456359968419 0
    outer loop
      vertex 8.295184726672197 -7.398017140329562 -0.00495
      vertex 8.298795456205173 -7.349067674327419 0.005050000000000001
      vertex 8.295184726672197 -7.398017140329562 0.005050000000000001
    endloop
  endfacet
  facet normal 0.9972904566786889 -0.07356456359968419 5.316206543072558e-18
    outer loop
      vertex 8.295184726672197 -7.398017140329562 -0.00495
      vertex 8.298795456205173 -7.349067674327419 -0.00495
      vertex 8.298795456205173 -7.349067674327419 0.005050000000000001
    endloop
  endfacet
  facet normal 0 0 -1
    outer loop
      vertex 8.295184726672197 -7.398017140329562 -0.00495
      vertex 8.3 -7.300000000000001 -0.00495
      vertex 8.298795456205173 -7.349067674327419 -0.00495
    endloop
  endfacet
  facet normal 0.9996988186962044 -0.024541228522907587 0
    outer loop
      vertex 8.298795456205173 -7.349067674327419 -0.00495
      vertex 8.3 -7.300000000000001 -0.00495
      vertex 8.298795456205173 -7.349067674327419 0.005050000000000001
    endloop
  endfacet
  facet normal 0.9996988186962044 -0.024541228522907587 -1.1764332665181406e-18
    outer loop
      vertex 8.298795456205173 -7.349067674327419 0.005050000000000001
      vertex 8.3 -7.300000000000001 -0.00495
      vertex 8.3 -7.300000000000001 0.005050000000000001
    endloop
  endfacet
  facet normal 0.023750684195776205 -0.9674956130081709 0.25177002166694956
    outer loop
      vertex 7.300000000000001 -8.3 0.005050000000000001
      vertex 7.349067674327419 -8.298795456205173 0.005050000000000001
      vertex 4.480176235173009 -6.608105741103805 6.7726270355847795
    endloop
  endfacet
  facet normal 0.0708478748358041 -0.9604612056723597 0.2692486787890469
    outer loop
      vertex 7.349067674327419 -8.298795456205173 0.005050000000000001
      vertex 7.398017140329562 -8.295184726672197 0.005050000000000001
      vertex 4.686265295494708 -6.596302664648566 6.778833169810583
    endloop
  endfacet
  facet normal 0.11731507290862268 -0.9511654826858323 0.28551952335255865
    outer loop
      vertex 7.398017140329562 -8.295184726672197 0.005050000000000001
      vertex 7.446730474455363 -8.289176509964781 0.005050000000000001
      vertex 4.788623013123638 -6.582643897348549 6.782278275328644
    endloop
  endfacet
  facet normal 0.16305620743254817 -0.9397160782499555 0.30057672148095127
    outer loop
      vertex 7.446730474455363 -8.289176509964781 0.005050000000000001
      vertex 7.495090322016129 -8.280785280403231 0.005050000000000001
      vertex 4.788623013123638 -6.582643897348549 6.782278275328644
    endloop
  endfacet
  facet normal 0.20798928334109315 -0.9262183392288567 0.31442017443446124
    outer loop
      vertex 7.495090322016129 -8.280785280403231 0.005050000000000001
      vertex 7.542980179903265 -8.270031253194544 0.005050000000000001
      vertex 4.99079364355214 -6.539977488550365 6.789713157034404
    endloop
  endfacet
  facet normal 0.2520450329242912 -0.9107737197683217 0.32705432692072367
    outer loop
      vertex 7.542980179903265 -8.270031253194544 0.005050000000000001
      vertex 7.590284677254463 -8.25694033573221 0.005050000000000001
      vertex 4.99079364355214 -6.539977488550365 6.789713157034404
    endloop
  endfacet
  facet normal 0.2951654371816319 -0.8934785307700859 0.33848704516761746
    outer loop
      vertex 7.590284677254463 -8.25694033573221 0.005050000000000001
      vertex 7.636889853392221 -8.241544065183021 0.005050000000000001
      vertex 5.1879291324550545 -6.4771413713750166 6.797937707852494
    endloop
  endfacet
  facet normal 0.3373021789563626 -0.8744230179649986 0.3487285846102579
    outer loop
      vertex 7.636889853392221 -8.241544065183021 0.005050000000000001
      vertex 7.68268343236509 -8.223879532511287 0.005050000000000001
      vertex 5.1879291324550545 -6.4771413713750166 6.797937707852494
    endloop
  endfacet
  facet normal 0.37841507766338844 -0.8536907362335876 0.35779065927713494
    outer loop
      vertex 7.68268343236509 -8.223879532511287 0.005050000000000001
      vertex 7.727555093430283 -8.203989293123444 0.005050000000000001
      vertex 5.378151061341632 -6.394689572727572 6.806883017536814
    endloop
  endfacet
  facet normal 0.4184705438483048 -0.8313581852729586 0.3656856186821642
    outer loop
      vertex 7.727555093430283 -8.203989293123444 0.005050000000000001
      vertex 7.771396736825999 -8.181921264348356 0.005050000000000001
      vertex 5.378151061341632 -6.394689572727572 6.806883017536814
    endloop
  endfacet
  facet normal 0.45744008137685616 -0.8074946719061395 0.3724257332584997
    outer loop
      vertex 7.771396736825999 -8.181921264348356 0.005050000000000001
      vertex 7.814102744193223 -8.157728610000273 0.005050000000000001
      vertex 5.470120021343765 -6.346349476720471 6.811536287165681
    endloop
  endfacet
  facet normal 0.49529885611567165 -0.7821623665199152 0.3780225860057477
    outer loop
      vertex 7.814102744193223 -8.157728610000273 0.005050000000000001
      vertex 7.855570233019603 -8.131469612302546 0.005050000000000001
      vertex 5.646665861960589 -6.235991498761171 6.821149224265626
    endloop
  endfacet
  facet normal 0.5320243426951955 -0.755416524630346 0.3824865659015423
    outer loop
      vertex 7.855570233019603 -8.131469612302546 0.005050000000000001
      vertex 7.895699304492434 -8.103207531480646 0.005050000000000001
      vertex 5.730815323605101 -6.174227070225948 6.826086150418393
    endloop
  endfacet
  facet normal 0.5675950553590765 -0.7273058488569466 0.3858264575562481
    outer loop
      vertex 7.895699304492434 -8.103207531480646 0.005050000000000001
      vertex 7.934393284163646 -8.073010453362738 0.005050000000000001
      vertex 5.811940874784186 -6.108259204817746 6.831094497040612
    endloop
  endfacet
  facet normal 0.6019893649187763 -0.6978729712000237 0.3880491213662766
    outer loop
      vertex 7.934393284163646 -8.073010453362738 0.005050000000000001
      vertex 7.971558954847019 -8.04095112535496 0.005050000000000001
      vertex 5.811940874784186 -6.108259204817746 6.831094497040612
    endloop
  endfacet
  facet normal 0.6351844013194092 -0.6671550401249879 0.38915925885982655
    outer loop
      vertex 7.971558954847019 -8.04095112535496 0.005050000000000001
      vertex 8.007106781186549 -8.007106781186549 0.005050000000000001
      vertex 5.889844588206831 -6.038241044175143 6.836162347292604
    endloop
  endfacet
  facet normal 0.6671550401249879 -0.6351844013194092 0.3891592588598266
    outer loop
      vertex 8.007106781186549 -8.007106781186549 0.005050000000000001
      vertex 8.04095112535496 -7.971558954847019 0.005050000000000001
      vertex 5.9643357592379855 -5.9643357592379855 6.841277614159243
    endloop
  endfacet
  facet normal 0.6978729712000236 -0.6019893649187763 0.3880491213662768
    outer loop
      vertex 8.04095112535496 -7.971558954847019 0.005050000000000001
      vertex 8.073010453362738 -7.934393284163646 0.005050000000000001
      vertex 6.0352313933309 -5.886716210584974 6.846428068345464
    endloop
  endfacet
  facet normal 0.7273058488569465 -0.5675950553590765 0.3858264575562481
    outer loop
      vertex 8.073010453362738 -7.934393284163646 0.005050000000000001
      vertex 8.103207531480646 -7.895699304492434 0.005050000000000001
      vertex 6.10235667987203 -5.805564582466402 6.851601366780068
    endloop
  endfacet
  facet normal 0.755416524630346 -0.5320243426951956 0.3824865659015424
    outer loop
      vertex 8.103207531480646 -7.895699304492434 0.005050000000000001
      vertex 8.131469612302546 -7.855570233019603 0.005050000000000001
      vertex 6.165545451002871 -5.7210719909162995 6.856785081669492
    endloop
  endfacet
  facet normal 0.7821623665199152 -0.49529885611567154 0.3780225860057478
    outer loop
      vertex 8.131469612302546 -7.855570233019603 0.005050000000000001
      vertex 8.157728610000273 -7.814102744193223 0.005050000000000001
      vertex 6.22464062397225 -5.633438066420526 6.861966730039378
    endloop
  endfacet
  facet normal 0.8074946719061395 -0.45744008137685604 0.37242573325849976
    outer loop
      vertex 8.157728610000273 -7.814102744193223 0.005050000000000001
      vertex 8.181921264348356 -7.771396736825999 0.005050000000000001
      vertex 6.279494625568018 -5.542870511713264 6.867133803697873
    endloop
  endfacet
  facet normal 0.8313581852729585 -0.4184705438483048 0.3656856186821642
    outer loop
      vertex 8.181921264348356 -7.771396736825999 0.005050000000000001
      vertex 8.203989293123444 -7.727555093430283 0.005050000000000001
      vertex 6.329969797179336 -5.449584635373495 6.872273799550847
    endloop
  endfacet
  facet normal 0.8536907362335876 -0.3784150776633884 0.35779065927713505
    outer loop
      vertex 8.203989293123444 -7.727555093430283 0.005050000000000001
      vertex 8.223879532511287 -7.68268343236509 0.005050000000000001
      vertex 6.3920055918722944 -5.315701821300564 6.879336064983363
    endloop
  endfacet
  facet normal 0.8744230179649984 -0.33730217895636266 0.34872858461025785
    outer loop
      vertex 8.223879532511287 -7.68268343236509 0.005050000000000001
      vertex 8.241544065183021 -7.636889853392221 0.005050000000000001
      vertex 6.416460649602622 -5.254646981866993 6.885560418553805
    endloop
  endfacet
  facet normal 0.893478530770086 -0.2951654371816319 0.33848704516761746
    outer loop
      vertex 8.241544065183021 -7.636889853392221 0.005050000000000001
      vertex 8.25694033573221 -7.590284677254463 0.005050000000000001
      vertex 6.451769725063285 -5.1527137219022405 6.895617645070781
    endloop
  endfacet
  facet normal 0.9107737197683217 -0.25204503292429115 0.32705432692072395
    outer loop
      vertex 8.25694033573221 -7.590284677254463 0.005050000000000001
      vertex 8.270031253194544 -7.542980179903265 0.005050000000000001
      vertex 6.482298688376524 -5.048935867903633 6.905528400611104
    endloop
  endfacet
  facet normal 0.9262183392288567 -0.20798928334109315 0.3144201744344613
    outer loop
      vertex 8.270031253194544 -7.542980179903265 0.005050000000000001
      vertex 8.280785280403231 -7.495090322016129 0.005050000000000001
      vertex 6.507961646722531 -4.943563666003005 6.91526804262804
    endloop
  endfacet
  facet normal 0.9397160782499555 -0.16305620743254814 0.3005767214809514
    outer loop
      vertex 8.280785280403231 -7.495090322016129 0.005050000000000001
      vertex 8.289176509964781 -7.446730474455363 0.005050000000000001
      vertex 6.528684503941579 -4.836852494027338 6.924812245036809
    endloop
  endfacet
  facet normal 0.9511654826858322 -0.11731507290862267 0.28551952335255854
    outer loop
      vertex 8.289176509964781 -7.446730474455363 0.005050000000000001
      vertex 8.295184726672197 -7.398017140329562 0.005050000000000001
      vertex 6.544405259603782 -4.72906223617212 6.934137064910515
    endloop
  endfacet
  facet normal 0.9604612056723597 -0.0708478748358041 0.2692486787890469
    outer loop
      vertex 8.295184726672197 -7.398017140329562 0.005050000000000001
      vertex 8.298795456205173 -7.349067674327419 0.005050000000000001
      vertex 6.555074277684943 -4.620456634077095 6.9432190091665955
    endloop
  endfacet
  facet normal 0.9674956130081709 -0.023750684195776205 0.25177002166694945
    outer loop
      vertex 8.298795456205173 -7.349067674327419 0.005050000000000001
      vertex 8.3 -7.300000000000001 0.005050000000000001
      vertex 6.560632357592572 -4.511266427795165 6.95212369144558
    endloop
  endfacet
  facet normal 0 0 -1
    outer loop
      vertex 6.5 -6.5 -0.00495
      vertex 6.5 6.5 -0.00495
      vertex 8.3 -7.300000000000001 -0.00495
    endloop
  endfacet
  facet normal 1 0 0
    outer loop
      vertex 8.3 -7.300000000000001 -0.00495
      vertex 8.3 7.300000000000001 0.005050000000000001
      vertex 8.3 -7.300000000000001 0.005050000000000001
    endloop
  endfacet
  facet normal 0.9701425001453319 0 0.24253562503633305
    outer loop
      vertex 8.3 -7.300000000000001 0.005050000000000001
      vertex 8.3 7.300000000000001 0.005050000000000001
      vertex 6.522620541565327 -2.5051650701297516 7.114567833738693
    endloop
  endfacet
  facet normal -9.440031002687438e-16 -0.9701425001453319 0.24253562503633275
    outer loop
      vertex 7.300000000000001 -8.3 0.005050000000000001
      vertex 2.0525723948827386 -6.621075622209124 6.720747511163506
      vertex 1.6946037452495 -6.622262624149089 6.715999503403644
    endloop
  endfacet
  facet normal -9.611838376643847e-16 -0.9701425001453321 0.24253562503633205
    outer loop
      vertex 7.300000000000001 -8.3 0.005050000000000001
      vertex 2.4215801780109283 -6.6196367888853 6.726502844458802
      vertex 2.0525723948827386 -6.621075622209124 6.720747511163506
    endloop
  endfacet
  facet normal 8.02844537740994e-16 -0.9701425001453318 0.24253562503633336
    outer loop
      vertex 7.300000000000001 -8.3 0.005050000000000001
      vertex 2.804049317094102 -6.617926109108408 6.733345563566368
      vertex 2.4215801780109283 -6.6196367888853 6.726502844458802
    endloop
  endfacet
  facet normal -1.5436650003852882e-15 -0.970142500145332 0.24253562503633197
    outer loop
      vertex 7.300000000000001 -8.3 0.005050000000000001
      vertex 3.2027194026310344 -6.615918762062383 6.741374951750473
      vertex 2.804049317094102 -6.617926109108408 6.733345563566368
    endloop
  endfacet
  facet normal 1.7455344636760914e-15 -0.9701425001453317 0.24253562503633386
    outer loop
      vertex 7.300000000000001 -8.3 0.005050000000000001
      vertex 3.620733442210573 -6.613584175458779 6.750713298164883
      vertex 3.2027194026310344 -6.615918762062383 6.741374951750473
    endloop
  endfacet
  facet normal 1.4157601580951163e-16 -0.9701425001453318 0.24253562503633297
    outer loop
      vertex 7.300000000000001 -8.3 0.005050000000000001
      vertex 4.061746849737627 -6.610884782616435 6.76151086953426
      vertex 3.620733442210573 -6.613584175458779 6.750713298164883
    endloop
  endfacet
  facet normal 4.504451598235381e-16 -0.9701425001453318 0.24253562503633314
    outer loop
      vertex 7.300000000000001 -8.3 0.005050000000000001
      vertex 4.480176235173009 -6.608105741103805 6.7726270355847795
      vertex 4.061746849737627 -6.610884782616435 6.76151086953426
    endloop
  endfacet
  facet normal 0.0237506841957771 -0.9674956130081701 0.25177002166695234
    outer loop
      vertex 7.349067674327419 -8.298795456205173 0.005050000000000001
      vertex 4.530922410557176 -6.606495410169925 6.774028043242449
      vertex 4.480176235173009 -6.608105741103805 6.7726270355847795
    endloop
  endfacet
  facet normal 0.023750684195778828 -0.9674956130081709 0.2517700216669496
    outer loop
      vertex 7.349067674327419 -8.298795456205173 0.005050000000000001
      vertex 4.583382358602994 -6.604803615148202 6.775580430615955
      vertex 4.530922410557176 -6.606495410169925 6.774028043242449
    endloop
  endfacet
  facet normal 0.07084787483578803 -0.9604612056723623 0.26924867878904163
    outer loop
      vertex 7.349067674327419 -8.298795456205173 0.005050000000000001
      vertex 4.686265295494708 -6.596302664648566 6.778833169810583
      vertex 4.583382358602994 -6.604803615148202 6.775580430615955
    endloop
  endfacet
  facet normal 0.11731507290862225 -0.9511654826858321 0.2855195233525589
    outer loop
      vertex 7.398017140329562 -8.295184726672197 0.005050000000000001
      vertex 4.788623013123638 -6.582643897348549 6.782278275328644
      vertex 4.686265295494708 -6.596302664648566 6.778833169810583
    endloop
  endfacet
  facet normal 0.16305620743256294 -0.9397160782499512 0.30057672148095693
    outer loop
      vertex 7.495090322016129 -8.280785280403231 0.005050000000000001
      vertex 4.8902128796005675 -6.563855462691302 6.7859077506448955
      vertex 4.788623013123638 -6.582643897348549 6.782278275328644
    endloop
  endfacet
  facet normal 0.20798928334107644 -0.926218339228862 0.31442017443445636
    outer loop
      vertex 7.495090322016129 -8.280785280403231 0.005050000000000001
      vertex 4.99079364355214 -6.539977488550365 6.789713157034404
      vertex 4.8902128796005675 -6.563855462691302 6.7859077506448955
    endloop
  endfacet
  facet normal 0.25204503292431835 -0.9107737197683111 0.3270543269207321
    outer loop
      vertex 7.590284677254463 -8.25694033573221 0.005050000000000001
      vertex 5.090125981525361 -6.511062032795625 6.793685631007958
      vertex 4.99079364355214 -6.539977488550365 6.789713157034404
    endloop
  endfacet
  facet normal 0.29516543718157867 -0.8934785307701067 0.3384870451676088
    outer loop
      vertex 7.590284677254463 -8.25694033573221 0.005050000000000001
      vertex 5.103297258928066 -6.5065002022108835 6.7942416104416
      vertex 5.090125981525361 -6.511062032795625 6.793685631007958
    endloop
  endfacet
  facet normal 0.29516543718161703 -0.8934785307700923 0.33848704516761374
    outer loop
      vertex 7.590284677254463 -8.25694033573221 0.005050000000000001
      vertex 5.1879291324550545 -6.4771413713750166 6.797937707852494
      vertex 5.103297258928066 -6.5065002022108835 6.7942416104416
    endloop
  endfacet
  facet normal 0.33730217895635756 -0.874423017965001 0.34872858461025674
    outer loop
      vertex 7.68268343236509 -8.223879532511287 0.005050000000000001
      vertex 5.284011981209068 -6.438319816624839 6.802346600296454
      vertex 5.1879291324550545 -6.4771413713750166 6.797937707852494
    endloop
  endfacet
  facet normal 0.37841507766339133 -0.8536907362335859 0.35779065927713566
    outer loop
      vertex 7.68268343236509 -8.223879532511287 0.005050000000000001
      vertex 5.378151061341632 -6.394689572727572 6.806883017536814
      vertex 5.284011981209068 -6.438319816624839 6.802346600296454
    endloop
  endfacet
  facet normal 0.4184705438483137 -0.8313581852729532 0.3656856186821662
    outer loop
      vertex 7.771396736825999 -8.181921264348356 0.005050000000000001
      vertex 5.470120021343765 -6.346349476720471 6.811536287165681
      vertex 5.378151061341632 -6.394689572727572 6.806883017536814
    endloop
  endfacet
  facet normal 0.45744008137686076 -0.8074946719061366 0.37242573325850076
    outer loop
      vertex 7.814102744193223 -8.157728610000273 0.005050000000000001
      vertex 5.559697140196934 -6.29340969114761 6.816295438013643
      vertex 5.470120021343765 -6.346349476720471 6.811536287165681
    endloop
  endfacet
  facet normal 0.49529885611566093 -0.7821623665199225 0.3780225860057467
    outer loop
      vertex 7.814102744193223 -8.157728610000273 0.005050000000000001
      vertex 5.646665861960589 -6.235991498761171 6.821149224265626
      vertex 5.559697140196934 -6.29340969114761 6.816295438013643
    endloop
  endfacet
  facet normal 0.5320243426951964 -0.7554165246303456 0.3824865659015421
    outer loop
      vertex 7.855570233019603 -8.131469612302546 0.005050000000000001
      vertex 5.730815323605101 -6.174227070225948 6.826086150418393
      vertex 5.646665861960589 -6.235991498761171 6.821149224265626
    endloop
  endfacet
  facet normal 0.5675950553590768 -0.7273058488569459 0.3858264575562487
    outer loop
      vertex 7.895699304492434 -8.103207531480646 0.005050000000000001
      vertex 5.811940874784186 -6.108259204817746 6.831094497040612
      vertex 5.730815323605101 -6.174227070225948 6.826086150418393
    endloop
  endfacet
  facet normal 0.6019893649187789 -0.6978729712000217 0.38804912136627645
    outer loop
      vertex 7.971558954847019 -8.04095112535496 0.005050000000000001
      vertex 5.889844588206831 -6.038241044175143 6.836162347292604
      vertex 5.811940874784186 -6.108259204817746 6.831094497040612
    endloop
  endfacet
  facet normal 0.6351844013194138 -0.6671550401249836 0.3891592588598264
    outer loop
      vertex 8.007106781186549 -8.007106781186549 0.005050000000000001
      vertex 5.9643357592379855 -5.9643357592379855 6.841277614159243
      vertex 5.889844588206831 -6.038241044175143 6.836162347292604
    endloop
  endfacet
  facet normal 0.6671550401249869 -0.6351844013194098 0.3891592588598271
    outer loop
      vertex 8.04095112535496 -7.971558954847019 0.005050000000000001
      vertex 6.0352313933309 -5.886716210584974 6.846428068345464
      vertex 5.9643357592379855 -5.9643357592379855 6.841277614159243
    endloop
  endfacet
  facet normal 0.6978729712000161 -0.6019893649187846 0.38804912136627734
    outer loop
      vertex 8.073010453362738 -7.934393284163646 0.005050000000000001
      vertex 6.10235667987203 -5.805564582466402 6.851601366780068
      vertex 6.0352313933309 -5.886716210584974 6.846428068345464
    endloop
  endfacet
  facet normal 0.727305848856949 -0.5675950553590731 0.3858264575562486
    outer loop
      vertex 8.103207531480646 -7.895699304492434 0.005050000000000001
      vertex 6.165545451002871 -5.7210719909162995 6.856785081669492
      vertex 6.10235667987203 -5.805564582466402 6.851601366780068
    endloop
  endfacet
  facet normal 0.7554165246303477 -0.5320243426951929 0.38248656590154273
    outer loop
      vertex 8.131469612302546 -7.855570233019603 0.005050000000000001
      vertex 6.22464062397225 -5.633438066420526 6.861966730039378
      vertex 6.165545451002871 -5.7210719909162995 6.856785081669492
    endloop
  endfacet
  facet normal 0.7821623665199167 -0.49529885611566976 0.37802258600574723
    outer loop
      vertex 8.157728610000273 -7.814102744193223 0.005050000000000001
      vertex 6.279494625568018 -5.542870511713264 6.867133803697873
      vertex 6.22464062397225 -5.633438066420526 6.861966730039378
    endloop
  endfacet
  facet normal 0.8074946719061347 -0.4574400813768639 0.37242573325850065
    outer loop
      vertex 8.181921264348356 -7.771396736825999 0.005050000000000001
      vertex 6.329969797179336 -5.449584635373495 6.872273799550847
      vertex 6.279494625568018 -5.542870511713264 6.867133803697873
    endloop
  endfacet
  facet normal 0.8313581852729592 -0.4184705438483042 0.3656856186821637
    outer loop
      vertex 8.203989293123444 -7.727555093430283 0.005050000000000001
      vertex 6.3759387790501885 -5.353802861994723 6.877374250195567
      vertex 6.329969797179336 -5.449584635373495 6.872273799550847
    endloop
  endfacet
  facet normal 0.8536907362335842 -0.37841507766339544 0.357790659277136
    outer loop
      vertex 8.203989293123444 -7.727555093430283 0.005050000000000001
      vertex 6.3920055918722944 -5.315701821300564 6.879336064983363
      vertex 6.3759387790501885 -5.353802861994723 6.877374250195567
    endloop
  endfacet
  facet normal 0.8536907362335849 -0.37841507766339166 0.3577906592771377
    outer loop
      vertex 8.223879532511287 -7.68268343236509 0.005050000000000001
      vertex 6.416460649602622 -5.254646981866993 6.885560418553805
      vertex 6.3920055918722944 -5.315701821300564 6.879336064983363
    endloop
  endfacet
  facet normal 0.8744230179649988 -0.33730217895636244 0.34872858461025763
    outer loop
      vertex 8.241544065183021 -7.636889853392221 0.005050000000000001
      vertex 6.451769725063285 -5.1527137219022405 6.895617645070781
      vertex 6.416460649602622 -5.254646981866993 6.885560418553805
    endloop
  endfacet
  facet normal 0.8934785307700913 -0.29516543718161925 0.3384870451676141
    outer loop
      vertex 8.25694033573221 -7.590284677254463 0.005050000000000001
      vertex 6.482298688376524 -5.048935867903633 6.905528400611104
      vertex 6.451769725063285 -5.1527137219022405 6.895617645070781
    endloop
  endfacet
  facet normal 0.9107737197683157 -0.2520450329243069 0.3270543269207281
    outer loop
      vertex 8.270031253194544 -7.542980179903265 0.005050000000000001
      vertex 6.507961646722531 -4.943563666003005 6.91526804262804
      vertex 6.482298688376524 -5.048935867903633 6.905528400611104
    endloop
  endfacet
  facet normal 0.9262183392288602 -0.20798928334108313 0.3144201744344577
    outer loop
      vertex 8.280785280403231 -7.495090322016129 0.005050000000000001
      vertex 6.528684503941579 -4.836852494027338 6.924812245036809
      vertex 6.507961646722531 -4.943563666003005 6.91526804262804
    endloop
  endfacet
  facet normal 0.939716078249951 -0.16305620743256521 0.30057672148095615
    outer loop
      vertex 8.289176509964781 -7.446730474455363 0.005050000000000001
      vertex 6.544405259603782 -4.72906223617212 6.934137064910515
      vertex 6.528684503941579 -4.836852494027338 6.924812245036809
    endloop
  endfacet
  facet normal 0.9511654826858342 -0.11731507290861254 0.28551952335255626
    outer loop
      vertex 8.295184726672197 -7.398017140329562 0.005050000000000001
      vertex 6.555074277684943 -4.620456634077095 6.9432190091665955
      vertex 6.544405259603782 -4.72906223617212 6.934137064910515
    endloop
  endfacet
  facet normal 0.9604612056723606 -0.07084787483579918 0.2692486787890451
    outer loop
      vertex 8.298795456205173 -7.349067674327419 0.005050000000000001
      vertex 6.558997481102782 -4.54371566778034 6.949417181420144
      vertex 6.555074277684943 -4.620456634077095 6.9432190091665955
    endloop
  endfacet
  facet normal 0.9604612056723602 -0.07084787483579788 0.26924867878904707
    outer loop
      vertex 8.298795456205173 -7.349067674327419 0.005050000000000001
      vertex 6.560632357592572 -4.511266427795165 6.95212369144558
      vertex 6.558997481102782 -4.54371566778034 6.949417181420144
    endloop
  endfacet
  facet normal 0.967495613008172 -0.023750684195766505 0.2517700216669459
    outer loop
      vertex 8.3 -7.300000000000001 0.005050000000000001
      vertex 6.5610196978787 -4.4016994964645 6.9609712084852
      vertex 6.560632357592572 -4.511266427795165 6.95212369144558
    endloop
  endfacet
  facet normal 0.9701425001453318 -1.0561113043176174e-15 0.24253562503633344
    outer loop
      vertex 8.3 -7.300000000000001 0.005050000000000001
      vertex 6.5449483303293645 -3.5922926124812062 7.025256678682544
      vertex 6.5610196978787 -4.4016994964645 6.9609712084852
    endloop
  endfacet
  facet normal 0.970142500145332 3.79429028645123e-16 0.24253562503633277
    outer loop
      vertex 8.3 -7.300000000000001 0.005050000000000001
      vertex 6.522620541565327 -2.5051650701297516 7.114567833738693
      vertex 6.5449483303293645 -3.5922926124812062 7.025256678682544
    endloop
  endfacet
  facet normal 0 0 -1
    outer loop
      vertex -6.5 6.5 -0.00495
      vertex 8.007106781186549 8.007106781186549 -0.00495
      vertex 6.5 6.5 -0.00495
    endloop
  endfacet
  facet normal 0 1 0
    outer loop
      vertex -7.300000000000001 8.3 -0.00495
      vertex 7.300000000000001 8.3 0.005050000000000001
      vertex 7.300000000000001 8.3 -0.00495
    endloop
  endfacet
  facet normal 0 0 -1
    outer loop
      vertex -7.300000000000001 8.3 -0.00495
      vertex 7.300000000000001 8.3 -0.00495
      vertex 8.007106781186549 8.007106781186549 -0.00495
    endloop
  endfacet
  facet normal -2.6212762188719602e-14 0.9701425001453488 0.2425356250362651
    outer loop
      vertex 7.300000000000001 8.3 0.005050000000000001
      vertex -0.7085800021886826 7.569244852811613 2.928070588753552
      vertex -0.6937775760889053 7.570070700413641 2.924767198345439
    endloop
  endfacet
  facet normal 3.5786147886169754e-14 0.970142500145313 0.2425356250364087
    outer loop
      vertex 7.300000000000001 8.3 0.005050000000000001
      vertex -0.6937775760889053 7.570070700413641 2.924767198345439
      vertex -0.6790503114461899 7.570846495057852 2.9216640197685946
    endloop
  endfacet
  facet normal 4.3741404141714145e-14 0.9701425001452973 0.24253562503647108
    outer loop
      vertex 7.300000000000001 8.3 0.005050000000000001
      vertex -0.6790503114461899 7.570846495057852 2.9216640197685946
      vertex -0.6643982008099556 7.571572238551277 2.9187610457948927
    endloop
  endfacet
  facet normal 2.7545031746797613e-14 0.9701425001453213 0.2425356250363751
    outer loop
      vertex 7.300000000000001 8.3 0.005050000000000001
      vertex -0.6643982008099556 7.571572238551277 2.9187610457948927
      vertex -0.6498212441802025 7.572247930893917 2.916058276424334
    endloop
  endfacet
  facet normal 2.341582919095713e-14 0.9701425001453159 0.2425356250363967
    outer loop
      vertex 7.300000000000001 8.3 0.005050000000000001
      vertex -0.6498212441802025 7.572247930893917 2.916058276424334
      vertex -0.6353194490075111 7.57287357208577 2.913555711656919
    endloop
  endfacet
  facet normal 2.1717402616713563e-14 0.9701425001453204 0.2425356250363781
    outer loop
      vertex 7.300000000000001 8.3 0.005050000000000001
      vertex -0.5498869195580482 7.575576343263361 2.9027446269465607
      vertex -0.5359112098813057 7.575851624592683 2.9016435016292723
    endloop
  endfacet
  facet normal -2.865910200275746e-15 0.9701425001453327 0.24253562503633014
    outer loop
      vertex 7.300000000000001 8.3 0.005050000000000001
      vertex -0.6353194490075111 7.57287357208577 2.913555711656919
      vertex -0.6208928003907204 7.573449162126838 2.911253351492647
    endloop
  endfacet
  facet normal -1.634382017728443e-14 0.9701425001453359 0.2425356250363172
    outer loop
      vertex 7.300000000000001 8.3 0.005050000000000001
      vertex -0.6208928003907204 7.573449162126838 2.911253351492647
      vertex -0.6065413132309914 7.573974701017121 2.909151195931518
    endloop
  endfacet
  facet normal -2.8619137972532677e-14 0.9701425001453481 0.24253562503626788
    outer loop
      vertex 7.300000000000001 8.3 0.005050000000000001
      vertex -0.6065413132309914 7.573974701017121 2.909151195931518
      vertex -0.5922649800777435 7.574450188756617 2.9072492449735328
    endloop
  endfacet
  facet normal -5.752069847177196e-14 0.9701425001453713 0.24253562503617576
    outer loop
      vertex 7.300000000000001 8.3 0.005050000000000001
      vertex -0.5922649800777435 7.574450188756617 2.9072492449735328
      vertex -0.5780638083815575 7.574875623538297 2.9055475058468154
    endloop
  endfacet
  facet normal 5.909297842779452e-14 0.9701425001452954 0.24253562503647896
    outer loop
      vertex 7.300000000000001 8.3 0.005050000000000001
      vertex -0.5780638083815575 7.574875623538297 2.9055475058468154
      vertex -0.563937783241272 7.575251008976221 2.904045964095116
    endloop
  endfacet
  facet normal -4.481462793280113e-14 0.9701425001453674 0.24253562503619086
    outer loop
      vertex 7.300000000000001 8.3 0.005050000000000001
      vertex -0.563937783241272 7.575251008976221 2.904045964095116
      vertex -0.5498869195580482 7.575576343263361 2.9027446269465607
    endloop
  endfacet
  facet normal 6.7158445373725574e-15 0.9701425001453281 0.2425356250363481
    outer loop
      vertex 7.300000000000001 8.3 0.005050000000000001
      vertex -0.0427849143743515 7.5238111836088395 3.109805265564644
      vertex -0.02939508855342865 7.518808470074752 3.129816119700991
    endloop
  endfacet
  facet normal -5.532306372270663e-15 0.9701425001453344 0.24253562503632306
    outer loop
      vertex 7.300000000000001 8.3 0.005050000000000001
      vertex -0.02939508855342865 7.518808470074752 3.129816119700991
      vertex -0.01633840799331665 7.513545061567368 3.1508697537305306
    endloop
  endfacet
  facet normal -6.118479597553134e-15 0.9701425001453361 0.24253562503631626
    outer loop
      vertex 7.300000000000001 8.3 0.005050000000000001
      vertex -0.01633840799331665 7.513545061567368 3.1508697537305306
      vertex -0.0036148801445961 7.508020956279654 3.172966174881388
    endloop
  endfacet
  facet normal 3.7648074511351505e-15 0.9701425001453301 0.24253562503634035
    outer loop
      vertex 7.300000000000001 8.3 0.005050000000000001
      vertex -0.0036148801445961 7.508020956279654 3.172966174881388
      vertex 0.008775502443313599 7.50223615421161 3.196105383153564
    endloop
  endfacet
  facet normal 1.7458841099395846e-15 0.9701425001453314 0.24253562503633486
    outer loop
      vertex 7.300000000000001 8.3 0.005050000000000001
      vertex 0.008775502443313599 7.50223615421161 3.196105383153564
      vertex 0.020832732319831848 7.496190655363236 3.220287378547058
    endloop
  endfacet
  facet normal 2.4088695156685207e-15 0.9701425001453303 0.24253562503633985
    outer loop
      vertex 7.300000000000001 8.3 0.005050000000000001
      vertex 0.020832732319831848 7.496190655363236 3.220287378547058
      vertex 0.032556816935539246 7.489884461541564 3.245512153833745
    endloop
  endfacet
  facet normal -3.2178632283179395e-15 0.970142500145334 0.2425356250363247
    outer loop
      vertex 7.300000000000001 8.3 0.005050000000000001
      vertex 0.032556816935539246 7.489884461541564 3.245512153833745
      vertex 0.043947748839855194 7.483317569132532 3.271779723469875
    endloop
  endfacet
  facet normal -9.864344129917557e-16 0.9701425001453325 0.24253562503633044
    outer loop
      vertex 7.300000000000001 8.3 0.005050000000000001
      vertex 0.043947748839855194 7.483317569132532 3.271779723469875
      vertex 0.05500553548336029 7.476489981750201 3.2990900729991983
    endloop
  endfacet
  facet normal -3.835024004934229e-15 0.970142500145333 0.24253562503632847
    outer loop
      vertex 7.300000000000001 8.3 0.005050000000000001
      vertex 0.05500553548336029 7.476489981750201 3.2990900729991983
      vertex 0.06573016941547394 7.469401697587541 3.3274432096498394
    endloop
  endfacet
  facet normal 7.494894252616569e-15 0.9701425001453281 0.24253562503634865
    outer loop
      vertex 7.300000000000001 8.3 0.005050000000000001
      vertex 0.06573016941547394 7.469401697587541 3.3274432096498394
      vertex 0.07612165808677673 7.462052716644551 3.3568391334217984
    endloop
  endfacet
  facet normal -3.5043429257496095e-15 0.9701425001453328 0.24253562503632922
    outer loop
      vertex 7.300000000000001 8.3 0.005050000000000001
      vertex 0.07612165808677673 7.462052716644551 3.3568391334217984
      vertex 0.08618000149726868 7.454443040728263 3.3872778370869505
    endloop
  endfacet
  facet normal 1.017958507796723e-14 0.9701425001453263 0.24253562503635545
    outer loop
      vertex 7.300000000000001 8.3 0.005050000000000001
      vertex 0.08618000149726868 7.454443040728263 3.3872778370869505
      vertex 0.11751716583967209 7.453964499106001 3.389192003575997
    endloop
  endfacet
  facet normal -1.3101407585567925e-14 0.9701425001453392 0.24253562503630363
    outer loop
      vertex 7.300000000000001 8.3 0.005050000000000001
      vertex 0.11751716583967209 7.453964499106001 3.389192003575997
      vertex 0.1483427658677101 7.453302702833459 3.3918391886661676
    endloop
  endfacet
  facet normal -6.544735404436291e-15 0.970142500145336 0.2425356250363166
    outer loop
      vertex 7.300000000000001 8.3 0.005050000000000001
      vertex 0.1483427658677101 7.453302702833459 3.3918391886661676
      vertex 0.17865681648254395 7.4524576555246975 3.395219377901214
    endloop
  endfacet
  facet normal 2.0262090810157265e-14 0.9701425001453221 0.24253562503637266
    outer loop
      vertex 7.300000000000001 8.3 0.005050000000000001
      vertex 0.17865681648254395 7.4524576555246975 3.395219377901214
      vertex 0.208459310233593 7.451429355372685 3.3993325785092603
    endloop
  endfacet
  facet normal 1.3280179881127992e-15 0.9701425001453317 0.24253562503633377
    outer loop
      vertex 7.300000000000001 8.3 0.005050000000000001
      vertex 0.208459310233593 7.451429355372685 3.3993325785092603
      vertex 0.23775023967027664 7.4502178023774235 3.404178790490307
    endloop
  endfacet
  facet normal -9.186821231250084e-15 0.970142500145336 0.242535625036317
    outer loop
      vertex 7.300000000000001 8.3 0.005050000000000001
      vertex -0.5359112098813057 7.575851624592683 2.9016435016292723
      vertex -0.5220106542110443 7.576076854771219 2.900742580915128
    endloop
  endfacet
  facet normal 1.2889270930151259e-14 0.9701425001453259 0.2425356250363568
    outer loop
      vertex 7.300000000000001 8.3 0.005050000000000001
      vertex -0.5220106542110443 7.576076854771219 2.900742580915128
      vertex -0.5081852599978447 7.576252035606 2.900041857576002
    endloop
  endfacet
  facet normal -2.3038693166861178e-14 0.9701425001453418 0.24253562503629375
    outer loop
      vertex 7.300000000000001 8.3 0.005050000000000001
      vertex -0.5081852599978447 7.576252035606 2.900041857576002
      vertex -0.49443501979112625 7.576377163482965 2.899541346068144
    endloop
  endfacet
  facet normal 4.627610566043234e-14 0.970142500145302 0.24253562503645262
    outer loop
      vertex 7.300000000000001 8.3 0.005050000000000001
      vertex -0.49443501979112625 7.576377163482965 2.899541346068144
      vertex -0.480759933590889 7.576452240209143 2.899241039163429
    endloop
  endfacet
  facet normal -3.696818255040425e-14 0.9701425001453559 0.24253562503623732
    outer loop
      vertex 7.300000000000001 8.3 0.005050000000000001
      vertex -0.480759933590889 7.576452240209143 2.899241039163429
      vertex -0.4671600013971329 7.576477265784536 2.8991409368618575
    endloop
  endfacet
  facet normal 1.5291225129535067e-14 0.9701425001453194 0.2425356250363827
    outer loop
      vertex 7.300000000000001 8.3 0.005050000000000001
      vertex -0.4671600013971329 7.576477265784536 2.8991409368618575
      vertex -0.4433169513940811 7.5763799499251085 2.8995302002995667
    endloop
  endfacet
  facet normal -2.7990711327043427e-15 0.97014250014533 0.24253562503634044
    outer loop
      vertex 7.300000000000001 8.3 0.005050000000000001
      vertex -0.4433169513940811 7.5763799499251085 2.8995302002995667
      vertex -0.41997605562210083 7.576088000539795 2.90069799784082
    endloop
  endfacet
  facet normal -1.571668111947399e-14 0.9701425001453411 0.2425356250362961
    outer loop
      vertex 7.300000000000001 8.3 0.005050000000000001
      vertex -0.41997605562210083 7.576088000539795 2.90069799784082
      vertex -0.3971372991800308 7.575601417628596 2.902644329485617
    endloop
  endfacet
  facet normal 1.2976321498111473e-14 0.9701425001453226 0.24253562503637038
    outer loop
      vertex 7.300000000000001 8.3 0.005050000000000001
      vertex -0.3971372991800308 7.575601417628596 2.902644329485617
      vertex -0.3748006895184517 7.574920202998542 2.9053691880058325
    endloop
  endfacet
  facet normal -1.560794604444655e-14 0.9701425001453405 0.2425356250362985
    outer loop
      vertex 7.300000000000001 8.3 0.005050000000000001
      vertex -0.3748006895184517 7.574920202998542 2.9053691880058325
      vertex -0.35296622663736343 7.574044356649634 2.908872573401467
    endloop
  endfacet
  facet normal 2.236568328070399e-14 0.9701425001453182 0.24253562503638793
    outer loop
      vertex 7.300000000000001 8.3 0.005050000000000001
      vertex -0.35296622663736343 7.574044356649634 2.908872573401467
      vertex -0.33163391053676605 7.572973876774839 2.913154492900645
    endloop
  endfacet
  facet normal -1.0603405018774794e-14 0.9701425001453403 0.24253562503629902
    outer loop
      vertex 7.300000000000001 8.3 0.005050000000000001
      vertex -0.33163391053676605 7.572973876774839 2.913154492900645
      vertex -0.31080373376607895 7.571708763374159 2.918214946503367
    endloop
  endfacet
  facet normal 1.0966202118586895e-14 0.9701425001453253 0.24253562503635928
    outer loop
      vertex 7.300000000000001 8.3 0.005050000000000001
      vertex -0.31080373376607895 7.571708763374159 2.918214946503367
      vertex -0.2904757112264633 7.570249018254623 2.924053926981508
    endloop
  endfacet
  facet normal -4.84689861313922e-15 0.9701425001453345 0.24253562503632237
    outer loop
      vertex 7.300000000000001 8.3 0.005050000000000001
      vertex -0.2904757112264633 7.570249018254623 2.924053926981508
      vertex -0.27064982801675797 7.568594639609202 2.9306714415631925
    endloop
  endfacet
  facet normal 1.1720329915722192e-15 0.9701425001453328 0.2425356250363295
    outer loop
      vertex 7.300000000000001 8.3 0.005050000000000001
      vertex -0.27064982801675797 7.568594639609202 2.9306714415631925
      vertex -0.2513260915875435 7.566745629244926 2.938067483020295
    endloop
  endfacet
  facet normal 3.8278561465523155e-15 0.9701425001453285 0.2425356250363462
    outer loop
      vertex 7.300000000000001 8.3 0.005050000000000001
      vertex -0.2513260915875435 7.566745629244926 2.938067483020295
      vertex -0.23250450193881989 7.564701985354764 2.9462420585809426
    endloop
  endfacet
  facet normal 1.682831922114713e-15 0.9701425001453322 0.242535625036332
    outer loop
      vertex 7.300000000000001 8.3 0.005050000000000001
      vertex -0.23250450193881989 7.564701985354764 2.9462420585809426
      vertex -0.21418505162000656 7.562463707938717 2.955195168245133
    endloop
  endfacet
  facet normal -1.746464886151887e-15 0.9701425001453322 0.24253562503633172
    outer loop
      vertex 7.300000000000001 8.3 0.005050000000000001
      vertex -0.21418505162000656 7.562463707938717 2.955195168245133
      vertex -0.1963677480816841 7.5600307988038145 2.9649268047847426
    endloop
  endfacet
  facet normal -5.273848198199697e-15 0.9701425001453351 0.2425356250363201
    outer loop
      vertex 7.300000000000001 8.3 0.005050000000000001
      vertex -0.1963677480816841 7.5600307988038145 2.9649268047847426
      vertex -0.17905259877443314 7.557403257950058 2.9754369681997708
    endloop
  endfacet
  facet normal -3.975063707834314e-16 0.9701425001453318 0.24253562503633364
    outer loop
      vertex 7.300000000000001 8.3 0.005050000000000001
      vertex -0.17905259877443314 7.557403257950058 2.9754369681997708
      vertex -0.16223958134651184 7.554581081763383 2.9867256729464677
    endloop
  endfacet
  facet normal 1.7119363699352549e-15 0.97014250014533 0.2425356250363405
    outer loop
      vertex 7.300000000000001 8.3 0.005050000000000001
      vertex -0.16223958134651184 7.554581081763383 2.9867256729464677
      vertex -0.14592871814966202 7.5515642756648855 2.9987928973404587
    endloop
  endfacet
  facet normal -1.0373735194339763e-14 0.9701425001453373 0.24253562503631163
    outer loop
      vertex 7.300000000000001 8.3 0.005050000000000001
      vertex -0.14592871814966202 7.5515642756648855 2.9987928973404587
      vertex -0.13012000173330307 7.548352834233471 3.011638663066118
    endloop
  endfacet
  facet normal 8.178551796195344e-15 0.970142500145326 0.24253562503635676
    outer loop
      vertex 7.300000000000001 8.3 0.005050000000000001
      vertex -0.13012000173330307 7.548352834233471 3.011638663066118
      vertex -0.11473128199577332 7.544914301381361 3.0253927944745564
    endloop
  endfacet
  facet normal -7.000491026241211e-16 0.9701425001453307 0.2425356250363375
    outer loop
      vertex 7.300000000000001 8.3 0.005050000000000001
      vertex -0.11473128199577332 7.544914301381361 3.0253927944745564
      vertex -0.09967570751905441 7.541215069941891 3.040189720232438
    endloop
  endfacet
  facet normal 3.1895257934481587e-15 0.9701425001453301 0.24253562503634027
    outer loop
      vertex 7.300000000000001 8.3 0.005050000000000001
      vertex -0.09967570751905441 7.541215069941891 3.040189720232438
      vertex -0.08495328575372696 7.537255143529122 3.056029425883512
    endloop
  endfacet
  facet normal -9.984567027284731e-16 0.9701425001453318 0.24253562503633344
    outer loop
      vertex 7.300000000000001 8.3 0.005050000000000001
      vertex -0.08495328575372696 7.537255143529122 3.056029425883512
      vertex -0.07056401669979095 7.533034520336024 3.0729119186559046
    endloop
  endfacet
  facet normal -5.073689714949691e-15 0.9701425001453345 0.24253562503632212
    outer loop
      vertex 7.300000000000001 8.3 0.005050000000000001
      vertex -0.07056401669979095 7.533034520336024 3.0729119186559046
      vertex -0.0565078929066658 7.528553200362596 3.0908371985496155
    endloop
  endfacet
  facet normal -5.669207805297034e-15 0.9701425001453355 0.24253562503631865
    outer loop
      vertex 7.300000000000001 8.3 0.005050000000000001
      vertex -0.0565078929066658 7.528553200362596 3.0908371985496155
      vertex -0.0427849143743515 7.5238111836088395 3.109805265564644
    endloop
  endfacet
  facet normal 1.15515677489393e-15 0.9701425001453323 0.24253562503633122
    outer loop
      vertex 7.300000000000001 8.3 0.005050000000000001
      vertex 0.23775023967027664 7.4502178023774235 3.404178790490307
      vertex 0.2665296196937561 7.448822994731881 3.409758021072478
    endloop
  endfacet
  facet normal -1.4266876580140284e-14 0.9701425001453404 0.24253562503629875
    outer loop
      vertex 7.300000000000001 8.3 0.005050000000000001
      vertex 0.2665296196937561 7.448822994731881 3.409758021072478
      vertex 0.2947974428534508 7.44724493605012 3.416070255799525
    endloop
  endfacet
  facet normal 4.3641341471011636e-15 0.9701425001453288 0.2425356250363454
    outer loop
      vertex 7.300000000000001 8.3 0.005050000000000001
      vertex 0.2947974428534508 7.44724493605012 3.416070255799525
      vertex 0.32255370169878006 7.4454836227180765 3.4231155091276966
    endloop
  endfacet
  facet normal 1.048674952652849e-14 0.9701425001453271 0.24253562503635193
    outer loop
      vertex 7.300000000000001 8.3 0.005050000000000001
      vertex 0.32255370169878006 7.4454836227180765 3.4231155091276966
      vertex 0.34979841113090515 7.443539058349814 3.430893766600744
    endloop
  endfacet
  facet normal -4.325980682781823e-15 0.9701425001453343 0.24253562503632314
    outer loop
      vertex 7.300000000000001 8.3 0.005050000000000001
      vertex 0.34979841113090515 7.443539058349814 3.430893766600744
      vertex 0.37653155624866486 7.441411241138303 3.439405035446791
    endloop
  endfacet
  facet normal -6.636960676847078e-15 0.9701425001453353 0.24253562503631904
    outer loop
      vertex 7.300000000000001 8.3 0.005050000000000001
      vertex 0.37653155624866486 7.441411241138303 3.439405035446791
      vertex 0.40275315195322037 7.43910016927651 3.448649322893963
    endloop
  endfacet
  facet normal 3.0235451219099763e-15 0.9701425001453307 0.24253562503633844
    outer loop
      vertex 7.300000000000001 8.3 0.005050000000000001
      vertex 0.40275315195322037 7.43910016927651 3.448649322893963
      vertex 0.4284631833434105 7.436605846378498 3.4586266144860103
    endloop
  endfacet
  facet normal -5.692077086814302e-15 0.9701425001453335 0.24253562503632636
    outer loop
      vertex 7.300000000000001 8.3 0.005050000000000001
      vertex 0.4284631833434105 7.436605846378498 3.4586266144860103
      vertex 0.4536616578698158 7.433928268830205 3.469336924679183
    endloop
  endfacet
  facet normal 5.629651372541343e-15 0.9701425001453287 0.24253562503634593
    outer loop
      vertex 7.300000000000001 8.3 0.005050000000000001
      vertex 0.4536616578698158 7.433928268830205 3.469336924679183
      vertex 0.47834858298301697 7.431067440245693 3.4807802390172307
    endloop
  endfacet
  facet normal -1.0253752507727898e-14 0.9701425001453363 0.24253562503631523
    outer loop
      vertex 7.300000000000001 8.3 0.005050000000000001
      vertex 0.47834858298301697 7.431067440245693 3.4807802390172307
      vertex 0.5025239437818527 7.428023358817931 3.4929565647282783
    endloop
  endfacet
  facet normal 5.0630179346266664e-15 0.9701425001453298 0.24253562503634138
    outer loop
      vertex 7.300000000000001 8.3 0.005050000000000001
      vertex 0.5025239437818527 7.428023358817931 3.4929565647282783
      vertex 0.5261877477169037 7.424796022739888 3.5058659090404514
    endloop
  endfacet
  facet normal 1.2652667106695292e-14 0.970142500145326 0.24253562503635678
    outer loop
      vertex 7.300000000000001 8.3 0.005050000000000001
      vertex 0.5261877477169037 7.424796022739888 3.5058659090404514
      vertex 0.5493400022387505 7.421385435625625 3.5195082574974994
    endloop
  endfacet
  facet normal -1.3351349249470937e-14 0.9701425001453374 0.24253562503631074
    outer loop
      vertex 7.300000000000001 8.3 0.005050000000000001
      vertex 0.5493400022387505 7.421385435625625 3.5195082574974994
      vertex 0.5719173699617386 7.417802403521852 3.5338403859125935
    endloop
  endfacet
  facet normal 1.1922179652359254e-14 0.9701425001453253 0.2425356250363593
    outer loop
      vertex 7.300000000000001 8.3 0.005050000000000001
      vertex 0.5719173699617386 7.417802403521852 3.5338403859125935
      vertex 0.593856543302536 7.414057737896368 3.5488190484145297
    endloop
  endfacet
  facet normal -1.426921816322207e-15 0.9701425001453319 0.2425356250363326
    outer loop
      vertex 7.300000000000001 8.3 0.005050000000000001
      vertex 0.593856543302536 7.414057737896368 3.5488190484145297
      vertex 0.6151575073599815 7.410151436942142 3.564444252231433
    endloop
  endfacet
  facet normal -1.1534126502180947e-14 0.9701425001453375 0.2425356250363103
    outer loop
      vertex 7.300000000000001 8.3 0.005050000000000001
      vertex 0.6151575073599815 7.410151436942142 3.564444252231433
      vertex 0.6358202770352364 7.406083500659175 3.5807159973633027
    endloop
  endfacet
  facet normal 1.5765166969838955e-14 0.9701425001453252 0.24253562503635992
    outer loop
      vertex 7.300000000000001 8.3 0.005050000000000001
      vertex 0.6358202770352364 7.406083500659175 3.5807159973633027
      vertex 0.6558448448777199 7.401853932661528 3.59763426935389
    endloop
  endfacet
  facet normal -3.725196967706128e-15 0.9701425001453328 0.24253562503632894
    outer loop
      vertex 7.300000000000001 8.3 0.005050000000000001
      vertex 0.6558448448777199 7.401853932661528 3.59763426935389
      vertex 0.6752312108874321 7.397462727528108 3.6151990898875694
    endloop
  endfacet
  facet normal -1.1345712273551822e-14 0.9701425001453376 0.24253562503631007
    outer loop
      vertex 7.300000000000001 8.3 0.005050000000000001
      vertex 0.6752312108874321 7.397462727528108 3.6151990898875694
      vertex 0.693979375064373 7.392909888872978 3.633410444508091
    endloop
  endfacet
  facet normal 1.516006942090355e-14 0.9701425001453258 0.24253562503635717
    outer loop
      vertex 7.300000000000001 8.3 0.005050000000000001
      vertex 0.693979375064373 7.392909888872978 3.633410444508091
      vertex 0.7120893448591232 7.388195416696137 3.6522683332154537
    endloop
  endfacet
  facet normal -1.1785175885285726e-15 0.9701425001453331 0.2425356250363281
    outer loop
      vertex 7.300000000000001 8.3 0.005050000000000001
      vertex 0.7120893448591232 7.388195416696137 3.6522683332154537
      vertex 0.7295611053705215 7.383319309190554 3.6717727632377843
    endloop
  endfacet
  facet normal -1.0604277817871247e-15 0.9701425001453322 0.24253562503633116
    outer loop
      vertex 7.300000000000001 8.3 0.005050000000000001
      vertex 0.7463946714997292 7.37828156635623 3.6919237345750817
      vertex 0.7625900357961655 7.373082191807226 3.712721232771096
    endloop
  endfacet
  facet normal -3.2654816781567307e-15 0.970142500145334 0.24253562503632456
    outer loop
      vertex 7.300000000000001 8.3 0.005050000000000001
      vertex 0.7625900357961655 7.373082191807226 3.712721232771096
      vertex 0.7781471982598305 7.36772118012245 3.7341652795102025
    endloop
  endfacet
  facet normal 2.1301166092162026e-15 0.9701425001453304 0.24253562503633902
    outer loop
      vertex 7.300000000000001 8.3 0.005050000000000001
      vertex 0.7295611053705215 7.383319309190554 3.6717727632377843
      vertex 0.7463946714997292 7.37828156635623 3.6919237345750817
    endloop
  endfacet
  facet normal 4.078689903247268e-15 0.9701425001453308 0.24253562503633766
    outer loop
      vertex 7.300000000000001 8.3 0.005050000000000001
      vertex 0.7781471982598305 7.36772118012245 3.7341652795102025
      vertex 0.7930661588907242 7.362198534915962 3.756255860336151
    endloop
  endfacet
  facet normal -8.225299427392727e-15 0.9701425001453354 0.24253562503631912
    outer loop
      vertex 7.300000000000001 8.3 0.005050000000000001
      vertex 0.7930661588907242 7.362198534915962 3.756255860336151
      vertex 0.8073469176888466 7.356514254380734 3.7789929824770665
    endloop
  endfacet
  facet normal 1.5928598381702288e-16 0.970142500145332 0.24253562503633327
    outer loop
      vertex 7.300000000000001 8.3 0.005050000000000001
      vertex 0.8073469176888466 7.356514254380734 3.7789929824770665
      vertex 0.8209894821047783 7.350668340323795 3.802376638704824
    endloop
  endfacet
  facet normal 7.358531749297479e-15 0.9701425001453283 0.24253562503634737
    outer loop
      vertex 7.300000000000001 8.3 0.005050000000000001
      vertex 0.8209894821047783 7.350668340323795 3.802376638704824
      vertex 0.8339938372373581 7.344660792745144 3.8264068290194233
    endloop
  endfacet
  facet normal -2.2753742085098013e-15 0.9701425001453328 0.24253562503632975
    outer loop
      vertex 7.300000000000001 8.3 0.005050000000000001
      vertex 0.8690368160605431 7.32575716265646 3.9020213493741625
      vertex 0.8793122470378876 7.319214104989245 3.928193580043022
    endloop
  endfacet
  facet normal 9.700113988355268e-15 0.9701425001453283 0.24253562503634754
    outer loop
      vertex 7.300000000000001 8.3 0.005050000000000001
      vertex 0.8793122470378876 7.319214104989245 3.928193580043022
      vertex 0.8888790309429169 7.3125538252066615 3.954834699173355
    endloop
  endfacet
  facet normal -7.426502247461668e-15 0.9701425001453352 0.2425356250363198
    outer loop
      vertex 7.300000000000001 8.3 0.005050000000000001
      vertex 0.8888790309429169 7.3125538252066615 3.954834699173355
      vertex 0.8977371603250504 7.30577632330871 3.981944706765162
    endloop
  endfacet
  facet normal -3.167205975056774e-15 0.9701425001453334 0.2425356250363269
    outer loop
      vertex 7.300000000000001 8.3 0.005050000000000001
      vertex 0.8977371603250504 7.30577632330871 3.981944706765162
      vertex 0.9058866426348686 7.298881597488359 4.009523610046568
    endloop
  endfacet
  facet normal -5.295814044133995e-15 0.9701425001453347 0.24253562503632176
    outer loop
      vertex 7.300000000000001 8.3 0.005050000000000001
      vertex 0.8339938372373581 7.344660792745144 3.8264068290194233
      vertex 0.8463599979877472 7.338491609837753 3.85108356064899
    endloop
  endfacet
  facet normal 6.6889899214438985e-15 0.9701425001453292 0.24253562503634343
    outer loop
      vertex 7.300000000000001 8.3 0.005050000000000001
      vertex 0.8463599979877472 7.338491609837753 3.85108356064899
      vertex 0.8580527305603027 7.332182996401275 3.8763180143949016
    endloop
  endfacet
  facet normal -1.0291537101318168e-14 0.9701425001453365 0.24253562503631448
    outer loop
      vertex 7.300000000000001 8.3 0.005050000000000001
      vertex 0.8580527305603027 7.332182996401275 3.8763180143949016
      vertex 0.8690368160605431 7.32575716265646 3.9020213493741625
    endloop
  endfacet
  facet normal 1.1396515771012465e-14 0.9701425001453268 0.24253562503635326
    outer loop
      vertex 7.300000000000001 8.3 0.005050000000000001
      vertex 0.9058866426348686 7.298881597488359 4.009523610046568
      vertex 0.9133274704217911 7.2918696495526385 4.037571401789447
    endloop
  endfacet
  facet normal -4.273351624479469e-16 0.970142500145332 0.24253562503633244
    outer loop
      vertex 7.300000000000001 8.3 0.005050000000000001
      vertex 0.9133274704217911 7.2918696495526385 4.037571401789447
      vertex 0.9200596511363983 7.284740477694519 4.0660880892219256
    endloop
  endfacet
  facet normal -5.8974373612807326e-15 0.9701425001453341 0.24253562503632403
    outer loop
      vertex 7.300000000000001 8.3 0.005050000000000001
      vertex 0.9260831847786903 7.277494083721031 4.095073665115877
      vertex 0.9313980638980865 7.270130467632175 4.124528129471303
    endloop
  endfacet
  facet normal -1.5611341057280534e-15 0.9701425001453322 0.2425356250363315
    outer loop
      vertex 7.300000000000001 8.3 0.005050000000000001
      vertex 0.9200596511363983 7.284740477694519 4.0660880892219256
      vertex 0.9260831847786903 7.277494083721031 4.095073665115877
    endloop
  endfacet
  facet normal 1.771138755889817e-15 0.9701425001453319 0.24253562503633316
    outer loop
      vertex 7.300000000000001 8.3 0.005050000000000001
      vertex 0.9313980638980865 7.270130467632175 4.124528129471303
      vertex 0.936004288494587 7.2626496276209185 4.154451489516328
    endloop
  endfacet
  facet normal -2.023088950986673e-15 0.9701425001453312 0.24253562503633574
    outer loop
      vertex 7.300000000000001 8.3 0.005050000000000001
      vertex 0.936004288494587 7.2626496276209185 4.154451489516328
      vertex 0.9399018660187721 7.255051565494294 4.184843738022826
    endloop
  endfacet
  facet normal -3.148026769421211e-15 0.9701425001453337 0.24253562503632628
    outer loop
      vertex 7.300000000000001 8.3 0.005050000000000001
      vertex 0.9399018660187721 7.255051565494294 4.184843738022826
      vertex 0.9430907964706421 7.247336281252301 4.215704874990798
    endloop
  endfacet
  facet normal -4.887901328293351e-15 0.9701425001453341 0.24253562503632414
    outer loop
      vertex 7.300000000000001 8.3 0.005050000000000001
      vertex 0.9473427012562752 7.231554042808147 4.278833828767413
      vertex 0.9484056755900383 7.223487090413018 4.311101638347931
    endloop
  endfacet
  facet normal 4.3642286469708796e-15 0.9701425001453301 0.24253562503633996
    outer loop
      vertex 7.300000000000001 8.3 0.005050000000000001
      vertex 0.9430907964706421 7.247336281252301 4.215704874990798
      vertex 0.9455710723996162 7.239503773087908 4.247034907648368
    endloop
  endfacet
  facet normal -1.7508101235753678e-15 0.9701425001453323 0.24253562503633147
    outer loop
      vertex 7.300000000000001 8.3 0.005050000000000001
      vertex 0.9455710723996162 7.239503773087908 4.247034907648368
      vertex 0.9473427012562752 7.231554042808147 4.278833828767413
    endloop
  endfacet
  facet normal 4.816072375946059e-15 0.9701425001453312 0.2425356250363354
    outer loop
      vertex 7.300000000000001 8.3 0.005050000000000001
      vertex 0.9484056755900383 7.223487090413018 4.311101638347931
      vertex 0.9487600028514862 7.2153029140954885 4.343838343618048
    endloop
  endfacet
  facet normal 4.334589877635944e-16 0.9701425001453321 0.24253562503633194
    outer loop
      vertex 7.300000000000001 8.3 0.005050000000000001
      vertex 0.9487600028514862 7.2153029140954885 4.343838343618048
      vertex 0.9478918313980103 7.202390989342731 4.395486042629079
    endloop
  endfacet
  facet normal 7.205994308669346e-20 0.970142500145332 0.24253562503633244
    outer loop
      vertex 7.300000000000001 8.3 0.005050000000000001
      vertex 0.9478918313980103 7.202390989342731 4.395486042629079
      vertex 0.9452873319387436 7.189814820026169 4.445790719895326
    endloop
  endfacet
  facet normal 4.63221326060306e-15 0.9701425001453309 0.2425356250363367
    outer loop
      vertex 7.300000000000001 8.3 0.005050000000000001
      vertex 0.9452873319387436 7.189814820026169 4.445790719895326
      vertex 0.9409465044736862 7.177574407952834 4.4947523681886645
    endloop
  endfacet
  facet normal -7.131001812476725e-15 0.9701425001453342 0.24253562503632364
    outer loop
      vertex 7.300000000000001 8.3 0.005050000000000001
      vertex 0.9409465044736862 7.177574407952834 4.4947523681886645
      vertex 0.9348693415522575 7.165669753122727 4.542370987509094
    endloop
  endfacet
  facet normal 7.53144650743965e-15 0.9701425001453294 0.2425356250363427
    outer loop
      vertex 7.300000000000001 8.3 0.005050000000000001
      vertex 0.9348693415522575 7.165669753122727 4.542370987509094
      vertex 0.9270558506250381 7.154100853728815 4.5886465850847395
    endloop
  endfacet
  facet normal 1.0117311113570083e-14 0.9701425001453293 0.24253562503634296
    outer loop
      vertex 7.300000000000001 8.3 0.005050000000000001
      vertex 0.9062198624014854 7.1319703248636435 4.677168700545429
      vertex 0.8931973725557327 7.1214086971994135 4.719415211202347
    endloop
  endfacet
  facet normal 1.7353557520880624e-15 0.9701425001453321 0.24253562503633244
    outer loop
      vertex 7.300000000000001 8.3 0.005050000000000001
      vertex 0.8931973725557327 7.1214086971994135 4.719415211202347
      vertex 0.8784385472536087 7.111182823164349 4.7603187073426065
    endloop
  endfacet
  facet normal -1.0985712426044463e-14 0.9701425001453355 0.24253562503631895
    outer loop
      vertex 7.300000000000001 8.3 0.005050000000000001
      vertex 0.8784385472536087 7.111182823164349 4.7603187073426065
      vertex 0.861943393945694 7.1012927081795425 4.799879167281833
    endloop
  endfacet
  facet normal -9.839185496943267e-16 0.9701425001453314 0.24253562503633522
    outer loop
      vertex 7.300000000000001 8.3 0.005050000000000001
      vertex 0.8237440809607506 7.0825197445185175 4.874971021925933
      vertex 0.8020399287343025 7.073636899456361 4.910502402174557
    endloop
  endfacet
  facet normal -3.2433818344072242e-15 0.9701425001453327 0.24253562503633003
    outer loop
      vertex 7.300000000000001 8.3 0.005050000000000001
      vertex 0.8020399287343025 7.073636899456361 4.910502402174557
      vertex 0.7785994485020638 7.065089809830401 4.944690760678397
    endloop
  endfacet
  facet normal 2.7876720242115566e-15 0.9701425001453303 0.24253562503633933
    outer loop
      vertex 7.300000000000001 8.3 0.005050000000000001
      vertex 0.7785994485020638 7.065089809830401 4.944690760678397
      vertex 0.7534226328134537 7.056878475640637 4.977536097437453
    endloop
  endfacet
  facet normal 3.09489334193725e-14 0.9701425001453198 0.24253562503638165
    outer loop
      vertex 7.300000000000001 8.3 0.005050000000000001
      vertex 0.7534226328134537 7.056878475640637 4.977536097437453
      vertex 0.7265094816684723 7.049002900501131 5.009038397995476
    endloop
  endfacet
  facet normal 1.0902954756216422e-14 0.9701425001453265 0.242535625036354
    outer loop
      vertex 7.300000000000001 8.3 0.005050000000000001
      vertex 0.861943393945694 7.1012927081795425 4.799879167281833
      vertex 0.8437119051814079 7.0917383486309316 4.838096605476275
    endloop
  endfacet
  facet normal -1.2684793451317039e-14 0.970142500145336 0.24253562503631707
    outer loop
      vertex 7.300000000000001 8.3 0.005050000000000001
      vertex 0.8437119051814079 7.0917383486309316 4.838096605476275
      vertex 0.8237440809607506 7.0825197445185175 4.874971021925933
    endloop
  endfacet
  facet normal -4.348060731608799e-15 0.970142500145333 0.2425356250363287
    outer loop
      vertex 7.300000000000001 8.3 0.005050000000000001
      vertex 0.9175060242414474 7.142867711578131 4.633579153687476
      vertex 0.9062198624014854 7.1319703248636435 4.677168700545429
    endloop
  endfacet
  facet normal -3.4374432872933124e-15 0.9701425001453329 0.24253562503632908
    outer loop
      vertex 7.300000000000001 8.3 0.005050000000000001
      vertex 0.9270558506250381 7.154100853728815 4.5886465850847395
      vertex 0.9175060242414474 7.142867711578131 4.633579153687476
    endloop
  endfacet
  facet normal -2.316026914448091e-11 0.9701425001533674 0.24253562500419046
    outer loop
      vertex 7.300000000000001 8.3 0.005050000000000001
      vertex 0.6361024901270866 7.027585409892863 5.094708360428549
      vertex 0.6031820774078369 7.021297089417008 5.119861642331971
    endloop
  endfacet
  facet normal 1.1718687891356393e-13 0.9701425001453058 0.2425356250364376
    outer loop
      vertex 7.300000000000001 8.3 0.005050000000000001
      vertex 0.6676618009805679 7.03430740521277 5.067820379148922
      vertex 0.6361024901270866 7.027585409892863 5.094708360428549
    endloop
  endfacet
  facet normal -4.185784942099858e-14 0.970142500145337 0.24253562503631265
    outer loop
      vertex 7.300000000000001 8.3 0.005050000000000001
      vertex 0.7265094816684723 7.049002900501131 5.009038397995476
      vertex 0.6978600025177002 7.041463078990791 5.039197684036838
    endloop
  endfacet
  facet normal -8.544210902037681e-15 0.9701425001453363 0.24253562503631512
    outer loop
      vertex 7.300000000000001 8.3 0.005050000000000001
      vertex 0.6978600025177002 7.041463078990791 5.039197684036838
      vertex 0.6676618009805679 7.03430740521277 5.067820379148922
    endloop
  endfacet
  facet normal 0 0 -1
    outer loop
      vertex 8.3 -7.300000000000001 -0.00495
      vertex 6.5 6.5 -0.00495
      vertex 8.007106781186549 8.007106781186549 -0.00495
    endloop
  endfacet
  facet normal 1 0 0
    outer loop
      vertex 8.3 -7.300000000000001 -0.00495
      vertex 8.3 7.300000000000001 -0.00495
      vertex 8.3 7.300000000000001 0.005050000000000001
    endloop
  endfacet
  facet normal 0 0 -1
    outer loop
      vertex 8.3 -7.300000000000001 -0.00495
      vertex 8.007106781186549 8.007106781186549 -0.00495
      vertex 8.3 7.300000000000001 -0.00495
    endloop
  endfacet
  facet normal 0.024541228522907587 0.9996988186962044 0
    outer loop
      vertex 7.300000000000001 8.3 -0.00495
      vertex 7.300000000000001 8.3 0.005050000000000001
      vertex 7.349067674327419 8.298795456205173 0.005050000000000001
    endloop
  endfacet
  facet normal 0.024541228522907587 0.9996988186962044 1.1764332665181406e-18
    outer loop
      vertex 7.300000000000001 8.3 -0.00495
      vertex 7.349067674327419 8.298795456205173 0.005050000000000001
      vertex 7.349067674327419 8.298795456205173 -0.00495
    endloop
  endfacet
  facet normal 0 0 -1
    outer loop
      vertex 7.300000000000001 8.3 -0.00495
      vertex 7.349067674327419 8.298795456205173 -0.00495
      vertex 7.398017140329562 8.295184726672197 -0.00495
    endloop
  endfacet
  facet normal 0.07356456359968419 0.9972904566786889 0
    outer loop
      vertex 7.349067674327419 8.298795456205173 -0.00495
      vertex 7.349067674327419 8.298795456205173 0.005050000000000001
      vertex 7.398017140329562 8.295184726672197 -0.00495
    endloop
  endfacet
  facet normal 0.07356456359968419 0.9972904566786889 -5.316206543072558e-18
    outer loop
      vertex 7.349067674327419 8.298795456205173 0.005050000000000001
      vertex 7.398017140329562 8.295184726672197 0.005050000000000001
      vertex 7.398017140329562 8.295184726672197 -0.00495
    endloop
  endfacet
  facet normal 0 0 -1
    outer loop
      vertex 7.300000000000001 8.3 -0.00495
      vertex 7.398017140329562 8.295184726672197 -0.00495
      vertex 7.495090322016129 8.280785280403231 -0.00495
    endloop
  endfacet
  facet normal 0.12241067519921875 0.9924795345987096 0
    outer loop
      vertex 7.398017140329562 8.295184726672197 -0.00495
      vertex 7.398017140329562 8.295184726672197 0.005050000000000001
      vertex 7.446730474455363 8.289176509964781 0.005050000000000001
    endloop
  endfacet
  facet normal 0.12241067519921875 0.9924795345987096 -6.899163172176291e-18
    outer loop
      vertex 7.398017140329562 8.295184726672197 -0.00495
      vertex 7.446730474455363 8.289176509964781 0.005050000000000001
      vertex 7.446730474455363 8.289176509964781 -0.00495
    endloop
  endfacet
  facet normal 0 0 -1
    outer loop
      vertex 7.398017140329562 8.295184726672197 -0.00495
      vertex 7.446730474455363 8.289176509964781 -0.00495
      vertex 7.495090322016129 8.280785280403231 -0.00495
    endloop
  endfacet
  facet normal 0.17096188876028862 0.9852776423889434 0
    outer loop
      vertex 7.446730474455363 8.289176509964781 -0.00495
      vertex 7.446730474455363 8.289176509964781 0.005050000000000001
      vertex 7.495090322016129 8.280785280403231 -0.00495
    endloop
  endfacet
  facet normal 0.17096188876028862 0.9852776423889434 -1.471406909311094e-17
    outer loop
      vertex 7.446730474455363 8.289176509964781 0.005050000000000001
      vertex 7.495090322016129 8.280785280403231 0.005050000000000001
      vertex 7.495090322016129 8.280785280403231 -0.00495
    endloop
  endfacet
  facet normal 0 0 -1
    outer loop
      vertex 7.300000000000001 8.3 -0.00495
      vertex 7.495090322016129 8.280785280403231 -0.00495
      vertex 7.68268343236509 8.223879532511287 -0.00495
    endloop
  endfacet
  facet normal 0.21910124015688293 0.9757021300385256 0
    outer loop
      vertex 7.495090322016129 8.280785280403231 -0.00495
      vertex 7.495090322016129 8.280785280403231 0.005050000000000001
      vertex 7.542980179903265 8.270031253194544 -0.00495
    endloop
  endfacet
  facet normal 0.21910124015688293 0.9757021300385256 -9.260387099027372e-17
    outer loop
      vertex 7.495090322016129 8.280785280403231 0.005050000000000001
      vertex 7.542980179903265 8.270031253194544 0.005050000000000001
      vertex 7.542980179903265 8.270031253194544 -0.00495
    endloop
  endfacet
  facet normal 0 0 -1
    outer loop
      vertex 7.495090322016129 8.280785280403231 -0.00495
      vertex 7.542980179903265 8.270031253194544 -0.00495
      vertex 7.590284677254463 8.25694033573221 -0.00495
    endloop
  endfacet
  facet normal 0.2667127574748739 0.9637760657954466 0
    outer loop
      vertex 7.542980179903265 8.270031253194544 -0.00495
      vertex 7.542980179903265 8.270031253194544 0.005050000000000001
      vertex 7.590284677254463 8.25694033573221 0.005050000000000001
    endloop
  endfacet
  facet normal 0.2667127574748739 0.9637760657954466 -7.934497710735335e-17
    outer loop
      vertex 7.542980179903265 8.270031253194544 -0.00495
      vertex 7.590284677254463 8.25694033573221 0.005050000000000001
      vertex 7.590284677254463 8.25694033573221 -0.00495
    endloop
  endfacet
  facet normal 0 0 -1
    outer loop
      vertex 7.495090322016129 8.280785280403231 -0.00495
      vertex 7.590284677254463 8.25694033573221 -0.00495
      vertex 7.68268343236509 8.223879532511287 -0.00495
    endloop
  endfacet
  facet normal 0.3136817403989097 0.9495281805930307 0
    outer loop
      vertex 7.590284677254463 8.25694033573221 -0.00495
      vertex 7.590284677254463 8.25694033573221 0.005050000000000001
      vertex 7.636889853392221 8.241544065183021 -0.00495
    endloop
  endfacet
  facet normal 0.3136817403989097 0.9495281805930307 7.424109525557104e-17
    outer loop
      vertex 7.590284677254463 8.25694033573221 0.005050000000000001
      vertex 7.636889853392221 8.241544065183021 0.005050000000000001
      vertex 7.636889853392221 8.241544065183021 -0.00495
    endloop
  endfacet
  facet normal 0 0 -1
    outer loop
      vertex 7.590284677254463 8.25694033573221 -0.00495
      vertex 7.636889853392221 8.241544065183021 -0.00495
      vertex 7.68268343236509 8.223879532511287 -0.00495
    endloop
  endfacet
  facet normal 0 0 -1
    outer loop
      vertex 7.300000000000001 8.3 -0.00495
      vertex 7.68268343236509 8.223879532511287 -0.00495
      vertex 8.007106781186549 8.007106781186549 -0.00495
    endloop
  endfacet
  facet normal 0.35989503653499316 0.932992798834737 3.5145105410712124e-17
    outer loop
      vertex 7.636889853392221 8.241544065183021 -0.00495
      vertex 7.68268343236509 8.223879532511287 0.005050000000000001
      vertex 7.68268343236509 8.223879532511287 -0.00495
    endloop
  endfacet
  facet normal 0.4052413140049827 0.914209755703534 0
    outer loop
      vertex 7.68268343236509 8.223879532511287 -0.00495
      vertex 7.68268343236509 8.223879532511287 0.005050000000000001
      vertex 7.727555093430283 8.203989293123444 0.005050000000000001
    endloop
  endfacet
  facet normal 0.4052413140049827 0.914209755703534 1.0375808606099149e-16
    outer loop
      vertex 7.68268343236509 8.223879532511287 -0.00495
      vertex 7.727555093430283 8.203989293123444 0.005050000000000001
      vertex 7.727555093430283 8.203989293123444 -0.00495
    endloop
  endfacet
  facet normal 0.35989503653499316 0.932992798834737 0
    outer loop
      vertex 7.636889853392221 8.241544065183021 -0.00495
      vertex 7.636889853392221 8.241544065183021 0.005050000000000001
      vertex 7.68268343236509 8.223879532511287 0.005050000000000001
    endloop
  endfacet
  facet normal 0.4496113296546005 0.8932243011955183 0
    outer loop
      vertex 7.727555093430283 8.203989293123444 -0.00495
      vertex 7.727555093430283 8.203989293123444 0.005050000000000001
      vertex 7.771396736825999 8.181921264348356 -0.00495
    endloop
  endfacet
  facet normal 0 0 -1
    outer loop
      vertex 7.68268343236509 8.223879532511287 -0.00495
      vertex 7.727555093430283 8.203989293123444 -0.00495
      vertex 7.771396736825999 8.181921264348356 -0.00495
    endloop
  endfacet
  facet normal 0.4496113296546005 0.8932243011955183 6.462560192373798e-17
    outer loop
      vertex 7.727555093430283 8.203989293123444 0.005050000000000001
      vertex 7.771396736825999 8.181921264348356 0.005050000000000001
      vertex 7.771396736825999 8.181921264348356 -0.00495
    endloop
  endfacet
  facet normal 0 0 -1
    outer loop
      vertex 7.68268343236509 8.223879532511287 -0.00495
      vertex 7.771396736825999 8.181921264348356 -0.00495
      vertex 7.855570233019603 8.131469612302546 -0.00495
    endloop
  endfacet
  facet normal 0.9996988186962044 0.024541228522907587 0
    outer loop
      vertex 8.3 7.300000000000001 -0.00495
      vertex 8.298795456205173 7.349067674327419 0.005050000000000001
      vertex 8.3 7.300000000000001 0.005050000000000001
    endloop
  endfacet
  facet normal 0.9996988186962044 0.024541228522907587 1.1764332665181406e-18
    outer loop
      vertex 8.3 7.300000000000001 -0.00495
      vertex 8.298795456205173 7.349067674327419 -0.00495
      vertex 8.298795456205173 7.349067674327419 0.005050000000000001
    endloop
  endfacet
  facet normal 0 0 -1
    outer loop
      vertex 8.3 7.300000000000001 -0.00495
      vertex 8.289176509964781 7.446730474455363 -0.00495
      vertex 8.298795456205173 7.349067674327419 -0.00495
    endloop
  endfacet
  facet normal 0.9972904566786889 0.07356456359968419 0
    outer loop
      vertex 8.298795456205173 7.349067674327419 -0.00495
      vertex 8.295184726672197 7.398017140329562 0.005050000000000001
      vertex 8.298795456205173 7.349067674327419 0.005050000000000001
    endloop
  endfacet
  facet normal 0.9972904566786889 0.07356456359968419 -5.316206543072558e-18
    outer loop
      vertex 8.298795456205173 7.349067674327419 -0.00495
      vertex 8.295184726672197 7.398017140329562 -0.00495
      vertex 8.295184726672197 7.398017140329562 0.005050000000000001
    endloop
  endfacet
  facet normal 0 0 -1
    outer loop
      vertex 8.298795456205173 7.349067674327419 -0.00495
      vertex 8.289176509964781 7.446730474455363 -0.00495
      vertex 8.295184726672197 7.398017140329562 -0.00495
    endloop
  endfacet
  facet normal 0 0 -1
    outer loop
      vertex 8.3 7.300000000000001 -0.00495
      vertex 8.280785280403231 7.495090322016129 -0.00495
      vertex 8.289176509964781 7.446730474455363 -0.00495
    endloop
  endfacet
  facet normal 0.9924795345987096 0.12241067519921875 0
    outer loop
      vertex 8.295184726672197 7.398017140329562 -0.00495
      vertex 8.289176509964781 7.446730474455363 -0.00495
      vertex 8.295184726672197 7.398017140329562 0.005050000000000001
    endloop
  endfacet
  facet normal 0.9924795345987096 0.12241067519921875 -6.899163172176291e-18
    outer loop
      vertex 8.295184726672197 7.398017140329562 0.005050000000000001
      vertex 8.289176509964781 7.446730474455363 -0.00495
      vertex 8.289176509964781 7.446730474455363 0.005050000000000001
    endloop
  endfacet
  facet normal 0.9852776423889434 0.17096188876028862 -1.471406909311094e-17
    outer loop
      vertex 8.289176509964781 7.446730474455363 -0.00495
      vertex 8.280785280403231 7.495090322016129 -0.00495
      vertex 8.280785280403231 7.495090322016129 0.005050000000000001
    endloop
  endfacet
  facet normal 0.9852776423889434 0.17096188876028862 0
    outer loop
      vertex 8.289176509964781 7.446730474455363 -0.00495
      vertex 8.280785280403231 7.495090322016129 0.005050000000000001
      vertex 8.289176509964781 7.446730474455363 0.005050000000000001
    endloop
  endfacet
  facet normal 0 0 -1
    outer loop
      vertex 8.3 7.300000000000001 -0.00495
      vertex 8.223879532511287 7.68268343236509 -0.00495
      vertex 8.280785280403231 7.495090322016129 -0.00495
    endloop
  endfacet
  facet normal 0.9757021300385256 0.21910124015688293 0
    outer loop
      vertex 8.280785280403231 7.495090322016129 -0.00495
      vertex 8.270031253194544 7.542980179903265 0.005050000000000001
      vertex 8.280785280403231 7.495090322016129 0.005050000000000001
    endloop
  endfacet
  facet normal 0.9637760657954466 0.2667127574748739 0
    outer loop
      vertex 8.270031253194544 7.542980179903265 -0.00495
      vertex 8.25694033573221 7.590284677254463 -0.00495
      vertex 8.270031253194544 7.542980179903265 0.005050000000000001
    endloop
  endfacet
  facet normal 0 0 -1
    outer loop
      vertex 8.280785280403231 7.495090322016129 -0.00495
      vertex 8.241544065183021 7.636889853392221 -0.00495
      vertex 8.25694033573221 7.590284677254463 -0.00495
    endloop
  endfacet
  facet normal 0.9637760657954466 0.2667127574748739 -7.934497710735335e-17
    outer loop
      vertex 8.270031253194544 7.542980179903265 0.005050000000000001
      vertex 8.25694033573221 7.590284677254463 -0.00495
      vertex 8.25694033573221 7.590284677254463 0.005050000000000001
    endloop
  endfacet
  facet normal 0.9757021300385256 0.21910124015688293 -9.260387099027372e-17
    outer loop
      vertex 8.280785280403231 7.495090322016129 -0.00495
      vertex 8.270031253194544 7.542980179903265 -0.00495
      vertex 8.270031253194544 7.542980179903265 0.005050000000000001
    endloop
  endfacet
  facet normal 0 0 -1
    outer loop
      vertex 8.280785280403231 7.495090322016129 -0.00495
      vertex 8.25694033573221 7.590284677254463 -0.00495
      vertex 8.270031253194544 7.542980179903265 -0.00495
    endloop
  endfacet
  facet normal 0 0 -1
    outer loop
      vertex 8.280785280403231 7.495090322016129 -0.00495
      vertex 8.223879532511287 7.68268343236509 -0.00495
      vertex 8.241544065183021 7.636889853392221 -0.00495
    endloop
  endfacet
  facet normal 0.9495281805930307 0.3136817403989097 0
    outer loop
      vertex 8.25694033573221 7.590284677254463 -0.00495
      vertex 8.241544065183021 7.636889853392221 -0.00495
      vertex 8.25694033573221 7.590284677254463 0.005050000000000001
    endloop
  endfacet
  facet normal 0.9495281805930307 0.3136817403989097 7.424109525557104e-17
    outer loop
      vertex 8.25694033573221 7.590284677254463 0.005050000000000001
      vertex 8.241544065183021 7.636889853392221 -0.00495
      vertex 8.241544065183021 7.636889853392221 0.005050000000000001
    endloop
  endfacet
  facet normal 0 0 -1
    outer loop
      vertex 8.3 7.300000000000001 -0.00495
      vertex 8.007106781186549 8.007106781186549 -0.00495
      vertex 8.223879532511287 7.68268343236509 -0.00495
    endloop
  endfacet
  facet normal 0.932992798834737 0.35989503653499316 3.5145105410712124e-17
    outer loop
      vertex 8.241544065183021 7.636889853392221 -0.00495
      vertex 8.223879532511287 7.68268343236509 -0.00495
      vertex 8.223879532511287 7.68268343236509 0.005050000000000001
    endloop
  endfacet
  facet normal 0.914209755703534 0.4052413140049827 0
    outer loop
      vertex 8.223879532511287 7.68268343236509 -0.00495
      vertex 8.203989293123444 7.727555093430283 0.005050000000000001
      vertex 8.223879532511287 7.68268343236509 0.005050000000000001
    endloop
  endfacet
  facet normal 0.914209755703534 0.4052413140049827 1.0375808606099149e-16
    outer loop
      vertex 8.223879532511287 7.68268343236509 -0.00495
      vertex 8.203989293123444 7.727555093430283 -0.00495
      vertex 8.203989293123444 7.727555093430283 0.005050000000000001
    endloop
  endfacet
  facet normal 0.8932243011955183 0.4496113296546005 6.462560192373798e-17
    outer loop
      vertex 8.181921264348356 7.771396736825999 -0.00495
      vertex 8.203989293123444 7.727555093430283 0.005050000000000001
      vertex 8.203989293123444 7.727555093430283 -0.00495
    endloop
  endfacet
  facet normal 0 0 -1
    outer loop
      vertex 8.223879532511287 7.68268343236509 -0.00495
      vertex 8.131469612302546 7.855570233019603 -0.00495
      vertex 8.181921264348356 7.771396736825999 -0.00495
    endloop
  endfacet
  facet normal 0.8932243011955183 0.4496113296546005 0
    outer loop
      vertex 8.181921264348356 7.771396736825999 -0.00495
      vertex 8.181921264348356 7.771396736825999 0.005050000000000001
      vertex 8.203989293123444 7.727555093430283 0.005050000000000001
    endloop
  endfacet
  facet normal 0 0 -1
    outer loop
      vertex 8.223879532511287 7.68268343236509 -0.00495
      vertex 8.181921264348356 7.771396736825999 -0.00495
      vertex 8.203989293123444 7.727555093430283 -0.00495
    endloop
  endfacet
  facet normal 0.932992798834737 0.35989503653499316 0
    outer loop
      vertex 8.241544065183021 7.636889853392221 -0.00495
      vertex 8.223879532511287 7.68268343236509 0.005050000000000001
      vertex 8.241544065183021 7.636889853392221 0.005050000000000001
    endloop
  endfacet
  facet normal 0 0 -1
    outer loop
      vertex 8.007106781186549 8.007106781186549 -0.00495
      vertex 8.04095112535496 7.971558954847019 -0.00495
      vertex 8.073010453362738 7.934393284163646 -0.00495
    endloop
  endfacet
  facet normal 0.6895405447370607 0.7242470829514729 1.8613048138239457e-16
    outer loop
      vertex 8.007106781186549 8.007106781186549 0.005050000000000001
      vertex 7.971558954847019 8.04095112535496 -0.00495
      vertex 7.971558954847019 8.04095112535496 0.005050000000000001
    endloop
  endfacet
  facet normal 0.6895405447370607 0.7242470829514729 0
    outer loop
      vertex 8.007106781186549 8.007106781186549 -0.00495
      vertex 7.971558954847019 8.04095112535496 -0.00495
      vertex 8.007106781186549 8.007106781186549 0.005050000000000001
    endloop
  endfacet
  facet normal 0.7242470829514729 0.6895405447370607 0
    outer loop
      vertex 8.007106781186549 8.007106781186549 -0.00495
      vertex 8.007106781186549 8.007106781186549 0.005050000000000001
      vertex 8.04095112535496 7.971558954847019 0.005050000000000001
    endloop
  endfacet
  facet normal 0.7242470829514729 0.6895405447370607 1.8613048138239457e-16
    outer loop
      vertex 8.007106781186549 8.007106781186549 -0.00495
      vertex 8.04095112535496 7.971558954847019 0.005050000000000001
      vertex 8.04095112535496 7.971558954847019 -0.00495
    endloop
  endfacet
  facet normal 0.49289819222977843 0.8700869911087146 1.0638569812861197e-16
    outer loop
      vertex 7.771396736825999 8.181921264348356 -0.00495
      vertex 7.814102744193223 8.157728610000273 0.005050000000000001
      vertex 7.814102744193223 8.157728610000273 -0.00495
    endloop
  endfacet
  facet normal 0.5349976198871089 0.8448535652496996 0
    outer loop
      vertex 7.814102744193223 8.157728610000273 -0.00495
      vertex 7.814102744193223 8.157728610000273 0.005050000000000001
      vertex 7.855570233019603 8.131469612302546 -0.00495
    endloop
  endfacet
  facet normal 0 0 -1
    outer loop
      vertex 7.771396736825999 8.181921264348356 -0.00495
      vertex 7.814102744193223 8.157728610000273 -0.00495
      vertex 7.855570233019603 8.131469612302546 -0.00495
    endloop
  endfacet
  facet normal 0.5349976198871089 0.8448535652496996 -4.369913759878488e-17
    outer loop
      vertex 7.814102744193223 8.157728610000273 0.005050000000000001
      vertex 7.855570233019603 8.131469612302546 0.005050000000000001
      vertex 7.855570233019603 8.131469612302546 -0.00495
    endloop
  endfacet
  facet normal 0 0 -1
    outer loop
      vertex 7.895699304492434 8.103207531480646 -0.00495
      vertex 7.971558954847019 8.04095112535496 -0.00495
      vertex 7.855570233019603 8.131469612302546 -0.00495
    endloop
  endfacet
  facet normal 0.6152315905806282 0.7883464276266051 0
    outer loop
      vertex 7.895699304492434 8.103207531480646 -0.00495
      vertex 7.895699304492434 8.103207531480646 0.005050000000000001
      vertex 7.934393284163646 8.073010453362738 0.005050000000000001
    endloop
  endfacet
  facet normal 0 0 -1
    outer loop
      vertex 7.68268343236509 8.223879532511287 -0.00495
      vertex 7.855570233019603 8.131469612302546 -0.00495
      vertex 8.007106781186549 8.007106781186549 -0.00495
    endloop
  endfacet
  facet normal 0.575808191417838 0.8175848131515888 7.808484056361628e-18
    outer loop
      vertex 7.895699304492434 8.103207531480646 0.005050000000000001
      vertex 7.855570233019603 8.131469612302546 -0.00495
      vertex 7.855570233019603 8.131469612302546 0.005050000000000001
    endloop
  endfacet
  facet normal 0.575808191417838 0.8175848131515888 0
    outer loop
      vertex 7.895699304492434 8.103207531480646 -0.00495
      vertex 7.855570233019603 8.131469612302546 -0.00495
      vertex 7.895699304492434 8.103207531480646 0.005050000000000001
    endloop
  endfacet
  facet normal 0.49289819222977843 0.8700869911087146 0
    outer loop
      vertex 7.771396736825999 8.181921264348356 -0.00495
      vertex 7.771396736825999 8.181921264348356 0.005050000000000001
      vertex 7.814102744193223 8.157728610000273 0.005050000000000001
    endloop
  endfacet
  facet normal 0 0 -1
    outer loop
      vertex 7.895699304492434 8.103207531480646 -0.00495
      vertex 7.934393284163646 8.073010453362738 -0.00495
      vertex 7.971558954847019 8.04095112535496 -0.00495
    endloop
  endfacet
  facet normal 0.6152315905806282 0.7883464276266051 1.2258921321545644e-16
    outer loop
      vertex 7.895699304492434 8.103207531480646 -0.00495
      vertex 7.934393284163646 8.073010453362738 0.005050000000000001
      vertex 7.934393284163646 8.073010453362738 -0.00495
    endloop
  endfacet
  facet normal 0.6531728429537761 0.7572088465064851 5.195272149007608e-17
    outer loop
      vertex 7.934393284163646 8.073010453362738 0.005050000000000001
      vertex 7.971558954847019 8.04095112535496 0.005050000000000001
      vertex 7.971558954847019 8.04095112535496 -0.00495
    endloop
  endfacet
  facet normal 0 0 -1
    outer loop
      vertex 8.007106781186549 8.007106781186549 -0.00495
      vertex 7.855570233019603 8.131469612302546 -0.00495
      vertex 7.971558954847019 8.04095112535496 -0.00495
    endloop
  endfacet
  facet normal 0.6531728429537761 0.7572088465064851 0
    outer loop
      vertex 7.934393284163646 8.073010453362738 -0.00495
      vertex 7.934393284163646 8.073010453362738 0.005050000000000001
      vertex 7.971558954847019 8.04095112535496 -0.00495
    endloop
  endfacet
  facet normal 0 0 -1
    outer loop
      vertex 8.103207531480646 7.895699304492434 -0.00495
      vertex 8.131469612302546 7.855570233019603 -0.00495
      vertex 8.073010453362738 7.934393284163646 -0.00495
    endloop
  endfacet
  facet normal 0.7883464276266051 0.6152315905806282 0
    outer loop
      vertex 8.103207531480646 7.895699304492434 -0.00495
      vertex 8.073010453362738 7.934393284163646 -0.00495
      vertex 8.103207531480646 7.895699304492434 0.005050000000000001
    endloop
  endfacet
  facet normal 0.8700869911087146 0.49289819222977843 1.0638569812861197e-16
    outer loop
      vertex 8.181921264348356 7.771396736825999 -0.00495
      vertex 8.157728610000273 7.814102744193223 -0.00495
      vertex 8.157728610000273 7.814102744193223 0.005050000000000001
    endloop
  endfacet
  facet normal 0.8448535652496996 0.5349976198871089 0
    outer loop
      vertex 8.157728610000273 7.814102744193223 -0.00495
      vertex 8.131469612302546 7.855570233019603 -0.00495
      vertex 8.157728610000273 7.814102744193223 0.005050000000000001
    endloop
  endfacet
  facet normal 0.8448535652496996 0.5349976198871089 -4.369913759878488e-17
    outer loop
      vertex 8.157728610000273 7.814102744193223 0.005050000000000001
      vertex 8.131469612302546 7.855570233019603 -0.00495
      vertex 8.131469612302546 7.855570233019603 0.005050000000000001
    endloop
  endfacet
  facet normal 0 0 -1
    outer loop
      vertex 8.181921264348356 7.771396736825999 -0.00495
      vertex 8.131469612302546 7.855570233019603 -0.00495
      vertex 8.157728610000273 7.814102744193223 -0.00495
    endloop
  endfacet
  facet normal 0 0 -1
    outer loop
      vertex 8.223879532511287 7.68268343236509 -0.00495
      vertex 8.007106781186549 8.007106781186549 -0.00495
      vertex 8.131469612302546 7.855570233019603 -0.00495
    endloop
  endfacet
  facet normal 0.8175848131515888 0.575808191417838 7.808484056361628e-18
    outer loop
      vertex 8.103207531480646 7.895699304492434 0.005050000000000001
      vertex 8.131469612302546 7.855570233019603 0.005050000000000001
      vertex 8.131469612302546 7.855570233019603 -0.00495
    endloop
  endfacet
  facet normal 0.8175848131515888 0.575808191417838 0
    outer loop
      vertex 8.103207531480646 7.895699304492434 -0.00495
      vertex 8.103207531480646 7.895699304492434 0.005050000000000001
      vertex 8.131469612302546 7.855570233019603 -0.00495
    endloop
  endfacet
  facet normal 0 0 -1
    outer loop
      vertex 8.007106781186549 8.007106781186549 -0.00495
      vertex 8.073010453362738 7.934393284163646 -0.00495
      vertex 8.131469612302546 7.855570233019603 -0.00495
    endloop
  endfacet
  facet normal 0.7572088465064851 0.6531728429537761 5.195272149007608e-17
    outer loop
      vertex 8.073010453362738 7.934393284163646 -0.00495
      vertex 8.04095112535496 7.971558954847019 -0.00495
      vertex 8.04095112535496 7.971558954847019 0.005050000000000001
    endloop
  endfacet
  facet normal 0.7572088465064851 0.6531728429537761 0
    outer loop
      vertex 8.073010453362738 7.934393284163646 -0.00495
      vertex 8.04095112535496 7.971558954847019 0.005050000000000001
      vertex 8.073010453362738 7.934393284163646 0.005050000000000001
    endloop
  endfacet
  facet normal 0.7883464276266051 0.6152315905806282 1.2258921321545644e-16
    outer loop
      vertex 8.103207531480646 7.895699304492434 0.005050000000000001
      vertex 8.073010453362738 7.934393284163646 -0.00495
      vertex 8.073010453362738 7.934393284163646 0.005050000000000001
    endloop
  endfacet
  facet normal 0.8700869911087146 0.49289819222977843 0
    outer loop
      vertex 8.181921264348356 7.771396736825999 -0.00495
      vertex 8.157728610000273 7.814102744193223 0.005050000000000001
      vertex 8.181921264348356 7.771396736825999 0.005050000000000001
    endloop
  endfacet
  facet normal 0.6671550401249878 0.6351844013194091 0.3891592588598266
    outer loop
      vertex 8.007106781186549 8.007106781186549 0.005050000000000001
      vertex 5.713073130563667 5.551849226972792 7.945288710857995
      vertex 8.04095112535496 7.971558954847019 0.005050000000000001
    endloop
  endfacet
  facet normal 0.6351844013194091 0.6671550401249879 0.38915925885982655
    outer loop
      vertex 8.007106781186549 8.007106781186549 0.005050000000000001
      vertex 7.971558954847019 8.04095112535496 0.005050000000000001
      vertex 5.631975157412146 5.631975157412146 7.953537725374782
    endloop
  endfacet
  facet normal 0.023750684195776205 0.9674956130081709 0.2517700216669496
    outer loop
      vertex 7.300000000000001 8.3 0.005050000000000001
      vertex 4.085732939914544 6.299991621472716 7.993850099204748
      vertex 7.349067674327419 8.298795456205173 0.005050000000000001
    endloop
  endfacet
  facet normal 0.07084787483580408 0.9604612056723597 0.26924867878904685
    outer loop
      vertex 7.349067674327419 8.298795456205173 0.005050000000000001
      vertex 4.198906467779477 6.290977834962797 7.996224440742712
      vertex 7.398017140329562 8.295184726672197 0.005050000000000001
    endloop
  endfacet
  facet normal 0.1173150729086227 0.9511654826858322 0.2855195233525586
    outer loop
      vertex 7.398017140329562 8.295184726672197 0.005050000000000001
      vertex 4.311877005518921 6.276568006231481 7.997810969131016
      vertex 7.446730474455363 8.289176509964781 0.005050000000000001
    endloop
  endfacet
  facet normal 0.16305620743254814 0.9397160782499555 0.3005767214809513
    outer loop
      vertex 7.446730474455363 8.289176509964781 0.005050000000000001
      vertex 4.424353150275771 6.2567974617562445 7.998605325151907
      vertex 7.495090322016129 8.280785280403231 0.005050000000000001
    endloop
  endfacet
  facet normal 0.20798928334109315 0.9262183392288568 0.31442017443446124
    outer loop
      vertex 7.495090322016129 8.280785280403231 0.005050000000000001
      vertex 4.536044712918653 6.231716282637421 7.998605325151907
      vertex 7.542980179903265 8.270031253194544 0.005050000000000001
    endloop
  endfacet
  facet normal 0.25204503292429115 0.9107737197683216 0.327054326920724
    outer loop
      vertex 7.542980179903265 8.270031253194544 0.005050000000000001
      vertex 4.6466636131659165 6.20138915946554 7.997810969131016
      vertex 7.590284677254463 8.25694033573221 0.005050000000000001
    endloop
  endfacet
  facet normal 0.29516543718163185 0.893478530770086 0.33848704516761746
    outer loop
      vertex 7.590284677254463 8.25694033573221 0.005050000000000001
      vertex 4.7559247673783345 6.165895192960815 7.996224440742712
      vertex 7.636889853392221 8.241544065183021 0.005050000000000001
    endloop
  endfacet
  facet normal 0.33730217895636266 0.8744230179649984 0.34872858461025785
    outer loop
      vertex 7.636889853392221 8.241544065183021 0.005050000000000001
      vertex 4.863546964770152 6.125327641339209 7.993850099204748
      vertex 7.68268343236509 8.223879532511287 0.005050000000000001
    endloop
  endfacet
  facet normal 0.3784150776633884 0.8536907362335875 0.35779065927713494
    outer loop
      vertex 7.68268343236509 8.223879532511287 0.005050000000000001
      vertex 4.885355731234189 6.115933342410622 7.993199047869428
      vertex 7.727555093430283 8.203989293123444 0.005050000000000001
    endloop
  endfacet
  facet normal 0.4184705438483048 0.8313581852729586 0.3656856186821642
    outer loop
      vertex 7.727555093430283 8.203989293123444 0.005050000000000001
      vertex 5.072299391135972 6.029035039724245 7.988170390332862
      vertex 7.771396736825999 8.181921264348356 0.005050000000000001
    endloop
  endfacet
  facet normal 0.45744008137685616 0.8074946719061395 0.3724257332584998
    outer loop
      vertex 7.771396736825999 8.181921264348356 0.005050000000000001
      vertex 5.173123830143818 5.97372634127571 7.9842510578407175
      vertex 7.814102744193223 8.157728610000273 0.005050000000000001
    endloop
  endfacet
  facet normal 0.49529885611567165 0.7821623665199153 0.3780225860057476
    outer loop
      vertex 7.814102744193223 8.157728610000273 0.005050000000000001
      vertex 5.271254046311732 5.91384768418486 7.979571571086163
      vertex 7.855570233019603 8.131469612302546 0.005050000000000001
    endloop
  endfacet
  facet normal 0.5320243426951956 0.7554165246303461 0.38248656590154234
    outer loop
      vertex 7.895699304492434 8.103207531480646 0.005050000000000001
      vertex 7.855570233019603 8.131469612302546 0.005050000000000001
      vertex 5.366440535036909 5.849557548012679 7.97414471940738
    endloop
  endfacet
  facet normal 0.5675950553590764 0.7273058488569465 0.38582645755624817
    outer loop
      vertex 7.895699304492434 8.103207531480646 0.005050000000000001
      vertex 5.4584423538530356 5.781026114789901 7.967985304509675
      vertex 7.934393284163646 8.073010453362738 0.005050000000000001
    endloop
  endfacet
  facet normal 0.6019893649187763 0.6978729712000237 0.3880491213662767
    outer loop
      vertex 7.934393284163646 8.073010453362738 0.005050000000000001
      vertex 5.5470278180952555 5.708434701622949 7.961110086855823
      vertex 7.971558954847019 8.04095112535496 0.005050000000000001
    endloop
  endfacet
  facet normal 0.9674956130081709 0.02375068419577621 0.2517700216669496
    outer loop
      vertex 8.3 7.300000000000001 0.005050000000000001
      vertex 8.298795456205173 7.349067674327419 0.005050000000000001
      vertex 6.353240170171368 4.172668854037725 7.781026807726903
    endloop
  endfacet
  facet normal 0.9604612056723598 0.0708478748358041 0.26924867878904696
    outer loop
      vertex 8.298795456205173 7.349067674327419 0.005050000000000001
      vertex 8.295184726672197 7.398017140329562 0.005050000000000001
      vertex 6.34140289511196 4.279394838892492 7.795169622747738
    endloop
  endfacet
  facet normal 0.9511654826858322 0.11731507290862268 0.2855195233525586
    outer loop
      vertex 8.295184726672197 7.398017140329562 0.005050000000000001
      vertex 8.289176509964781 7.446730474455363 0.005050000000000001
      vertex 6.324055393893027 4.385843701806543 7.809222210848848
    endloop
  endfacet
  facet normal 0.9397160782499554 0.16305620743254814 0.3005767214809511
    outer loop
      vertex 8.289176509964781 7.446730474455363 0.005050000000000001
      vertex 8.280785280403231 7.495090322016129 0.005050000000000001
      vertex 6.324055393893027 4.385843701806543 7.809222210848848
    endloop
  endfacet
  facet normal 0.9262183392288568 0.20798928334109315 0.3144201744344613
    outer loop
      vertex 8.280785280403231 7.495090322016129 0.005050000000000001
      vertex 8.270031253194544 7.542980179903265 0.005050000000000001
      vertex 6.273027912839169 4.596987897778173 7.836595622843912
    endloop
  endfacet
  facet normal 0.9107737197683217 0.25204503292429115 0.3270543269207236
    outer loop
      vertex 8.270031253194544 7.542980179903265 0.005050000000000001
      vertex 8.25694033573221 7.590284677254463 0.005050000000000001
      vertex 6.273027912839169 4.596987897778173 7.836595622843912
    endloop
  endfacet
  facet normal 0.8934785307700859 0.2951654371816318 0.33848704516761746
    outer loop
      vertex 8.25694033573221 7.590284677254463 0.005050000000000001
      vertex 8.241544065183021 7.636889853392221 0.005050000000000001
      vertex 6.200650847340754 4.8041650204144695 7.8624164057377826
    endloop
  endfacet
  facet normal 0.8744230179649984 0.33730217895636266 0.34872858461025785
    outer loop
      vertex 8.241544065183021 7.636889853392221 0.005050000000000001
      vertex 8.223879532511287 7.68268343236509 0.005050000000000001
      vertex 6.156637245715151 4.9056074198170325 7.874660208501168
    endloop
  endfacet
  facet normal 0.8536907362335876 0.3784150776633884 0.35779065927713494
    outer loop
      vertex 8.223879532511287 7.68268343236509 0.005050000000000001
      vertex 8.203989293123444 7.727555093430283 0.005050000000000001
      vertex 6.107531727775966 5.0052721009516 7.886416545906115
    endloop
  endfacet
  facet normal 0.8313581852729586 0.4184705438483048 0.36568561868216415
    outer loop
      vertex 8.181921264348356 7.771396736825999 0.005050000000000001
      vertex 6.107531727775966 5.0052721009516 7.886416545906115
      vertex 8.203989293123444 7.727555093430283 0.005050000000000001
    endloop
  endfacet
  facet normal 0.8074946719061395 0.4574400813768561 0.3724257332584998
    outer loop
      vertex 8.181921264348356 7.771396736825999 0.005050000000000001
      vertex 8.157728610000273 7.814102744193223 0.005050000000000001
      vertex 5.9945029134053875 5.198247654274619 7.908344338928632
    endloop
  endfacet
  facet normal 0.7821623665199152 0.4952988561156716 0.3780225860057478
    outer loop
      vertex 8.157728610000273 7.814102744193223 0.005050000000000001
      vertex 8.131469612302546 7.855570233019603 0.005050000000000001
      vertex 5.930842740782078 5.291059315776886 7.918457706852605
    endloop
  endfacet
  facet normal 0.755416524630346 0.5320243426951955 0.38248656590154234
    outer loop
      vertex 8.103207531480646 7.895699304492434 0.005050000000000001
      vertex 5.862616371845361 5.381096379972847 7.927967626775382
      vertex 8.131469612302546 7.855570233019603 0.005050000000000001
    endloop
  endfacet
  facet normal 0.7273058488569466 0.5675950553590765 0.3858264575562481
    outer loop
      vertex 8.103207531480646 7.895699304492434 0.005050000000000001
      vertex 8.073010453362738 7.934393284163646 0.005050000000000001
      vertex 5.862616371845361 5.381096379972847 7.927967626775382
    endloop
  endfacet
  facet normal 0.6978729712000237 0.6019893649187763 0.3880491213662768
    outer loop
      vertex 8.073010453362738 7.934393284163646 0.005050000000000001
      vertex 8.04095112535496 7.971558954847019 0.005050000000000001
      vertex 5.713073130563667 5.551849226972792 7.945288710857995
    endloop
  endfacet
  facet normal 1.4099944716439343e-15 0.9701425001453278 0.24253562503634984
    outer loop
      vertex -0.6772878915071487 7.245954901655769 4.221230393376928
      vertex 0.6699973717331886 7.263464614965303 4.15119154013879
      vertex 0.6631058156490326 7.272349106232903 4.115653575068393
    endloop
  endfacet
  facet normal -1.3127128529774022e-16 0.9701425001453347 0.2425356250363219
    outer loop
      vertex -0.6772878915071487 7.245954901655769 4.221230393376928
      vertex 0.6756359189748764 7.254330840126572 4.187726639493714
      vertex 0.6699973717331886 7.263464614965303 4.15119154013879
    endloop
  endfacet
  facet normal 3.0047247713373595e-16 0.9701425001453305 0.24253562503633835
    outer loop
      vertex -0.6772878915071487 7.245954901655769 4.221230393376928
      vertex 0.6800214499235153 7.244947783523741 4.2252588659050385
      vertex 0.6756359189748764 7.254330840126572 4.187726639493714
    endloop
  endfacet
  facet normal -3.0444479526680493e-16 0.9701425001453332 0.24253562503632772
    outer loop
      vertex -0.6803501695394516 7.236020995076329 4.260966019694686
      vertex 0.6831539794802666 7.235315443349778 4.26378822660089
      vertex 0.6800214499235153 7.244947783523741 4.2252588659050385
    endloop
  endfacet
  facet normal -3.2726431004222766e-16 0.9701425001453305 0.2425356250363381
    outer loop
      vertex -0.6803501695394516 7.236020995076329 4.260966019694686
      vertex 0.685033492743969 7.2254338196046834 4.303314721581268
      vertex 0.6831539794802666 7.235315443349778 4.26378822660089
    endloop
  endfacet
  facet normal 3.150941245627422e-16 0.9701425001453319 0.24253562503633294
    outer loop
      vertex -0.6821875423192978 7.225803666491913 4.301835334032351
      vertex 0.6856599971652031 7.2153029140954885 4.343838343618048
      vertex 0.685033492743969 7.2254338196046834 4.303314721581268
    endloop
  endfacet
  facet normal -1.5525580682033194e-16 0.9701425001453331 0.242535625036328
    outer loop
      vertex -0.6821829080581665 7.20525415080455 4.384033396781801
      vertex 0.6850405558943748 7.2051057772779465 4.384626890888216
      vertex 0.6856599971652031 7.2153029140954885 4.343838343618048
    endloop
  endfacet
  facet normal 1.3133325843787868e-14 0.970142500145327 0.24253562503635256
    outer loop
      vertex -0.33264075964689255 7.047185578236364 5.016307687054546
      vertex -0.30402152240276337 7.043941677103109 5.029283291587565
      vertex 0.6850405558943748 7.2051057772779465 4.384626890888216
    endloop
  endfacet
  facet normal -1.6210680169666975e-16 0.9701425001453319 0.24253562503633336
    outer loop
      vertex -0.30402152240276337 7.043941677103109 5.029283291587565
      vertex -0.27438387274742126 7.041039238010649 5.040893047957405
      vertex 0.6850405558943748 7.2051057772779465 4.384626890888216
    endloop
  endfacet
  facet normal -9.589936998394847e-15 0.9701425001453351 0.24253562503632042
    outer loop
      vertex -0.27438387274742126 7.041039238010649 5.040893047957405
      vertex -0.24372781813144684 7.038478262766016 5.05113694893594
      vertex 0.6850405558943748 7.2051057772779465 4.384626890888216
    endloop
  endfacet
  facet normal -3.5156528607237425e-18 0.9701425001453319 0.242535625036333
    outer loop
      vertex -0.24372781813144684 7.038478262766016 5.05113694893594
      vertex -0.2120533585548401 7.036258751369208 5.060014994523171
      vertex 0.6850405558943748 7.2051057772779465 4.384626890888216
    endloop
  endfacet
  facet normal 1.5141240464912543e-14 0.9701425001453272 0.2425356250363519
    outer loop
      vertex -0.2120533585548401 7.036258751369208 5.060014994523171
      vertex -0.17936048656702042 7.034380703820226 5.067527184719097
      vertex 0.6850405558943748 7.2051057772779465 4.384626890888216
    endloop
  endfacet
  facet normal -1.571721611635335e-14 0.9701425001453362 0.24253562503631512
    outer loop
      vertex -0.17936048656702042 7.034380703820226 5.067527184719097
      vertex -0.14564920216798782 7.03284411831204 5.0736735267518425
      vertex 0.6850405558943748 7.2051057772779465 4.384626890888216
    endloop
  endfacet
  facet normal 1.0638286408099592e-14 0.9701425001453289 0.24253562503634502
    outer loop
      vertex -0.14564920216798782 7.03284411831204 5.0736735267518425
      vertex -0.1109195128083229 7.031648996651679 5.0784540133932845
      vertex 0.6850405558943748 7.2051057772779465 4.384626890888216
    endloop
  endfacet
  facet normal -1.634400616360712e-14 0.9701425001453361 0.2425356250363159
    outer loop
      vertex -0.1109195128083229 7.031648996651679 5.0784540133932845
      vertex -0.07517141848802567 7.0307953388391455 5.081868644643421
      vertex 0.6850405558943748 7.2051057772779465 4.384626890888216
    endloop
  endfacet
  facet normal 2.210948233381153e-14 0.9701425001453263 0.2425356250363554
    outer loop
      vertex -0.07517141848802567 7.0307953388391455 5.081868644643421
      vertex -0.0384049117565155 7.030283144874437 5.083917420502253
      vertex 0.6850405558943748 7.2051057772779465 4.384626890888216
    endloop
  endfacet
  facet normal -1.6783410274475658e-14 0.9701425001453361 0.24253562503631632
    outer loop
      vertex -0.0384049117565155 7.030283144874437 5.083917420502253
      vertex -0.0006200000643730164 7.030112412950524 5.084600348197905
      vertex 0.6831822171807289 7.195179539739013 4.42433184104395
    endloop
  endfacet
  facet normal 1.17025155644071e-14 0.9701425001453289 0.24253562503634504
    outer loop
      vertex 0.6757488548755646 7.176139771532128 4.500490913871489
      vertex 0.6800849810242653 7.185524205092751 4.462953179628999
      vertex -0.0006200000643730164 7.030112412950524 5.084600348197905
    endloop
  endfacet
  facet normal 6.664890427627718e-15 0.9701425001453303 0.24253562503633952
    outer loop
      vertex 0.6701738387346268 7.1670262408641765 4.536945036543294
      vertex 0.6757488548755646 7.176139771532128 4.500490913871489
      vertex 0.037477925419807434 7.030280860786973 5.083926556852111
    endloop
  endfacet
  facet normal -1.3092841603411513e-14 0.9701425001453353 0.24253562503631915
    outer loop
      vertex 0.6633599326014519 7.158183609474834 4.572315562100664
      vertex 0.6701738387346268 7.1670262408641765 4.536945036543294
      vertex 0.07454346120357513 7.0307862079103804 5.081905168358479
    endloop
  endfacet
  facet normal 1.4184578185952492e-14 0.9701425001453281 0.24253562503634793
    outer loop
      vertex 0.6553071290254593 7.149611880978163 4.60660247608735
      vertex 0.6633599326014519 7.158183609474834 4.572315562100664
      vertex 0.11057660728693008 7.031628452513717 5.078536189945134
    endloop
  endfacet
  facet normal 4.463496008584521e-15 0.9701425001453308 0.24253562503633774
    outer loop
      vertex -0.0384049117565155 7.030283144874437 5.083917420502253
      vertex 0.6831822171807289 7.195179539739013 4.42433184104395
      vertex 0.6850405558943748 7.2051057772779465 4.384626890888216
    endloop
  endfacet
  facet normal -5.4987443403855036e-15 0.9701425001453333 0.2425356250363273
    outer loop
      vertex 0.6800849810242653 7.185524205092751 4.462953179628999
      vertex 0.6831822171807289 7.195179539739013 4.42433184104395
      vertex -0.0006200000643730164 7.030112412950524 5.084600348197905
    endloop
  endfacet
  facet normal -1.5413724721481638e-14 0.970142500145336 0.2425356250363167
    outer loop
      vertex 0.6460154354572296 7.1413110517601 4.639805792959601
      vertex 0.6553071290254593 7.149611880978163 4.60660247608735
      vertex 0.14557737112045288 7.032807596404012 5.073819614383951
    endloop
  endfacet
  facet normal -2.0775317591767826e-17 0.9701425001453319 0.24253562503633297
    outer loop
      vertex 0.6237153634428978 7.1255221001949565 4.702961599220174
      vertex 0.6354848444461823 7.133281125434708 4.671925498261167
      vertex 0.21248172968626022 7.0361765748173575 5.06034370073057
    endloop
  endfacet
  facet normal 1.8264208183722615e-14 0.9701425001453273 0.24253562503635126
    outer loop
      vertex 0.6354848444461823 7.133281125434708 4.671925498261167
      vertex 0.6460154354572296 7.1413110517601 4.639805792959601
      vertex 0.17954574525356293 7.034323635967206 5.06775545613118
    endloop
  endfacet
  facet normal -1.91764035772528e-14 0.9701425001453372 0.24253562503631163
    outer loop
      vertex 0.6107069924473763 7.118033976040845 4.732914095836621
      vertex 0.6237153634428978 7.1255221001949565 4.702961599220174
      vertex 0.24438533186912537 7.038366411147439 5.051584355410248
    endloop
  endfacet
  facet normal 1.1404042596970987e-14 0.9701425001453288 0.24253562503634532
    outer loop
      vertex 0.596459724009037 7.110816754779404 4.761782980882384
      vertex 0.6107069924473763 7.118033976040845 4.732914095836621
      vertex 0.27525653690099716 7.040893146764478 5.041477412942087
    endloop
  endfacet
  facet normal -2.9311974727574694e-14 0.9701425001453393 0.24253562503630297
    outer loop
      vertex 0.5809735655784607 7.1038704327965725 4.789568268813713
      vertex 0.596459724009037 7.110816754779404 4.761782980882384
      vertex 0.3050953596830368 7.043756778054416 5.030022887782338
    endloop
  endfacet
  facet normal 3.1007165095663866e-14 0.9701425001453235 0.24253562503636647
    outer loop
      vertex 0.5642485097050667 7.097195013706411 4.816269945174356
      vertex 0.5809735655784607 7.1038704327965725 4.789568268813713
      vertex 0.3339018002152443 7.046957308631312 5.017220765474751
    endloop
  endfacet
  facet normal 1.4700251582273692e-16 0.9701425001453319 0.24253562503633266
    outer loop
      vertex -0.6772878915071487 7.245954901655769 4.221230393376928
      vertex 0.3593061566352844 7.383357712218084 3.671619151127668
      vertex 0.33169031143188477 7.387074197191661 3.6567532112333576
    endloop
  endfacet
  facet normal 9.443351024638508e-15 0.9701425001453279 0.24253562503634915
    outer loop
      vertex -0.6772878915071487 7.245954901655769 4.221230393376928
      vertex 0.3859505206346512 7.379287276810936 3.687900892756258
      vertex 0.3593061566352844 7.383357712218084 3.671619151127668
    endloop
  endfacet
  facet normal -1.0329660975794855e-14 0.9701425001453371 0.24253562503631257
    outer loop
      vertex -0.6772878915071487 7.245954901655769 4.221230393376928
      vertex 0.41162338852882385 7.374862889163188 3.7055984433472524
      vertex 0.3859505206346512 7.379287276810936 3.687900892756258
    endloop
  endfacet
  facet normal 1.1620111037774465e-14 0.9701425001453261 0.24253562503635606
    outer loop
      vertex -0.6772878915071487 7.245954901655769 4.221230393376928
      vertex 0.4363247752189636 7.370084551081868 3.7247117956725266
      vertex 0.41162338852882385 7.374862889163188 3.7055984433472524
    endloop
  endfacet
  facet normal -4.094491960851638e-15 0.9701425001453343 0.24253562503632314
    outer loop
      vertex -0.6772878915071487 7.245954901655769 4.221230393376928
      vertex 0.4600546732544899 7.36495226256698 3.7452409497320804
      vertex 0.4363247752189636 7.370084551081868 3.7247117956725266
    endloop
  endfacet
  facet normal -5.4080157435370715e-15 0.9701425001453349 0.24253562503632042
    outer loop
      vertex -0.6772878915071487 7.245954901655769 4.221230393376928
      vertex 0.4828130826354027 7.3594660236185225 3.7671859055259134
      vertex 0.4600546732544899 7.36495226256698 3.7452409497320804
    endloop
  endfacet
  facet normal 9.307006228991144e-15 0.9701425001453262 0.24253562503635556
    outer loop
      vertex -0.6772878915071487 7.245954901655769 4.221230393376928
      vertex 0.504600003361702 7.353625832429462 3.790546670282151
      vertex 0.4828130826354027 7.3594660236185225 3.7671859055259134
    endloop
  endfacet
  facet normal -8.026436840694399e-15 0.9701425001453374 0.24253562503631063
    outer loop
      vertex -0.6772878915071487 7.245954901655769 4.221230393376928
      vertex 0.5252746716141701 7.347483453216187 3.8151161871352564
      vertex 0.504600003361702 7.353625832429462 3.790546670282151
    endloop
  endfacet
  facet normal -1.1229557758356218e-15 0.9701425001453325 0.24253562503632986
    outer loop
      vertex -0.6772878915071487 7.245954901655769 4.221230393376928
      vertex 0.5446963310241699 7.34109179223881 3.8406828310447634
      vertex 0.5252746716141701 7.347483453216187 3.8151161871352564
    endloop
  endfacet
  facet normal 3.1022143759402673e-15 0.9701425001453295 0.2425356250363425
    outer loop
      vertex -0.6772878915071487 7.245954901655769 4.221230393376928
      vertex 0.5628649815917015 7.334450847690301 3.867246609238797
      vertex 0.5446963310241699 7.34109179223881 3.8406828310447634
    endloop
  endfacet
  facet normal 2.0318846071932753e-15 0.9701425001453304 0.24253562503633902
    outer loop
      vertex -0.6772878915071487 7.245954901655769 4.221230393376928
      vertex 0.5797806233167648 7.3275606213776925 3.894807514489232
      vertex 0.5628649815917015 7.334450847690301 3.867246609238797
    endloop
  endfacet
  facet normal 3.0348922482803466e-15 0.9701425001453288 0.24253562503634535
    outer loop
      vertex -0.6772878915071487 7.245954901655769 4.221230393376928
      vertex 0.6098528727889061 7.31303231803908 3.952920727843681
      vertex 0.5954432561993599 7.320421109686921 3.923365561252318
    endloop
  endfacet
  facet normal -3.136424607622803e-15 0.970142500145335 0.24253562503632034
    outer loop
      vertex -0.6772878915071487 7.245954901655769 4.221230393376928
      vertex 0.5954432561993599 7.320421109686921 3.923365561252318
      vertex 0.5797806233167648 7.3275606213776925 3.894807514489232
    endloop
  endfacet
  facet normal -1.0311546202829654e-15 0.9701425001453334 0.2425356250363268
    outer loop
      vertex -0.6772878915071487 7.245954901655769 4.221230393376928
      vertex 0.623009480535984 7.305394241013077 3.9834730359476955
      vertex 0.6098528727889061 7.31303231803908 3.952920727843681
    endloop
  endfacet
  facet normal 3.6472997905876225e-15 0.9701425001453274 0.24253562503635104
    outer loop
      vertex -0.6772878915071487 7.245954901655769 4.221230393376928
      vertex 0.6349130794405937 7.297506882222972 4.015022471108111
      vertex 0.623009480535984 7.305394241013077 3.9834730359476955
    endloop
  endfacet
  facet normal 6.136377587896782e-16 0.970142500145332 0.2425356250363327
    outer loop
      vertex -0.6772878915071487 7.245954901655769 4.221230393376928
      vertex 0.6455636695027351 7.289370239861737 4.0475690405530536
      vertex 0.6349130794405937 7.297506882222972 4.015022471108111
    endloop
  endfacet
  facet normal -1.0062759577469718e-15 0.9701425001453349 0.24253562503632112
    outer loop
      vertex -0.6772878915071487 7.245954901655769 4.221230393376928
      vertex 0.6549612432718277 7.28098431392937 4.081112744282523
      vertex 0.6455636695027351 7.289370239861737 4.0475690405530536
    endloop
  endfacet
  facet normal -9.673533912050361e-16 0.9701425001453347 0.24253562503632137
    outer loop
      vertex -0.6772878915071487 7.245954901655769 4.221230393376928
      vertex 0.6631058156490326 7.272349106232903 4.115653575068393
      vertex 0.6549612432718277 7.28098431392937 4.081112744282523
    endloop
  endfacet
  facet normal 5.695927065026793e-15 0.9701425001453304 0.2425356250363388
    outer loop
      vertex 0.6757488548755646 7.176139771532128 4.500490913871489
      vertex -0.0006200000643730164 7.030112412950524 5.084600348197905
      vertex 0.037477925419807434 7.030280860786973 5.083926556852111
    endloop
  endfacet
  facet normal 6.406421768812914e-15 0.9701425001453304 0.24253562503633877
    outer loop
      vertex 0.6701738387346268 7.1670262408641765 4.536945036543294
      vertex 0.037477925419807434 7.030280860786973 5.083926556852111
      vertex 0.07454346120357513 7.0307862079103804 5.081905168358479
    endloop
  endfacet
  facet normal 2.0843338130304688e-16 0.9701425001453318 0.24253562503633322
    outer loop
      vertex 0.6633599326014519 7.158183609474834 4.572315562100664
      vertex 0.07454346120357513 7.0307862079103804 5.081905168358479
      vertex 0.11057660728693008 7.031628452513717 5.078536189945134
    endloop
  endfacet
  facet normal 2.04043857106207e-17 0.9701425001453321 0.2425356250363325
    outer loop
      vertex 0.6553071290254593 7.149611880978163 4.60660247608735
      vertex 0.11057660728693008 7.031628452513717 5.078536189945134
      vertex 0.14557737112045288 7.032807596404012 5.073819614383951
    endloop
  endfacet
  facet normal -1.5854614288993616e-14 0.9701425001453361 0.24253562503631634
    outer loop
      vertex 0.6460154354572296 7.1413110517601 4.639805792959601
      vertex 0.14557737112045288 7.032807596404012 5.073819614383951
      vertex 0.17954574525356293 7.034323635967206 5.06775545613118
    endloop
  endfacet
  facet normal 2.565986581491216e-14 0.9701425001453252 0.2425356250363595
    outer loop
      vertex 0.6354848444461823 7.133281125434708 4.671925498261167
      vertex 0.17954574525356293 7.034323635967206 5.06775545613118
      vertex 0.21248172968626022 7.0361765748173575 5.06034370073057
    endloop
  endfacet
  facet normal -2.978984538873875e-14 0.9701425001453401 0.24253562503630044
    outer loop
      vertex 0.6237153634428978 7.1255221001949565 4.702961599220174
      vertex 0.21248172968626022 7.0361765748173575 5.06034370073057
      vertex 0.24438533186912537 7.038366411147439 5.051584355410248
    endloop
  endfacet
  facet normal 2.200814443802682e-14 0.9701425001453261 0.2425356250363562
    outer loop
      vertex 0.6107069924473763 7.118033976040845 4.732914095836621
      vertex 0.24438533186912537 7.038366411147439 5.051584355410248
      vertex 0.27525653690099716 7.040893146764478 5.041477412942087
    endloop
  endfacet
  facet normal -1.0835628554835873e-16 0.9701425001453319 0.24253562503633272
    outer loop
      vertex 0.596459724009037 7.110816754779404 4.761782980882384
      vertex 0.27525653690099716 7.040893146764478 5.041477412942087
      vertex 0.3050953596830368 7.043756778054416 5.030022887782338
    endloop
  endfacet
  facet normal 1.4951459276455048e-15 0.970142500145331 0.24253562503633624
    outer loop
      vertex 0.5809735655784607 7.1038704327965725 4.789568268813713
      vertex 0.3050953596830368 7.043756778054416 5.030022887782338
      vertex 0.3339018002152443 7.046957308631312 5.017220765474751
    endloop
  endfacet
  facet normal -3.737501075225906e-14 0.9701425001453418 0.24253562503629278
    outer loop
      vertex 0.5642485097050667 7.097195013706411 4.816269945174356
      vertex 0.3339018002152443 7.046957308631312 5.017220765474751
      vertex 0.36167585104703903 7.050494736688138 5.003071053247452
    endloop
  endfacet
  facet normal 6.752799546855612e-14 0.9701425001453144 0.24253562503640289
    outer loop
      vertex 0.5462845638394356 7.09079049570189 4.841888017192439
      vertex 0.36167585104703903 7.050494736688138 5.003071053247452
      vertex 0.388417512178421 7.054369064031921 4.987573743872314
    endloop
  endfacet
  facet normal -8.666970075026509e-14 0.9701425001453539 0.24253562503624482
    outer loop
      vertex 0.5270817279815674 7.08465687878301 4.866422484867964
      vertex 0.388417512178421 7.054369064031921 4.987573743872314
      vertex 0.41412678360939026 7.058580287048604 4.970728851805588
    endloop
  endfacet
  facet normal 5.5734868296889304e-14 0.9701425001453168 0.2425356250363932
    outer loop
      vertex 0.41412678360939026 7.058580287048604 4.970728851805588
      vertex 0.43880366533994675 7.063128409352244 4.952536362591024
      vertex 0.5066400021314621 7.078794162949769 4.889873348200928
    endloop
  endfacet
  facet normal 1.9238782529449958e-17 0.9701425001453319 0.2425356250363328
    outer loop
      vertex 0.41412678360939026 7.058580287048604 4.970728851805588
      vertex 0.5066400021314621 7.078794162949769 4.889873348200928
      vertex 0.5270817279815674 7.08465687878301 4.866422484867964
    endloop
  endfacet
  facet normal 1.4220547053557506e-13 0.9701425001452949 0.24253562503648152
    outer loop
      vertex 0.43880366533994675 7.063128409352244 4.952536362591024
      vertex 0.48506027460098267 7.073235348206342 4.912108607174631
      vertex 0.5066400021314621 7.078794162949769 4.889873348200928
    endloop
  endfacet
  facet normal 5.967957420521615e-15 0.9701425001453309 0.24253562503633697
    outer loop
      vertex 0.5462845638394356 7.09079049570189 4.841888017192439
      vertex 0.5642485097050667 7.097195013706411 4.816269945174356
      vertex 0.36167585104703903 7.050494736688138 5.003071053247452
    endloop
  endfacet
  facet normal -6.324667437793814e-14 0.9701425001453476 0.24253562503626983
    outer loop
      vertex 0.5270817279815674 7.08465687878301 4.866422484867964
      vertex 0.5462845638394356 7.09079049570189 4.841888017192439
      vertex 0.388417512178421 7.054369064031921 4.987573743872314
    endloop
  endfacet
  facet normal -8.066604281082961e-14 0.970142500145355 0.2425356250362408
    outer loop
      vertex 0.43880366533994675 7.063128409352244 4.952536362591024
      vertex 0.4624481648206711 7.068013429135814 4.932996283456747
      vertex 0.48506027460098267 7.073235348206342 4.912108607174631
    endloop
  endfacet
  facet normal 8.822155019617234e-17 0.9701425001453319 0.24253562503633308
    outer loop
      vertex 7.300000000000001 8.3 0.005050000000000001
      vertex 0.6031820774078369 7.021297089417008 5.119861642331971
      vertex 0.9680185968858741 6.316971209295929 7.937165162816285
    endloop
  endfacet
  facet normal -2.228247211023544e-16 0.9701425001453321 0.24253562503633283
    outer loop
      vertex 7.300000000000001 8.3 0.005050000000000001
      vertex 0.9680185968858741 6.316971209295929 7.937165162816285
      vertex 1.9404689784446802 6.31441217001814 7.947401319927441
    endloop
  endfacet
  facet normal -2.929907893941384e-16 0.970142500145332 0.2425356250363329
    outer loop
      vertex 7.300000000000001 8.3 0.005050000000000001
      vertex 1.9404689784446802 6.31441217001814 7.947401319927441
      vertex 2.921865031307191 6.3101140436037975 7.964593825584812
    endloop
  endfacet
  facet normal 1.5679933749915562e-18 0.9701425001453318 0.24253562503633305
    outer loop
      vertex 0.051355913281440735 6.979013563532538 5.288995745869848
      vertex -0.0006200000643730164 6.978796725206997 5.289863099172014
      vertex 0.9680185968858741 6.316971209295929 7.937165162816285
    endloop
  endfacet
  facet normal -4.1775927468954486e-15 0.9701425001453314 0.24253562503633438
    outer loop
      vertex 0.051355913281440735 6.979013563532538 5.288995745869848
      vertex 0.9680185968858741 6.316971209295929 7.937165162816285
      vertex 0.10197072476148605 6.979664078509162 5.286393685963352
    endloop
  endfacet
  facet normal 1.4535598416208e-17 0.9701425001453318 0.24253562503633308
    outer loop
      vertex 0.10197072476148605 6.979664078509162 5.286393685963352
      vertex 0.9680185968858741 6.316971209295929 7.937165162816285
      vertex 0.15122442692518234 6.9807482719439005 5.2820569122244
    endloop
  endfacet
  facet normal -4.312178915310781e-15 0.9701425001453315 0.24253562503633436
    outer loop
      vertex 0.15122442692518234 6.9807482719439005 5.2820569122244
      vertex 0.9680185968858741 6.316971209295929 7.937165162816285
      vertex 0.1991170272231102 6.982266142029721 5.275985431881117
    endloop
  endfacet
  facet normal 1.2604989384990849e-14 0.9701425001453325 0.2425356250363299
    outer loop
      vertex 0.9680185968858741 6.316971209295929 7.937165162816285
      vertex 0.24564851075410843 6.984217690573655 5.268179237705379
      vertex 0.1991170272231102 6.982266142029721 5.275985431881117
    endloop
  endfacet
  facet normal -8.746789146001978e-15 0.9701425001453312 0.2425356250363352
    outer loop
      vertex 0.9680185968858741 6.316971209295929 7.937165162816285
      vertex 0.2908188924193382 6.986602913961642 5.258638344153434
      vertex 0.24564851075410843 6.984217690573655 5.268179237705379
    endloop
  endfacet
  facet normal -6.297962726435065e-16 0.9701425001453319 0.24253562503633327
    outer loop
      vertex 0.9680185968858741 6.316971209295929 7.937165162816285
      vertex 0.49625418335199356 7.005034195124063 5.184913219503751
      vertex 0.4578893408179283 7.000480584866601 5.203127660533599
    endloop
  endfacet
  facet normal 8.717825883582028e-15 0.9701425001453324 0.24253562503633083
    outer loop
      vertex 0.9680185968858741 6.316971209295929 7.937165162816285
      vertex 0.334628164768219 6.9894218158077415 5.247362736769034
      vertex 0.2908188924193382 6.986602913961642 5.258638344153434
    endloop
  endfacet
  facet normal -1.504932318826447e-14 0.9701425001453312 0.2425356250363359
    outer loop
      vertex 0.9680185968858741 6.316971209295929 7.937165162816285
      vertex 0.37707633525133133 6.992674394304925 5.2343524227803035
      vertex 0.334628164768219 6.9894218158077415 5.247362736769034
    endloop
  endfacet
  facet normal 9.930181528844329e-15 0.9701425001453324 0.24253562503633103
    outer loop
      vertex 0.9680185968858741 6.316971209295929 7.937165162816285
      vertex 0.41816338896751404 6.996360651260221 5.219607394959117
      vertex 0.37707633525133133 6.992674394304925 5.2343524227803035
    endloop
  endfacet
  facet normal -1.0506044506497778e-14 0.9701425001453314 0.24253562503633488
    outer loop
      vertex 0.9680185968858741 6.316971209295929 7.937165162816285
      vertex 0.4578893408179283 7.000480584866601 5.203127660533599
      vertex 0.41816338896751404 6.996360651260221 5.219607394959117
    endloop
  endfacet
  facet normal -5.140331329358749e-15 0.9701425001453318 0.24253562503633364
    outer loop
      vertex 0.9680185968858741 6.316971209295929 7.937165162816285
      vertex 0.5689005553722382 7.015442447399266 5.143280210402937
      vertex 0.5332579240202904 7.010021483839639 5.164964064641446
    endloop
  endfacet
  facet normal 9.952471073108908e-15 0.9701425001453322 0.24253562503633164
    outer loop
      vertex 0.9680185968858741 6.316971209295929 7.937165162816285
      vertex 0.5332579240202904 7.010021483839639 5.164964064641446
      vertex 0.49625418335199356 7.005034195124063 5.184913219503751
    endloop
  endfacet
  facet normal -5.487388002170816e-16 0.970142500145332 0.24253562503633294
    outer loop
      vertex 0.9680185968858741 6.316971209295929 7.937165162816285
      vertex 0.6031820774078369 7.021297089417008 5.119861642331971
      vertex 0.5689005553722382 7.015442447399266 5.143280210402937
    endloop
  endfacet
  facet normal -2.0274467695445458e-16 0.9701425001453319 0.24253562503633314
    outer loop
      vertex -0.0006200000643730164 6.978796725206997 5.289863099172014
      vertex 0 6.317820944134678 7.933766223461286
      vertex 0.9680185968858741 6.316971209295929 7.937165162816285
    endloop
  endfacet
  facet normal 0.9701425001453319 -1.7659592583743188e-16 0.24253562503633266
    outer loop
      vertex 8.3 7.300000000000001 0.005050000000000001
      vertex 6.495723738096392 -1.2348556466849703 7.222155047614433
      vertex 6.522620541565327 -2.5051650701297516 7.114567833738693
    endloop
  endfacet
  facet normal 0.9701425001453319 -3.4949159512482816e-16 0.24253562503633255
    outer loop
      vertex 8.3 7.300000000000001 0.005050000000000001
      vertex 6.462826702961523 0.27699899103391035 7.35374318815391
      vertex 6.495723738096392 -1.2348556466849703 7.222155047614433
    endloop
  endfacet
  facet normal 0.9701425001453319 2.698091553800926e-16 0.24253562503633325
    outer loop
      vertex 8.3 7.300000000000001 0.005050000000000001
      vertex 6.421823309809863 2.1161529297066437 7.517756760760549
      vertex 6.462826702961523 0.27699899103391035 7.35374318815391
    endloop
  endfacet
  facet normal 0.9701425001453319 4.530579191959698e-16 0.24253562503633302
    outer loop
      vertex 8.3 7.300000000000001 0.005050000000000001
      vertex 6.413046210954846 2.501486016898755 7.552865156180616
      vertex 6.421823309809863 2.1161529297066437 7.517756760760549
    endloop
  endfacet
  facet normal -1.4147840428859488e-16 0.9701425001453319 0.2425356250363329
    outer loop
      vertex 7.300000000000001 8.3 0.005050000000000001
      vertex 2.921865031307191 6.3101140436037975 7.964593825584812
      vertex 3.9168881035912655 6.304026249422287 7.988945002310856
    endloop
  endfacet
  facet normal -3.0362437152624524e-15 0.9701425001453324 0.24253562503633092
    outer loop
      vertex 7.300000000000001 8.3 0.005050000000000001
      vertex 3.9168881035912655 6.304026249422287 7.988945002310856
      vertex 3.9726481403446727 6.303588884206804 7.990694463172787
    endloop
  endfacet
  facet normal 0.0237506841957884 0.9674956130081693 0.25177002166695406
    outer loop
      vertex 7.300000000000001 8.3 0.005050000000000001
      vertex 3.9726481403446727 6.303588884206804 7.990694463172787
      vertex 4.085732939914544 6.299991621472716 7.993850099204748
    endloop
  endfacet
  facet normal 0.07084787483578446 0.9604612056723629 0.2692486787890405
    outer loop
      vertex 7.349067674327419 8.298795456205173 0.005050000000000001
      vertex 4.085732939914544 6.299991621472716 7.993850099204748
      vertex 4.198906467779477 6.290977834962797 7.996224440742712
    endloop
  endfacet
  facet normal 0.11731507290861817 0.9511654826858332 0.28551952335255737
    outer loop
      vertex 7.398017140329562 8.295184726672197 0.005050000000000001
      vertex 4.198906467779477 6.290977834962797 7.996224440742712
      vertex 4.311877005518921 6.276568006231481 7.997810969131016
    endloop
  endfacet
  facet normal 0.1630562074325617 0.9397160782499518 0.30057672148095516
    outer loop
      vertex 7.446730474455363 8.289176509964781 0.005050000000000001
      vertex 4.311877005518921 6.276568006231481 7.997810969131016
      vertex 4.424353150275771 6.2567974617562445 7.998605325151907
    endloop
  endfacet
  facet normal 0.20798928334108271 0.92621833922886 0.31442017443445847
    outer loop
      vertex 7.495090322016129 8.280785280403231 0.005050000000000001
      vertex 4.424353150275771 6.2567974617562445 7.998605325151907
      vertex 4.536044712918653 6.231716282637421 7.998605325151907
    endloop
  endfacet
  facet normal 0.2520450329243188 0.9107737197683111 0.32705432692073183
    outer loop
      vertex 7.542980179903265 8.270031253194544 0.005050000000000001
      vertex 4.536044712918653 6.231716282637421 7.998605325151907
      vertex 4.6466636131659165 6.20138915946554 7.997810969131016
    endloop
  endfacet
  facet normal 0.2951654371816123 0.8934785307700943 0.33848704516761247
    outer loop
      vertex 7.590284677254463 8.25694033573221 0.005050000000000001
      vertex 4.6466636131659165 6.20138915946554 7.997810969131016
      vertex 4.7559247673783345 6.165895192960815 7.996224440742712
    endloop
  endfacet
  facet normal 0.4574400813768619 0.8074946719061356 0.3724257332585013
    outer loop
      vertex 7.771396736825999 8.181921264348356 0.005050000000000001
      vertex 5.072299391135972 6.029035039724245 7.988170390332862
      vertex 5.173123830143818 5.97372634127571 7.9842510578407175
    endloop
  endfacet
  facet normal 0.49529885611566 0.7821623665199235 0.3780225860057458
    outer loop
      vertex 7.814102744193223 8.157728610000273 0.005050000000000001
      vertex 5.173123830143818 5.97372634127571 7.9842510578407175
      vertex 5.271254046311732 5.91384768418486 7.979571571086163
    endloop
  endfacet
  facet normal 0.5320243426951973 0.7554165246303449 0.38248656590154245
    outer loop
      vertex 7.855570233019603 8.131469612302546 0.005050000000000001
      vertex 5.271254046311732 5.91384768418486 7.979571571086163
      vertex 5.366440535036909 5.849557548012679 7.97414471940738
    endloop
  endfacet
  facet normal 0.3373021789563621 0.8744230179649989 0.34872858461025763
    outer loop
      vertex 7.636889853392221 8.241544065183021 0.005050000000000001
      vertex 4.7559247673783345 6.165895192960815 7.996224440742712
      vertex 4.863546964770152 6.125327641339209 7.993850099204748
    endloop
  endfacet
  facet normal 0.37841507766338084 0.8536907362335902 0.357790659277137
    outer loop
      vertex 7.68268343236509 8.223879532511287 0.005050000000000001
      vertex 4.863546964770152 6.125327641339209 7.993850099204748
      vertex 4.885355731234189 6.115933342410622 7.993199047869428
    endloop
  endfacet
  facet normal 0.3784150776633952 0.8536907362335843 0.3577906592771357
    outer loop
      vertex 7.727555093430283 8.203989293123444 0.005050000000000001
      vertex 4.885355731234189 6.115933342410622 7.993199047869428
      vertex 4.969038064063946 6.079627530833152 7.991318838187437
    endloop
  endfacet
  facet normal 0.41847054384830745 0.831358185272957 0.36568561868216476
    outer loop
      vertex 7.727555093430283 8.203989293123444 0.005050000000000001
      vertex 4.969038064063946 6.079627530833152 7.991318838187437
      vertex 5.072299391135972 6.029035039724245 7.988170390332862
    endloop
  endfacet
  facet normal 0.9701425001453319 5.5096767264363255e-17 0.24253562503633305
    outer loop
      vertex 8.3 7.300000000000001 0.005050000000000001
      vertex 6.359611811456532 4.066019685760887 7.766602754173871
      vertex 6.413046210954846 2.501486016898755 7.552865156180616
    endloop
  endfacet
  facet normal 0.9674956130081701 0.023750684195781822 0.2517700216669518
    outer loop
      vertex 8.3 7.300000000000001 0.005050000000000001
      vertex 6.353240170171368 4.172668854037725 7.781026807726903
      vertex 6.359611811456532 4.066019685760887 7.766602754173871
    endloop
  endfacet
  facet normal 0.8074946719061336 0.45744008137686537 0.37242573325850165
    outer loop
      vertex 8.181921264348356 7.771396736825999 0.005050000000000001
      vertex 5.9945029134053875 5.198247654274619 7.908344338928632
      vertex 6.053445348437098 5.102902865997184 7.89765449079715
    endloop
  endfacet
  facet normal 0.7554165246303488 0.5320243426951913 0.3824865659015425
    outer loop
      vertex 8.131469612302546 7.855570233019603 0.005050000000000001
      vertex 5.862616371845361 5.381096379972847 7.927967626775382
      vertex 5.930842740782078 5.291059315776886 7.918457706852605
    endloop
  endfacet
  facet normal 0.7821623665199217 0.49529885611566316 0.37802258600574584
    outer loop
      vertex 8.157728610000273 7.814102744193223 0.005050000000000001
      vertex 5.930842740782078 5.291059315776886 7.918457706852605
      vertex 5.9945029134053875 5.198247654274619 7.908344338928632
    endloop
  endfacet
  facet normal 0.9604612056723627 0.07084787483578749 0.26924867878904063
    outer loop
      vertex 8.298795456205173 7.349067674327419 0.005050000000000001
      vertex 6.34140289511196 4.279394838892492 7.795169622747738
      vertex 6.353240170171368 4.172668854037725 7.781026807726903
    endloop
  endfacet
  facet normal 0.9511654826858319 0.11731507290862525 0.28551952335255854
    outer loop
      vertex 8.295184726672197 7.398017140329562 0.005050000000000001
      vertex 6.335134946678939 4.318016064429069 7.800181554297279
      vertex 6.34140289511196 4.279394838892492 7.795169622747738
    endloop
  endfacet
  facet normal 0.9511654826858353 0.11731507290860835 0.2855195233525541
    outer loop
      vertex 8.295184726672197 7.398017140329562 0.005050000000000001
      vertex 6.324055393893027 4.385843701806543 7.809222210848848
      vertex 6.335134946678939 4.318016064429069 7.800181554297279
    endloop
  endfacet
  facet normal 0.93971607824995 0.1630562074325686 0.3005767214809576
    outer loop
      vertex 8.280785280403231 7.495090322016129 0.005050000000000001
      vertex 6.3012394618615755 4.491779298028557 7.823085698339204
      vertex 6.324055393893027 4.385843701806543 7.809222210848848
    endloop
  endfacet
  facet normal 0.9262183392288628 0.20798928334107372 0.3144201744344562
    outer loop
      vertex 8.280785280403231 7.495090322016129 0.005050000000000001
      vertex 6.273027912839169 4.596987897778173 7.836595622843912
      vertex 6.3012394618615755 4.491779298028557 7.823085698339204
    endloop
  endfacet
  facet normal 0.910773719768313 0.25204503292431435 0.32705432692073005
    outer loop
      vertex 8.25694033573221 7.590284677254463 0.005050000000000001
      vertex 6.2394754163512545 4.701204462995155 7.849717187272803
      vertex 6.273027912839169 4.596987897778173 7.836595622843912
    endloop
  endfacet
  facet normal 0.8934785307700907 0.2951654371816205 0.33848704516761485
    outer loop
      vertex 8.25694033573221 7.590284677254463 0.005050000000000001
      vertex 6.200650847340754 4.8041650204144695 7.8624164057377826
      vertex 6.2394754163512545 4.701204462995155 7.849717187272803
    endloop
  endfacet
  facet normal 0.8744230179650001 0.33730217895635906 0.3487285846102573
    outer loop
      vertex 8.241544065183021 7.636889853392221 0.005050000000000001
      vertex 6.156637245715151 4.9056074198170325 7.874660208501168
      vertex 6.200650847340754 4.8041650204144695 7.8624164057377826
    endloop
  endfacet
  facet normal 0.8313581852729549 0.4184705438483115 0.3656856186821648
    outer loop
      vertex 8.181921264348356 7.771396736825999 0.005050000000000001
      vertex 6.053445348437098 5.102902865997184 7.89765449079715
      vertex 6.107531727775966 5.0052721009516 7.886416545906115
    endloop
  endfacet
  facet normal 0.8536907362335875 0.3784150776633893 0.35779065927713444
    outer loop
      vertex 8.223879532511287 7.68268343236509 0.005050000000000001
      vertex 6.107531727775966 5.0052721009516 7.886416545906115
      vertex 6.156637245715151 4.9056074198170325 7.874660208501168
    endloop
  endfacet
  facet normal 0.6351844013194127 0.6671550401249846 0.3891592588598265
    outer loop
      vertex 7.971558954847019 8.04095112535496 0.005050000000000001
      vertex 5.5470278180952555 5.708434701622949 7.961110086855823
      vertex 5.631975157412146 5.631975157412146 7.953537725374782
    endloop
  endfacet
  facet normal 0.6671550401249892 0.6351844013194079 0.3891592588598264
    outer loop
      vertex 8.007106781186549 8.007106781186549 0.005050000000000001
      vertex 5.631975157412146 5.631975157412146 7.953537725374782
      vertex 5.713073130563667 5.551849226972792 7.945288710857995
    endloop
  endfacet
  facet normal 0.5675950553590833 0.7273058488569405 0.38582645755624934
    outer loop
      vertex 7.895699304492434 8.103207531480646 0.005050000000000001
      vertex 5.366440535036909 5.849557548012679 7.97414471940738
      vertex 5.4584423538530356 5.781026114789901 7.967985304509675
    endloop
  endfacet
  facet normal 0.6019893649187766 0.6978729712000236 0.3880491213662766
    outer loop
      vertex 7.934393284163646 8.073010453362738 0.005050000000000001
      vertex 5.4584423538530356 5.781026114789901 7.967985304509675
      vertex 5.5470278180952555 5.708434701622949 7.961110086855823
    endloop
  endfacet
  facet normal 0.6978729712000025 0.6019893649187991 0.38804912136627956
    outer loop
      vertex 8.073010453362738 7.934393284163646 0.005050000000000001
      vertex 5.713073130563667 5.551849226972792 7.945288710857995
      vertex 5.737237181264184 5.525636326522592 7.9424964082750495
    endloop
  endfacet
  facet normal 0.6978729712000151 0.6019893649187859 0.38804912136627706
    outer loop
      vertex 8.073010453362738 7.934393284163646 0.005050000000000001
      vertex 5.737237181264184 5.525636326522592 7.9424964082750495
      vertex 5.789988231089287 5.468123816250303 7.936848637874362
    endloop
  endfacet
  facet normal 0.7273058488569496 0.567595055359073 0.3858264575562475
    outer loop
      vertex 8.073010453362738 7.934393284163646 0.005050000000000001
      vertex 5.789988231089287 5.468123816250303 7.936848637874362
      vertex 5.862616371845361 5.381096379972847 7.927967626775382
    endloop
  endfacet
  facet normal 1 0 0
    outer loop
      vertex -6.5 -6.5 -0.00495
      vertex -6.5 6.5 0.005
      vertex -6.5 -6.5 0.005
    endloop
  endfacet
  facet normal 0.9635179096299407 -7.923850132665638e-18 -0.26764386378609467
    outer loop
      vertex -6.5 -6.5 0.005
      vertex -5 5 5.404999999999999
      vertex -5 -5 5.404999999999999
    endloop
  endfacet
  facet normal 0 1 0
    outer loop
      vertex -6.5 -6.5 -0.00495
      vertex -6.5 -6.5 0.005
      vertex 6.5 -6.5 -0.00495
    endloop
  endfacet
  facet normal -7.923850132665638e-18 0.9635179096299407 -0.26764386378609467
    outer loop
      vertex -6.5 -6.5 0.005
      vertex -5 -5 5.404999999999999
      vertex 5 -5 5.404999999999999
    endloop
  endfacet
  facet normal 0 0 -1
    outer loop
      vertex -5 -5 5.404999999999999
      vertex -0.7982828624497714 -2.6315859232635743 5.404999999999999
      vertex 5 -5 5.404999999999999
    endloop
  endfacet
  facet normal 0 0 -1
    outer loop
      vertex -5 -5 5.404999999999999
      vertex -2.358753677500748 -1.4137825465313598 5.404999999999999
      vertex -2.2865414338319994 -1.527818140803906 5.404999999999999
    endloop
  endfacet
  facet normal 0 0 -1
    outer loop
      vertex -5 -5 5.404999999999999
      vertex -2.2865414338319994 -1.527818140803906 5.404999999999999
      vertex -2.2088207115717737 -1.6381730873541918 5.404999999999999
    endloop
  endfacet
  facet normal 0 0 -1
    outer loop
      vertex -5 -5 5.404999999999999
      vertex -2.589246179253307 -0.9264470968286052 5.404999999999999
      vertex -2.5406687144060385 -1.0523794390039969 5.404999999999999
    endloop
  endfacet
  facet normal 0 0 -1
    outer loop
      vertex -5 -5 5.404999999999999
      vertex -2.6315859232635743 -0.7982828624497714 5.404999999999999
      vertex -2.589246179253307 -0.9264470968286052 5.404999999999999
    endloop
  endfacet
  facet normal 0 0 -1
    outer loop
      vertex -5 -5 5.404999999999999
      vertex -2.6629355133716164 -0.6849999999999999 5.404999999999999
      vertex -2.6315859232635743 -0.7982828624497714 5.404999999999999
    endloop
  endfacet
  facet normal 0 0 -1
    outer loop
      vertex -5 -5 5.404999999999999
      vertex -2.4252834769579765 -1.2963410262714936 5.404999999999999
      vertex -2.358753677500748 -1.4137825465313598 5.404999999999999
    endloop
  endfacet
  facet normal 0 0 -1
    outer loop
      vertex -5 -5 5.404999999999999
      vertex -2.485970556089469 -1.1757765069332757 5.404999999999999
      vertex -2.4252834769579765 -1.2963410262714936 5.404999999999999
    endloop
  endfacet
  facet normal 0 0 -1
    outer loop
      vertex -5 -5 5.404999999999999
      vertex -2.5406687144060385 -1.0523794390039969 5.404999999999999
      vertex -2.485970556089469 -1.1757765069332757 5.404999999999999
    endloop
  endfacet
  facet normal 0 0 -1
    outer loop
      vertex -5 -5 5.404999999999999
      vertex -1.6381730873541918 -2.2088207115717737 5.404999999999999
      vertex -1.527818140803906 -2.2865414338319994 5.404999999999999
    endloop
  endfacet
  facet normal 0 0 -1
    outer loop
      vertex -5 -5 5.404999999999999
      vertex -1.527818140803906 -2.2865414338319994 5.404999999999999
      vertex -1.4137825465313598 -2.358753677500748 5.404999999999999
    endloop
  endfacet
  facet normal 0 0 -1
    outer loop
      vertex -5 -5 5.404999999999999
      vertex -1.4137825465313598 -2.358753677500748 5.404999999999999
      vertex -1.2963410262714936 -2.4252834769579765 5.404999999999999
    endloop
  endfacet
  facet normal 0 0 -1
    outer loop
      vertex -5 -5 5.404999999999999
      vertex -1.2963410262714936 -2.4252834769579765 5.404999999999999
      vertex -1.1757765069332757 -2.485970556089469 5.404999999999999
    endloop
  endfacet
  facet normal 0 0 -1
    outer loop
      vertex -5 -5 5.404999999999999
      vertex -1.1757765069332757 -2.485970556089469 5.404999999999999
      vertex -1.0523794390039969 -2.5406687144060385 5.404999999999999
    endloop
  endfacet
  facet normal 0 0 -1
    outer loop
      vertex -5 -5 5.404999999999999
      vertex -1.0523794390039969 -2.5406687144060385 5.404999999999999
      vertex -0.9264470968286052 -2.589246179253307 5.404999999999999
    endloop
  endfacet
  facet normal 0 0 -1
    outer loop
      vertex -5 -5 5.404999999999999
      vertex -0.9264470968286052 -2.589246179253307 5.404999999999999
      vertex -0.7982828624497714 -2.6315859232635743 5.404999999999999
    endloop
  endfacet
  facet normal 0 0 -1
    outer loop
      vertex -5 -5 5.404999999999999
      vertex -2.125778746747527 -1.744581531450025 5.404999999999999
      vertex -2.0376155947261374 -1.8467871258293007 5.404999999999999
    endloop
  endfacet
  facet normal 0 0 -1
    outer loop
      vertex -5 -5 5.404999999999999
      vertex -2.0376155947261374 -1.8467871258293007 5.404999999999999
      vertex -1.9445436482630059 -1.9445436482630059 5.404999999999999
    endloop
  endfacet
  facet normal 0 0 -1
    outer loop
      vertex -5 -5 5.404999999999999
      vertex -1.9445436482630059 -1.9445436482630059 5.404999999999999
      vertex -1.8467871258293007 -2.0376155947261374 5.404999999999999
    endloop
  endfacet
  facet normal 0 0 -1
    outer loop
      vertex -5 -5 5.404999999999999
      vertex -1.8467871258293007 -2.0376155947261374 5.404999999999999
      vertex -1.744581531450025 -2.125778746747527 5.404999999999999
    endloop
  endfacet
  facet normal 0 0 -1
    outer loop
      vertex -5 -5 5.404999999999999
      vertex -2.2088207115717737 -1.6381730873541918 5.404999999999999
      vertex -2.125778746747527 -1.744581531450025 5.404999999999999
    endloop
  endfacet
  facet normal 0 0 -1
    outer loop
      vertex -5 -5 5.404999999999999
      vertex -1.744581531450025 -2.125778746747527 5.404999999999999
      vertex -1.6381730873541918 -2.2088207115717737 5.404999999999999
    endloop
  endfacet
  facet normal 0 0 -1
    outer loop
      vertex -5 -5 5.404999999999999
      vertex -2.6629355133716164 0.6849999999999999 5.404999999999999
      vertex -2.6629355133716164 -0.6849999999999999 5.404999999999999
    endloop
  endfacet
  facet normal 0 0 -1
    outer loop
      vertex -2.6629355133716164 -0.6849999999999999 5.404999999999999
      vertex -2.6629355133716164 0.6849999999999999 5.404999999999999
      vertex -0.735 -0.6849999999999999 5.404999999999999
    endloop
  endfacet
  facet normal 0 0 -1
    outer loop
      vertex -0.735 -2.05 5.404999999999999
      vertex -0.735 -0.6849999999999999 5.404999999999999
      vertex 0.735 -0.6849999999999999 5.404999999999999
    endloop
  endfacet
  facet normal 0 0 -1
    outer loop
      vertex -0.735 -0.6849999999999999 5.404999999999999
      vertex -0.735 0.6849999999999999 5.404999999999999
      vertex 0.735 -0.6849999999999999 5.404999999999999
    endloop
  endfacet
  facet normal 1 0 0
    outer loop
      vertex -6.5 -6.5 -0.00495
      vertex -6.5 6.5 -0.00495
      vertex -6.5 6.5 0.005
    endloop
  endfacet
  facet normal 0.9635179096299405 0 -0.26764386378609467
    outer loop
      vertex -6.5 -6.5 0.005
      vertex -6.5 6.5 0.005
      vertex -5 5 5.404999999999999
    endloop
  endfacet
  facet normal 0 -1 0
    outer loop
      vertex -6.5 6.5 -0.00495
      vertex 6.5 6.5 0.005
      vertex -6.5 6.5 0.005
    endloop
  endfacet
  facet normal 7.923850132665638e-18 -0.9635179096299407 -0.26764386378609467
    outer loop
      vertex -6.5 6.5 0.005
      vertex 5 5 5.404999999999999
      vertex -5 5 5.404999999999999
    endloop
  endfacet
  facet normal 0 0 -1
    outer loop
      vertex -5 -5 5.404999999999999
      vertex -5 5 5.404999999999999
      vertex -2.6629355133716164 0.6849999999999999 5.404999999999999
    endloop
  endfacet
  facet normal 0 0 -1
    outer loop
      vertex -5 5 5.404999999999999
      vertex -2.6315859232635743 0.7982828624497714 5.404999999999999
      vertex -2.6629355133716164 0.6849999999999999 5.404999999999999
    endloop
  endfacet
  facet normal 0 0 -1
    outer loop
      vertex -5 5 5.404999999999999
      vertex -2.589246179253307 0.9264470968286052 5.404999999999999
      vertex -2.6315859232635743 0.7982828624497714 5.404999999999999
    endloop
  endfacet
  facet normal 0 0 -1
    outer loop
      vertex -5 5 5.404999999999999
      vertex -2.5406687144060385 1.0523794390039969 5.404999999999999
      vertex -2.589246179253307 0.9264470968286052 5.404999999999999
    endloop
  endfacet
  facet normal 0 0 -1
    outer loop
      vertex -5 5 5.404999999999999
      vertex -2.485970556089469 1.1757765069332757 5.404999999999999
      vertex -2.5406687144060385 1.0523794390039969 5.404999999999999
    endloop
  endfacet
  facet normal 0 0 -1
    outer loop
      vertex -5 5 5.404999999999999
      vertex -2.4252834769579765 1.2963410262714936 5.404999999999999
      vertex -2.485970556089469 1.1757765069332757 5.404999999999999
    endloop
  endfacet
  facet normal 0 0 -1
    outer loop
      vertex -5 5 5.404999999999999
      vertex -2.358753677500748 1.4137825465313598 5.404999999999999
      vertex -2.4252834769579765 1.2963410262714936 5.404999999999999
    endloop
  endfacet
  facet normal 0 0 -1
    outer loop
      vertex -5 5 5.404999999999999
      vertex -2.2865414338319994 1.527818140803906 5.404999999999999
      vertex -2.358753677500748 1.4137825465313598 5.404999999999999
    endloop
  endfacet
  facet normal 0 0 -1
    outer loop
      vertex -5 5 5.404999999999999
      vertex -2.2088207115717737 1.6381730873541918 5.404999999999999
      vertex -2.2865414338319994 1.527818140803906 5.404999999999999
    endloop
  endfacet
  facet normal 0 0 -1
    outer loop
      vertex -5 5 5.404999999999999
      vertex -2.125778746747527 1.744581531450025 5.404999999999999
      vertex -2.2088207115717737 1.6381730873541918 5.404999999999999
    endloop
  endfacet
  facet normal 0 0 -1
    outer loop
      vertex -5 5 5.404999999999999
      vertex -2.0376155947261374 1.8467871258293007 5.404999999999999
      vertex -2.125778746747527 1.744581531450025 5.404999999999999
    endloop
  endfacet
  facet normal 0 0 -1
    outer loop
      vertex -5 5 5.404999999999999
      vertex -1.9445436482630059 1.9445436482630059 5.404999999999999
      vertex -2.0376155947261374 1.8467871258293007 5.404999999999999
    endloop
  endfacet
  facet normal 0 0 -1
    outer loop
      vertex -5 5 5.404999999999999
      vertex -1.8467871258293007 2.0376155947261374 5.404999999999999
      vertex -1.9445436482630059 1.9445436482630059 5.404999999999999
    endloop
  endfacet
  facet normal 0 0 -1
    outer loop
      vertex -5 5 5.404999999999999
      vertex -1.744581531450025 2.125778746747527 5.404999999999999
      vertex -1.8467871258293007 2.0376155947261374 5.404999999999999
    endloop
  endfacet
  facet normal 0 0 -1
    outer loop
      vertex -5 5 5.404999999999999
      vertex -1.6381730873541918 2.2088207115717737 5.404999999999999
      vertex -1.744581531450025 2.125778746747527 5.404999999999999
    endloop
  endfacet
  facet normal 0 0 -1
    outer loop
      vertex -5 5 5.404999999999999
      vertex -1.527818140803906 2.2865414338319994 5.404999999999999
      vertex -1.6381730873541918 2.2088207115717737 5.404999999999999
    endloop
  endfacet
  facet normal 0 0 -1
    outer loop
      vertex -5 5 5.404999999999999
      vertex -1.4137825465313598 2.358753677500748 5.404999999999999
      vertex -1.527818140803906 2.2865414338319994 5.404999999999999
    endloop
  endfacet
  facet normal 0 0 -1
    outer loop
      vertex -5 5 5.404999999999999
      vertex -1.2963410262714936 2.4252834769579765 5.404999999999999
      vertex -1.4137825465313598 2.358753677500748 5.404999999999999
    endloop
  endfacet
  facet normal 0 0 -1
    outer loop
      vertex -5 5 5.404999999999999
      vertex -1.1757765069332757 2.485970556089469 5.404999999999999
      vertex -1.2963410262714936 2.4252834769579765 5.404999999999999
    endloop
  endfacet
  facet normal 0 0 -1
    outer loop
      vertex -5 5 5.404999999999999
      vertex -1.0523794390039969 2.5406687144060385 5.404999999999999
      vertex -1.1757765069332757 2.485970556089469 5.404999999999999
    endloop
  endfacet
  facet normal 0 0 -1
    outer loop
      vertex -5 5 5.404999999999999
      vertex -0.9264470968286052 2.589246179253307 5.404999999999999
      vertex -1.0523794390039969 2.5406687144060385 5.404999999999999
    endloop
  endfacet
  facet normal 0 0 -1
    outer loop
      vertex -5 5 5.404999999999999
      vertex -0.7982828624497714 2.6315859232635743 5.404999999999999
      vertex -0.9264470968286052 2.589246179253307 5.404999999999999
    endloop
  endfacet
  facet normal 0 0 -1
    outer loop
      vertex -5 5 5.404999999999999
      vertex -0.6681954947339757 2.667585946284996 5.404999999999999
      vertex -0.7982828624497714 2.6315859232635743 5.404999999999999
    endloop
  endfacet
  facet normal 0 0 -1
    outer loop
      vertex -0.735 -0.6849999999999999 5.404999999999999
      vertex -2.6629355133716164 0.6849999999999999 5.404999999999999
      vertex -0.735 0.6849999999999999 5.404999999999999
    endloop
  endfacet
  facet normal 0 0 -1
    outer loop
      vertex -0.735 0.6849999999999999 5.404999999999999
      vertex -0.735 2.05 5.404999999999999
      vertex 0.735 2.05 5.404999999999999
    endloop
  endfacet
  facet normal 0 0 -1
    outer loop
      vertex -5 5 5.404999999999999
      vertex -0.5364983855443527 2.6971595211088837 5.404999999999999
      vertex -0.6681954947339757 2.667585946284996 5.404999999999999
    endloop
  endfacet
  facet normal 0 0 -1
    outer loop
      vertex -5 5 5.404999999999999
      vertex -0.4035088047522448 2.720235402403148 5.404999999999999
      vertex -0.5364983855443527 2.6971595211088837 5.404999999999999
    endloop
  endfacet
  facet normal 0 0 -1
    outer loop
      vertex -5 5 5.404999999999999
      vertex -0.26954713590629165 2.7367579983485415 5.404999999999999
      vertex -0.4035088047522448 2.720235402403148 5.404999999999999
    endloop
  endfacet
  facet normal 0 0 -1
    outer loop
      vertex -5 5 5.404999999999999
      vertex -0.13493610440039955 2.7466875045642243 5.404999999999999
      vertex -0.26954713590629165 2.7367579983485415 5.404999999999999
    endloop
  endfacet
  facet normal 0 0 -1
    outer loop
      vertex -5 5 5.404999999999999
      vertex 0 2.75 5.404999999999999
      vertex -0.13493610440039955 2.7466875045642243 5.404999999999999
    endloop
  endfacet
  facet normal 0 0 -1
    outer loop
      vertex -5 5 5.404999999999999
      vertex 0.13493610440039955 2.7466875045642243 5.404999999999999
      vertex 0 2.75 5.404999999999999
    endloop
  endfacet
  facet normal 0 0 -1
    outer loop
      vertex -5 5 5.404999999999999
      vertex 0.26954713590629165 2.7367579983485415 5.404999999999999
      vertex 0.13493610440039955 2.7466875045642243 5.404999999999999
    endloop
  endfacet
  facet normal 0 0 -1
    outer loop
      vertex -5 5 5.404999999999999
      vertex 0.4035088047522448 2.720235402403148 5.404999999999999
      vertex 0.26954713590629165 2.7367579983485415 5.404999999999999
    endloop
  endfacet
  facet normal 0 0 -1
    outer loop
      vertex -5 5 5.404999999999999
      vertex 0.5364983855443527 2.6971595211088837 5.404999999999999
      vertex 0.4035088047522448 2.720235402403148 5.404999999999999
    endloop
  endfacet
  facet normal 0 0 -1
    outer loop
      vertex -5 5 5.404999999999999
      vertex 0.6681954947339757 2.667585946284996 5.404999999999999
      vertex 0.5364983855443527 2.6971595211088837 5.404999999999999
    endloop
  endfacet
  facet normal 0 0 -1
    outer loop
      vertex -5 5 5.404999999999999
      vertex 0.7982828624497714 2.6315859232635743 5.404999999999999
      vertex 0.6681954947339757 2.667585946284996 5.404999999999999
    endloop
  endfacet
  facet normal 0 1 0
    outer loop
      vertex -6.5 -6.5 0.005
      vertex 6.5 -6.5 0.005
      vertex 6.5 -6.5 -0.00495
    endloop
  endfacet
  facet normal 0 0.9635179096299405 -0.26764386378609467
    outer loop
      vertex -6.5 -6.5 0.005
      vertex 5 -5 5.404999999999999
      vertex 6.5 -6.5 0.005
    endloop
  endfacet
  facet normal -1 0 0
    outer loop
      vertex 6.5 -6.5 -0.00495
      vertex 6.5 -6.5 0.005
      vertex 6.5 6.5 -0.00495
    endloop
  endfacet
  facet normal -0.9635179096299407 7.923850132665638e-18 -0.26764386378609467
    outer loop
      vertex 6.5 -6.5 0.005
      vertex 5 -5 5.404999999999999
      vertex 5 5 5.404999999999999
    endloop
  endfacet
  facet normal 0 0 -1
    outer loop
      vertex -0.7982828624497714 -2.6315859232635743 5.404999999999999
      vertex -0.6681954947339757 -2.667585946284996 5.404999999999999
      vertex 5 -5 5.404999999999999
    endloop
  endfacet
  facet normal 0 0 -1
    outer loop
      vertex -0.6681954947339757 -2.667585946284996 5.404999999999999
      vertex -0.5364983855443527 -2.6971595211088837 5.404999999999999
      vertex 5 -5 5.404999999999999
    endloop
  endfacet
  facet normal 0 0 -1
    outer loop
      vertex -0.5364983855443527 -2.6971595211088837 5.404999999999999
      vertex -0.4035088047522448 -2.720235402403148 5.404999999999999
      vertex 5 -5 5.404999999999999
    endloop
  endfacet
  facet normal 0 0 -1
    outer loop
      vertex -0.4035088047522448 -2.720235402403148 5.404999999999999
      vertex -0.26954713590629165 -2.7367579983485415 5.404999999999999
      vertex 5 -5 5.404999999999999
    endloop
  endfacet
  facet normal 0 0 -1
    outer loop
      vertex -0.26954713590629165 -2.7367579983485415 5.404999999999999
      vertex -0.13493610440039955 -2.7466875045642243 5.404999999999999
      vertex 5 -5 5.404999999999999
    endloop
  endfacet
  facet normal 0 0 -1
    outer loop
      vertex -0.13493610440039955 -2.7466875045642243 5.404999999999999
      vertex 0 -2.75 5.404999999999999
      vertex 5 -5 5.404999999999999
    endloop
  endfacet
  facet normal 0 0 -1
    outer loop
      vertex 0 -2.75 5.404999999999999
      vertex 0.13493610440039955 -2.7466875045642243 5.404999999999999
      vertex 5 -5 5.404999999999999
    endloop
  endfacet
  facet normal 0 0 -1
    outer loop
      vertex 0.13493610440039955 -2.7466875045642243 5.404999999999999
      vertex 0.26954713590629165 -2.7367579983485415 5.404999999999999
      vertex 5 -5 5.404999999999999
    endloop
  endfacet
  facet normal 0 0 -1
    outer loop
      vertex 0.26954713590629165 -2.7367579983485415 5.404999999999999
      vertex 0.4035088047522448 -2.720235402403148 5.404999999999999
      vertex 5 -5 5.404999999999999
    endloop
  endfacet
  facet normal 0 0 -1
    outer loop
      vertex 0.4035088047522448 -2.720235402403148 5.404999999999999
      vertex 0.5364983855443527 -2.6971595211088837 5.404999999999999
      vertex 5 -5 5.404999999999999
    endloop
  endfacet
  facet normal 0 0 -1
    outer loop
      vertex 0.5364983855443527 -2.6971595211088837 5.404999999999999
      vertex 0.6681954947339757 -2.667585946284996 5.404999999999999
      vertex 5 -5 5.404999999999999
    endloop
  endfacet
  facet normal 0 0 -1
    outer loop
      vertex -0.735 -2.05 5.404999999999999
      vertex 0.735 -0.6849999999999999 5.404999999999999
      vertex 0.735 -2.05 5.404999999999999
    endloop
  endfacet
  facet normal 0 0 -1
    outer loop
      vertex 0.735 -0.6849999999999999 5.404999999999999
      vertex 0.735 0.6849999999999999 5.404999999999999
      vertex 2.6629355133716164 -0.6849999999999999 5.404999999999999
    endloop
  endfacet
  facet normal 0 0 -1
    outer loop
      vertex 0.6681954947339757 -2.667585946284996 5.404999999999999
      vertex 0.7982828624497714 -2.6315859232635743 5.404999999999999
      vertex 5 -5 5.404999999999999
    endloop
  endfacet
  facet normal 0 0 -1
    outer loop
      vertex 0.7982828624497714 -2.6315859232635743 5.404999999999999
      vertex 0.9264470968286052 -2.589246179253307 5.404999999999999
      vertex 5 -5 5.404999999999999
    endloop
  endfacet
  facet normal 0 0 -1
    outer loop
      vertex 0.9264470968286052 -2.589246179253307 5.404999999999999
      vertex 1.0523794390039969 -2.5406687144060385 5.404999999999999
      vertex 5 -5 5.404999999999999
    endloop
  endfacet
  facet normal 0 0 -1
    outer loop
      vertex 1.0523794390039969 -2.5406687144060385 5.404999999999999
      vertex 1.1757765069332757 -2.485970556089469 5.404999999999999
      vertex 5 -5 5.404999999999999
    endloop
  endfacet
  facet normal 0 0 -1
    outer loop
      vertex 1.1757765069332757 -2.485970556089469 5.404999999999999
      vertex 1.2963410262714936 -2.4252834769579765 5.404999999999999
      vertex 5 -5 5.404999999999999
    endloop
  endfacet
  facet normal 0 0 -1
    outer loop
      vertex 1.2963410262714936 -2.4252834769579765 5.404999999999999
      vertex 1.4137825465313598 -2.358753677500748 5.404999999999999
      vertex 5 -5 5.404999999999999
    endloop
  endfacet
  facet normal 0 0 -1
    outer loop
      vertex 1.4137825465313598 -2.358753677500748 5.404999999999999
      vertex 1.527818140803906 -2.2865414338319994 5.404999999999999
      vertex 5 -5 5.404999999999999
    endloop
  endfacet
  facet normal 0 0 -1
    outer loop
      vertex 1.527818140803906 -2.2865414338319994 5.404999999999999
      vertex 1.6381730873541918 -2.2088207115717737 5.404999999999999
      vertex 5 -5 5.404999999999999
    endloop
  endfacet
  facet normal 0 0 -1
    outer loop
      vertex 1.6381730873541918 -2.2088207115717737 5.404999999999999
      vertex 1.744581531450025 -2.125778746747527 5.404999999999999
      vertex 5 -5 5.404999999999999
    endloop
  endfacet
  facet normal 0 0 -1
    outer loop
      vertex 1.744581531450025 -2.125778746747527 5.404999999999999
      vertex 1.8467871258293007 -2.0376155947261374 5.404999999999999
      vertex 5 -5 5.404999999999999
    endloop
  endfacet
  facet normal 0 0 -1
    outer loop
      vertex 1.8467871258293007 -2.0376155947261374 5.404999999999999
      vertex 1.9445436482630059 -1.9445436482630059 5.404999999999999
      vertex 5 -5 5.404999999999999
    endloop
  endfacet
  facet normal 0 0 -1
    outer loop
      vertex 1.9445436482630059 -1.9445436482630059 5.404999999999999
      vertex 2.0376155947261374 -1.8467871258293007 5.404999999999999
      vertex 5 -5 5.404999999999999
    endloop
  endfacet
  facet normal 0 0 -1
    outer loop
      vertex 2.0376155947261374 -1.8467871258293007 5.404999999999999
      vertex 2.125778746747527 -1.744581531450025 5.404999999999999
      vertex 5 -5 5.404999999999999
    endloop
  endfacet
  facet normal 0 0 -1
    outer loop
      vertex 2.125778746747527 -1.744581531450025 5.404999999999999
      vertex 2.2088207115717737 -1.6381730873541918 5.404999999999999
      vertex 5 -5 5.404999999999999
    endloop
  endfacet
  facet normal 0 0 -1
    outer loop
      vertex 2.2088207115717737 -1.6381730873541918 5.404999999999999
      vertex 2.2865414338319994 -1.527818140803906 5.404999999999999
      vertex 5 -5 5.404999999999999
    endloop
  endfacet
  facet normal 0 0 -1
    outer loop
      vertex 2.2865414338319994 -1.527818140803906 5.404999999999999
      vertex 2.358753677500748 -1.4137825465313598 5.404999999999999
      vertex 5 -5 5.404999999999999
    endloop
  endfacet
  facet normal 0 0 -1
    outer loop
      vertex 2.358753677500748 -1.4137825465313598 5.404999999999999
      vertex 2.4252834769579765 -1.2963410262714936 5.404999999999999
      vertex 5 -5 5.404999999999999
    endloop
  endfacet
  facet normal 0 0 -1
    outer loop
      vertex 2.4252834769579765 -1.2963410262714936 5.404999999999999
      vertex 2.485970556089469 -1.1757765069332757 5.404999999999999
      vertex 5 -5 5.404999999999999
    endloop
  endfacet
  facet normal 0 0 -1
    outer loop
      vertex 2.485970556089469 -1.1757765069332757 5.404999999999999
      vertex 2.5406687144060385 -1.0523794390039969 5.404999999999999
      vertex 5 -5 5.404999999999999
    endloop
  endfacet
  facet normal 0 0 -1
    outer loop
      vertex 2.5406687144060385 -1.0523794390039969 5.404999999999999
      vertex 2.589246179253307 -0.9264470968286052 5.404999999999999
      vertex 5 -5 5.404999999999999
    endloop
  endfacet
  facet normal 0 0 -1
    outer loop
      vertex 2.589246179253307 -0.9264470968286052 5.404999999999999
      vertex 2.6315859232635743 -0.7982828624497714 5.404999999999999
      vertex 5 -5 5.404999999999999
    endloop
  endfacet
  facet normal 0 0 -1
    outer loop
      vertex 2.6315859232635743 -0.7982828624497714 5.404999999999999
      vertex 2.6629355133716164 -0.6849999999999999 5.404999999999999
      vertex 5 -5 5.404999999999999
    endloop
  endfacet
  facet normal 0 0 -1
    outer loop
      vertex 2.6629355133716164 -0.6849999999999999 5.404999999999999
      vertex 5 5 5.404999999999999
      vertex 5 -5 5.404999999999999
    endloop
  endfacet
  facet normal 0 -1 0
    outer loop
      vertex -6.5 6.5 -0.00495
      vertex 6.5 6.5 -0.00495
      vertex 6.5 6.5 0.005
    endloop
  endfacet
  facet normal 0 -0.9635179096299405 -0.26764386378609467
    outer loop
      vertex -6.5 6.5 0.005
      vertex 6.5 6.5 0.005
      vertex 5 5 5.404999999999999
    endloop
  endfacet
  facet normal -1 0 0
    outer loop
      vertex 6.5 -6.5 0.005
      vertex 6.5 6.5 0.005
      vertex 6.5 6.5 -0.00495
    endloop
  endfacet
  facet normal -0.9635179096299405 0 -0.26764386378609467
    outer loop
      vertex 6.5 -6.5 0.005
      vertex 5 5 5.404999999999999
      vertex 6.5 6.5 0.005
    endloop
  endfacet
  facet normal 0 0 -1
    outer loop
      vertex -0.735 0.6849999999999999 5.404999999999999
      vertex 0.735 0.6849999999999999 5.404999999999999
      vertex 0.735 -0.6849999999999999 5.404999999999999
    endloop
  endfacet
  facet normal 0 0 -1
    outer loop
      vertex -0.735 0.6849999999999999 5.404999999999999
      vertex 0.735 2.05 5.404999999999999
      vertex 0.735 0.6849999999999999 5.404999999999999
    endloop
  endfacet
  facet normal 0 0 -1
    outer loop
      vertex 2.6629355133716164 -0.6849999999999999 5.404999999999999
      vertex 0.735 0.6849999999999999 5.404999999999999
      vertex 2.6629355133716164 0.6849999999999999 5.404999999999999
    endloop
  endfacet
  facet normal 0 0 -1
    outer loop
      vertex 2.6629355133716164 -0.6849999999999999 5.404999999999999
      vertex 2.6629355133716164 0.6849999999999999 5.404999999999999
      vertex 5 5 5.404999999999999
    endloop
  endfacet
  facet normal 0 0 -1
    outer loop
      vertex 1.6381730873541918 2.2088207115717737 5.404999999999999
      vertex 5 5 5.404999999999999
      vertex 1.744581531450025 2.125778746747527 5.404999999999999
    endloop
  endfacet
  facet normal 0 0 -1
    outer loop
      vertex 2.125778746747527 1.744581531450025 5.404999999999999
      vertex 5 5 5.404999999999999
      vertex 2.2088207115717737 1.6381730873541918 5.404999999999999
    endloop
  endfacet
  facet normal 0 0 -1
    outer loop
      vertex 1.8467871258293007 2.0376155947261374 5.404999999999999
      vertex 1.744581531450025 2.125778746747527 5.404999999999999
      vertex 5 5 5.404999999999999
    endloop
  endfacet
  facet normal 0 0 -1
    outer loop
      vertex 1.9445436482630059 1.9445436482630059 5.404999999999999
      vertex 1.8467871258293007 2.0376155947261374 5.404999999999999
      vertex 5 5 5.404999999999999
    endloop
  endfacet
  facet normal 0 0 -1
    outer loop
      vertex 1.9445436482630059 1.9445436482630059 5.404999999999999
      vertex 5 5 5.404999999999999
      vertex 2.0376155947261374 1.8467871258293007 5.404999999999999
    endloop
  endfacet
  facet normal 0 0 -1
    outer loop
      vertex 2.0376155947261374 1.8467871258293007 5.404999999999999
      vertex 5 5 5.404999999999999
      vertex 2.125778746747527 1.744581531450025 5.404999999999999
    endloop
  endfacet
  facet normal 0 0 -1
    outer loop
      vertex 0.9264470968286052 2.589246179253307 5.404999999999999
      vertex 0.7982828624497714 2.6315859232635743 5.404999999999999
      vertex 5 5 5.404999999999999
    endloop
  endfacet
  facet normal 0 0 -1
    outer loop
      vertex 0.9264470968286052 2.589246179253307 5.404999999999999
      vertex 5 5 5.404999999999999
      vertex 1.0523794390039969 2.5406687144060385 5.404999999999999
    endloop
  endfacet
  facet normal 0 0 -1
    outer loop
      vertex 1.0523794390039969 2.5406687144060385 5.404999999999999
      vertex 5 5 5.404999999999999
      vertex 1.1757765069332757 2.485970556089469 5.404999999999999
    endloop
  endfacet
  facet normal 0 0 -1
    outer loop
      vertex 1.2963410262714936 2.4252834769579765 5.404999999999999
      vertex 1.1757765069332757 2.485970556089469 5.404999999999999
      vertex 5 5 5.404999999999999
    endloop
  endfacet
  facet normal 0 0 -1
    outer loop
      vertex 1.2963410262714936 2.4252834769579765 5.404999999999999
      vertex 5 5 5.404999999999999
      vertex 1.4137825465313598 2.358753677500748 5.404999999999999
    endloop
  endfacet
  facet normal 0 0 -1
    outer loop
      vertex 1.527818140803906 2.2865414338319994 5.404999999999999
      vertex 1.4137825465313598 2.358753677500748 5.404999999999999
      vertex 5 5 5.404999999999999
    endloop
  endfacet
  facet normal 0 0 -1
    outer loop
      vertex 1.527818140803906 2.2865414338319994 5.404999999999999
      vertex 5 5 5.404999999999999
      vertex 1.6381730873541918 2.2088207115717737 5.404999999999999
    endloop
  endfacet
  facet normal 0 0 -1
    outer loop
      vertex 2.5406687144060385 1.0523794390039969 5.404999999999999
      vertex 2.485970556089469 1.1757765069332757 5.404999999999999
      vertex 5 5 5.404999999999999
    endloop
  endfacet
  facet normal 0 0 -1
    outer loop
      vertex 2.4252834769579765 1.2963410262714936 5.404999999999999
      vertex 5 5 5.404999999999999
      vertex 2.485970556089469 1.1757765069332757 5.404999999999999
    endloop
  endfacet
  facet normal 0 0 -1
    outer loop
      vertex 2.4252834769579765 1.2963410262714936 5.404999999999999
      vertex 2.358753677500748 1.4137825465313598 5.404999999999999
      vertex 5 5 5.404999999999999
    endloop
  endfacet
  facet normal 0 0 -1
    outer loop
      vertex 2.6629355133716164 0.6849999999999999 5.404999999999999
      vertex 2.6315859232635743 0.7982828624497714 5.404999999999999
      vertex 5 5 5.404999999999999
    endloop
  endfacet
  facet normal 0 0 -1
    outer loop
      vertex 2.589246179253307 0.9264470968286052 5.404999999999999
      vertex 5 5 5.404999999999999
      vertex 2.6315859232635743 0.7982828624497714 5.404999999999999
    endloop
  endfacet
  facet normal 0 0 -1
    outer loop
      vertex 2.589246179253307 0.9264470968286052 5.404999999999999
      vertex 2.5406687144060385 1.0523794390039969 5.404999999999999
      vertex 5 5 5.404999999999999
    endloop
  endfacet
  facet normal 0 0 -1
    outer loop
      vertex 2.2865414338319994 1.527818140803906 5.404999999999999
      vertex 2.2088207115717737 1.6381730873541918 5.404999999999999
      vertex 5 5 5.404999999999999
    endloop
  endfacet
  facet normal 0 0 -1
    outer loop
      vertex 2.2865414338319994 1.527818140803906 5.404999999999999
      vertex 5 5 5.404999999999999
      vertex 2.358753677500748 1.4137825465313598 5.404999999999999
    endloop
  endfacet
  facet normal 0 0 -1
    outer loop
      vertex -5 5 5.404999999999999
      vertex 5 5 5.404999999999999
      vertex 0.7982828624497714 2.6315859232635743 5.404999999999999
    endloop
  endfacet
  facet normal -0.817584813151585 -0.5758081914178433 8.89366559866544e-19
    outer loop
      vertex -2.2088207115717737 -1.6381730873541918 -0.3
      vertex -2.2865414338319994 -1.527818140803906 5.404999999999999
      vertex -2.2865414338319994 -1.527818140803906 -0.3
    endloop
  endfacet
  facet normal -0.7572088465064839 -0.6531728429537773 0
    outer loop
      vertex -2.125778746747527 -1.744581531450025 -0.3
      vertex -2.0376155947261374 -1.8467871258293007 -0.3
      vertex -2.125778746747527 -1.744581531450025 5.404999999999999
    endloop
  endfacet
  facet normal -0.7883464276266059 -0.6152315905806274 0
    outer loop
      vertex -2.2088207115717737 -1.6381730873541918 -0.3
      vertex -2.125778746747527 -1.744581531450025 -0.3
      vertex -2.2088207115717737 -1.6381730873541918 5.404999999999999
    endloop
  endfacet
  facet normal -0.844853565249707 -0.5349976198870973 0
    outer loop
      vertex -2.358753677500748 -1.4137825465313598 -0.3
      vertex -2.2865414338319994 -1.527818140803906 -0.3
      vertex -2.358753677500748 -1.4137825465313598 5.404999999999999
    endloop
  endfacet
  facet normal -0.8700869911087104 -0.492898192229786 6.893183887666575e-19
    outer loop
      vertex -2.358753677500748 -1.4137825465313598 -0.3
      vertex -2.4252834769579765 -1.2963410262714936 5.404999999999999
      vertex -2.4252834769579765 -1.2963410262714936 -0.3
    endloop
  endfacet
  facet normal -0.8932243011955161 -0.44961132965460504 0
    outer loop
      vertex -2.485970556089469 -1.1757765069332757 -0.3
      vertex -2.4252834769579765 -1.2963410262714936 -0.3
      vertex -2.485970556089469 -1.1757765069332757 5.404999999999999
    endloop
  endfacet
  facet normal -0.9142097557035308 -0.40524131400498936 5.511702449831115e-19
    outer loop
      vertex -2.485970556089469 -1.1757765069332757 -0.3
      vertex -2.5406687144060385 -1.0523794390039969 5.404999999999999
      vertex -2.5406687144060385 -1.0523794390039969 -0.3
    endloop
  endfacet
  facet normal -0.9495281805930367 -0.3136817403988917 0
    outer loop
      vertex -2.6315859232635743 -0.7982828624497714 -0.3
      vertex -2.589246179253307 -0.9264470968286052 -0.3
      vertex -2.6315859232635743 -0.7982828624497714 5.404999999999999
    endloop
  endfacet
  facet normal -0.9637760657954394 -0.26671275747490036 -3.930916543903381e-20
    outer loop
      vertex -2.6315859232635743 -0.7982828624497714 -0.3
      vertex -2.6629355133716164 -0.6849999999999999 5.404999999999999
      vertex -2.6629355133716164 -0.6849999999999999 -0.3
    endloop
  endfacet
  facet normal -0.932992798834739 -0.35989503653498806 -2.621646733919818e-19
    outer loop
      vertex -2.5406687144060385 -1.0523794390039969 -0.3
      vertex -2.589246179253307 -0.9264470968286052 5.404999999999999
      vertex -2.589246179253307 -0.9264470968286052 -0.3
    endloop
  endfacet
  facet normal 0 0 -1
    outer loop
      vertex -0.7982828624497714 -2.6315859232635743 -0.3
      vertex -0.735 -2.05 -0.3
      vertex 0.735 -2.05 -0.3
    endloop
  endfacet
  facet normal 0 0 -1
    outer loop
      vertex -0.6681954947339757 -2.667585946284996 -0.3
      vertex 0.735 -2.05 -0.3
      vertex -0.5364983855443527 -2.6971595211088837 -0.3
    endloop
  endfacet
  facet normal 0 0 -1
    outer loop
      vertex -0.7982828624497714 -2.6315859232635743 -0.3
      vertex 0.735 -2.05 -0.3
      vertex -0.6681954947339757 -2.667585946284996 -0.3
    endloop
  endfacet
  facet normal 0 0 -1
    outer loop
      vertex -0.5364983855443527 -2.6971595211088837 -0.3
      vertex 0.735 -2.05 -0.3
      vertex -0.4035088047522448 -2.720235402403148 -0.3
    endloop
  endfacet
  facet normal -0.6152315905806274 -0.7883464276266059 0
    outer loop
      vertex -1.744581531450025 -2.125778746747527 -0.3
      vertex -1.6381730873541918 -2.2088207115717737 -0.3
      vertex -1.744581531450025 -2.125778746747527 5.404999999999999
    endloop
  endfacet
  facet normal -0.5758081914178433 -0.817584813151585 0
    outer loop
      vertex -1.6381730873541918 -2.2088207115717737 -0.3
      vertex -1.527818140803906 -2.2865414338319994 -0.3
      vertex -1.6381730873541918 -2.2088207115717737 5.404999999999999
    endloop
  endfacet
  facet normal -0.492898192229786 -0.8700869911087104 0
    outer loop
      vertex -1.4137825465313598 -2.358753677500748 -0.3
      vertex -1.2963410262714936 -2.4252834769579765 -0.3
      vertex -1.4137825465313598 -2.358753677500748 5.404999999999999
    endloop
  endfacet
  facet normal -0.5349976198870973 -0.844853565249707 -4.658893456851306e-19
    outer loop
      vertex -1.4137825465313598 -2.358753677500748 -0.3
      vertex -1.527818140803906 -2.2865414338319994 5.404999999999999
      vertex -1.527818140803906 -2.2865414338319994 -0.3
    endloop
  endfacet
  facet normal -0.44961132965460504 -0.8932243011955161 3.0682033098684176e-19
    outer loop
      vertex -1.1757765069332757 -2.485970556089469 -0.3
      vertex -1.2963410262714936 -2.4252834769579765 5.404999999999999
      vertex -1.2963410262714936 -2.4252834769579765 -0.3
    endloop
  endfacet
  facet normal -0.40524131400498936 -0.9142097557035308 0
    outer loop
      vertex -1.1757765069332757 -2.485970556089469 -0.3
      vertex -1.0523794390039969 -2.5406687144060385 -0.3
      vertex -1.1757765069332757 -2.485970556089469 5.404999999999999
    endloop
  endfacet
  facet normal -0.3136817403988917 -0.9495281805930367 -1.768400595657261e-19
    outer loop
      vertex -0.7982828624497714 -2.6315859232635743 -0.3
      vertex -0.9264470968286052 -2.589246179253307 5.404999999999999
      vertex -0.9264470968286052 -2.589246179253307 -0.3
    endloop
  endfacet
  facet normal -0.2667127574748991 -0.9637760657954396 0
    outer loop
      vertex -0.7982828624497714 -2.6315859232635743 -0.3
      vertex -0.6681954947339757 -2.667585946284996 -0.3
      vertex -0.7982828624497714 -2.6315859232635743 5.404999999999999
    endloop
  endfacet
  facet normal -0.2191012401568692 -0.9757021300385286 0
    outer loop
      vertex -0.6681954947339757 -2.667585946284996 -0.3
      vertex -0.5364983855443527 -2.6971595211088837 -0.3
      vertex -0.6681954947339757 -2.667585946284996 5.404999999999999
    endloop
  endfacet
  facet normal -0.35989503653498806 -0.932992798834739 0
    outer loop
      vertex -1.0523794390039969 -2.5406687144060385 -0.3
      vertex -0.9264470968286052 -2.589246179253307 -0.3
      vertex -1.0523794390039969 -2.5406687144060385 5.404999999999999
    endloop
  endfacet
  facet normal -0.17096188876030302 -0.9852776423889409 0
    outer loop
      vertex -0.5364983855443527 -2.6971595211088837 -0.3
      vertex -0.4035088047522448 -2.720235402403148 -0.3
      vertex -0.5364983855443527 -2.6971595211088837 5.404999999999999
    endloop
  endfacet
  facet normal -0.12241067519921521 -0.9924795345987102 0
    outer loop
      vertex -0.4035088047522448 -2.720235402403148 -0.3
      vertex -0.26954713590629165 -2.7367579983485415 -0.3
      vertex -0.4035088047522448 -2.720235402403148 5.404999999999999
    endloop
  endfacet
  facet normal -0.07356456359966845 -0.9972904566786902 0
    outer loop
      vertex -0.26954713590629165 -2.7367579983485415 -0.3
      vertex -0.13493610440039955 -2.7466875045642243 -0.3
      vertex -0.26954713590629165 -2.7367579983485415 5.404999999999999
    endloop
  endfacet
  facet normal -0.024541228522910803 -0.9996988186962044 0
    outer loop
      vertex -0.13493610440039955 -2.7466875045642243 -0.3
      vertex 0 -2.75 -0.3
      vertex -0.13493610440039955 -2.7466875045642243 5.404999999999999
    endloop
  endfacet
  facet normal 0 0 -1
    outer loop
      vertex -2.485970556089469 -1.1757765069332757 -0.3
      vertex -0.735 -0.6849999999999999 -0.3
      vertex -2.4252834769579765 -1.2963410262714936 -0.3
    endloop
  endfacet
  facet normal 0 0 -1
    outer loop
      vertex -2.358753677500748 -1.4137825465313598 -0.3
      vertex -2.4252834769579765 -1.2963410262714936 -0.3
      vertex -0.735 -0.6849999999999999 -0.3
    endloop
  endfacet
  facet normal 0 0 -1
    outer loop
      vertex -2.2088207115717737 -1.6381730873541918 -0.3
      vertex -0.735 -0.6849999999999999 -0.3
      vertex -2.125778746747527 -1.744581531450025 -0.3
    endloop
  endfacet
  facet normal 0 0 -1
    outer loop
      vertex -2.0376155947261374 -1.8467871258293007 -0.3
      vertex -0.735 -0.6849999999999999 -0.3
      vertex -1.9445436482630059 -1.9445436482630059 -0.3
    endloop
  endfacet
  facet normal 0 0 -1
    outer loop
      vertex -2.125778746747527 -1.744581531450025 -0.3
      vertex -0.735 -0.6849999999999999 -0.3
      vertex -2.0376155947261374 -1.8467871258293007 -0.3
    endloop
  endfacet
  facet normal 0 0 -1
    outer loop
      vertex -2.358753677500748 -1.4137825465313598 -0.3
      vertex -0.735 -0.6849999999999999 -0.3
      vertex -2.2865414338319994 -1.527818140803906 -0.3
    endloop
  endfacet
  facet normal 0 0 -1
    outer loop
      vertex -2.2088207115717737 -1.6381730873541918 -0.3
      vertex -2.2865414338319994 -1.527818140803906 -0.3
      vertex -0.735 -0.6849999999999999 -0.3
    endloop
  endfacet
  facet normal 0 0 -1
    outer loop
      vertex -1.744581531450025 -2.125778746747527 -0.3
      vertex -1.8467871258293007 -2.0376155947261374 -0.3
      vertex -0.735 -0.6849999999999999 -0.3
    endloop
  endfacet
  facet normal 0 0 -1
    outer loop
      vertex -1.6381730873541918 -2.2088207115717737 -0.3
      vertex -0.735 -0.6849999999999999 -0.3
      vertex -1.527818140803906 -2.2865414338319994 -0.3
    endloop
  endfacet
  facet normal 0 0 -1
    outer loop
      vertex -1.744581531450025 -2.125778746747527 -0.3
      vertex -0.735 -0.6849999999999999 -0.3
      vertex -1.6381730873541918 -2.2088207115717737 -0.3
    endloop
  endfacet
  facet normal 0 0 -1
    outer loop
      vertex -1.4137825465313598 -2.358753677500748 -0.3
      vertex -0.735 -0.6849999999999999 -0.3
      vertex -1.2963410262714936 -2.4252834769579765 -0.3
    endloop
  endfacet
  facet normal 0 0 -1
    outer loop
      vertex -1.1757765069332757 -2.485970556089469 -0.3
      vertex -1.2963410262714936 -2.4252834769579765 -0.3
      vertex -0.735 -0.6849999999999999 -0.3
    endloop
  endfacet
  facet normal 0 0 -1
    outer loop
      vertex -1.4137825465313598 -2.358753677500748 -0.3
      vertex -1.527818140803906 -2.2865414338319994 -0.3
      vertex -0.735 -0.6849999999999999 -0.3
    endloop
  endfacet
  facet normal 0 0 -1
    outer loop
      vertex -1.8467871258293007 -2.0376155947261374 -0.3
      vertex -1.9445436482630059 -1.9445436482630059 -0.3
      vertex -0.735 -0.6849999999999999 -0.3
    endloop
  endfacet
  facet normal 0 0 -1
    outer loop
      vertex -2.5406687144060385 -1.0523794390039969 -0.3
      vertex -2.589246179253307 -0.9264470968286052 -0.3
      vertex -0.735 -0.6849999999999999 -0.3
    endloop
  endfacet
  facet normal 0 0 -1
    outer loop
      vertex -2.6315859232635743 -0.7982828624497714 -0.3
      vertex -0.735 -0.6849999999999999 -0.3
      vertex -2.589246179253307 -0.9264470968286052 -0.3
    endloop
  endfacet
  facet normal 0 0 -1
    outer loop
      vertex -2.485970556089469 -1.1757765069332757 -0.3
      vertex -2.5406687144060385 -1.0523794390039969 -0.3
      vertex -0.735 -0.6849999999999999 -0.3
    endloop
  endfacet
  facet normal 0 0 -1
    outer loop
      vertex -2.6315859232635743 -0.7982828624497714 -0.3
      vertex -2.6629355133716164 -0.6849999999999999 -0.3
      vertex -0.735 -0.6849999999999999 -0.3
    endloop
  endfacet
  facet normal 0 0 -1
    outer loop
      vertex -1.1757765069332757 -2.485970556089469 -0.3
      vertex -0.735 -0.6849999999999999 -0.3
      vertex -1.0523794390039969 -2.5406687144060385 -0.3
    endloop
  endfacet
  facet normal 0 0 -1
    outer loop
      vertex -0.7982828624497714 -2.6315859232635743 -0.3
      vertex -0.9264470968286052 -2.589246179253307 -0.3
      vertex -0.735 -0.6849999999999999 -0.3
    endloop
  endfacet
  facet normal 0 0 -1
    outer loop
      vertex -1.0523794390039969 -2.5406687144060385 -0.3
      vertex -0.735 -0.6849999999999999 -0.3
      vertex -0.9264470968286052 -2.589246179253307 -0.3
    endloop
  endfacet
  facet normal 0 0 -1
    outer loop
      vertex -0.7982828624497714 -2.6315859232635743 -0.3
      vertex -0.735 -0.6849999999999999 -0.3
      vertex -0.735 -2.05 -0.3
    endloop
  endfacet
  facet normal -0.7242470829514681 -0.6895405447370658 0
    outer loop
      vertex -2.0376155947261374 -1.8467871258293007 -0.3
      vertex -1.9445436482630059 -1.9445436482630059 -0.3
      vertex -2.0376155947261374 -1.8467871258293007 5.404999999999999
    endloop
  endfacet
  facet normal -0.6895405447370658 -0.7242470829514681 -1.7149034641046605e-19
    outer loop
      vertex -1.8467871258293007 -2.0376155947261374 -0.3
      vertex -1.9445436482630059 -1.9445436482630059 5.404999999999999
      vertex -1.9445436482630059 -1.9445436482630059 -0.3
    endloop
  endfacet
  facet normal -0.6531728429537773 -0.7572088465064839 7.160988608422316e-19
    outer loop
      vertex -1.744581531450025 -2.125778746747527 -0.3
      vertex -1.8467871258293007 -2.0376155947261374 5.404999999999999
      vertex -1.8467871258293007 -2.0376155947261374 -0.3
    endloop
  endfacet
  facet normal -0.817584813151585 -0.5758081914178433 0
    outer loop
      vertex -2.2088207115717737 -1.6381730873541918 -0.3
      vertex -2.2088207115717737 -1.6381730873541918 5.404999999999999
      vertex -2.2865414338319994 -1.527818140803906 5.404999999999999
    endloop
  endfacet
  facet normal -0.7883464276266059 -0.6152315905806274 0
    outer loop
      vertex -2.125778746747527 -1.744581531450025 -0.3
      vertex -2.125778746747527 -1.744581531450025 5.404999999999999
      vertex -2.2088207115717737 -1.6381730873541918 5.404999999999999
    endloop
  endfacet
  facet normal -0.8700869911087104 -0.492898192229786 0
    outer loop
      vertex -2.358753677500748 -1.4137825465313598 -0.3
      vertex -2.358753677500748 -1.4137825465313598 5.404999999999999
      vertex -2.4252834769579765 -1.2963410262714936 5.404999999999999
    endloop
  endfacet
  facet normal -0.9142097557035308 -0.40524131400498936 0
    outer loop
      vertex -2.485970556089469 -1.1757765069332757 -0.3
      vertex -2.485970556089469 -1.1757765069332757 5.404999999999999
      vertex -2.5406687144060385 -1.0523794390039969 5.404999999999999
    endloop
  endfacet
  facet normal -0.8932243011955161 -0.44961132965460504 0
    outer loop
      vertex -2.4252834769579765 -1.2963410262714936 -0.3
      vertex -2.4252834769579765 -1.2963410262714936 5.404999999999999
      vertex -2.485970556089469 -1.1757765069332757 5.404999999999999
    endloop
  endfacet
  facet normal -0.844853565249707 -0.5349976198870973 0
    outer loop
      vertex -2.2865414338319994 -1.527818140803906 -0.3
      vertex -2.2865414338319994 -1.527818140803906 5.404999999999999
      vertex -2.358753677500748 -1.4137825465313598 5.404999999999999
    endloop
  endfacet
  facet normal -0.9495281805930367 -0.3136817403988917 0
    outer loop
      vertex -2.589246179253307 -0.9264470968286052 -0.3
      vertex -2.589246179253307 -0.9264470968286052 5.404999999999999
      vertex -2.6315859232635743 -0.7982828624497714 5.404999999999999
    endloop
  endfacet
  facet normal -0.9637760657954394 -0.26671275747490036 0
    outer loop
      vertex -2.6315859232635743 -0.7982828624497714 -0.3
      vertex -2.6315859232635743 -0.7982828624497714 5.404999999999999
      vertex -2.6629355133716164 -0.6849999999999999 5.404999999999999
    endloop
  endfacet
  facet normal -0.932992798834739 -0.35989503653498806 0
    outer loop
      vertex -2.5406687144060385 -1.0523794390039969 -0.3
      vertex -2.5406687144060385 -1.0523794390039969 5.404999999999999
      vertex -2.589246179253307 -0.9264470968286052 5.404999999999999
    endloop
  endfacet
  facet normal -0.6531728429537773 -0.7572088465064839 0
    outer loop
      vertex -1.744581531450025 -2.125778746747527 -0.3
      vertex -1.744581531450025 -2.125778746747527 5.404999999999999
      vertex -1.8467871258293007 -2.0376155947261374 5.404999999999999
    endloop
  endfacet
  facet normal -0.5758081914178433 -0.817584813151585 0
    outer loop
      vertex -1.527818140803906 -2.2865414338319994 -0.3
      vertex -1.527818140803906 -2.2865414338319994 5.404999999999999
      vertex -1.6381730873541918 -2.2088207115717737 5.404999999999999
    endloop
  endfacet
  facet normal -0.6152315905806274 -0.7883464276266059 0
    outer loop
      vertex -1.6381730873541918 -2.2088207115717737 -0.3
      vertex -1.6381730873541918 -2.2088207115717737 5.404999999999999
      vertex -1.744581531450025 -2.125778746747527 5.404999999999999
    endloop
  endfacet
  facet normal -0.5349976198870973 -0.844853565249707 0
    outer loop
      vertex -1.4137825465313598 -2.358753677500748 -0.3
      vertex -1.4137825465313598 -2.358753677500748 5.404999999999999
      vertex -1.527818140803906 -2.2865414338319994 5.404999999999999
    endloop
  endfacet
  facet normal -0.492898192229786 -0.8700869911087104 0
    outer loop
      vertex -1.2963410262714936 -2.4252834769579765 -0.3
      vertex -1.2963410262714936 -2.4252834769579765 5.404999999999999
      vertex -1.4137825465313598 -2.358753677500748 5.404999999999999
    endloop
  endfacet
  facet normal -0.44961132965460504 -0.8932243011955161 0
    outer loop
      vertex -1.1757765069332757 -2.485970556089469 -0.3
      vertex -1.1757765069332757 -2.485970556089469 5.404999999999999
      vertex -1.2963410262714936 -2.4252834769579765 5.404999999999999
    endloop
  endfacet
  facet normal -0.40524131400498936 -0.9142097557035308 0
    outer loop
      vertex -1.0523794390039969 -2.5406687144060385 -0.3
      vertex -1.0523794390039969 -2.5406687144060385 5.404999999999999
      vertex -1.1757765069332757 -2.485970556089469 5.404999999999999
    endloop
  endfacet
  facet normal -0.3136817403988917 -0.9495281805930367 0
    outer loop
      vertex -0.7982828624497714 -2.6315859232635743 -0.3
      vertex -0.7982828624497714 -2.6315859232635743 5.404999999999999
      vertex -0.9264470968286052 -2.589246179253307 5.404999999999999
    endloop
  endfacet
  facet normal -0.2667127574748991 -0.9637760657954396 0
    outer loop
      vertex -0.6681954947339757 -2.667585946284996 -0.3
      vertex -0.6681954947339757 -2.667585946284996 5.404999999999999
      vertex -0.7982828624497714 -2.6315859232635743 5.404999999999999
    endloop
  endfacet
  facet normal -0.2191012401568692 -0.9757021300385286 0
    outer loop
      vertex -0.5364983855443527 -2.6971595211088837 -0.3
      vertex -0.5364983855443527 -2.6971595211088837 5.404999999999999
      vertex -0.6681954947339757 -2.667585946284996 5.404999999999999
    endloop
  endfacet
  facet normal -0.35989503653498806 -0.932992798834739 0
    outer loop
      vertex -0.9264470968286052 -2.589246179253307 -0.3
      vertex -0.9264470968286052 -2.589246179253307 5.404999999999999
      vertex -1.0523794390039969 -2.5406687144060385 5.404999999999999
    endloop
  endfacet
  facet normal -0.17096188876030302 -0.9852776423889409 0
    outer loop
      vertex -0.4035088047522448 -2.720235402403148 -0.3
      vertex -0.4035088047522448 -2.720235402403148 5.404999999999999
      vertex -0.5364983855443527 -2.6971595211088837 5.404999999999999
    endloop
  endfacet
  facet normal -0.12241067519921521 -0.9924795345987102 0
    outer loop
      vertex -0.26954713590629165 -2.7367579983485415 -0.3
      vertex -0.26954713590629165 -2.7367579983485415 5.404999999999999
      vertex -0.4035088047522448 -2.720235402403148 5.404999999999999
    endloop
  endfacet
  facet normal -0.07356456359966845 -0.9972904566786902 0
    outer loop
      vertex -0.13493610440039955 -2.7466875045642243 -0.3
      vertex -0.13493610440039955 -2.7466875045642243 5.404999999999999
      vertex -0.26954713590629165 -2.7367579983485415 5.404999999999999
    endloop
  endfacet
  facet normal -0.024541228522910803 -0.9996988186962044 -5.8726443113421e-21
    outer loop
      vertex -0.13493610440039955 -2.7466875045642243 5.404999999999999
      vertex 0 -2.75 -0.3
      vertex 0 -2.75 5.404999999999999
    endloop
  endfacet
  facet normal -0.7242470829514681 -0.6895405447370658 0
    outer loop
      vertex -1.9445436482630059 -1.9445436482630059 -0.3
      vertex -1.9445436482630059 -1.9445436482630059 5.404999999999999
      vertex -2.0376155947261374 -1.8467871258293007 5.404999999999999
    endloop
  endfacet
  facet normal -0.6895405447370658 -0.7242470829514681 0
    outer loop
      vertex -1.8467871258293007 -2.0376155947261374 -0.3
      vertex -1.8467871258293007 -2.0376155947261374 5.404999999999999
      vertex -1.9445436482630059 -1.9445436482630059 5.404999999999999
    endloop
  endfacet
  facet normal -0.7572088465064839 -0.6531728429537773 0
    outer loop
      vertex -2.0376155947261374 -1.8467871258293007 -0.3
      vertex -2.0376155947261374 -1.8467871258293007 5.404999999999999
      vertex -2.125778746747527 -1.744581531450025 5.404999999999999
    endloop
  endfacet
  facet normal 0 0 -1
    outer loop
      vertex -2.6629355133716164 0.6849999999999999 -0.3
      vertex -2.6315859232635743 0.7982828624497714 -0.3
      vertex -2.589246179253307 0.9264470968286052 -0.3
    endloop
  endfacet
  facet normal 0 0 -1
    outer loop
      vertex -2.6629355133716164 0.6849999999999999 -0.3
      vertex -2.589246179253307 0.9264470968286052 -0.3
      vertex -2.5406687144060385 1.0523794390039969 -0.3
    endloop
  endfacet
  facet normal 0 0 -1
    outer loop
      vertex -2.6629355133716164 0.6849999999999999 -0.3
      vertex -2.5406687144060385 1.0523794390039969 -0.3
      vertex -2.485970556089469 1.1757765069332757 -0.3
    endloop
  endfacet
  facet normal 0 0 -1
    outer loop
      vertex -2.6629355133716164 0.6849999999999999 -0.3
      vertex -2.485970556089469 1.1757765069332757 -0.3
      vertex -2.4252834769579765 1.2963410262714936 -0.3
    endloop
  endfacet
  facet normal 0 0 -1
    outer loop
      vertex -2.6629355133716164 0.6849999999999999 -0.3
      vertex -2.4252834769579765 1.2963410262714936 -0.3
      vertex -2.358753677500748 1.4137825465313598 -0.3
    endloop
  endfacet
  facet normal 0 0 -1
    outer loop
      vertex -2.6629355133716164 0.6849999999999999 -0.3
      vertex -2.358753677500748 1.4137825465313598 -0.3
      vertex -2.2865414338319994 1.527818140803906 -0.3
    endloop
  endfacet
  facet normal 0 0 -1
    outer loop
      vertex -2.6629355133716164 0.6849999999999999 -0.3
      vertex -2.2865414338319994 1.527818140803906 -0.3
      vertex -2.2088207115717737 1.6381730873541918 -0.3
    endloop
  endfacet
  facet normal 0 0 -1
    outer loop
      vertex -2.6629355133716164 0.6849999999999999 -0.3
      vertex -2.2088207115717737 1.6381730873541918 -0.3
      vertex -2.125778746747527 1.744581531450025 -0.3
    endloop
  endfacet
  facet normal 0 0 -1
    outer loop
      vertex -2.6629355133716164 0.6849999999999999 -0.3
      vertex -2.125778746747527 1.744581531450025 -0.3
      vertex -2.0376155947261374 1.8467871258293007 -0.3
    endloop
  endfacet
  facet normal 0 0 -1
    outer loop
      vertex -2.6629355133716164 0.6849999999999999 -0.3
      vertex -2.0376155947261374 1.8467871258293007 -0.3
      vertex -1.9445436482630059 1.9445436482630059 -0.3
    endloop
  endfacet
  facet normal 0 0 -1
    outer loop
      vertex -2.6629355133716164 0.6849999999999999 -0.3
      vertex -1.9445436482630059 1.9445436482630059 -0.3
      vertex -1.8467871258293007 2.0376155947261374 -0.3
    endloop
  endfacet
  facet normal 0 0 -1
    outer loop
      vertex -2.6629355133716164 0.6849999999999999 -0.3
      vertex -1.8467871258293007 2.0376155947261374 -0.3
      vertex -1.744581531450025 2.125778746747527 -0.3
    endloop
  endfacet
  facet normal -0.9637760657954394 0.26671275747490036 3.930916543903381e-20
    outer loop
      vertex -2.6629355133716164 0.6849999999999999 -0.3
      vertex -2.6315859232635743 0.7982828624497714 5.404999999999999
      vertex -2.6315859232635743 0.7982828624497714 -0.3
    endloop
  endfacet
  facet normal -0.9495281805930367 0.3136817403988917 1.768400595657261e-19
    outer loop
      vertex -2.6315859232635743 0.7982828624497714 -0.3
      vertex -2.589246179253307 0.9264470968286052 5.404999999999999
      vertex -2.589246179253307 0.9264470968286052 -0.3
    endloop
  endfacet
  facet normal -0.932992798834739 0.35989503653498806 2.621646733919818e-19
    outer loop
      vertex -2.589246179253307 0.9264470968286052 -0.3
      vertex -2.5406687144060385 1.0523794390039969 5.404999999999999
      vertex -2.5406687144060385 1.0523794390039969 -0.3
    endloop
  endfacet
  facet normal -0.9142097557035308 0.40524131400498936 -5.511702449831115e-19
    outer loop
      vertex -2.5406687144060385 1.0523794390039969 -0.3
      vertex -2.485970556089469 1.1757765069332757 5.404999999999999
      vertex -2.485970556089469 1.1757765069332757 -0.3
    endloop
  endfacet
  facet normal -0.8932243011955161 0.44961132965460504 -3.0682033098684176e-19
    outer loop
      vertex -2.485970556089469 1.1757765069332757 -0.3
      vertex -2.4252834769579765 1.2963410262714936 5.404999999999999
      vertex -2.4252834769579765 1.2963410262714936 -0.3
    endloop
  endfacet
  facet normal -0.8700869911087104 0.492898192229786 -6.893183887666575e-19
    outer loop
      vertex -2.4252834769579765 1.2963410262714936 -0.3
      vertex -2.358753677500748 1.4137825465313598 5.404999999999999
      vertex -2.358753677500748 1.4137825465313598 -0.3
    endloop
  endfacet
  facet normal -0.844853565249707 0.5349976198870973 4.658893456851306e-19
    outer loop
      vertex -2.358753677500748 1.4137825465313598 -0.3
      vertex -2.2865414338319994 1.527818140803906 5.404999999999999
      vertex -2.2865414338319994 1.527818140803906 -0.3
    endloop
  endfacet
  facet normal -0.817584813151585 0.5758081914178433 -8.89366559866544e-19
    outer loop
      vertex -2.2865414338319994 1.527818140803906 -0.3
      vertex -2.2088207115717737 1.6381730873541918 5.404999999999999
      vertex -2.2088207115717737 1.6381730873541918 -0.3
    endloop
  endfacet
  facet normal -0.7883464276266059 0.6152315905806274 4.397106166118348e-19
    outer loop
      vertex -2.2088207115717737 1.6381730873541918 -0.3
      vertex -2.125778746747527 1.744581531450025 5.404999999999999
      vertex -2.125778746747527 1.744581531450025 -0.3
    endloop
  endfacet
  facet normal 0 0 -1
    outer loop
      vertex -2.6629355133716164 0.6849999999999999 -0.3
      vertex -1.744581531450025 2.125778746747527 -0.3
      vertex -1.6381730873541918 2.2088207115717737 -0.3
    endloop
  endfacet
  facet normal 0 0 -1
    outer loop
      vertex -2.6629355133716164 0.6849999999999999 -0.3
      vertex -1.6381730873541918 2.2088207115717737 -0.3
      vertex -1.527818140803906 2.2865414338319994 -0.3
    endloop
  endfacet
  facet normal 0 0 -1
    outer loop
      vertex -2.6629355133716164 0.6849999999999999 -0.3
      vertex -1.527818140803906 2.2865414338319994 -0.3
      vertex -1.4137825465313598 2.358753677500748 -0.3
    endloop
  endfacet
  facet normal 0 0 -1
    outer loop
      vertex -2.6629355133716164 0.6849999999999999 -0.3
      vertex -1.4137825465313598 2.358753677500748 -0.3
      vertex -1.2963410262714936 2.4252834769579765 -0.3
    endloop
  endfacet
  facet normal 0 0 -1
    outer loop
      vertex -2.6629355133716164 0.6849999999999999 -0.3
      vertex -1.2963410262714936 2.4252834769579765 -0.3
      vertex -1.1757765069332757 2.485970556089469 -0.3
    endloop
  endfacet
  facet normal 0 0 -1
    outer loop
      vertex -2.6629355133716164 0.6849999999999999 -0.3
      vertex -1.1757765069332757 2.485970556089469 -0.3
      vertex -1.0523794390039969 2.5406687144060385 -0.3
    endloop
  endfacet
  facet normal 0 0 -1
    outer loop
      vertex -2.6629355133716164 0.6849999999999999 -0.3
      vertex -0.735 2.05 -0.3
      vertex -0.735 0.6849999999999999 -0.3
    endloop
  endfacet
  facet normal 0 0 -1
    outer loop
      vertex -2.6629355133716164 0.6849999999999999 -0.3
      vertex -0.7982828624497714 2.6315859232635743 -0.3
      vertex -0.735 2.05 -0.3
    endloop
  endfacet
  facet normal 0 0 -1
    outer loop
      vertex -2.6629355133716164 0.6849999999999999 -0.3
      vertex -1.0523794390039969 2.5406687144060385 -0.3
      vertex -0.9264470968286052 2.589246179253307 -0.3
    endloop
  endfacet
  facet normal 0 0 -1
    outer loop
      vertex -2.6629355133716164 0.6849999999999999 -0.3
      vertex -0.9264470968286052 2.589246179253307 -0.3
      vertex -0.7982828624497714 2.6315859232635743 -0.3
    endloop
  endfacet
  facet normal -0.7572088465064839 0.6531728429537773 -7.160988608422316e-19
    outer loop
      vertex -2.125778746747527 1.744581531450025 -0.3
      vertex -2.0376155947261374 1.8467871258293007 5.404999999999999
      vertex -2.0376155947261374 1.8467871258293007 -0.3
    endloop
  endfacet
  facet normal -0.7242470829514681 0.6895405447370658 1.7149034641046605e-19
    outer loop
      vertex -2.0376155947261374 1.8467871258293007 -0.3
      vertex -1.9445436482630059 1.9445436482630059 5.404999999999999
      vertex -1.9445436482630059 1.9445436482630059 -0.3
    endloop
  endfacet
  facet normal -0.6895405447370658 0.7242470829514681 1.7149034641046605e-19
    outer loop
      vertex -1.9445436482630059 1.9445436482630059 -0.3
      vertex -1.8467871258293007 2.0376155947261374 5.404999999999999
      vertex -1.8467871258293007 2.0376155947261374 -0.3
    endloop
  endfacet
  facet normal 0 0 -1
    outer loop
      vertex -0.735 2.05 -0.3
      vertex -0.7982828624497714 2.6315859232635743 -0.3
      vertex -0.6681954947339757 2.667585946284996 -0.3
    endloop
  endfacet
  facet normal 0 0 -1
    outer loop
      vertex -0.735 2.05 -0.3
      vertex -0.6681954947339757 2.667585946284996 -0.3
      vertex -0.5364983855443527 2.6971595211088837 -0.3
    endloop
  endfacet
  facet normal 0 0 -1
    outer loop
      vertex -0.735 2.05 -0.3
      vertex -0.5364983855443527 2.6971595211088837 -0.3
      vertex -0.4035088047522448 2.720235402403148 -0.3
    endloop
  endfacet
  facet normal 0 0 -1
    outer loop
      vertex -0.735 2.05 -0.3
      vertex -0.4035088047522448 2.720235402403148 -0.3
      vertex -0.26954713590629165 2.7367579983485415 -0.3
    endloop
  endfacet
  facet normal 0 0 -1
    outer loop
      vertex -0.735 2.05 -0.3
      vertex -0.26954713590629165 2.7367579983485415 -0.3
      vertex -0.13493610440039955 2.7466875045642243 -0.3
    endloop
  endfacet
  facet normal 0 0 -1
    outer loop
      vertex -0.735 2.05 -0.3
      vertex -0.13493610440039955 2.7466875045642243 -0.3
      vertex 0 2.75 -0.3
    endloop
  endfacet
  facet normal 0 0 -1
    outer loop
      vertex -0.735 2.05 -0.3
      vertex 0 2.75 -0.3
      vertex 0.13493610440039955 2.7466875045642243 -0.3
    endloop
  endfacet
  facet normal 0 0 -1
    outer loop
      vertex -0.735 2.05 -0.3
      vertex 0.13493610440039955 2.7466875045642243 -0.3
      vertex 0.26954713590629165 2.7367579983485415 -0.3
    endloop
  endfacet
  facet normal 0 0 -1
    outer loop
      vertex -0.735 2.05 -0.3
      vertex 0.26954713590629165 2.7367579983485415 -0.3
      vertex 0.4035088047522448 2.720235402403148 -0.3
    endloop
  endfacet
  facet normal -0.6531728429537773 0.7572088465064839 -7.160988608422316e-19
    outer loop
      vertex -1.8467871258293007 2.0376155947261374 -0.3
      vertex -1.744581531450025 2.125778746747527 5.404999999999999
      vertex -1.744581531450025 2.125778746747527 -0.3
    endloop
  endfacet
  facet normal -0.6152315905806274 0.7883464276266059 4.397106166118348e-19
    outer loop
      vertex -1.744581531450025 2.125778746747527 -0.3
      vertex -1.6381730873541918 2.2088207115717737 5.404999999999999
      vertex -1.6381730873541918 2.2088207115717737 -0.3
    endloop
  endfacet
  facet normal -0.5758081914178433 0.817584813151585 -8.89366559866544e-19
    outer loop
      vertex -1.6381730873541918 2.2088207115717737 -0.3
      vertex -1.527818140803906 2.2865414338319994 5.404999999999999
      vertex -1.527818140803906 2.2865414338319994 -0.3
    endloop
  endfacet
  facet normal -0.5349976198870973 0.844853565249707 4.658893456851306e-19
    outer loop
      vertex -1.527818140803906 2.2865414338319994 -0.3
      vertex -1.4137825465313598 2.358753677500748 5.404999999999999
      vertex -1.4137825465313598 2.358753677500748 -0.3
    endloop
  endfacet
  facet normal -0.492898192229786 0.8700869911087104 -6.893183887666575e-19
    outer loop
      vertex -1.4137825465313598 2.358753677500748 -0.3
      vertex -1.2963410262714936 2.4252834769579765 5.404999999999999
      vertex -1.2963410262714936 2.4252834769579765 -0.3
    endloop
  endfacet
  facet normal -0.44961132965460504 0.8932243011955161 -3.0682033098684176e-19
    outer loop
      vertex -1.2963410262714936 2.4252834769579765 -0.3
      vertex -1.1757765069332757 2.485970556089469 5.404999999999999
      vertex -1.1757765069332757 2.485970556089469 -0.3
    endloop
  endfacet
  facet normal -0.40524131400498936 0.9142097557035308 -5.511702449831115e-19
    outer loop
      vertex -1.1757765069332757 2.485970556089469 -0.3
      vertex -1.0523794390039969 2.5406687144060385 5.404999999999999
      vertex -1.0523794390039969 2.5406687144060385 -0.3
    endloop
  endfacet
  facet normal -0.35989503653498806 0.932992798834739 2.621646733919818e-19
    outer loop
      vertex -1.0523794390039969 2.5406687144060385 -0.3
      vertex -0.9264470968286052 2.589246179253307 5.404999999999999
      vertex -0.9264470968286052 2.589246179253307 -0.3
    endloop
  endfacet
  facet normal -0.3136817403988917 0.9495281805930367 1.768400595657261e-19
    outer loop
      vertex -0.9264470968286052 2.589246179253307 -0.3
      vertex -0.7982828624497714 2.6315859232635743 5.404999999999999
      vertex -0.7982828624497714 2.6315859232635743 -0.3
    endloop
  endfacet
  facet normal -0.2667127574748991 0.9637760657954396 2.800852051993347e-20
    outer loop
      vertex -0.7982828624497714 2.6315859232635743 -0.3
      vertex -0.6681954947339757 2.667585946284996 5.404999999999999
      vertex -0.6681954947339757 2.667585946284996 -0.3
    endloop
  endfacet
  facet normal -0.2191012401568692 0.9757021300385286 -2.0812277941075905e-19
    outer loop
      vertex -0.6681954947339757 2.667585946284996 -0.3
      vertex -0.5364983855443527 2.6971595211088837 5.404999999999999
      vertex -0.5364983855443527 2.6971595211088837 -0.3
    endloop
  endfacet
  facet normal -0.17096188876030302 0.9852776423889409 -1.5035922380659942e-19
    outer loop
      vertex -0.5364983855443527 2.6971595211088837 -0.3
      vertex -0.4035088047522448 2.720235402403148 5.404999999999999
      vertex -0.4035088047522448 2.720235402403148 -0.3
    endloop
  endfacet
  facet normal -0.12241067519921521 0.9924795345987102 7.558059902188401e-22
    outer loop
      vertex -0.4035088047522448 2.720235402403148 -0.3
      vertex -0.26954713590629165 2.7367579983485415 5.404999999999999
      vertex -0.26954713590629165 2.7367579983485415 -0.3
    endloop
  endfacet
  facet normal -0.07356456359966845 0.9972904566786902 8.251153571796293e-20
    outer loop
      vertex -0.26954713590629165 2.7367579983485415 -0.3
      vertex -0.13493610440039955 2.7466875045642243 5.404999999999999
      vertex -0.13493610440039955 2.7466875045642243 -0.3
    endloop
  endfacet
  facet normal -0.024541228522910803 0.9996988186962044 5.8726443113421e-21
    outer loop
      vertex -0.13493610440039955 2.7466875045642243 -0.3
      vertex 0 2.75 5.404999999999999
      vertex 0 2.75 -0.3
    endloop
  endfacet
  facet normal -0.9637760657954394 0.26671275747490036 0
    outer loop
      vertex -2.6629355133716164 0.6849999999999999 -0.3
      vertex -2.6629355133716164 0.6849999999999999 5.404999999999999
      vertex -2.6315859232635743 0.7982828624497714 5.404999999999999
    endloop
  endfacet
  facet normal -0.9495281805930367 0.3136817403988917 0
    outer loop
      vertex -2.6315859232635743 0.7982828624497714 -0.3
      vertex -2.6315859232635743 0.7982828624497714 5.404999999999999
      vertex -2.589246179253307 0.9264470968286052 5.404999999999999
    endloop
  endfacet
  facet normal -0.932992798834739 0.35989503653498806 0
    outer loop
      vertex -2.589246179253307 0.9264470968286052 -0.3
      vertex -2.589246179253307 0.9264470968286052 5.404999999999999
      vertex -2.5406687144060385 1.0523794390039969 5.404999999999999
    endloop
  endfacet
  facet normal -0.9142097557035308 0.40524131400498936 0
    outer loop
      vertex -2.5406687144060385 1.0523794390039969 -0.3
      vertex -2.5406687144060385 1.0523794390039969 5.404999999999999
      vertex -2.485970556089469 1.1757765069332757 5.404999999999999
    endloop
  endfacet
  facet normal -0.8932243011955161 0.44961132965460504 0
    outer loop
      vertex -2.485970556089469 1.1757765069332757 -0.3
      vertex -2.485970556089469 1.1757765069332757 5.404999999999999
      vertex -2.4252834769579765 1.2963410262714936 5.404999999999999
    endloop
  endfacet
  facet normal -0.8700869911087104 0.492898192229786 0
    outer loop
      vertex -2.4252834769579765 1.2963410262714936 -0.3
      vertex -2.4252834769579765 1.2963410262714936 5.404999999999999
      vertex -2.358753677500748 1.4137825465313598 5.404999999999999
    endloop
  endfacet
  facet normal -0.844853565249707 0.5349976198870973 0
    outer loop
      vertex -2.358753677500748 1.4137825465313598 -0.3
      vertex -2.358753677500748 1.4137825465313598 5.404999999999999
      vertex -2.2865414338319994 1.527818140803906 5.404999999999999
    endloop
  endfacet
  facet normal -0.817584813151585 0.5758081914178433 0
    outer loop
      vertex -2.2865414338319994 1.527818140803906 -0.3
      vertex -2.2865414338319994 1.527818140803906 5.404999999999999
      vertex -2.2088207115717737 1.6381730873541918 5.404999999999999
    endloop
  endfacet
  facet normal -0.7883464276266059 0.6152315905806274 0
    outer loop
      vertex -2.2088207115717737 1.6381730873541918 -0.3
      vertex -2.2088207115717737 1.6381730873541918 5.404999999999999
      vertex -2.125778746747527 1.744581531450025 5.404999999999999
    endloop
  endfacet
  facet normal -0.7572088465064839 0.6531728429537773 0
    outer loop
      vertex -2.125778746747527 1.744581531450025 -0.3
      vertex -2.125778746747527 1.744581531450025 5.404999999999999
      vertex -2.0376155947261374 1.8467871258293007 5.404999999999999
    endloop
  endfacet
  facet normal -0.7242470829514681 0.6895405447370658 0
    outer loop
      vertex -2.0376155947261374 1.8467871258293007 -0.3
      vertex -2.0376155947261374 1.8467871258293007 5.404999999999999
      vertex -1.9445436482630059 1.9445436482630059 5.404999999999999
    endloop
  endfacet
  facet normal -0.6895405447370658 0.7242470829514681 0
    outer loop
      vertex -1.9445436482630059 1.9445436482630059 -0.3
      vertex -1.9445436482630059 1.9445436482630059 5.404999999999999
      vertex -1.8467871258293007 2.0376155947261374 5.404999999999999
    endloop
  endfacet
  facet normal -0.6531728429537773 0.7572088465064839 0
    outer loop
      vertex -1.8467871258293007 2.0376155947261374 -0.3
      vertex -1.8467871258293007 2.0376155947261374 5.404999999999999
      vertex -1.744581531450025 2.125778746747527 5.404999999999999
    endloop
  endfacet
  facet normal -0.6152315905806274 0.7883464276266059 0
    outer loop
      vertex -1.744581531450025 2.125778746747527 -0.3
      vertex -1.744581531450025 2.125778746747527 5.404999999999999
      vertex -1.6381730873541918 2.2088207115717737 5.404999999999999
    endloop
  endfacet
  facet normal -0.5758081914178433 0.817584813151585 0
    outer loop
      vertex -1.6381730873541918 2.2088207115717737 -0.3
      vertex -1.6381730873541918 2.2088207115717737 5.404999999999999
      vertex -1.527818140803906 2.2865414338319994 5.404999999999999
    endloop
  endfacet
  facet normal -0.5349976198870973 0.844853565249707 0
    outer loop
      vertex -1.527818140803906 2.2865414338319994 -0.3
      vertex -1.527818140803906 2.2865414338319994 5.404999999999999
      vertex -1.4137825465313598 2.358753677500748 5.404999999999999
    endloop
  endfacet
  facet normal -0.492898192229786 0.8700869911087104 0
    outer loop
      vertex -1.4137825465313598 2.358753677500748 -0.3
      vertex -1.4137825465313598 2.358753677500748 5.404999999999999
      vertex -1.2963410262714936 2.4252834769579765 5.404999999999999
    endloop
  endfacet
  facet normal -0.44961132965460504 0.8932243011955161 0
    outer loop
      vertex -1.2963410262714936 2.4252834769579765 -0.3
      vertex -1.2963410262714936 2.4252834769579765 5.404999999999999
      vertex -1.1757765069332757 2.485970556089469 5.404999999999999
    endloop
  endfacet
  facet normal -0.40524131400498936 0.9142097557035308 0
    outer loop
      vertex -1.1757765069332757 2.485970556089469 -0.3
      vertex -1.1757765069332757 2.485970556089469 5.404999999999999
      vertex -1.0523794390039969 2.5406687144060385 5.404999999999999
    endloop
  endfacet
  facet normal -0.35989503653498806 0.932992798834739 0
    outer loop
      vertex -1.0523794390039969 2.5406687144060385 -0.3
      vertex -1.0523794390039969 2.5406687144060385 5.404999999999999
      vertex -0.9264470968286052 2.589246179253307 5.404999999999999
    endloop
  endfacet
  facet normal -0.3136817403988917 0.9495281805930367 0
    outer loop
      vertex -0.9264470968286052 2.589246179253307 -0.3
      vertex -0.9264470968286052 2.589246179253307 5.404999999999999
      vertex -0.7982828624497714 2.6315859232635743 5.404999999999999
    endloop
  endfacet
  facet normal -0.2667127574748991 0.9637760657954396 0
    outer loop
      vertex -0.7982828624497714 2.6315859232635743 -0.3
      vertex -0.7982828624497714 2.6315859232635743 5.404999999999999
      vertex -0.6681954947339757 2.667585946284996 5.404999999999999
    endloop
  endfacet
  facet normal -0.2191012401568692 0.9757021300385286 0
    outer loop
      vertex -0.6681954947339757 2.667585946284996 -0.3
      vertex -0.6681954947339757 2.667585946284996 5.404999999999999
      vertex -0.5364983855443527 2.6971595211088837 5.404999999999999
    endloop
  endfacet
  facet normal -0.17096188876030302 0.9852776423889409 0
    outer loop
      vertex -0.5364983855443527 2.6971595211088837 -0.3
      vertex -0.5364983855443527 2.6971595211088837 5.404999999999999
      vertex -0.4035088047522448 2.720235402403148 5.404999999999999
    endloop
  endfacet
  facet normal -0.12241067519921521 0.9924795345987102 0
    outer loop
      vertex -0.4035088047522448 2.720235402403148 -0.3
      vertex -0.4035088047522448 2.720235402403148 5.404999999999999
      vertex -0.26954713590629165 2.7367579983485415 5.404999999999999
    endloop
  endfacet
  facet normal -0.07356456359966845 0.9972904566786902 0
    outer loop
      vertex -0.26954713590629165 2.7367579983485415 -0.3
      vertex -0.26954713590629165 2.7367579983485415 5.404999999999999
      vertex -0.13493610440039955 2.7466875045642243 5.404999999999999
    endloop
  endfacet
  facet normal -0.024541228522910803 0.9996988186962044 0
    outer loop
      vertex -0.13493610440039955 2.7466875045642243 -0.3
      vertex -0.13493610440039955 2.7466875045642243 5.404999999999999
      vertex 0 2.75 5.404999999999999
    endloop
  endfacet
  facet normal 0 0 -1
    outer loop
      vertex -0.4035088047522448 -2.720235402403148 -0.3
      vertex 0.735 -2.05 -0.3
      vertex -0.26954713590629165 -2.7367579983485415 -0.3
    endloop
  endfacet
  facet normal 0 0 -1
    outer loop
      vertex -0.26954713590629165 -2.7367579983485415 -0.3
      vertex 0.735 -2.05 -0.3
      vertex -0.13493610440039955 -2.7466875045642243 -0.3
    endloop
  endfacet
  facet normal 0 0 -1
    outer loop
      vertex -0.13493610440039955 -2.7466875045642243 -0.3
      vertex 0.735 -2.05 -0.3
      vertex 0 -2.75 -0.3
    endloop
  endfacet
  facet normal 0 0 -1
    outer loop
      vertex 0 -2.75 -0.3
      vertex 0.735 -2.05 -0.3
      vertex 0.13493610440039955 -2.7466875045642243 -0.3
    endloop
  endfacet
  facet normal 0 0 -1
    outer loop
      vertex 0.13493610440039955 -2.7466875045642243 -0.3
      vertex 0.735 -2.05 -0.3
      vertex 0.26954713590629165 -2.7367579983485415 -0.3
    endloop
  endfacet
  facet normal 0 0 -1
    outer loop
      vertex 0.26954713590629165 -2.7367579983485415 -0.3
      vertex 0.735 -2.05 -0.3
      vertex 0.4035088047522448 -2.720235402403148 -0.3
    endloop
  endfacet
  facet normal 0 0 -1
    outer loop
      vertex 0.4035088047522448 -2.720235402403148 -0.3
      vertex 0.735 -2.05 -0.3
      vertex 0.5364983855443527 -2.6971595211088837 -0.3
    endloop
  endfacet
  facet normal 0 0 -1
    outer loop
      vertex 0.5364983855443527 -2.6971595211088837 -0.3
      vertex 0.735 -2.05 -0.3
      vertex 0.6681954947339757 -2.667585946284996 -0.3
    endloop
  endfacet
  facet normal 0 0 -1
    outer loop
      vertex 0.6681954947339757 -2.667585946284996 -0.3
      vertex 0.735 -2.05 -0.3
      vertex 0.7982828624497714 -2.6315859232635743 -0.3
    endloop
  endfacet
  facet normal 0.024541228522910803 -0.9996988186962044 0
    outer loop
      vertex 0 -2.75 -0.3
      vertex 0.13493610440039955 -2.7466875045642243 -0.3
      vertex 0 -2.75 5.404999999999999
    endloop
  endfacet
  facet normal 0.07356456359966845 -0.9972904566786902 0
    outer loop
      vertex 0.13493610440039955 -2.7466875045642243 -0.3
      vertex 0.26954713590629165 -2.7367579983485415 -0.3
      vertex 0.13493610440039955 -2.7466875045642243 5.404999999999999
    endloop
  endfacet
  facet normal 0.12241067519921521 -0.9924795345987102 0
    outer loop
      vertex 0.26954713590629165 -2.7367579983485415 -0.3
      vertex 0.4035088047522448 -2.720235402403148 -0.3
      vertex 0.26954713590629165 -2.7367579983485415 5.404999999999999
    endloop
  endfacet
  facet normal 0.17096188876030302 -0.9852776423889409 0
    outer loop
      vertex 0.4035088047522448 -2.720235402403148 -0.3
      vertex 0.5364983855443527 -2.6971595211088837 -0.3
      vertex 0.4035088047522448 -2.720235402403148 5.404999999999999
    endloop
  endfacet
  facet normal 0.2191012401568692 -0.9757021300385286 0
    outer loop
      vertex 0.5364983855443527 -2.6971595211088837 -0.3
      vertex 0.6681954947339757 -2.667585946284996 -0.3
      vertex 0.5364983855443527 -2.6971595211088837 5.404999999999999
    endloop
  endfacet
  facet normal 0.2667127574748991 -0.9637760657954396 0
    outer loop
      vertex 0.6681954947339757 -2.667585946284996 -0.3
      vertex 0.7982828624497714 -2.6315859232635743 -0.3
      vertex 0.6681954947339757 -2.667585946284996 5.404999999999999
    endloop
  endfacet
  facet normal 0.3136817403988917 -0.9495281805930367 0
    outer loop
      vertex 0.7982828624497714 -2.6315859232635743 -0.3
      vertex 0.9264470968286052 -2.589246179253307 -0.3
      vertex 0.7982828624497714 -2.6315859232635743 5.404999999999999
    endloop
  endfacet
  facet normal 0.35989503653498806 -0.932992798834739 0
    outer loop
      vertex 0.9264470968286052 -2.589246179253307 -0.3
      vertex 1.0523794390039969 -2.5406687144060385 -0.3
      vertex 0.9264470968286052 -2.589246179253307 5.404999999999999
    endloop
  endfacet
  facet normal 0.40524131400498936 -0.9142097557035308 0
    outer loop
      vertex 1.0523794390039969 -2.5406687144060385 -0.3
      vertex 1.1757765069332757 -2.485970556089469 -0.3
      vertex 1.0523794390039969 -2.5406687144060385 5.404999999999999
    endloop
  endfacet
  facet normal 0.44961132965460504 -0.8932243011955161 0
    outer loop
      vertex 1.1757765069332757 -2.485970556089469 -0.3
      vertex 1.2963410262714936 -2.4252834769579765 -0.3
      vertex 1.1757765069332757 -2.485970556089469 5.404999999999999
    endloop
  endfacet
  facet normal 0.492898192229786 -0.8700869911087104 0
    outer loop
      vertex 1.2963410262714936 -2.4252834769579765 -0.3
      vertex 1.4137825465313598 -2.358753677500748 -0.3
      vertex 1.2963410262714936 -2.4252834769579765 5.404999999999999
    endloop
  endfacet
  facet normal 0.5349976198870973 -0.844853565249707 0
    outer loop
      vertex 1.4137825465313598 -2.358753677500748 -0.3
      vertex 1.527818140803906 -2.2865414338319994 -0.3
      vertex 1.4137825465313598 -2.358753677500748 5.404999999999999
    endloop
  endfacet
  facet normal 0.5758081914178433 -0.817584813151585 0
    outer loop
      vertex 1.527818140803906 -2.2865414338319994 -0.3
      vertex 1.6381730873541918 -2.2088207115717737 -0.3
      vertex 1.527818140803906 -2.2865414338319994 5.404999999999999
    endloop
  endfacet
  facet normal 0.6152315905806274 -0.7883464276266059 0
    outer loop
      vertex 1.6381730873541918 -2.2088207115717737 -0.3
      vertex 1.744581531450025 -2.125778746747527 -0.3
      vertex 1.6381730873541918 -2.2088207115717737 5.404999999999999
    endloop
  endfacet
  facet normal 0.6531728429537773 -0.7572088465064839 0
    outer loop
      vertex 1.744581531450025 -2.125778746747527 -0.3
      vertex 1.8467871258293007 -2.0376155947261374 -0.3
      vertex 1.744581531450025 -2.125778746747527 5.404999999999999
    endloop
  endfacet
  facet normal 0 0 -1
    outer loop
      vertex 0.7982828624497714 -2.6315859232635743 -0.3
      vertex 2.6629355133716164 -0.6849999999999999 -0.3
      vertex 0.9264470968286052 -2.589246179253307 -0.3
    endloop
  endfacet
  facet normal 0 0 -1
    outer loop
      vertex 0.9264470968286052 -2.589246179253307 -0.3
      vertex 2.6629355133716164 -0.6849999999999999 -0.3
      vertex 1.0523794390039969 -2.5406687144060385 -0.3
    endloop
  endfacet
  facet normal 0 0 -1
    outer loop
      vertex 0.7982828624497714 -2.6315859232635743 -0.3
      vertex 0.735 -2.05 -0.3
      vertex 2.6629355133716164 -0.6849999999999999 -0.3
    endloop
  endfacet
  facet normal 0 0 -1
    outer loop
      vertex 0.735 -2.05 -0.3
      vertex 0.735 -0.6849999999999999 -0.3
      vertex 2.6629355133716164 -0.6849999999999999 -0.3
    endloop
  endfacet
  facet normal 0 0 -1
    outer loop
      vertex 1.0523794390039969 -2.5406687144060385 -0.3
      vertex 2.6629355133716164 -0.6849999999999999 -0.3
      vertex 1.1757765069332757 -2.485970556089469 -0.3
    endloop
  endfacet
  facet normal 0 0 -1
    outer loop
      vertex 1.1757765069332757 -2.485970556089469 -0.3
      vertex 2.6629355133716164 -0.6849999999999999 -0.3
      vertex 1.2963410262714936 -2.4252834769579765 -0.3
    endloop
  endfacet
  facet normal 0 0 -1
    outer loop
      vertex 1.2963410262714936 -2.4252834769579765 -0.3
      vertex 2.6629355133716164 -0.6849999999999999 -0.3
      vertex 1.4137825465313598 -2.358753677500748 -0.3
    endloop
  endfacet
  facet normal 0 0 -1
    outer loop
      vertex 1.4137825465313598 -2.358753677500748 -0.3
      vertex 2.6629355133716164 -0.6849999999999999 -0.3
      vertex 1.527818140803906 -2.2865414338319994 -0.3
    endloop
  endfacet
  facet normal 0 0 -1
    outer loop
      vertex 1.527818140803906 -2.2865414338319994 -0.3
      vertex 2.6629355133716164 -0.6849999999999999 -0.3
      vertex 1.6381730873541918 -2.2088207115717737 -0.3
    endloop
  endfacet
  facet normal 0 0 -1
    outer loop
      vertex 1.6381730873541918 -2.2088207115717737 -0.3
      vertex 2.6629355133716164 -0.6849999999999999 -0.3
      vertex 1.744581531450025 -2.125778746747527 -0.3
    endloop
  endfacet
  facet normal 0.6895405447370658 -0.7242470829514681 0
    outer loop
      vertex 1.8467871258293007 -2.0376155947261374 -0.3
      vertex 1.9445436482630059 -1.9445436482630059 -0.3
      vertex 1.8467871258293007 -2.0376155947261374 5.404999999999999
    endloop
  endfacet
  facet normal 0.7242470829514681 -0.6895405447370658 0
    outer loop
      vertex 1.9445436482630059 -1.9445436482630059 -0.3
      vertex 2.0376155947261374 -1.8467871258293007 -0.3
      vertex 1.9445436482630059 -1.9445436482630059 5.404999999999999
    endloop
  endfacet
  facet normal 0.7572088465064839 -0.6531728429537773 0
    outer loop
      vertex 2.0376155947261374 -1.8467871258293007 -0.3
      vertex 2.125778746747527 -1.744581531450025 -0.3
      vertex 2.0376155947261374 -1.8467871258293007 5.404999999999999
    endloop
  endfacet
  facet normal 0 0 -1
    outer loop
      vertex 1.744581531450025 -2.125778746747527 -0.3
      vertex 2.6629355133716164 -0.6849999999999999 -0.3
      vertex 1.8467871258293007 -2.0376155947261374 -0.3
    endloop
  endfacet
  facet normal 0 0 -1
    outer loop
      vertex 1.8467871258293007 -2.0376155947261374 -0.3
      vertex 2.6629355133716164 -0.6849999999999999 -0.3
      vertex 1.9445436482630059 -1.9445436482630059 -0.3
    endloop
  endfacet
  facet normal 0 0 -1
    outer loop
      vertex 1.9445436482630059 -1.9445436482630059 -0.3
      vertex 2.6629355133716164 -0.6849999999999999 -0.3
      vertex 2.0376155947261374 -1.8467871258293007 -0.3
    endloop
  endfacet
  facet normal 0 0 -1
    outer loop
      vertex 2.0376155947261374 -1.8467871258293007 -0.3
      vertex 2.6629355133716164 -0.6849999999999999 -0.3
      vertex 2.125778746747527 -1.744581531450025 -0.3
    endloop
  endfacet
  facet normal 0 0 -1
    outer loop
      vertex 2.125778746747527 -1.744581531450025 -0.3
      vertex 2.6629355133716164 -0.6849999999999999 -0.3
      vertex 2.2088207115717737 -1.6381730873541918 -0.3
    endloop
  endfacet
  facet normal 0 0 -1
    outer loop
      vertex 2.2088207115717737 -1.6381730873541918 -0.3
      vertex 2.6629355133716164 -0.6849999999999999 -0.3
      vertex 2.2865414338319994 -1.527818140803906 -0.3
    endloop
  endfacet
  facet normal 0 0 -1
    outer loop
      vertex 2.2865414338319994 -1.527818140803906 -0.3
      vertex 2.6629355133716164 -0.6849999999999999 -0.3
      vertex 2.358753677500748 -1.4137825465313598 -0.3
    endloop
  endfacet
  facet normal 0 0 -1
    outer loop
      vertex 2.358753677500748 -1.4137825465313598 -0.3
      vertex 2.6629355133716164 -0.6849999999999999 -0.3
      vertex 2.4252834769579765 -1.2963410262714936 -0.3
    endloop
  endfacet
  facet normal 0 0 -1
    outer loop
      vertex 2.4252834769579765 -1.2963410262714936 -0.3
      vertex 2.6629355133716164 -0.6849999999999999 -0.3
      vertex 2.485970556089469 -1.1757765069332757 -0.3
    endloop
  endfacet
  facet normal 0 0 -1
    outer loop
      vertex 2.485970556089469 -1.1757765069332757 -0.3
      vertex 2.6629355133716164 -0.6849999999999999 -0.3
      vertex 2.5406687144060385 -1.0523794390039969 -0.3
    endloop
  endfacet
  facet normal 0 0 -1
    outer loop
      vertex 2.5406687144060385 -1.0523794390039969 -0.3
      vertex 2.6629355133716164 -0.6849999999999999 -0.3
      vertex 2.589246179253307 -0.9264470968286052 -0.3
    endloop
  endfacet
  facet normal 0 0 -1
    outer loop
      vertex 2.589246179253307 -0.9264470968286052 -0.3
      vertex 2.6629355133716164 -0.6849999999999999 -0.3
      vertex 2.6315859232635743 -0.7982828624497714 -0.3
    endloop
  endfacet
  facet normal 0.7883464276266059 -0.6152315905806274 0
    outer loop
      vertex 2.125778746747527 -1.744581531450025 -0.3
      vertex 2.2088207115717737 -1.6381730873541918 -0.3
      vertex 2.125778746747527 -1.744581531450025 5.404999999999999
    endloop
  endfacet
  facet normal 0.817584813151585 -0.5758081914178433 0
    outer loop
      vertex 2.2088207115717737 -1.6381730873541918 -0.3
      vertex 2.2865414338319994 -1.527818140803906 -0.3
      vertex 2.2088207115717737 -1.6381730873541918 5.404999999999999
    endloop
  endfacet
  facet normal 0.844853565249707 -0.5349976198870973 0
    outer loop
      vertex 2.2865414338319994 -1.527818140803906 -0.3
      vertex 2.358753677500748 -1.4137825465313598 -0.3
      vertex 2.2865414338319994 -1.527818140803906 5.404999999999999
    endloop
  endfacet
  facet normal 0.8700869911087104 -0.492898192229786 0
    outer loop
      vertex 2.358753677500748 -1.4137825465313598 -0.3
      vertex 2.4252834769579765 -1.2963410262714936 -0.3
      vertex 2.358753677500748 -1.4137825465313598 5.404999999999999
    endloop
  endfacet
  facet normal 0.8932243011955161 -0.44961132965460504 0
    outer loop
      vertex 2.4252834769579765 -1.2963410262714936 -0.3
      vertex 2.485970556089469 -1.1757765069332757 -0.3
      vertex 2.4252834769579765 -1.2963410262714936 5.404999999999999
    endloop
  endfacet
  facet normal 0.9142097557035308 -0.40524131400498936 0
    outer loop
      vertex 2.485970556089469 -1.1757765069332757 -0.3
      vertex 2.5406687144060385 -1.0523794390039969 -0.3
      vertex 2.485970556089469 -1.1757765069332757 5.404999999999999
    endloop
  endfacet
  facet normal 0.932992798834739 -0.35989503653498806 0
    outer loop
      vertex 2.5406687144060385 -1.0523794390039969 -0.3
      vertex 2.589246179253307 -0.9264470968286052 -0.3
      vertex 2.5406687144060385 -1.0523794390039969 5.404999999999999
    endloop
  endfacet
  facet normal 0.9495281805930367 -0.3136817403988917 0
    outer loop
      vertex 2.589246179253307 -0.9264470968286052 -0.3
      vertex 2.6315859232635743 -0.7982828624497714 -0.3
      vertex 2.589246179253307 -0.9264470968286052 5.404999999999999
    endloop
  endfacet
  facet normal 0.9637760657954394 -0.26671275747490036 0
    outer loop
      vertex 2.6315859232635743 -0.7982828624497714 -0.3
      vertex 2.6629355133716164 -0.6849999999999999 -0.3
      vertex 2.6315859232635743 -0.7982828624497714 5.404999999999999
    endloop
  endfacet
  facet normal 0.024541228522910803 -0.9996988186962044 0
    outer loop
      vertex 0.13493610440039955 -2.7466875045642243 -0.3
      vertex 0.13493610440039955 -2.7466875045642243 5.404999999999999
      vertex 0 -2.75 5.404999999999999
    endloop
  endfacet
  facet normal 0.07356456359966845 -0.9972904566786902 0
    outer loop
      vertex 0.26954713590629165 -2.7367579983485415 -0.3
      vertex 0.26954713590629165 -2.7367579983485415 5.404999999999999
      vertex 0.13493610440039955 -2.7466875045642243 5.404999999999999
    endloop
  endfacet
  facet normal 0.12241067519921521 -0.9924795345987102 0
    outer loop
      vertex 0.4035088047522448 -2.720235402403148 -0.3
      vertex 0.4035088047522448 -2.720235402403148 5.404999999999999
      vertex 0.26954713590629165 -2.7367579983485415 5.404999999999999
    endloop
  endfacet
  facet normal 0.17096188876030302 -0.9852776423889409 0
    outer loop
      vertex 0.5364983855443527 -2.6971595211088837 -0.3
      vertex 0.5364983855443527 -2.6971595211088837 5.404999999999999
      vertex 0.4035088047522448 -2.720235402403148 5.404999999999999
    endloop
  endfacet
  facet normal 0.2191012401568692 -0.9757021300385286 0
    outer loop
      vertex 0.6681954947339757 -2.667585946284996 -0.3
      vertex 0.6681954947339757 -2.667585946284996 5.404999999999999
      vertex 0.5364983855443527 -2.6971595211088837 5.404999999999999
    endloop
  endfacet
  facet normal 0.2667127574748991 -0.9637760657954396 0
    outer loop
      vertex 0.7982828624497714 -2.6315859232635743 -0.3
      vertex 0.7982828624497714 -2.6315859232635743 5.404999999999999
      vertex 0.6681954947339757 -2.667585946284996 5.404999999999999
    endloop
  endfacet
  facet normal 0.3136817403988917 -0.9495281805930367 0
    outer loop
      vertex 0.9264470968286052 -2.589246179253307 -0.3
      vertex 0.9264470968286052 -2.589246179253307 5.404999999999999
      vertex 0.7982828624497714 -2.6315859232635743 5.404999999999999
    endloop
  endfacet
  facet normal 0.35989503653498806 -0.932992798834739 0
    outer loop
      vertex 1.0523794390039969 -2.5406687144060385 -0.3
      vertex 1.0523794390039969 -2.5406687144060385 5.404999999999999
      vertex 0.9264470968286052 -2.589246179253307 5.404999999999999
    endloop
  endfacet
  facet normal 0.40524131400498936 -0.9142097557035308 0
    outer loop
      vertex 1.1757765069332757 -2.485970556089469 -0.3
      vertex 1.1757765069332757 -2.485970556089469 5.404999999999999
      vertex 1.0523794390039969 -2.5406687144060385 5.404999999999999
    endloop
  endfacet
  facet normal 0.44961132965460504 -0.8932243011955161 0
    outer loop
      vertex 1.2963410262714936 -2.4252834769579765 -0.3
      vertex 1.2963410262714936 -2.4252834769579765 5.404999999999999
      vertex 1.1757765069332757 -2.485970556089469 5.404999999999999
    endloop
  endfacet
  facet normal 0.492898192229786 -0.8700869911087104 0
    outer loop
      vertex 1.4137825465313598 -2.358753677500748 -0.3
      vertex 1.4137825465313598 -2.358753677500748 5.404999999999999
      vertex 1.2963410262714936 -2.4252834769579765 5.404999999999999
    endloop
  endfacet
  facet normal 0.5349976198870973 -0.844853565249707 0
    outer loop
      vertex 1.527818140803906 -2.2865414338319994 -0.3
      vertex 1.527818140803906 -2.2865414338319994 5.404999999999999
      vertex 1.4137825465313598 -2.358753677500748 5.404999999999999
    endloop
  endfacet
  facet normal 0.5758081914178433 -0.817584813151585 0
    outer loop
      vertex 1.6381730873541918 -2.2088207115717737 -0.3
      vertex 1.6381730873541918 -2.2088207115717737 5.404999999999999
      vertex 1.527818140803906 -2.2865414338319994 5.404999999999999
    endloop
  endfacet
  facet normal 0.6152315905806274 -0.7883464276266059 0
    outer loop
      vertex 1.744581531450025 -2.125778746747527 -0.3
      vertex 1.744581531450025 -2.125778746747527 5.404999999999999
      vertex 1.6381730873541918 -2.2088207115717737 5.404999999999999
    endloop
  endfacet
  facet normal 0.6531728429537773 -0.7572088465064839 0
    outer loop
      vertex 1.8467871258293007 -2.0376155947261374 -0.3
      vertex 1.8467871258293007 -2.0376155947261374 5.404999999999999
      vertex 1.744581531450025 -2.125778746747527 5.404999999999999
    endloop
  endfacet
  facet normal 0.6895405447370658 -0.7242470829514681 0
    outer loop
      vertex 1.9445436482630059 -1.9445436482630059 -0.3
      vertex 1.9445436482630059 -1.9445436482630059 5.404999999999999
      vertex 1.8467871258293007 -2.0376155947261374 5.404999999999999
    endloop
  endfacet
  facet normal 0.7242470829514681 -0.6895405447370658 0
    outer loop
      vertex 2.0376155947261374 -1.8467871258293007 -0.3
      vertex 2.0376155947261374 -1.8467871258293007 5.404999999999999
      vertex 1.9445436482630059 -1.9445436482630059 5.404999999999999
    endloop
  endfacet
  facet normal 0.7572088465064839 -0.6531728429537773 0
    outer loop
      vertex 2.125778746747527 -1.744581531450025 -0.3
      vertex 2.125778746747527 -1.744581531450025 5.404999999999999
      vertex 2.0376155947261374 -1.8467871258293007 5.404999999999999
    endloop
  endfacet
  facet normal 0.7883464276266059 -0.6152315905806274 0
    outer loop
      vertex 2.2088207115717737 -1.6381730873541918 -0.3
      vertex 2.2088207115717737 -1.6381730873541918 5.404999999999999
      vertex 2.125778746747527 -1.744581531450025 5.404999999999999
    endloop
  endfacet
  facet normal 0.817584813151585 -0.5758081914178433 0
    outer loop
      vertex 2.2865414338319994 -1.527818140803906 -0.3
      vertex 2.2865414338319994 -1.527818140803906 5.404999999999999
      vertex 2.2088207115717737 -1.6381730873541918 5.404999999999999
    endloop
  endfacet
  facet normal 0.844853565249707 -0.5349976198870973 0
    outer loop
      vertex 2.358753677500748 -1.4137825465313598 -0.3
      vertex 2.358753677500748 -1.4137825465313598 5.404999999999999
      vertex 2.2865414338319994 -1.527818140803906 5.404999999999999
    endloop
  endfacet
  facet normal 0.8700869911087104 -0.492898192229786 0
    outer loop
      vertex 2.4252834769579765 -1.2963410262714936 -0.3
      vertex 2.4252834769579765 -1.2963410262714936 5.404999999999999
      vertex 2.358753677500748 -1.4137825465313598 5.404999999999999
    endloop
  endfacet
  facet normal 0.8932243011955161 -0.44961132965460504 0
    outer loop
      vertex 2.485970556089469 -1.1757765069332757 -0.3
      vertex 2.485970556089469 -1.1757765069332757 5.404999999999999
      vertex 2.4252834769579765 -1.2963410262714936 5.404999999999999
    endloop
  endfacet
  facet normal 0.9142097557035308 -0.40524131400498936 0
    outer loop
      vertex 2.5406687144060385 -1.0523794390039969 -0.3
      vertex 2.5406687144060385 -1.0523794390039969 5.404999999999999
      vertex 2.485970556089469 -1.1757765069332757 5.404999999999999
    endloop
  endfacet
  facet normal 0.932992798834739 -0.35989503653498806 0
    outer loop
      vertex 2.589246179253307 -0.9264470968286052 -0.3
      vertex 2.589246179253307 -0.9264470968286052 5.404999999999999
      vertex 2.5406687144060385 -1.0523794390039969 5.404999999999999
    endloop
  endfacet
  facet normal 0.9495281805930367 -0.3136817403988917 0
    outer loop
      vertex 2.6315859232635743 -0.7982828624497714 -0.3
      vertex 2.6315859232635743 -0.7982828624497714 5.404999999999999
      vertex 2.589246179253307 -0.9264470968286052 5.404999999999999
    endloop
  endfacet
  facet normal 0.9637760657954394 -0.26671275747490036 0
    outer loop
      vertex 2.6629355133716164 -0.6849999999999999 -0.3
      vertex 2.6629355133716164 -0.6849999999999999 5.404999999999999
      vertex 2.6315859232635743 -0.7982828624497714 5.404999999999999
    endloop
  endfacet
  facet normal 0 0 -1
    outer loop
      vertex 0.735 0.6849999999999999 -0.3
      vertex 0.735 2.05 -0.3
      vertex 0.7982828624497714 2.6315859232635743 -0.3
    endloop
  endfacet
  facet normal 0 0 -1
    outer loop
      vertex 0.735 0.6849999999999999 -0.3
      vertex 0.9264470968286052 2.589246179253307 -0.3
      vertex 1.0523794390039969 2.5406687144060385 -0.3
    endloop
  endfacet
  facet normal 0 0 -1
    outer loop
      vertex 0.735 0.6849999999999999 -0.3
      vertex 0.7982828624497714 2.6315859232635743 -0.3
      vertex 0.9264470968286052 2.589246179253307 -0.3
    endloop
  endfacet
  facet normal 0 0 -1
    outer loop
      vertex 0.735 0.6849999999999999 -0.3
      vertex 1.0523794390039969 2.5406687144060385 -0.3
      vertex 1.1757765069332757 2.485970556089469 -0.3
    endloop
  endfacet
  facet normal 0 0 -1
    outer loop
      vertex 0.735 0.6849999999999999 -0.3
      vertex 2.6315859232635743 0.7982828624497714 -0.3
      vertex 2.6629355133716164 0.6849999999999999 -0.3
    endloop
  endfacet
  facet normal 0 0 -1
    outer loop
      vertex 0.735 0.6849999999999999 -0.3
      vertex 2.485970556089469 1.1757765069332757 -0.3
      vertex 2.5406687144060385 1.0523794390039969 -0.3
    endloop
  endfacet
  facet normal 0 0 -1
    outer loop
      vertex 0.735 0.6849999999999999 -0.3
      vertex 2.589246179253307 0.9264470968286052 -0.3
      vertex 2.6315859232635743 0.7982828624497714 -0.3
    endloop
  endfacet
  facet normal 0 0 -1
    outer loop
      vertex 0.735 0.6849999999999999 -0.3
      vertex 2.5406687144060385 1.0523794390039969 -0.3
      vertex 2.589246179253307 0.9264470968286052 -0.3
    endloop
  endfacet
  facet normal 0 0 -1
    outer loop
      vertex 0.735 0.6849999999999999 -0.3
      vertex 1.8467871258293007 2.0376155947261374 -0.3
      vertex 1.9445436482630059 1.9445436482630059 -0.3
    endloop
  endfacet
  facet normal 0 0 -1
    outer loop
      vertex 0.735 0.6849999999999999 -0.3
      vertex 1.4137825465313598 2.358753677500748 -0.3
      vertex 1.527818140803906 2.2865414338319994 -0.3
    endloop
  endfacet
  facet normal 0 0 -1
    outer loop
      vertex 0.735 0.6849999999999999 -0.3
      vertex 1.1757765069332757 2.485970556089469 -0.3
      vertex 1.2963410262714936 2.4252834769579765 -0.3
    endloop
  endfacet
  facet normal 0 0 -1
    outer loop
      vertex 0.735 0.6849999999999999 -0.3
      vertex 1.2963410262714936 2.4252834769579765 -0.3
      vertex 1.4137825465313598 2.358753677500748 -0.3
    endloop
  endfacet
  facet normal 0 0 -1
    outer loop
      vertex 0.735 0.6849999999999999 -0.3
      vertex 1.6381730873541918 2.2088207115717737 -0.3
      vertex 1.744581531450025 2.125778746747527 -0.3
    endloop
  endfacet
  facet normal 0 0 -1
    outer loop
      vertex 0.735 0.6849999999999999 -0.3
      vertex 1.527818140803906 2.2865414338319994 -0.3
      vertex 1.6381730873541918 2.2088207115717737 -0.3
    endloop
  endfacet
  facet normal 0 0 -1
    outer loop
      vertex 0.735 0.6849999999999999 -0.3
      vertex 1.744581531450025 2.125778746747527 -0.3
      vertex 1.8467871258293007 2.0376155947261374 -0.3
    endloop
  endfacet
  facet normal 0 0 -1
    outer loop
      vertex 0.735 0.6849999999999999 -0.3
      vertex 2.2088207115717737 1.6381730873541918 -0.3
      vertex 2.2865414338319994 1.527818140803906 -0.3
    endloop
  endfacet
  facet normal 0 0 -1
    outer loop
      vertex 0.735 0.6849999999999999 -0.3
      vertex 2.2865414338319994 1.527818140803906 -0.3
      vertex 2.358753677500748 1.4137825465313598 -0.3
    endloop
  endfacet
  facet normal 0 0 -1
    outer loop
      vertex 0.735 0.6849999999999999 -0.3
      vertex 2.0376155947261374 1.8467871258293007 -0.3
      vertex 2.125778746747527 1.744581531450025 -0.3
    endloop
  endfacet
  facet normal 0 0 -1
    outer loop
      vertex 0.735 0.6849999999999999 -0.3
      vertex 1.9445436482630059 1.9445436482630059 -0.3
      vertex 2.0376155947261374 1.8467871258293007 -0.3
    endloop
  endfacet
  facet normal 0 0 -1
    outer loop
      vertex 0.735 0.6849999999999999 -0.3
      vertex 2.125778746747527 1.744581531450025 -0.3
      vertex 2.2088207115717737 1.6381730873541918 -0.3
    endloop
  endfacet
  facet normal 0 0 -1
    outer loop
      vertex 0.735 0.6849999999999999 -0.3
      vertex 2.358753677500748 1.4137825465313598 -0.3
      vertex 2.4252834769579765 1.2963410262714936 -0.3
    endloop
  endfacet
  facet normal 0 0 -1
    outer loop
      vertex 0.735 0.6849999999999999 -0.3
      vertex 2.4252834769579765 1.2963410262714936 -0.3
      vertex 2.485970556089469 1.1757765069332757 -0.3
    endloop
  endfacet
  facet normal 0.6531728429537773 0.7572088465064839 0
    outer loop
      vertex 1.8467871258293007 2.0376155947261374 -0.3
      vertex 1.744581531450025 2.125778746747527 -0.3
      vertex 1.8467871258293007 2.0376155947261374 5.404999999999999
    endloop
  endfacet
  facet normal 0.6895405447370658 0.7242470829514681 0
    outer loop
      vertex 1.9445436482630059 1.9445436482630059 -0.3
      vertex 1.8467871258293007 2.0376155947261374 -0.3
      vertex 1.9445436482630059 1.9445436482630059 5.404999999999999
    endloop
  endfacet
  facet normal 0.7242470829514681 0.6895405447370658 -1.7149034641046605e-19
    outer loop
      vertex 1.9445436482630059 1.9445436482630059 -0.3
      vertex 2.0376155947261374 1.8467871258293007 5.404999999999999
      vertex 2.0376155947261374 1.8467871258293007 -0.3
    endloop
  endfacet
  facet normal 0 0 -1
    outer loop
      vertex -0.735 2.05 -0.3
      vertex 0.4035088047522448 2.720235402403148 -0.3
      vertex 0.5364983855443527 2.6971595211088837 -0.3
    endloop
  endfacet
  facet normal 0 0 -1
    outer loop
      vertex -0.735 2.05 -0.3
      vertex 0.6681954947339757 2.667585946284996 -0.3
      vertex 0.7982828624497714 2.6315859232635743 -0.3
    endloop
  endfacet
  facet normal 0 0 -1
    outer loop
      vertex -0.735 2.05 -0.3
      vertex 0.5364983855443527 2.6971595211088837 -0.3
      vertex 0.6681954947339757 2.667585946284996 -0.3
    endloop
  endfacet
  facet normal 0 0 -1
    outer loop
      vertex -0.735 2.05 -0.3
      vertex 0.7982828624497714 2.6315859232635743 -0.3
      vertex 0.735 2.05 -0.3
    endloop
  endfacet
  facet normal 0.024541228522910803 0.9996988186962044 -5.8726443113421e-21
    outer loop
      vertex 0 2.75 -0.3
      vertex 0.13493610440039955 2.7466875045642243 5.404999999999999
      vertex 0.13493610440039955 2.7466875045642243 -0.3
    endloop
  endfacet
  facet normal 0.07356456359966845 0.9972904566786902 -8.251153571796293e-20
    outer loop
      vertex 0.13493610440039955 2.7466875045642243 -0.3
      vertex 0.26954713590629165 2.7367579983485415 5.404999999999999
      vertex 0.26954713590629165 2.7367579983485415 -0.3
    endloop
  endfacet
  facet normal 0.12241067519921521 0.9924795345987102 -7.558059902188401e-22
    outer loop
      vertex 0.26954713590629165 2.7367579983485415 -0.3
      vertex 0.4035088047522448 2.720235402403148 5.404999999999999
      vertex 0.4035088047522448 2.720235402403148 -0.3
    endloop
  endfacet
  facet normal 0.17096188876030302 0.9852776423889409 1.5035922380659942e-19
    outer loop
      vertex 0.4035088047522448 2.720235402403148 -0.3
      vertex 0.5364983855443527 2.6971595211088837 5.404999999999999
      vertex 0.5364983855443527 2.6971595211088837 -0.3
    endloop
  endfacet
  facet normal 0.35989503653498806 0.932992798834739 -2.621646733919818e-19
    outer loop
      vertex 0.9264470968286052 2.589246179253307 -0.3
      vertex 1.0523794390039969 2.5406687144060385 5.404999999999999
      vertex 1.0523794390039969 2.5406687144060385 -0.3
    endloop
  endfacet
  facet normal 0.2191012401568692 0.9757021300385286 2.0812277941075905e-19
    outer loop
      vertex 0.5364983855443527 2.6971595211088837 -0.3
      vertex 0.6681954947339757 2.667585946284996 5.404999999999999
      vertex 0.6681954947339757 2.667585946284996 -0.3
    endloop
  endfacet
  facet normal 0.2667127574748991 0.9637760657954396 -2.800852051993347e-20
    outer loop
      vertex 0.6681954947339757 2.667585946284996 -0.3
      vertex 0.7982828624497714 2.6315859232635743 5.404999999999999
      vertex 0.7982828624497714 2.6315859232635743 -0.3
    endloop
  endfacet
  facet normal 0.3136817403988917 0.9495281805930367 0
    outer loop
      vertex 0.9264470968286052 2.589246179253307 -0.3
      vertex 0.7982828624497714 2.6315859232635743 -0.3
      vertex 0.9264470968286052 2.589246179253307 5.404999999999999
    endloop
  endfacet
  facet normal 0.40524131400498936 0.9142097557035308 5.511702449831115e-19
    outer loop
      vertex 1.0523794390039969 2.5406687144060385 -0.3
      vertex 1.1757765069332757 2.485970556089469 5.404999999999999
      vertex 1.1757765069332757 2.485970556089469 -0.3
    endloop
  endfacet
  facet normal 0.44961132965460504 0.8932243011955161 0
    outer loop
      vertex 1.2963410262714936 2.4252834769579765 -0.3
      vertex 1.1757765069332757 2.485970556089469 -0.3
      vertex 1.2963410262714936 2.4252834769579765 5.404999999999999
    endloop
  endfacet
  facet normal 0.5349976198870973 0.844853565249707 0
    outer loop
      vertex 1.527818140803906 2.2865414338319994 -0.3
      vertex 1.4137825465313598 2.358753677500748 -0.3
      vertex 1.527818140803906 2.2865414338319994 5.404999999999999
    endloop
  endfacet
  facet normal 0.492898192229786 0.8700869911087104 6.893183887666575e-19
    outer loop
      vertex 1.2963410262714936 2.4252834769579765 -0.3
      vertex 1.4137825465313598 2.358753677500748 5.404999999999999
      vertex 1.4137825465313598 2.358753677500748 -0.3
    endloop
  endfacet
  facet normal 0.5758081914178433 0.817584813151585 8.89366559866544e-19
    outer loop
      vertex 1.527818140803906 2.2865414338319994 -0.3
      vertex 1.6381730873541918 2.2088207115717737 5.404999999999999
      vertex 1.6381730873541918 2.2088207115717737 -0.3
    endloop
  endfacet
  facet normal 0.6152315905806274 0.7883464276266059 -4.397106166118348e-19
    outer loop
      vertex 1.6381730873541918 2.2088207115717737 -0.3
      vertex 1.744581531450025 2.125778746747527 5.404999999999999
      vertex 1.744581531450025 2.125778746747527 -0.3
    endloop
  endfacet
  facet normal 0.932992798834739 0.35989503653498806 0
    outer loop
      vertex 2.589246179253307 0.9264470968286052 -0.3
      vertex 2.5406687144060385 1.0523794390039969 -0.3
      vertex 2.589246179253307 0.9264470968286052 5.404999999999999
    endloop
  endfacet
  facet normal 0.9637760657954394 0.26671275747490036 0
    outer loop
      vertex 2.6629355133716164 0.6849999999999999 -0.3
      vertex 2.6315859232635743 0.7982828624497714 -0.3
      vertex 2.6629355133716164 0.6849999999999999 5.404999999999999
    endloop
  endfacet
  facet normal 0.9495281805930367 0.3136817403988917 -1.768400595657261e-19
    outer loop
      vertex 2.589246179253307 0.9264470968286052 -0.3
      vertex 2.6315859232635743 0.7982828624497714 5.404999999999999
      vertex 2.6315859232635743 0.7982828624497714 -0.3
    endloop
  endfacet
  facet normal 0.9142097557035308 0.40524131400498936 0
    outer loop
      vertex 2.5406687144060385 1.0523794390039969 -0.3
      vertex 2.485970556089469 1.1757765069332757 -0.3
      vertex 2.5406687144060385 1.0523794390039969 5.404999999999999
    endloop
  endfacet
  facet normal 0.8932243011955161 0.44961132965460504 3.0682033098684176e-19
    outer loop
      vertex 2.4252834769579765 1.2963410262714936 -0.3
      vertex 2.485970556089469 1.1757765069332757 5.404999999999999
      vertex 2.485970556089469 1.1757765069332757 -0.3
    endloop
  endfacet
  facet normal 0.8700869911087104 0.492898192229786 0
    outer loop
      vertex 2.4252834769579765 1.2963410262714936 -0.3
      vertex 2.358753677500748 1.4137825465313598 -0.3
      vertex 2.4252834769579765 1.2963410262714936 5.404999999999999
    endloop
  endfacet
  facet normal 0.844853565249707 0.5349976198870973 -4.658893456851306e-19
    outer loop
      vertex 2.2865414338319994 1.527818140803906 -0.3
      vertex 2.358753677500748 1.4137825465313598 5.404999999999999
      vertex 2.358753677500748 1.4137825465313598 -0.3
    endloop
  endfacet
  facet normal 0.7883464276266059 0.6152315905806274 -4.397106166118348e-19
    outer loop
      vertex 2.125778746747527 1.744581531450025 -0.3
      vertex 2.2088207115717737 1.6381730873541918 5.404999999999999
      vertex 2.2088207115717737 1.6381730873541918 -0.3
    endloop
  endfacet
  facet normal 0.7572088465064839 0.6531728429537773 7.160988608422316e-19
    outer loop
      vertex 2.0376155947261374 1.8467871258293007 -0.3
      vertex 2.125778746747527 1.744581531450025 5.404999999999999
      vertex 2.125778746747527 1.744581531450025 -0.3
    endloop
  endfacet
  facet normal 0.817584813151585 0.5758081914178433 0
    outer loop
      vertex 2.2865414338319994 1.527818140803906 -0.3
      vertex 2.2088207115717737 1.6381730873541918 -0.3
      vertex 2.2865414338319994 1.527818140803906 5.404999999999999
    endloop
  endfacet
  facet normal 0.7572088465064839 0.6531728429537773 0
    outer loop
      vertex 2.0376155947261374 1.8467871258293007 -0.3
      vertex 2.0376155947261374 1.8467871258293007 5.404999999999999
      vertex 2.125778746747527 1.744581531450025 5.404999999999999
    endloop
  endfacet
  facet normal 0.6895405447370658 0.7242470829514681 0
    outer loop
      vertex 1.8467871258293007 2.0376155947261374 -0.3
      vertex 1.8467871258293007 2.0376155947261374 5.404999999999999
      vertex 1.9445436482630059 1.9445436482630059 5.404999999999999
    endloop
  endfacet
  facet normal 0.7242470829514681 0.6895405447370658 0
    outer loop
      vertex 1.9445436482630059 1.9445436482630059 -0.3
      vertex 1.9445436482630059 1.9445436482630059 5.404999999999999
      vertex 2.0376155947261374 1.8467871258293007 5.404999999999999
    endloop
  endfacet
  facet normal 0.024541228522910803 0.9996988186962044 0
    outer loop
      vertex 0 2.75 -0.3
      vertex 0 2.75 5.404999999999999
      vertex 0.13493610440039955 2.7466875045642243 5.404999999999999
    endloop
  endfacet
  facet normal 0.07356456359966845 0.9972904566786902 0
    outer loop
      vertex 0.13493610440039955 2.7466875045642243 -0.3
      vertex 0.13493610440039955 2.7466875045642243 5.404999999999999
      vertex 0.26954713590629165 2.7367579983485415 5.404999999999999
    endloop
  endfacet
  facet normal 0.12241067519921521 0.9924795345987102 0
    outer loop
      vertex 0.26954713590629165 2.7367579983485415 -0.3
      vertex 0.26954713590629165 2.7367579983485415 5.404999999999999
      vertex 0.4035088047522448 2.720235402403148 5.404999999999999
    endloop
  endfacet
  facet normal 0.17096188876030302 0.9852776423889409 0
    outer loop
      vertex 0.4035088047522448 2.720235402403148 -0.3
      vertex 0.4035088047522448 2.720235402403148 5.404999999999999
      vertex 0.5364983855443527 2.6971595211088837 5.404999999999999
    endloop
  endfacet
  facet normal 0.35989503653498806 0.932992798834739 0
    outer loop
      vertex 0.9264470968286052 2.589246179253307 -0.3
      vertex 0.9264470968286052 2.589246179253307 5.404999999999999
      vertex 1.0523794390039969 2.5406687144060385 5.404999999999999
    endloop
  endfacet
  facet normal 0.2191012401568692 0.9757021300385286 0
    outer loop
      vertex 0.5364983855443527 2.6971595211088837 -0.3
      vertex 0.5364983855443527 2.6971595211088837 5.404999999999999
      vertex 0.6681954947339757 2.667585946284996 5.404999999999999
    endloop
  endfacet
  facet normal 0.2667127574748991 0.9637760657954396 0
    outer loop
      vertex 0.6681954947339757 2.667585946284996 -0.3
      vertex 0.6681954947339757 2.667585946284996 5.404999999999999
      vertex 0.7982828624497714 2.6315859232635743 5.404999999999999
    endloop
  endfacet
  facet normal 0.3136817403988917 0.9495281805930367 0
    outer loop
      vertex 0.7982828624497714 2.6315859232635743 -0.3
      vertex 0.7982828624497714 2.6315859232635743 5.404999999999999
      vertex 0.9264470968286052 2.589246179253307 5.404999999999999
    endloop
  endfacet
  facet normal 0.40524131400498936 0.9142097557035308 0
    outer loop
      vertex 1.0523794390039969 2.5406687144060385 -0.3
      vertex 1.0523794390039969 2.5406687144060385 5.404999999999999
      vertex 1.1757765069332757 2.485970556089469 5.404999999999999
    endloop
  endfacet
  facet normal 0.44961132965460504 0.8932243011955161 0
    outer loop
      vertex 1.1757765069332757 2.485970556089469 -0.3
      vertex 1.1757765069332757 2.485970556089469 5.404999999999999
      vertex 1.2963410262714936 2.4252834769579765 5.404999999999999
    endloop
  endfacet
  facet normal 0.492898192229786 0.8700869911087104 0
    outer loop
      vertex 1.2963410262714936 2.4252834769579765 -0.3
      vertex 1.2963410262714936 2.4252834769579765 5.404999999999999
      vertex 1.4137825465313598 2.358753677500748 5.404999999999999
    endloop
  endfacet
  facet normal 0.5349976198870973 0.844853565249707 0
    outer loop
      vertex 1.4137825465313598 2.358753677500748 -0.3
      vertex 1.4137825465313598 2.358753677500748 5.404999999999999
      vertex 1.527818140803906 2.2865414338319994 5.404999999999999
    endloop
  endfacet
  facet normal 0.6152315905806274 0.7883464276266059 0
    outer loop
      vertex 1.6381730873541918 2.2088207115717737 -0.3
      vertex 1.6381730873541918 2.2088207115717737 5.404999999999999
      vertex 1.744581531450025 2.125778746747527 5.404999999999999
    endloop
  endfacet
  facet normal 0.5758081914178433 0.817584813151585 0
    outer loop
      vertex 1.527818140803906 2.2865414338319994 -0.3
      vertex 1.527818140803906 2.2865414338319994 5.404999999999999
      vertex 1.6381730873541918 2.2088207115717737 5.404999999999999
    endloop
  endfacet
  facet normal 0.6531728429537773 0.7572088465064839 0
    outer loop
      vertex 1.744581531450025 2.125778746747527 -0.3
      vertex 1.744581531450025 2.125778746747527 5.404999999999999
      vertex 1.8467871258293007 2.0376155947261374 5.404999999999999
    endloop
  endfacet
  facet normal 0.932992798834739 0.35989503653498806 0
    outer loop
      vertex 2.5406687144060385 1.0523794390039969 -0.3
      vertex 2.5406687144060385 1.0523794390039969 5.404999999999999
      vertex 2.589246179253307 0.9264470968286052 5.404999999999999
    endloop
  endfacet
  facet normal 0.9637760657954394 0.26671275747490036 0
    outer loop
      vertex 2.6315859232635743 0.7982828624497714 -0.3
      vertex 2.6315859232635743 0.7982828624497714 5.404999999999999
      vertex 2.6629355133716164 0.6849999999999999 5.404999999999999
    endloop
  endfacet
  facet normal 0.9495281805930367 0.3136817403988917 0
    outer loop
      vertex 2.589246179253307 0.9264470968286052 -0.3
      vertex 2.589246179253307 0.9264470968286052 5.404999999999999
      vertex 2.6315859232635743 0.7982828624497714 5.404999999999999
    endloop
  endfacet
  facet normal 0.844853565249707 0.5349976198870973 0
    outer loop
      vertex 2.2865414338319994 1.527818140803906 -0.3
      vertex 2.2865414338319994 1.527818140803906 5.404999999999999
      vertex 2.358753677500748 1.4137825465313598 5.404999999999999
    endloop
  endfacet
  facet normal 0.8932243011955161 0.44961132965460504 0
    outer loop
      vertex 2.4252834769579765 1.2963410262714936 -0.3
      vertex 2.4252834769579765 1.2963410262714936 5.404999999999999
      vertex 2.485970556089469 1.1757765069332757 5.404999999999999
    endloop
  endfacet
  facet normal 0.9142097557035308 0.40524131400498936 0
    outer loop
      vertex 2.485970556089469 1.1757765069332757 -0.3
      vertex 2.485970556089469 1.1757765069332757 5.404999999999999
      vertex 2.5406687144060385 1.0523794390039969 5.404999999999999
    endloop
  endfacet
  facet normal 0.8700869911087104 0.492898192229786 0
    outer loop
      vertex 2.358753677500748 1.4137825465313598 -0.3
      vertex 2.358753677500748 1.4137825465313598 5.404999999999999
      vertex 2.4252834769579765 1.2963410262714936 5.404999999999999
    endloop
  endfacet
  facet normal 0.7883464276266059 0.6152315905806274 0
    outer loop
      vertex 2.125778746747527 1.744581531450025 -0.3
      vertex 2.125778746747527 1.744581531450025 5.404999999999999
      vertex 2.2088207115717737 1.6381730873541918 5.404999999999999
    endloop
  endfacet
  facet normal 0.817584813151585 0.5758081914178433 0
    outer loop
      vertex 2.2088207115717737 1.6381730873541918 -0.3
      vertex 2.2088207115717737 1.6381730873541918 5.404999999999999
      vertex 2.2865414338319994 1.527818140803906 5.404999999999999
    endloop
  endfacet
  facet normal 1 0 0
    outer loop
      vertex -0.735 -2.05 -0.3
      vertex -0.735 -0.6849999999999999 -0.3
      vertex -0.735 -2.05 5.404999999999999
    endloop
  endfacet
  facet normal 1 0 0
    outer loop
      vertex -0.735 -0.6849999999999999 -0.3
      vertex -0.735 -0.6849999999999999 5.404999999999999
      vertex -0.735 -2.05 5.404999999999999
    endloop
  endfacet
  facet normal 0 1 0
    outer loop
      vertex -0.735 -2.05 -0.3
      vertex -0.735 -2.05 5.404999999999999
      vertex 0.735 -2.05 5.404999999999999
    endloop
  endfacet
  facet normal 1 0 0
    outer loop
      vertex -0.735 0.6849999999999999 -0.3
      vertex -0.735 2.05 -0.3
      vertex -0.735 0.6849999999999999 5.404999999999999
    endloop
  endfacet
  facet normal 0 -1 0
    outer loop
      vertex -0.735 2.05 -0.3
      vertex 0.735 2.05 -0.3
      vertex -0.735 2.05 5.404999999999999
    endloop
  endfacet
  facet normal 1 0 0
    outer loop
      vertex -0.735 2.05 -0.3
      vertex -0.735 2.05 5.404999999999999
      vertex -0.735 0.6849999999999999 5.404999999999999
    endloop
  endfacet
  facet normal 0 1 0
    outer loop
      vertex -0.735 -2.05 -0.3
      vertex 0.735 -2.05 5.404999999999999
      vertex 0.735 -2.05 -0.3
    endloop
  endfacet
  facet normal -1 0 0
    outer loop
      vertex 0.735 -2.05 -0.3
      vertex 0.735 -0.6849999999999999 5.404999999999999
      vertex 0.735 -0.6849999999999999 -0.3
    endloop
  endfacet
  facet normal -1 0 0
    outer loop
      vertex 0.735 -2.05 -0.3
      vertex 0.735 -2.05 5.404999999999999
      vertex 0.735 -0.6849999999999999 5.404999999999999
    endloop
  endfacet
  facet normal -1 0 0
    outer loop
      vertex 0.735 0.6849999999999999 -0.3
      vertex 0.735 2.05 5.404999999999999
      vertex 0.735 2.05 -0.3
    endloop
  endfacet
  facet normal 0 -1 0
    outer loop
      vertex -0.735 2.05 5.404999999999999
      vertex 0.735 2.05 -0.3
      vertex 0.735 2.05 5.404999999999999
    endloop
  endfacet
  facet normal -1 0 0
    outer loop
      vertex 0.735 0.6849999999999999 -0.3
      vertex 0.735 0.6849999999999999 5.404999999999999
      vertex 0.735 2.05 5.404999999999999
    endloop
  endfacet
  facet normal 0 1 0
    outer loop
      vertex -2.6629355133716164 -0.6849999999999999 -0.3
      vertex -0.735 -0.6849999999999999 5.404999999999999
      vertex -0.735 -0.6849999999999999 -0.3
    endloop
  endfacet
  facet normal 0 1 0
    outer loop
      vertex -2.6629355133716164 -0.6849999999999999 -0.3
      vertex -2.6629355133716164 -0.6849999999999999 5.404999999999999
      vertex -0.735 -0.6849999999999999 5.404999999999999
    endloop
  endfacet
  facet normal 0 -1 0
    outer loop
      vertex -2.6629355133716164 0.6849999999999999 -0.3
      vertex -0.735 0.6849999999999999 -0.3
      vertex -2.6629355133716164 0.6849999999999999 5.404999999999999
    endloop
  endfacet
  facet normal 0 -1 0
    outer loop
      vertex -0.735 0.6849999999999999 -0.3
      vertex -0.735 0.6849999999999999 5.404999999999999
      vertex -2.6629355133716164 0.6849999999999999 5.404999999999999
    endloop
  endfacet
  facet normal 0 1 0
    outer loop
      vertex 0.735 -0.6849999999999999 -0.3
      vertex 2.6629355133716164 -0.6849999999999999 5.404999999999999
      vertex 2.6629355133716164 -0.6849999999999999 -0.3
    endloop
  endfacet
  facet normal 0 1 0
    outer loop
      vertex 0.735 -0.6849999999999999 -0.3
      vertex 0.735 -0.6849999999999999 5.404999999999999
      vertex 2.6629355133716164 -0.6849999999999999 5.404999999999999
    endloop
  endfacet
  facet normal 0 -1 0
    outer loop
      vertex 0.735 0.6849999999999999 -0.3
      vertex 2.6629355133716164 0.6849999999999999 -0.3
      vertex 0.735 0.6849999999999999 5.404999999999999
    endloop
  endfacet
  facet normal 0 -1 0
    outer loop
      vertex 2.6629355133716164 0.6849999999999999 -0.3
      vertex 2.6629355133716164 0.6849999999999999 5.404999999999999
      vertex 0.735 0.6849999999999999 5.404999999999999
    endloop
  endfacet
  facet normal -6.913246249951913e-15 0.9701425001453313 0.242535625036335
    outer loop
      vertex -0.6706588938832283 7.149282060453517 3.0028717581859325
      vertex -0.6937775760889053 7.192411876884229 2.830352492463086
      vertex -0.7085800021886826 7.191586029282201 2.833655882871199
    endloop
  endfacet
  facet normal 1.406477004054263e-14 0.9701425001453323 0.24253562503633108
    outer loop
      vertex -0.6612959206104279 7.149651737479812 3.0013930500807544
      vertex -0.6790503114461899 7.19318767152844 2.8272493138862416
      vertex -0.6937775760889053 7.192411876884229 2.830352492463086
    endloop
  endfacet
  facet normal -3.4816850656605e-14 0.9701425001453295 0.24253562503634227
    outer loop
      vertex -0.6427107229828835 7.150302371720496 2.9987905131180153
      vertex -0.6643982008099556 7.193913415021866 2.8243463399125397
      vertex -0.6790503114461899 7.19318767152844 2.8272493138862416
    endloop
  endfacet
  facet normal 1.4671845823828005e-14 0.970142500145332 0.24253562503633222
    outer loop
      vertex -0.6334885135293007 7.150583327127856 2.99766669148858
      vertex -0.6498212441802025 7.194589107364505 2.821643570541981
      vertex -0.6643982008099556 7.193913415021866 2.8243463399125397
    endloop
  endfacet
  facet normal -7.232959066566628e-15 0.9701425001453319 0.24253562503633277
    outer loop
      vertex -0.5970688611268997 7.151411404606412 2.9943543815743556
      vertex -0.6065413132309914 7.196315877487709 2.814736490049165
      vertex -0.6208928003907204 7.195790338597427 2.816838645610294
    endloop
  endfacet
  facet normal -1.5026680938211938e-14 0.9701425001453314 0.24253562503633497
    outer loop
      vertex -0.5880812481045723 7.1515444888418465 2.9938220446326165
      vertex -0.5922649800777435 7.196791365227206 2.8128345390911798
      vertex -0.6065413132309914 7.196315877487709 2.814736490049165
    endloop
  endfacet
  facet normal 2.2473903835383922e-14 0.9701425001453324 0.242535625036331
    outer loop
      vertex -0.5702467784285545 7.1517219338867495 2.9931122644530053
      vertex -0.5780638083815575 7.197216800008885 2.8111327999644624
      vertex -0.5922649800777435 7.196791365227206 2.8128345390911798
    endloop
  endfacet
  facet normal -2.2506208400725618e-14 0.970142500145331 0.24253562503633605
    outer loop
      vertex -0.5613999292254448 7.151766296503248 2.9929348139870093
      vertex -0.563937783241272 7.19759218544681 2.809631258212763
      vertex -0.5780638083815575 7.197216800008885 2.8111327999644624
    endloop
  endfacet
  facet normal 2.286334888170375e-14 0.9701425001453319 0.24253562503633327
    outer loop
      vertex -0.5525999963283539 7.1517810834397375 2.9928756662410523
      vertex -0.5498869195580482 7.197917519733949 2.8083299210642076
      vertex -0.563937783241272 7.19759218544681 2.809631258212763
    endloop
  endfacet
  facet normal 1.5234043316917172e-14 0.9701425001453324 0.2425356250363308
    outer loop
      vertex -0.5498869195580482 7.197917519733949 2.8083299210642076
      vertex -0.5364912822842598 7.15171733499229 2.993130660030845
      vertex -0.5359112098813057 7.1981928010632705 2.8072287957469193
    endloop
  endfacet
  facet normal -7.479233785690725e-15 0.9701425001453317 0.24253562503633352
    outer loop
      vertex -0.520715706050396 7.151526093264007 2.9938956269439743
      vertex -0.5220106542110443 7.198418031241807 2.806327875032775
      vertex -0.5359112098813057 7.1981928010632705 2.8072287957469193
    endloop
  endfacet
  facet normal 7.80115116414725e-15 0.9701425001453314 0.24253562503633477
    outer loop
      vertex -0.6243132203817368 7.150834706855204 2.9966611725791834
      vertex -0.6353194490075111 7.195214748556359 2.819141005774566
      vertex -0.6498212441802025 7.194589107364505 2.821643570541981
    endloop
  endfacet
  facet normal -3.066947588228554e-16 0.9701425001453319 0.242535625036333
    outer loop
      vertex -0.606103390455246 7.151248746497998 2.995005014008009
      vertex -0.6208928003907204 7.195790338597427 2.816838645610294
      vertex -0.6353194490075111 7.195214748556359 2.819141005774566
    endloop
  endfacet
  facet normal -6.836341778943303e-14 0.9701425001453285 0.24253562503634618
    outer loop
      vertex -0.6427107229828835 7.150302371720496 2.9987905131180153
      vertex -0.6334885135293007 7.150583327127856 2.99766669148858
      vertex -0.6643982008099556 7.193913415021866 2.8243463399125397
    endloop
  endfacet
  facet normal 4.654906413949453e-14 0.9701425001453328 0.2425356250363295
    outer loop
      vertex -0.6334885135293007 7.150583327127856 2.99766669148858
      vertex -0.6243132203817368 7.150834706855204 2.9966611725791834
      vertex -0.6498212441802025 7.194589107364505 2.821643570541981
    endloop
  endfacet
  facet normal 1.1962542157453346e-14 0.9701425001453317 0.24253562503633458
    outer loop
      vertex -0.6243132203817368 7.150834706855204 2.9966611725791834
      vertex -0.6151848435401917 7.151056514516606 2.9957739419335767
      vertex -0.6353194490075111 7.195214748556359 2.819141005774566
    endloop
  endfacet
  facet normal -5.84764044466113e-14 0.9701425001453297 0.24253562503634213
    outer loop
      vertex -0.6151848435401917 7.151056514516606 2.9957739419335767
      vertex -0.606103390455246 7.151248746497998 2.995005014008009
      vertex -0.6353194490075111 7.195214748556359 2.819141005774566
    endloop
  endfacet
  facet normal -2.3702541875499627e-14 0.9701425001453314 0.24253562503633483
    outer loop
      vertex -0.606103390455246 7.151248746497998 2.995005014008009
      vertex -0.5970688611268997 7.151411404606412 2.9943543815743556
      vertex -0.6208928003907204 7.195790338597427 2.816838645610294
    endloop
  endfacet
  facet normal -2.398556205521264e-14 0.9701425001453312 0.2425356250363352
    outer loop
      vertex -0.5880812481045723 7.1515444888418465 2.9938220446326165
      vertex -0.5791405513882637 7.151647999204303 2.9934080031827914
      vertex -0.5922649800777435 7.196791365227206 2.8128345390911798
    endloop
  endfacet
  facet normal 2.3858169197087336e-14 0.9701425001453323 0.24253562503633122
    outer loop
      vertex -0.5970688611268997 7.151411404606412 2.9943543815743556
      vertex -0.5880812481045723 7.1515444888418465 2.9938220446326165
      vertex -0.6065413132309914 7.196315877487709 2.814736490049165
    endloop
  endfacet
  facet normal 1.997696553730133e-17 0.9701425001453319 0.24253562503633355
    outer loop
      vertex -0.5791405513882637 7.151647999204303 2.9934080031827914
      vertex -0.5702467784285545 7.1517219338867495 2.9931122644530053
      vertex -0.5922649800777435 7.196791365227206 2.8128345390911798
    endloop
  endfacet
  facet normal 4.863265502290423e-14 0.9701425001453327 0.2425356250363299
    outer loop
      vertex -0.5702467784285545 7.1517219338867495 2.9931122644530053
      vertex -0.5613999292254448 7.151766296503248 2.9929348139870093
      vertex -0.5780638083815575 7.197216800008885 2.8111327999644624
    endloop
  endfacet
  facet normal -2.445724284618662e-14 0.9701425001453311 0.24253562503633608
    outer loop
      vertex -0.5613999292254448 7.151766296503248 2.9929348139870093
      vertex -0.5525999963283539 7.1517810834397375 2.9928756662410523
      vertex -0.563937783241272 7.19759218544681 2.809631258212763
    endloop
  endfacet
  facet normal -1.3369612995936495e-14 0.9701425001453319 0.24253562503633275
    outer loop
      vertex -0.5525999963283539 7.1517810834397375 2.9928756662410523
      vertex -0.5364912822842598 7.15171733499229 2.993130660030845
      vertex -0.5498869195580482 7.197917519733949 2.8083299210642076
    endloop
  endfacet
  facet normal 2.7417249288305337e-14 0.9701425001453324 0.2425356250363309
    outer loop
      vertex -0.5364912822842598 7.15171733499229 2.993130660030845
      vertex -0.520715706050396 7.151526093264007 2.9938956269439743
      vertex -0.5359112098813057 7.1981928010632705 2.8072287957469193
    endloop
  endfacet
  facet normal -2.231046862310032e-14 0.9701425001453314 0.24253562503633472
    outer loop
      vertex -0.699029341340065 7.147995580715668 3.008017677137328
      vertex -0.6895256042480469 7.14845398116793 3.0061840753282825
      vertex -0.7085800021886826 7.191586029282201 2.833655882871199
    endloop
  endfacet
  facet normal -2.218025682238654e-14 0.9701425001453314 0.2425356250363347
    outer loop
      vertex -0.7085800021886826 7.147507604583397 3.0099695816664136
      vertex -0.699029341340065 7.147995580715668 3.008017677137328
      vertex -0.7085800021886826 7.191586029282201 2.833655882871199
    endloop
  endfacet
  facet normal 3.338759262379215e-14 0.9701425001453329 0.24253562503632892
    outer loop
      vertex -0.6895256042480469 7.14845398116793 3.0061840753282825
      vertex -0.6800687909126282 7.148882807747213 3.0044687690111505
      vertex -0.7085800021886826 7.191586029282201 2.833655882871199
    endloop
  endfacet
  facet normal -1.0922739304274307e-14 0.9701425001453311 0.24253562503633588
    outer loop
      vertex -0.6706588938832283 7.149282060453517 3.0028717581859325
      vertex -0.7085800021886826 7.191586029282201 2.833655882871199
      vertex -0.6800687909126282 7.148882807747213 3.0044687690111505
    endloop
  endfacet
  facet normal -1.1075696794732625e-14 0.9701425001453312 0.24253562503633552
    outer loop
      vertex -0.6706588938832283 7.149282060453517 3.0028717581859325
      vertex -0.6612959206104279 7.149651737479812 3.0013930500807544
      vertex -0.6937775760889053 7.192411876884229 2.830352492463086
    endloop
  endfacet
  facet normal 3.4086911079845816e-14 0.9701425001453329 0.24253562503632914
    outer loop
      vertex -0.6612959206104279 7.149651737479812 3.0013930500807544
      vertex -0.6519798636436462 7.1499918406331275 3.0000326374674904
      vertex -0.6790503114461899 7.19318767152844 2.8272493138862416
    endloop
  endfacet
  facet normal 2.2925997898549283e-14 0.9701425001453324 0.24253562503633072
    outer loop
      vertex -0.6519798636436462 7.1499918406331275 3.0000326374674904
      vertex -0.6427107229828835 7.150302371720496 2.9987905131180153
      vertex -0.6790503114461899 7.19318767152844 2.8272493138862416
    endloop
  endfacet
  facet normal 7.596078873622916e-15 0.9701425001453318 0.24253562503633344
    outer loop
      vertex -0.520715706050396 7.151526093264007 2.9938956269439743
      vertex -0.5081852599978447 7.198593212076588 2.805627151693649
      vertex -0.5220106542110443 7.198418031241807 2.806327875032775
    endloop
  endfacet
  facet normal -1.595949858511973e-14 0.9701425001453318 0.24253562503633322
    outer loop
      vertex -0.5052732899785042 7.151207356447859 2.995170574208565
      vertex -0.49443501979112625 7.198718339953553 2.805126640185791
      vertex -0.5081852599978447 7.198593212076588 2.805627151693649
    endloop
  endfacet
  facet normal -1.577824381400745e-14 0.9701425001453319 0.24253562503633327
    outer loop
      vertex -0.49016401171684265 7.1507611245438465 2.9969555018246163
      vertex -0.480759933590889 7.198793416679732 2.804826333281076
      vertex -0.49443501979112625 7.198718339953553 2.805126640185791
    endloop
  endfacet
  facet normal 3.183330079546658e-14 0.9701425001453313 0.2425356250363355
    outer loop
      vertex -0.49016401171684265 7.1507611245438465 2.9969555018246163
      vertex -0.4671600013971329 7.198818442255124 2.8047262309795045
      vertex -0.480759933590889 7.198793416679732 2.804826333281076
    endloop
  endfacet
  facet normal -1.8134230837885874e-14 0.970142500145332 0.24253562503633228
    outer loop
      vertex -0.47538788616657257 7.150187397551968 2.999250409792129
      vertex -0.4433169513940811 7.198721126395697 2.8051154944172136
      vertex -0.4671600013971329 7.198818442255124 2.8047262309795045
    endloop
  endfacet
  facet normal -3.830110532515792e-17 0.9701425001453313 0.24253562503633502
    outer loop
      vertex -0.46094491332769394 7.149486175472225 3.0020552981111024
      vertex -0.41997605562210083 7.198429177010384 2.806283291958467
      vertex -0.4433169513940811 7.198721126395697 2.8051154944172136
    endloop
  endfacet
  facet normal 1.83362423294155e-14 0.9701425001453305 0.2425356250363389
    outer loop
      vertex -0.44683508574962616 7.148657458304616 3.0053701667815376
      vertex -0.3971372991800308 7.197942594099184 2.808229623603264
      vertex -0.41997605562210083 7.198429177010384 2.806283291958467
    endloop
  endfacet
  facet normal -1.866973018649787e-14 0.9701425001453329 0.2425356250363288
    outer loop
      vertex -0.43305841088294983 7.1477012478561734 3.0091950085753085
      vertex -0.3748006895184517 7.197261379469131 2.8109544821234795
      vertex -0.3971372991800308 7.197942594099184 2.808229623603264
    endloop
  endfacet
  facet normal 7.951460045752075e-19 0.970142500145332 0.242535625036333
    outer loop
      vertex -0.520715706050396 7.151526093264007 2.9938956269439743
      vertex -0.5052732899785042 7.151207356447859 2.995170574208565
      vertex -0.5081852599978447 7.198593212076588 2.805627151693649
    endloop
  endfacet
  facet normal -1.4296531217961293e-14 0.9701425001453318 0.24253562503633327
    outer loop
      vertex -0.5052732899785042 7.151207356447859 2.995170574208565
      vertex -0.49016401171684265 7.1507611245438465 2.9969555018246163
      vertex -0.49443501979112625 7.198718339953553 2.805126640185791
    endloop
  endfacet
  facet normal 1.4481892134859623e-14 0.9701425001453318 0.24253562503633355
    outer loop
      vertex -0.47538788616657257 7.150187397551968 2.999250409792129
      vertex -0.4671600013971329 7.198818442255124 2.8047262309795045
      vertex -0.49016401171684265 7.1507611245438465 2.9969555018246163
    endloop
  endfacet
  facet normal -4.1452872671457556e-16 0.9701425001453314 0.242535625036335
    outer loop
      vertex -0.47538788616657257 7.150187397551968 2.999250409792129
      vertex -0.46094491332769394 7.149486175472225 3.0020552981111024
      vertex -0.4433169513940811 7.198721126395697 2.8051154944172136
    endloop
  endfacet
  facet normal -3.695936173470366e-14 0.9701425001453338 0.24253562503632578
    outer loop
      vertex -0.44683508574962616 7.148657458304616 3.0053701667815376
      vertex -0.43305841088294983 7.1477012478561734 3.0091950085753085
      vertex -0.3971372991800308 7.197942594099184 2.808229623603264
    endloop
  endfacet
  facet normal 2.133442174603519e-14 0.9701425001453303 0.24253562503633924
    outer loop
      vertex -0.46094491332769394 7.149486175472225 3.0020552981111024
      vertex -0.44683508574962616 7.148657458304616 3.0053701667815376
      vertex -0.41997605562210083 7.198429177010384 2.806283291958467
    endloop
  endfacet
  facet normal 1.4050721715611385e-14 0.9701425001453311 0.24253562503633644
    outer loop
      vertex -0.41961488127708435 7.1466175423198655 3.013529830720541
      vertex -0.35296622663736343 7.196385533120222 2.814457867519114
      vertex -0.3748006895184517 7.197261379469131 2.8109544821234795
    endloop
  endfacet
  facet normal -4.6443757410957624e-15 0.9701425001453322 0.24253562503633178
    outer loop
      vertex -0.4065044969320297 7.145406339888661 3.018374640445359
      vertex -0.33163391053676605 7.1953150532454275 2.818739787018292
      vertex -0.35296622663736343 7.196385533120222 2.814457867519114
    endloop
  endfacet
  facet normal 1.889939788657511e-14 0.9701425001453303 0.24253562503633944
    outer loop
      vertex -0.39372726529836655 7.144067644176622 3.0237294232935135
      vertex -0.31080373376607895 7.194049939844747 2.823800240621014
      vertex -0.33163391053676605 7.1953150532454275 2.818739787018292
    endloop
  endfacet
  facet normal -2.3358391486146536e-14 0.9701425001453344 0.2425356250363229
    outer loop
      vertex -0.3812831863760948 7.142601453376718 3.0295941864931293
      vertex -0.2904757112264633 7.192590194725212 2.8296392210991548
      vertex -0.31080373376607895 7.194049939844747 2.823800240621014
    endloop
  endfacet
  facet normal -5.0942026740670364e-15 0.9701425001453322 0.2425356250363321
    outer loop
      vertex -0.36917225271463394 7.141007767488949 3.035968930044206
      vertex -0.27064982801675797 7.190935816079791 2.8362567356808395
      vertex -0.2904757112264633 7.192590194725212 2.8296392210991548
    endloop
  endfacet
  facet normal -3.615011678095852e-16 0.9701425001453315 0.24253562503633413
    outer loop
      vertex -0.36917225271463394 7.141007767488949 3.035968930044206
      vertex -0.2513260915875435 7.189086805715515 2.843652777137942
      vertex -0.27064982801675797 7.190935816079791 2.8362567356808395
    endloop
  endfacet
  facet normal 8.38741626659307e-15 0.9701425001453303 0.24253562503633924
    outer loop
      vertex -0.3573944643139839 7.139286588320346 3.042853646718619
      vertex -0.23250450193881989 7.187043161825353 2.8518273526985896
      vertex -0.2513260915875435 7.189086805715515 2.843652777137942
    endloop
  endfacet
  facet normal 2.781986078224157e-16 0.9701425001453322 0.24253562503633228
    outer loop
      vertex -0.34594982862472534 7.137437912256846 3.050248350972618
      vertex -0.21418505162000656 7.1848048844093055 2.86078046236278
      vertex -0.23250450193881989 7.187043161825353 2.8518273526985896
    endloop
  endfacet
  facet normal -7.635246348168996e-15 0.9701425001453322 0.2425356250363319
    outer loop
      vertex -0.43305841088294983 7.1477012478561734 3.0091950085753085
      vertex -0.41961488127708435 7.1466175423198655 3.013529830720541
      vertex -0.3748006895184517 7.197261379469131 2.8109544821234795
    endloop
  endfacet
  facet normal 1.498210338345341e-14 0.9701425001453309 0.24253562503633663
    outer loop
      vertex -0.41961488127708435 7.1466175423198655 3.013529830720541
      vertex -0.4065044969320297 7.145406339888661 3.018374640445359
      vertex -0.35296622663736343 7.196385533120222 2.814457867519114
    endloop
  endfacet
  facet normal 7.089614983888022e-15 0.9701425001453312 0.24253562503633597
    outer loop
      vertex -0.4065044969320297 7.145406339888661 3.018374640445359
      vertex -0.39372726529836655 7.144067644176622 3.0237294232935135
      vertex -0.33163391053676605 7.1953150532454275 2.818739787018292
    endloop
  endfacet
  facet normal -2.129870395428173e-14 0.9701425001453343 0.24253562503632367
    outer loop
      vertex -0.39372726529836655 7.144067644176622 3.0237294232935135
      vertex -0.3812831863760948 7.142601453376718 3.0295941864931293
      vertex -0.31080373376607895 7.194049939844747 2.823800240621014
    endloop
  endfacet
  facet normal 1.4346715941950646e-14 0.9701425001453304 0.24253562503633913
    outer loop
      vertex -0.3812831863760948 7.142601453376718 3.0295941864931293
      vertex -0.36917225271463394 7.141007767488949 3.035968930044206
      vertex -0.2904757112264633 7.192590194725212 2.8296392210991548
    endloop
  endfacet
  facet normal 6.014975333624219e-15 0.9701425001453305 0.24253562503633797
    outer loop
      vertex -0.36917225271463394 7.141007767488949 3.035968930044206
      vertex -0.3573944643139839 7.139286588320346 3.042853646718619
      vertex -0.2513260915875435 7.189086805715515 2.843652777137942
    endloop
  endfacet
  facet normal -2.697282611400906e-14 0.9701425001453358 0.24253562503631743
    outer loop
      vertex -0.3573944643139839 7.139286588320346 3.042853646718619
      vertex -0.34594982862472534 7.137437912256846 3.050248350972618
      vertex -0.23250450193881989 7.187043161825353 2.8518273526985896
    endloop
  endfacet
  facet normal 1.3504079884200086e-14 0.9701425001453299 0.24253562503634077
    outer loop
      vertex -0.34594982862472534 7.137437912256846 3.050248350972618
      vertex -0.3348383381962776 7.135461742912512 3.0581530283499534
      vertex -0.21418505162000656 7.1848048844093055 2.86078046236278
    endloop
  endfacet
  facet normal -1.9305392259392913e-14 0.970142500145335 0.2425356250363201
    outer loop
      vertex -0.3348383381962776 7.135461742912512 3.0581530283499534
      vertex -0.32406000047922134 7.133358076673282 3.0665676933068746
      vertex -0.1963677480816841 7.182371975274403 2.8705120989023896
    endloop
  endfacet
  facet normal 4.002974316438529e-14 0.9701425001453232 0.24253562503636797
    outer loop
      vertex -0.32406000047922134 7.133358076673282 3.0665676933068746
      vertex -0.3135702386498451 7.131111559194862 3.0755537632205536
      vertex -0.16223958134651184 7.176922258233972 2.8923109670641147
    endloop
  endfacet
  facet normal 2.730969649388247e-14 0.970142500145328 0.24253562503634848
    outer loop
      vertex -0.32406000047922134 7.133358076673282 3.0665676933068746
      vertex -0.17905259877443314 7.179744434420646 2.8810222623174178
      vertex -0.1963677480816841 7.182371975274403 2.8705120989023896
    endloop
  endfacet
  facet normal -4.353351988018145e-15 0.9701425001453325 0.2425356250363304
    outer loop
      vertex -0.3348383381962776 7.135461742912512 3.0581530283499534
      vertex -0.1963677480816841 7.182371975274403 2.8705120989023896
      vertex -0.21418505162000656 7.1848048844093055 2.86078046236278
    endloop
  endfacet
  facet normal -3.143109011161204e-14 0.9701425001453388 0.24253562503630527
    outer loop
      vertex -0.32406000047922134 7.133358076673282 3.0665676933068746
      vertex -0.16223958134651184 7.176922258233972 2.8923109670641147
      vertex -0.17905259877443314 7.179744434420646 2.8810222623174178
    endloop
  endfacet
  facet normal 2.2497940845473996e-15 0.9701425001453304 0.24253562503633866
    outer loop
      vertex -0.3135702386498451 7.131111559194862 3.0755537632205536
      vertex -0.14592871814966202 7.173905452135474 2.9043781914581057
      vertex -0.16223958134651184 7.176922258233972 2.8923109670641147
    endloop
  endfacet
  facet normal 1.5375713485984502e-14 0.9701425001453283 0.2425356250363468
    outer loop
      vertex -0.3033197894692421 7.128705690475165 3.085177238099342
      vertex -0.13012000173330307 7.170694010704059 2.917223957183765
      vertex -0.14592871814966202 7.173905452135474 2.9043781914581057
    endloop
  endfacet
  facet normal -1.5103989886632955e-14 0.9701425001453352 0.24253562503631948
    outer loop
      vertex -0.29330865293741226 7.12614046870716 3.095438125171363
      vertex -0.11473128199577332 7.16725547785195 2.9309780885922034
      vertex -0.13012000173330307 7.170694010704059 2.917223957183765
    endloop
  endfacet
  facet normal -9.448114799462366e-16 0.9701425001453318 0.24253562503633389
    outer loop
      vertex -0.29330865293741226 7.12614046870716 3.095438125171363
      vertex -0.09967570751905441 7.16355624641248 2.945775014350085
      vertex -0.11473128199577332 7.16725547785195 2.9309780885922034
    endloop
  endfacet
  facet normal 5.897095714777924e-15 0.9701425001453299 0.2425356250363406
    outer loop
      vertex -0.2835368141531944 7.123415895697877 3.1063364172084933
      vertex -0.08495328575372696 7.159596319999711 2.961614720001159
      vertex -0.09967570751905441 7.16355624641248 2.945775014350085
    endloop
  endfacet
  facet normal -2.3736933103005814e-14 0.9701425001453364 0.24253562503631462
    outer loop
      vertex -0.3135702386498451 7.131111559194862 3.0755537632205536
      vertex -0.3033197894692421 7.128705690475165 3.085177238099342
      vertex -0.14592871814966202 7.173905452135474 2.9043781914581057
    endloop
  endfacet
  facet normal 5.867892786487883e-15 0.9701425001453308 0.24253562503633747
    outer loop
      vertex -0.3033197894692421 7.128705690475165 3.085177238099342
      vertex -0.29330865293741226 7.12614046870716 3.095438125171363
      vertex -0.13012000173330307 7.170694010704059 2.917223957183765
    endloop
  endfacet
  facet normal -5.499536238795761e-15 0.9701425001453331 0.2425356250363283
    outer loop
      vertex -0.29330865293741226 7.12614046870716 3.095438125171363
      vertex -0.2835368141531944 7.123415895697877 3.1063364172084933
      vertex -0.09967570751905441 7.16355624641248 2.945775014350085
    endloop
  endfacet
  facet normal 1.6993335628182783e-14 0.9701425001453263 0.24253562503635492
    outer loop
      vertex -0.2835368141531944 7.123415895697877 3.1063364172084933
      vertex -0.2740042880177498 7.120531971447317 3.1178721142107326
      vertex -0.08495328575372696 7.159596319999711 2.961614720001159
    endloop
  endfacet
  facet normal -1.3912943649302972e-15 0.9701425001453317 0.24253562503633397
    outer loop
      vertex -0.2740042880177498 7.120531971447317 3.1178721142107326
      vertex -0.07056401669979095 7.155375696806613 2.9784972127735516
      vertex -0.08495328575372696 7.159596319999711 2.961614720001159
    endloop
  endfacet
  facet normal -7.186945901672438e-15 0.9701425001453334 0.24253562503632697
    outer loop
      vertex -0.07056401669979095 7.155375696806613 2.9784972127735516
      vertex -0.26471107453107834 7.117488694148449 3.1300452234062055
      vertex -0.0565078929066658 7.150894376833185 2.9964224926672625
    endloop
  endfacet
  facet normal -8.67760369699373e-15 0.9701425001453357 0.2425356250363182
    outer loop
      vertex -0.24684256315231323 7.110924085826881 3.156303656692477
      vertex -0.02939508855342865 7.141149646545341 3.035401413818638
      vertex -0.0427849143743515 7.1461523600794274 3.015390559682291
    endloop
  endfacet
  facet normal 1.1855959642712136e-14 0.9701425001453272 0.24253562503635157
    outer loop
      vertex -0.0427849143743515 7.1461523600794274 3.015390559682291
      vertex -0.0565078929066658 7.150894376833185 2.9964224926672625
      vertex -0.2556571662425995 7.114286065608304 3.1428557375667867
    endloop
  endfacet
  facet normal 0.626938810607369 0.1889518656032645 -0.7558074624130562
    outer loop
      vertex -0.3348383381962776 7.135461742912512 3.0581530283499534
      vertex -0.3348383381962776 7.513120566441923 3.1525677342323064
      vertex -0.32406000047922134 7.133358076673282 3.0665676933068746
    endloop
  endfacet
  facet normal 0.6619010988204533 0.18180256507934142 -0.7272102603173639
    outer loop
      vertex -0.32406000047922134 7.133358076673282 3.0665676933068746
      vertex -0.32406000047922134 7.511016900202693 3.1609823991892276
      vertex -0.3135702386498451 7.131111559194862 3.0755537632205536
    endloop
  endfacet
  facet normal 0.6954164071976199 0.17428779792602578 -0.6971511917041031
    outer loop
      vertex -0.3135702386498451 7.131111559194862 3.0755537632205536
      vertex -0.3135702386498451 7.508770382724274 3.1699684691029066
      vertex -0.3033197894692421 7.128705690475165 3.085177238099342
    endloop
  endfacet
  facet normal 0.7262569203322222 0.16672465601025652 -0.6668986240410292
    outer loop
      vertex -0.3033197894692421 7.128705690475165 3.085177238099342
      vertex -0.3033197894692421 7.506364514004577 3.1795919439816944
      vertex -0.29330865293741226 7.12614046870716 3.095438125171363
    endloop
  endfacet
  facet normal 0.7544923729836736 0.15917826837884053 -0.6367130735153621
    outer loop
      vertex -0.29330865293741226 7.12614046870716 3.095438125171363
      vertex -0.29330865293741226 7.503799292236572 3.189852831053716
      vertex -0.2835368141531944 7.123415895697877 3.1063364172084933
    endloop
  endfacet
  facet normal 0.7802299450225991 0.15170428527237448 -0.6068171410894965
    outer loop
      vertex -0.2835368141531944 7.123415895697877 3.1063364172084933
      vertex -0.2835368141531944 7.501074719227288 3.2007511230908463
      vertex -0.2740042880177498 7.120531971447317 3.1178721142107326
    endloop
  endfacet
  facet normal 0.8036006554872795 0.14434965443435777 -0.5773986177374311
    outer loop
      vertex -0.2740042880177498 7.120531971447317 3.1178721142107326
      vertex -0.2740042880177498 7.498190794976729 3.2122868200930856
      vertex -0.26471107453107834 7.117488694148449 3.1300452234062055
    endloop
  endfacet
  facet normal 0.8247520128635519 0.13715258082912396 -0.5486103233164958
    outer loop
      vertex -0.26471107453107834 7.117488694148449 3.1300452234062055
      vertex -0.26471107453107834 7.495147517677861 3.2244599292885585
      vertex -0.2556571662425995 7.114286065608304 3.1428557375667867
    endloop
  endfacet
  facet normal -1.3836225798317e-15 0.9701425001453315 0.24253562503633397
    outer loop
      vertex -0.2740042880177498 7.120531971447317 3.1178721142107326
      vertex -0.26471107453107834 7.117488694148449 3.1300452234062055
      vertex -0.07056401669979095 7.155375696806613 2.9784972127735516
    endloop
  endfacet
  facet normal -5.804625904919305e-15 0.9701425001453329 0.2425356250363288
    outer loop
      vertex -0.0565078929066658 7.150894376833185 2.9964224926672625
      vertex -0.26471107453107834 7.117488694148449 3.1300452234062055
      vertex -0.2556571662425995 7.114286065608304 3.1428557375667867
    endloop
  endfacet
  facet normal -1.3772142885949687e-14 0.9701425001453373 0.24253562503631126
    outer loop
      vertex -0.24684256315231323 7.110924085826881 3.156303656692477
      vertex -0.0427849143743515 7.1461523600794274 3.015390559682291
      vertex -0.2556571662425995 7.114286065608304 3.1428557375667867
    endloop
  endfacet
  facet normal 3.173303318771758e-15 0.9701425001453307 0.2425356250363384
    outer loop
      vertex -0.24684256315231323 7.110924085826881 3.156303656692477
      vertex -0.23826726526021957 7.10740275299715 3.1703889880114007
      vertex -0.02939508855342865 7.141149646545341 3.035401413818638
    endloop
  endfacet
  facet normal 1.5068666383673577e-15 0.9701425001453321 0.24253562503633216
    outer loop
      vertex -0.23826726526021957 7.10740275299715 3.1703889880114007
      vertex -0.2299312800168991 7.103722070733173 3.1851117170673087
      vertex -0.01633840799331665 7.135886238037956 3.0564550478481776
    endloop
  endfacet
  facet normal 5.288339246264739e-15 0.9701425001453293 0.24253562503634354
    outer loop
      vertex -0.2299312800168991 7.103722070733173 3.1851117170673087
      vertex -0.22183459997177124 7.099882033613857 3.200471865544575
      vertex -0.0036148801445961 7.130362132750242 3.078551468999035
    endloop
  endfacet
  facet normal 4.7707284055190945e-15 0.9701425001453293 0.24253562503634346
    outer loop
      vertex -0.22183459997177124 7.099882033613857 3.200471865544575
      vertex -0.21397723257541656 7.095882647060294 3.2164694117588253
      vertex 0.008775502443313599 7.124577330682198 3.101690677271211
    endloop
  endfacet
  facet normal -2.51132826571051e-15 0.9701425001453331 0.24253562503632792
    outer loop
      vertex -0.21397723257541656 7.095882647060294 3.2164694117588253
      vertex -0.20635917037725449 7.091723907458423 3.2331043701663087
      vertex 0.020832732319831848 7.118531831833824 3.125872672664705
    endloop
  endfacet
  facet normal 0.8438417929499199 0.13014268831489278 -0.5205707532595711
    outer loop
      vertex -0.24684256315231323 7.110924085826881 3.156303656692477
      vertex -0.2556571662425995 7.114286065608304 3.1428557375667867
      vertex -0.2556571662425995 7.491944889137716 3.2372704434491397
    endloop
  endfacet
  facet normal 0.8610306425346661 0.12334223851123041 -0.4933689540449205
    outer loop
      vertex -0.24684256315231323 7.110924085826881 3.156303656692477
      vertex -0.24684256315231323 7.488582909356293 3.25071836257483
      vertex -0.23826726526021957 7.10740275299715 3.1703889880114007
    endloop
  endfacet
  facet normal 1.1456234002787606e-14 0.9701425001453275 0.24253562503635037
    outer loop
      vertex -0.23826726526021957 7.10740275299715 3.1703889880114007
      vertex -0.01633840799331665 7.135886238037956 3.0564550478481776
      vertex -0.02939508855342865 7.141149646545341 3.035401413818638
    endloop
  endfacet
  facet normal -7.219841494055616e-15 0.9701425001453355 0.24253562503631856
    outer loop
      vertex -0.2299312800168991 7.103722070733173 3.1851117170673087
      vertex -0.0036148801445961 7.130362132750242 3.078551468999035
      vertex -0.01633840799331665 7.135886238037956 3.0564550478481776
    endloop
  endfacet
  facet normal 3.2616339543318066e-15 0.9701425001453301 0.24253562503634013
    outer loop
      vertex -0.22183459997177124 7.099882033613857 3.200471865544575
      vertex 0.008775502443313599 7.124577330682198 3.101690677271211
      vertex -0.0036148801445961 7.130362132750242 3.078551468999035
    endloop
  endfacet
  facet normal 1.062792710420513e-15 0.9701425001453309 0.24253562503633663
    outer loop
      vertex -0.21397723257541656 7.095882647060294 3.2164694117588253
      vertex 0.020832732319831848 7.118531831833824 3.125872672664705
      vertex 0.008775502443313599 7.124577330682198 3.101690677271211
    endloop
  endfacet
  facet normal 3.2958530706141404e-15 0.9701425001453303 0.24253562503633955
    outer loop
      vertex -0.20635917037725449 7.091723907458423 3.2331043701663087
      vertex 0.032556816935539246 7.112225638012152 3.151097447951392
      vertex 0.020832732319831848 7.118531831833824 3.125872672664705
    endloop
  endfacet
  facet normal -6.219330217461794e-16 0.9701425001453338 0.24253562503632548
    outer loop
      vertex -0.198980413377285 7.087405816615275 3.2503767335389013
      vertex 0.043947748839855194 7.10565874560312 3.177365017587522
      vertex 0.032556816935539246 7.112225638012152 3.151097447951392
    endloop
  endfacet
  facet normal -0.8730169110569328 -0.11828218328581655 0.4731287331432662
    outer loop
      vertex -0.01633840799331665 7.135886238037956 3.0564550478481776
      vertex -0.0036148801445961 7.130362132750242 3.078551468999035
      vertex -0.0036148801445961 7.508020956279654 3.172966174881388
    endloop
  endfacet
  facet normal 0.8903362190222739 0.11042735623799488 -0.4417094249519795
    outer loop
      vertex -0.2299312800168991 7.103722070733173 3.1851117170673087
      vertex -0.2299312800168991 7.4813808942625855 3.2795264229496617
      vertex -0.22183459997177124 7.099882033613857 3.200471865544575
    endloop
  endfacet
  facet normal 0.8764774051707558 0.1167670779108208 -0.4670683116432832
    outer loop
      vertex -0.23826726526021957 7.10740275299715 3.1703889880114007
      vertex -0.23826726526021957 7.4850615765265625 3.2648036938937537
      vertex -0.2299312800168991 7.103722070733173 3.1851117170673087
    endloop
  endfacet
  facet normal 0.9027534446188213 0.10432872770827128 -0.41731491083308514
    outer loop
      vertex -0.22183459997177124 7.099882033613857 3.200471865544575
      vertex -0.22183459997177124 7.477540857143269 3.294886571426928
      vertex -0.21397723257541656 7.095882647060294 3.2164694117588253
    endloop
  endfacet
  facet normal 0.9138667722520427 0.09847290537283161 -0.39389162149132645
    outer loop
      vertex -0.21397723257541656 7.095882647060294 3.2164694117588253
      vertex -0.21397723257541656 7.473541470589706 3.3108841176411783
      vertex -0.20635917037725449 7.091723907458423 3.2331043701663087
    endloop
  endfacet
  facet normal 0.9238039024164155 0.09285863698946527 -0.37143454795786107
    outer loop
      vertex -0.20635917037725449 7.091723907458423 3.2331043701663087
      vertex -0.20635917037725449 7.469382730987835 3.3275190760486617
      vertex -0.198980413377285 7.087405816615275 3.2503767335389013
    endloop
  endfacet
  facet normal 0.9326826238716596 0.08748214040519993 -0.34992856162079894
    outer loop
      vertex -0.19184096902608871 7.08292837453085 3.2682865018766027
      vertex -0.198980413377285 7.087405816615275 3.2503767335389013
      vertex -0.198980413377285 7.4650646401446865 3.3447914394212543
    endloop
  endfacet
  facet normal 0.9406101804800961 0.08233807223778893 -0.3293522889511557
    outer loop
      vertex -0.19184096902608871 7.08292837453085 3.2682865018766027
      vertex -0.19184096902608871 7.460587198060262 3.3627012077589558
      vertex -0.18494082987308502 7.078291579398116 3.2868336824075377
    endloop
  endfacet
  facet normal 0.9476843490348562 0.07741955012040534 -0.3096782004816207
    outer loop
      vertex -0.17828000336885452 7.073495434831137 3.3060182606754562
      vertex -0.18494082987308502 7.078291579398116 3.2868336824075377
      vertex -0.18494082987308502 7.455950402927527 3.3812483882898907
    endloop
  endfacet
  facet normal -6.676226135323992e-15 0.9701425001453371 0.24253562503631218
    outer loop
      vertex -0.20635917037725449 7.091723907458423 3.2331043701663087
      vertex -0.198980413377285 7.087405816615275 3.2503767335389013
      vertex 0.032556816935539246 7.112225638012152 3.151097447951392
    endloop
  endfacet
  facet normal 4.8110264304476946e-15 0.9701425001453295 0.2425356250363425
    outer loop
      vertex -0.19184096902608871 7.08292837453085 3.2682865018766027
      vertex 0.043947748839855194 7.10565874560312 3.177365017587522
      vertex -0.198980413377285 7.087405816615275 3.2503767335389013
    endloop
  endfacet
  facet normal -2.3287086258365947e-15 0.9701425001453344 0.24253562503632287
    outer loop
      vertex -0.19184096902608871 7.08292837453085 3.2682865018766027
      vertex -0.18494082987308502 7.078291579398116 3.2868336824075377
      vertex 0.05500553548336029 7.098831158220789 3.2046753671168453
    endloop
  endfacet
  facet normal -5.343570407635997e-16 0.9701425001453328 0.24253562503632944
    outer loop
      vertex -0.19184096902608871 7.08292837453085 3.2682865018766027
      vertex 0.05500553548336029 7.098831158220789 3.2046753671168453
      vertex 0.043947748839855194 7.10565874560312 3.177365017587522
    endloop
  endfacet
  facet normal -1.102645016374776e-15 0.9701425001453335 0.2425356250363262
    outer loop
      vertex -0.18494082987308502 7.078291579398116 3.2868336824075377
      vertex 0.06573016941547394 7.091742874058129 3.2330285037674864
      vertex 0.05500553548336029 7.098831158220789 3.2046753671168453
    endloop
  endfacet
  facet normal -7.169229017689396e-16 0.9701425001453332 0.24253562503632797
    outer loop
      vertex -0.17828000336885452 7.073495434831137 3.3060182606754562
      vertex 0.06573016941547394 7.091742874058129 3.2330285037674864
      vertex -0.18494082987308502 7.078291579398116 3.2868336824075377
    endloop
  endfacet
  facet normal 5.75404662963837e-15 0.970142500145328 0.24253562503634832
    outer loop
      vertex -0.17828000336885452 7.073495434831137 3.3060182606754562
      vertex 0.07612165808677673 7.084393893115139 3.2624244275394454
      vertex 0.06573016941547394 7.091742874058129 3.2330285037674864
    endloop
  endfacet
  facet normal 1.6581973946860104e-15 0.9701425001453337 0.2425356250363258
    outer loop
      vertex -0.17828000336885452 7.073495434831137 3.3060182606754562
      vertex 0.08618000149726868 7.076784217198851 3.2928631312045975
      vertex 0.07612165808677673 7.084393893115139 3.2624244275394454
    endloop
  endfacet
  facet normal 0.5199911344711288 -0.2071670567826033 0.8286682271304132
    outer loop
      vertex -0.5493969544768333 7.042078930308501 3.4316842787659967
      vertex -0.5172268524765968 7.046828767893387 3.4126849284264535
      vertex -0.5172268524765968 7.424487591422799 3.5070996343088066
    endloop
  endfacet
  facet normal 0.6759449982036675 -0.17873713189443777 0.7149485275777511
    outer loop
      vertex -0.6393184810876846 7.0256851672003995 3.497259331198403
      vertex -0.6393184810876846 7.4033439907298115 3.591674037080756
      vertex -0.6670960560441017 7.0195058287775405 3.521976684889839
    endloop
  endfacet
  facet normal 0.7433101695696325 -0.16224346117783175 0.648973844711327
    outer loop
      vertex -0.7193568199872971 7.006075027658616 3.575699889365538
      vertex -0.6937755048274994 7.012969115596946 3.5481235376122173
      vertex -0.6937755048274994 7.390627939126358 3.6425382434945703
    endloop
  endfacet
  facet normal 0.7106853138182413 -0.17062624870873694 0.6825049948349478
    outer loop
      vertex -0.6937755048274994 7.012969115596946 3.5481235376122173
      vertex -0.6670960560441017 7.0195058287775405 3.521976684889839
      vertex -0.6670960560441017 7.3971646523069525 3.616391390772192
    endloop
  endfacet
  facet normal -4.515279127215096e-15 0.9701425001453311 0.2425356250363364
    outer loop
      vertex -0.5804689303040504 7.03697171796588 3.4521131281364816
      vertex -0.4385424926877022 6.993540954941401 3.6258361802343977
      vertex -0.5493969544768333 7.042078930308501 3.4316842787659967
    endloop
  endfacet
  facet normal 9.007517416161529e-15 0.9701425001453337 0.24253562503632609
    outer loop
      vertex -0.610442765057087 7.031507129058492 3.473971483766034
      vertex -0.4385424926877022 6.993540954941401 3.6258361802343977
      vertex -0.5804689303040504 7.03697171796588 3.4521131281364816
    endloop
  endfacet
  facet normal 6.8813001141600146e-15 0.9701425001453332 0.24253562503632797
    outer loop
      vertex -0.6937755048274994 7.012969115596946 3.5481235376122173
      vertex -0.5058000013232231 6.977611400083908 3.689554399664369
      vertex -0.6670960560441017 7.0195058287775405 3.521976684889839
    endloop
  endfacet
  facet normal -9.28484394967865e-16 0.9701425001453321 0.242535625036332
    outer loop
      vertex -0.6393184810876846 7.0256851672003995 3.497259331198403
      vertex -0.6670960560441017 7.0195058287775405 3.521976684889839
      vertex -0.4844461604952812 6.983263822658694 3.666944709365226
    endloop
  endfacet
  facet normal -9.20203711176534e-15 0.970142500145329 0.24253562503634402
    outer loop
      vertex -0.6393184810876846 7.0256851672003995 3.497259331198403
      vertex -0.4620269909501076 6.988573673675514 3.645705305297944
      vertex -0.610442765057087 7.031507129058492 3.473971483766034
    endloop
  endfacet
  facet normal 0.6008650017216869 -0.1938709773665431 0.7754839094661724
    outer loop
      vertex -0.610442765057087 7.031507129058492 3.473971483766034
      vertex -0.5804689303040504 7.03697171796588 3.4521131281364816
      vertex -0.5804689303040504 7.414630541495292 3.5465278340188346
    endloop
  endfacet
  facet normal 0.6392639998079478 -0.18650682664521281 0.7460273065808495
    outer loop
      vertex -0.6393184810876846 7.0256851672003995 3.497259331198403
      vertex -0.610442765057087 7.031507129058492 3.473971483766034
      vertex -0.610442765057087 7.4091659525879034 3.568386189648387
    endloop
  endfacet
  facet normal 0.5610091668960145 -0.20077331593537195 0.8030932637414878
    outer loop
      vertex -0.5804689303040504 7.03697171796588 3.4521131281364816
      vertex -0.5493969544768333 7.042078930308501 3.4316842787659967
      vertex -0.5493969544768333 7.4197377538379135 3.5260989846483497
    endloop
  endfacet
  facet normal 0.851298776904192 -0.1272538899073603 0.50901555962944
    outer loop
      vertex -0.7888924553990364 6.983480679054548 3.666077283781812
      vertex -0.7888924553990364 7.361139502583959 3.760491989664165
      vertex -0.8093068525195122 6.975447294071397 3.6982108237144136
    endloop
  endfacet
  facet normal 0.8272196505547417 -0.1362755965672877 0.5451023862691494
    outer loop
      vertex -0.7888924553990364 6.983480679054548 3.666077283781812
      vertex -0.7670701742172241 7.368931592881011 3.72932362847596
      vertex -0.7888924553990364 7.361139502583959 3.760491989664165
    endloop
  endfacet
  facet normal 0.8735869602685943 -0.11803434765521793 0.4721373906208707
    outer loop
      vertex -0.8283133581280708 6.9671726162091785 3.731309535163288
      vertex -0.8093068525195122 6.975447294071397 3.6982108237144136
      vertex -0.8093068525195122 7.353106117600809 3.7926255295967666
    endloop
  endfacet
  facet normal 0.8939940298325428 -0.10867508904007789 0.43470035616031155
    outer loop
      vertex -0.8459119722247124 6.958656645467892 3.7653734181284344
      vertex -0.8283133581280708 6.9671726162091785 3.731309535163288
      vertex -0.8283133581280708 7.3448314397385905 3.825724241045641
    endloop
  endfacet
  facet normal 0.9124642766449272 -0.09923499852455095 0.3969399940982038
    outer loop
      vertex -0.8459119722247124 6.958656645467892 3.7653734181284344
      vertex -0.8459119722247124 7.336315468997304 3.8597881240107874
      vertex -0.8621027022600174 6.949899380040506 3.8004024798379787
    endloop
  endfacet
  facet normal 0.9289763702368344 -0.08977190165066215 0.3590876066026503
    outer loop
      vertex -0.8621027022600174 6.949899380040506 3.8004024798379787
      vertex -0.8621027022600174 7.327558203569918 3.8948171857203313
      vertex -0.8768855333328247 6.9409008217340515 3.8363967130637953
    endloop
  endfacet
  facet normal 0.8512987769041921 -0.1272538899073603 0.50901555962944
    outer loop
      vertex -0.8093068525195122 6.975447294071397 3.6982108237144136
      vertex -0.7888924553990364 7.361139502583959 3.760491989664165
      vertex -0.8093068525195122 7.353106117600809 3.7926255295967666
    endloop
  endfacet
  facet normal 0.873586960268593 -0.11803434765521824 0.47213739062087295
    outer loop
      vertex -0.8283133581280708 6.9671726162091785 3.731309535163288
      vertex -0.8093068525195122 7.353106117600809 3.7926255295967666
      vertex -0.8283133581280708 7.3448314397385905 3.825724241045641
    endloop
  endfacet
  facet normal 0.8939940298325428 -0.1086750890400779 0.4347003561603116
    outer loop
      vertex -0.8459119722247124 6.958656645467892 3.7653734181284344
      vertex -0.8283133581280708 7.3448314397385905 3.825724241045641
      vertex -0.8459119722247124 7.336315468997304 3.8597881240107874
    endloop
  endfacet
  facet normal -1.0277763737639884e-15 0.970142500145332 0.2425356250363321
    outer loop
      vertex -0.7193568199872971 7.006075027658616 3.575699889365538
      vertex -0.7438400015234947 6.99882356496255 3.6047057401498
      vertex -0.5449972301721573 6.965395997322686 3.7384160107092597
    endloop
  endfacet
  facet normal 1.4886292857967902e-15 0.9701425001453318 0.24253562503633383
    outer loop
      vertex -0.7888924553990364 6.983480679054548 3.666077283781812
      vertex -0.8093068525195122 6.975447294071397 3.6982108237144136
      vertex -0.5792948082089424 6.952046902927493 3.7918123882900296
    endloop
  endfacet
  facet normal 3.045108528805211e-15 0.970142500145333 0.24253562503632847
    outer loop
      vertex -0.7670701742172241 6.991272769351599 3.634908922593607
      vertex -0.5627584755420685 6.9588631620310935 3.7645473518756285
      vertex -0.7438400015234947 6.99882356496255 3.6047057401498
    endloop
  endfacet
  facet normal 3.0351099742450105e-15 0.970142500145333 0.2425356250363285
    outer loop
      vertex -0.7670701742172241 6.991272769351599 3.634908922593607
      vertex -0.7888924553990364 6.983480679054548 3.666077283781812
      vertex -0.5627584755420685 6.9588631620310935 3.7645473518756285
    endloop
  endfacet
  facet normal -4.0168312645422556e-15 0.970142500145331 0.24253562503633683
    outer loop
      vertex -0.7193568199872971 7.006075027658616 3.575699889365538
      vertex -0.5260110720992088 6.97164540880227 3.7134183647909227
      vertex -0.6937755048274994 7.012969115596946 3.5481235376122173
    endloop
  endfacet
  facet normal 9.279768605899807e-15 0.9701425001453344 0.24253562503632325
    outer loop
      vertex -0.6393184810876846 7.0256851672003995 3.497259331198403
      vertex -0.4844461604952812 6.983263822658694 3.666944709365226
      vertex -0.4620269909501076 6.988573673675514 3.645705305297944
    endloop
  endfacet
  facet normal -1.1832880791475986e-14 0.9701425001453289 0.242535625036345
    outer loop
      vertex -0.6670960560441017 7.0195058287775405 3.521976684889839
      vertex -0.5058000013232231 6.977611400083908 3.689554399664369
      vertex -0.4844461604952812 6.983263822658694 3.666944709365226
    endloop
  endfacet
  facet normal 1.211489570684257e-14 0.9701425001453348 0.2425356250363214
    outer loop
      vertex -0.6937755048274994 7.012969115596946 3.5481235376122173
      vertex -0.5260110720992088 6.97164540880227 3.7134183647909227
      vertex -0.5058000013232231 6.977611400083908 3.689554399664369
    endloop
  endfacet
  facet normal 1.321642709766972e-15 0.9701425001453327 0.24253562503632983
    outer loop
      vertex -0.7193568199872971 7.006075027658616 3.575699889365538
      vertex -0.5449972301721573 6.965395997322686 3.7384160107092597
      vertex -0.5260110720992088 6.97164540880227 3.7134183647909227
    endloop
  endfacet
  facet normal -3.0378473826989956e-15 0.9701425001453314 0.242535625036335
    outer loop
      vertex -0.7438400015234947 6.99882356496255 3.6047057401498
      vertex -0.5627584755420685 6.9588631620310935 3.7645473518756285
      vertex -0.5449972301721573 6.965395997322686 3.7384160107092597
    endloop
  endfacet
  facet normal -3.807742230059332e-15 0.9701425001453301 0.24253562503634007
    outer loop
      vertex -0.8283133581280708 6.9671726162091785 3.731309535163288
      vertex -0.5946062281727791 6.944947221818916 3.8202111127243383
      vertex -0.8093068525195122 6.975447294071397 3.6982108237144136
    endloop
  endfacet
  facet normal 5.636933596071532e-16 0.9701425001453324 0.2425356250363303
    outer loop
      vertex -0.8459119722247124 6.958656645467892 3.7653734181284344
      vertex -0.6086927354335785 6.937564118705362 3.8497435251785546
      vertex -0.8283133581280708 6.9671726162091785 3.731309535163288
    endloop
  endfacet
  facet normal 5.310568532589225e-15 0.9701425001453339 0.24253562503632495
    outer loop
      vertex -0.8093068525195122 6.975447294071397 3.6982108237144136
      vertex -0.5946062281727791 6.944947221818916 3.8202111127243383
      vertex -0.5792948082089424 6.952046902927493 3.7918123882900296
    endloop
  endfacet
  facet normal 2.4434866551405928e-15 0.9701425001453324 0.24253562503633114
    outer loop
      vertex -0.8459119722247124 6.958656645467892 3.7653734181284344
      vertex -0.8621027022600174 6.949899380040506 3.8004024798379787
      vertex -0.62155432254076 6.929897593586831 3.880409625652678
    endloop
  endfacet
  facet normal -7.700773584517689e-16 0.9701425001453319 0.24253562503633255
    outer loop
      vertex -0.8283133581280708 6.9671726162091785 3.731309535163288
      vertex -0.6086927354335785 6.937564118705362 3.8497435251785546
      vertex -0.5946062281727791 6.944947221818916 3.8202111127243383
    endloop
  endfacet
  facet normal -4.7683186009826655e-15 0.970142500145329 0.24253562503634432
    outer loop
      vertex -0.8459119722247124 6.958656645467892 3.7653734181284344
      vertex -0.62155432254076 6.929897593586831 3.880409625652678
      vertex -0.6086927354335785 6.937564118705362 3.8497435251785546
    endloop
  endfacet
  facet normal -1.9844428482347236e-15 0.9701425001453304 0.24253562503633924
    outer loop
      vertex -0.7888924553990364 6.983480679054548 3.666077283781812
      vertex -0.5792948082089424 6.952046902927493 3.7918123882900296
      vertex -0.5627584755420685 6.9588631620310935 3.7645473518756285
    endloop
  endfacet
  facet normal 0.7736942709123419 -0.15366066034828738 0.6146426413931495
    outer loop
      vertex -0.7193568199872971 7.006075027658616 3.575699889365538
      vertex -0.7193568199872971 7.383733851188028 3.670114595247891
      vertex -0.7438400015234947 6.99882356496255 3.6047057401498
    endloop
  endfacet
  facet normal 0.8014726760930738 -0.1450439181919833 0.5801756727679332
    outer loop
      vertex -0.7670701742172241 6.991272769351599 3.634908922593607
      vertex -0.7438400015234947 6.99882356496255 3.6047057401498
      vertex -0.7438400015234947 7.376482388491962 3.699120446032153
    endloop
  endfacet
  facet normal 0.8272196505547399 -0.13627559656728802 0.5451023862691521
    outer loop
      vertex -0.7670701742172241 6.991272769351599 3.634908922593607
      vertex -0.7670701742172241 7.368931592881011 3.72932362847596
      vertex -0.7888924553990364 6.983480679054548 3.666077283781812
    endloop
  endfacet
  facet normal 0.7433101695696326 -0.16224346117783173 0.6489738447113269
    outer loop
      vertex -0.7193568199872971 7.006075027658616 3.575699889365538
      vertex -0.6937755048274994 7.390627939126358 3.6425382434945703
      vertex -0.7193568199872971 7.383733851188028 3.670114595247891
    endloop
  endfacet
  facet normal 0.7736942709123419 -0.15366066034828738 0.6146426413931495
    outer loop
      vertex -0.7438400015234947 6.99882356496255 3.6047057401498
      vertex -0.7193568199872971 7.383733851188028 3.670114595247891
      vertex -0.7438400015234947 7.376482388491962 3.699120446032153
    endloop
  endfacet
  facet normal 0.8014726760930738 -0.1450439181919833 0.5801756727679332
    outer loop
      vertex -0.7670701742172241 6.991272769351599 3.634908922593607
      vertex -0.7438400015234947 7.376482388491962 3.699120446032153
      vertex -0.7670701742172241 7.368931592881011 3.72932362847596
    endloop
  endfacet
  facet normal -0.772645640638732 0.15397072181614946 -0.6158828872645978
    outer loop
      vertex -0.5260110720992088 6.97164540880227 3.7134183647909227
      vertex -0.5260110720992088 7.349304232331682 3.8078330706732757
      vertex -0.5058000013232231 6.977611400083908 3.689554399664369
    endloop
  endfacet
  facet normal -0.8050564399998597 0.14387170109975897 -0.5754868043990359
    outer loop
      vertex -0.5449972301721573 6.965395997322686 3.7384160107092597
      vertex -0.5449972301721573 7.343054820852098 3.8328307165916127
      vertex -0.5260110720992088 6.97164540880227 3.7134183647909227
    endloop
  endfacet
  facet normal -0.8861040839082398 0.11241194004017759 -0.44964776016070923
    outer loop
      vertex -0.5946062281727791 6.944947221818916 3.8202111127243383
      vertex -0.5946062281727791 7.322606045348327 3.9146258186066913
      vertex -0.5792948082089424 6.952046902927493 3.7918123882900296
    endloop
  endfacet
  facet normal -0.8348406074134831 0.1335138592086729 -0.5340554368346916
    outer loop
      vertex -0.5627584755420685 6.9588631620310935 3.7645473518756285
      vertex -0.5627584755420685 7.3365219855605055 3.8589620577579815
      vertex -0.5449972301721573 6.965395997322686 3.7384160107092597
    endloop
  endfacet
  facet normal -0.8618742207374906 0.12299517628708367 -0.49198070514833464
    outer loop
      vertex -0.5627584755420685 6.9588631620310935 3.7645473518756285
      vertex -0.5792948082089424 6.952046902927493 3.7918123882900296
      vertex -0.5792948082089424 7.329705726456905 3.8862270941723827
    endloop
  endfacet
  facet normal -0.8050564399998597 0.14387170109975894 -0.5754868043990358
    outer loop
      vertex -0.5260110720992088 6.97164540880227 3.7134183647909227
      vertex -0.5449972301721573 7.343054820852098 3.8328307165916127
      vertex -0.5260110720992088 7.349304232331682 3.8078330706732757
    endloop
  endfacet
  facet normal -0.8348406074134831 0.13351385920867292 -0.5340554368346917
    outer loop
      vertex -0.5449972301721573 6.965395997322686 3.7384160107092597
      vertex -0.5627584755420685 7.3365219855605055 3.8589620577579815
      vertex -0.5449972301721573 7.343054820852098 3.8328307165916127
    endloop
  endfacet
  facet normal -0.8618742207374905 0.1229951762870836 -0.4919807051483344
    outer loop
      vertex -0.5627584755420685 6.9588631620310935 3.7645473518756285
      vertex -0.5792948082089424 7.329705726456905 3.8862270941723827
      vertex -0.5627584755420685 7.3365219855605055 3.8589620577579815
    endloop
  endfacet
  facet normal 1.6612682366348627e-14 0.9701425001453345 0.2425356250363223
    outer loop
      vertex -0.4839586168527603 7.051221230720538 3.395115077117852
      vertex -0.3616970255970955 7.006387371198301 3.5744505152068005
      vertex -0.4495922476053238 7.055256318789952 3.378974724840193
    endloop
  endfacet
  facet normal -9.799624743689308e-15 0.9701425001453305 0.24253562503633835
    outer loop
      vertex -0.4495922476053238 7.055256318789952 3.378974724840193
      vertex -0.3339512124657631 7.009984366232326 3.5600625350706983
      vertex -0.41412775218486786 7.058934032101631 3.3642638715934763
    endloop
  endfacet
  facet normal 0.35065436703376585 -0.2271358125569174 0.9085432502276696
    outer loop
      vertex -0.3775651231408119 7.062254368848544 3.350982524605826
      vertex -0.3775651231408119 7.439913192377956 3.445397230488179
      vertex -0.41412775218486786 7.058934032101631 3.3642638715934763
    endloop
  endfacet
  facet normal 0.43573506608534657 -0.21830024550437527 0.8732009820175011
    outer loop
      vertex -0.4839586168527603 7.051221230720538 3.395115077117852
      vertex -0.4495922476053238 7.055256318789952 3.378974724840193
      vertex -0.4495922476053238 7.432915142319364 3.473389430722546
    endloop
  endfacet
  facet normal 0.4781251374809162 -0.21301703230836316 0.8520681292334509
    outer loop
      vertex -0.5172268524765968 7.046828767893387 3.4126849284264535
      vertex -0.4839586168527603 7.051221230720538 3.395115077117852
      vertex -0.4839586168527603 7.428880054249949 3.489529783000205
    endloop
  endfacet
  facet normal 0.39314225864492325 -0.22300608860951707 0.8920243544380683
    outer loop
      vertex -0.4495922476053238 7.055256318789952 3.378974724840193
      vertex -0.41412775218486786 7.058934032101631 3.3642638715934763
      vertex -0.41412775218486786 7.436592855631043 3.4586785774758293
    endloop
  endfacet
  facet normal 7.043245509940072e-16 0.9701425001453314 0.24253562503633477
    outer loop
      vertex -0.3775651231408119 7.062254368848544 3.350982524605826
      vertex -0.41412775218486786 7.058934032101631 3.3642638715934763
      vertex -0.30514007061719894 7.013238791515417 3.547044833938332
    endloop
  endfacet
  facet normal -2.5945152116293814e-15 0.9701425001453317 0.24253562503633375
    outer loop
      vertex -0.3775651231408119 7.062254368848544 3.350982524605826
      vertex -0.27526360005140305 7.016150647047575 3.5353974118097016
      vertex -0.339904360473156 7.065217332644752 3.3391306694209932
    endloop
  endfacet
  facet normal 7.459890280851757e-15 0.9701425001453327 0.24253562503632992
    outer loop
      vertex -0.3011454641819 7.0678229198761935 3.328708320495227
      vertex -0.339904360473156 7.065217332644752 3.3391306694209932
      vertex -0.2443218007683754 7.018719929214736 3.525120283141057
    endloop
  endfacet
  facet normal 0.30855751829930544 -0.23070126569695046 0.9228050627878018
    outer loop
      vertex -0.3775651231408119 7.062254368848544 3.350982524605826
      vertex -0.339904360473156 7.065217332644752 3.3391306694209932
      vertex -0.339904360473156 7.442876156174164 3.4335453753033462
    endloop
  endfacet
  facet normal 0.22652607190552496 -0.23623093620526264 0.9449237448210506
    outer loop
      vertex -0.3011454641819 7.0678229198761935 3.328708320495227
      vertex -0.26128844171762466 7.0700711323498995 3.319715470600403
      vertex -0.26128844171762466 7.4477299558793115 3.414130176482756
    endloop
  endfacet
  facet normal 0.26710719353447215 -0.23372353542067079 0.9348941416826831
    outer loop
      vertex -0.3011454641819 7.0678229198761935 3.328708320495227
      vertex -0.3011454641819 7.4454817434056055 3.42312302637758
      vertex -0.339904360473156 7.065217332644752 3.3391306694209932
    endloop
  endfacet
  facet normal 8.958306278861111e-15 0.9701425001453337 0.2425356250363259
    outer loop
      vertex -0.5493969544768333 7.042078930308501 3.4316842787659967
      vertex -0.41399266570806503 6.998165664649322 3.607337341402713
      vertex -0.5172268524765968 7.046828767893387 3.4126849284264535
    endloop
  endfacet
  facet normal -1.3804481341839923e-14 0.9701425001453293 0.242535625036343
    outer loop
      vertex -0.5172268524765968 7.046828767893387 3.4126849284264535
      vertex -0.38837751001119614 7.002447802799278 3.590208788802889
      vertex -0.4839586168527603 7.051221230720538 3.395115077117852
    endloop
  endfacet
  facet normal -2.007505505369708e-14 0.9701425001453287 0.24253562503634588
    outer loop
      vertex -0.4839586168527603 7.051221230720538 3.395115077117852
      vertex -0.38837751001119614 7.002447802799278 3.590208788802889
      vertex -0.3616970255970955 7.006387371198301 3.5744505152068005
    endloop
  endfacet
  facet normal -8.57769400901256e-15 0.9701425001453304 0.24253562503633866
    outer loop
      vertex -0.5493969544768333 7.042078930308501 3.4316842787659967
      vertex -0.4385424926877022 6.993540954941401 3.6258361802343977
      vertex -0.41399266570806503 6.998165664649322 3.607337341402713
    endloop
  endfacet
  facet normal -3.463359974912158e-15 0.9701425001453303 0.24253562503633938
    outer loop
      vertex -0.610442765057087 7.031507129058492 3.473971483766034
      vertex -0.4620269909501076 6.988573673675514 3.645705305297944
      vertex -0.4385424926877022 6.993540954941401 3.6258361802343977
    endloop
  endfacet
  facet normal 1.7348101778477957e-14 0.9701425001453348 0.2425356250363217
    outer loop
      vertex -0.5172268524765968 7.046828767893387 3.4126849284264535
      vertex -0.41399266570806503 6.998165664649322 3.607337341402713
      vertex -0.38837751001119614 7.002447802799278 3.590208788802889
    endloop
  endfacet
  facet normal 3.89208831757396e-15 0.970142500145332 0.24253562503633305
    outer loop
      vertex -0.41412775218486786 7.058934032101631 3.3642638715934763
      vertex -0.3339512124657631 7.009984366232326 3.5600625350706983
      vertex -0.30514007061719894 7.013238791515417 3.547044833938332
    endloop
  endfacet
  facet normal 1.724155929478469e-14 0.9701425001453347 0.242535625036322
    outer loop
      vertex -0.4495922476053238 7.055256318789952 3.378974724840193
      vertex -0.3616970255970955 7.006387371198301 3.5744505152068005
      vertex -0.3339512124657631 7.009984366232326 3.5600625350706983
    endloop
  endfacet
  facet normal -1.5047938051065227e-14 0.9701425001453301 0.24253562503634024
    outer loop
      vertex -0.3775651231408119 7.062254368848544 3.350982524605826
      vertex -0.30514007061719894 7.013238791515417 3.547044833938332
      vertex -0.27526360005140305 7.016150647047575 3.5353974118097016
    endloop
  endfacet
  facet normal 3.184972211307594e-15 0.9701425001453321 0.24253562503633205
    outer loop
      vertex -0.339904360473156 7.065217332644752 3.3391306694209932
      vertex -0.27526360005140305 7.016150647047575 3.5353974118097016
      vertex -0.2443218007683754 7.018719929214736 3.525120283141057
    endloop
  endfacet
  facet normal -0.42219135010876535 0.21986017801338809 -0.8794407120535523
    outer loop
      vertex -0.3339512124657631 7.009984366232326 3.5600625350706983
      vertex -0.3339512124657631 7.387643189761738 3.6544772409530513
      vertex -0.30514007061719894 7.013238791515417 3.547044833938332
    endloop
  endfacet
  facet normal -0.3728707738040299 0.2250447518949462 -0.9001790075797848
    outer loop
      vertex -0.30514007061719894 7.013238791515417 3.547044833938332
      vertex -0.30514007061719894 7.390897615044829 3.641459539820685
      vertex -0.27526360005140305 7.016150647047575 3.5353974118097016
    endloop
  endfacet
  facet normal -0.3239085513930788 0.22946014011593763 -0.9178405604637505
    outer loop
      vertex -0.27526360005140305 7.016150647047575 3.5353974118097016
      vertex -0.27526360005140305 7.393809470576987 3.6298121176920546
      vertex -0.2443218007683754 7.018719929214736 3.525120283141057
    endloop
  endfacet
  facet normal 2.352746283239801e-16 0.9701425001453317 0.24253562503633397
    outer loop
      vertex -0.3011454641819 7.0678229198761935 3.328708320495227
      vertex -0.212314672768116 7.020946641630963 3.5162134334761483
      vertex -0.26128844171762466 7.0700711323498995 3.319715470600403
    endloop
  endfacet
  facet normal -1.9304972612847802e-16 0.9701425001453322 0.242535625036332
    outer loop
      vertex -0.26128844171762466 7.0700711323498995 3.319715470600403
      vertex -0.17924221605062485 7.022830782489225 3.5086768700431006
      vertex -0.2203332856297493 7.071961971872901 3.312152112508396
    endloop
  endfacet
  facet normal -1.257917744707875e-14 0.9701425001453314 0.24253562503633438
    outer loop
      vertex -0.2203332856297493 7.071961971872901 3.312152112508396
      vertex -0.17924221605062485 7.022830782489225 3.5086768700431006
      vertex -0.17828000336885452 7.073495434831137 3.3060182606754562
    endloop
  endfacet
  facet normal 1.214410467153858e-14 0.970142500145333 0.24253562503632867
    outer loop
      vertex -0.3011454641819 7.0678229198761935 3.328708320495227
      vertex -0.2443218007683754 7.018719929214736 3.525120283141057
      vertex -0.212314672768116 7.020946641630963 3.5162134334761483
    endloop
  endfacet
  facet normal -1.1988443547134249e-14 0.970142500145331 0.2425356250363368
    outer loop
      vertex -0.26128844171762466 7.0700711323498995 3.319715470600403
      vertex -0.212314672768116 7.020946641630963 3.5162134334761483
      vertex -0.17924221605062485 7.022830782489225 3.5086768700431006
    endloop
  endfacet
  facet normal 1.2902134672812781e-14 0.9701425001453315 0.24253562503633452
    outer loop
      vertex -0.17828000336885452 7.073495434831137 3.3060182606754562
      vertex -0.17924221605062485 7.022830782489225 3.5086768700431006
      vertex -0.14510443061590195 7.024372351789522 3.502510592841914
    endloop
  endfacet
  facet normal -5.460540149493838e-15 0.9701425001453308 0.24253562503633747
    outer loop
      vertex -0.17828000336885452 7.073495434831137 3.3060182606754562
      vertex -0.14510443061590195 7.024372351789522 3.502510592841914
      vertex -0.1099013164639473 7.025571351338884 3.497714594644463
    endloop
  endfacet
  facet normal 0.18699982235436977 -0.23825728387599548 0.9530291355039819
    outer loop
      vertex -0.26128844171762466 7.0700711323498995 3.319715470600403
      vertex -0.2203332856297493 7.071961971872901 3.312152112508396
      vertex -0.2203332856297493 7.449620795402313 3.406566818390749
    endloop
  endfacet
  facet normal 0.14867706996961147 -0.23984003601239473 0.9593601440495766
    outer loop
      vertex -0.2203332856297493 7.071961971872901 3.312152112508396
      vertex -0.17828000336885452 7.073495434831137 3.3060182606754562
      vertex -0.17828000336885452 7.451154258360548 3.4004329665578092
    endloop
  endfacet
  facet normal 2.0170925909627875e-15 0.9701425001453321 0.24253562503633264
    outer loop
      vertex -0.17828000336885452 7.073495434831137 3.3060182606754562
      vertex -0.03629910200834274 7.0269416357637144 3.4922334569451445
      vertex 0.08618000149726868 7.076784217198851 3.2928631312045975
    endloop
  endfacet
  facet normal -5.476691240224071e-15 0.9701425001453308 0.24253562503633752
    outer loop
      vertex -0.17828000336885452 7.073495434831137 3.3060182606754562
      vertex -0.1099013164639473 7.025571351338884 3.497714594644463
      vertex -0.0736328735947609 7.026427779330282 3.4942888826788736
    endloop
  endfacet
  facet normal -2.7071158702382266e-15 0.9701425001453312 0.24253562503633602
    outer loop
      vertex -0.17828000336885452 7.073495434831137 3.3060182606754562
      vertex -0.0736328735947609 7.026427779330282 3.4942888826788736
      vertex -0.03629910200834274 7.0269416357637144 3.4922334569451445
    endloop
  endfacet
  facet normal -0.2757226652795044 0.2331342723248162 -0.9325370892992648
    outer loop
      vertex -0.2443218007683754 7.018719929214736 3.525120283141057
      vertex -0.2443218007683754 7.396378752744148 3.61953498902341
      vertex -0.212314672768116 7.020946641630963 3.5162134334761483
    endloop
  endfacet
  facet normal -0.22866995928208764 0.23610940257355878 -0.9444376102942351
    outer loop
      vertex -0.17924221605062485 7.022830782489225 3.5086768700431006
      vertex -0.212314672768116 7.020946641630963 3.5162134334761483
      vertex -0.212314672768116 7.398605465160375 3.6106281393585014
    endloop
  endfacet
  facet normal -0.1830425553365925 0.2384379834200142 -0.9537519336800568
    outer loop
      vertex -0.17924221605062485 7.022830782489225 3.5086768700431006
      vertex -0.17924221605062485 7.400489606018637 3.6030915759254536
      vertex -0.14510443061590195 7.024372351789522 3.502510592841914
    endloop
  endfacet
  facet normal -0.13906625360812827 0.24017892559597165 -0.9607157023838866
    outer loop
      vertex -0.14510443061590195 7.024372351789522 3.502510592841914
      vertex -0.14510443061590195 7.402031175318934 3.596925298724267
      vertex -0.1099013164639473 7.025571351338884 3.497714594644463
    endloop
  endfacet
  facet normal -0.05665864512190741 0.2421460179231859 -0.9685840716927436
    outer loop
      vertex -0.0736328735947609 7.026427779330282 3.4942888826788736
      vertex -0.0736328735947609 7.404086602859694 3.5887035885612266
      vertex -0.03629910200834274 7.0269416357637144 3.4922334569451445
    endloop
  endfacet
  facet normal -0.018388613690977065 0.2424946159361705 -0.969978463744682
    outer loop
      vertex -0.03629910200834274 7.0269416357637144 3.4922334569451445
      vertex -0.03629910200834274 7.4046004592931265 3.5866481628274975
      vertex 0.0020999982953071594 7.027112920639182 3.4915483174432764
    endloop
  endfacet
  facet normal -0.09690310901601544 0.24139420864721162 -0.9655768345888465
    outer loop
      vertex -0.1099013164639473 7.025571351338884 3.497714594644463
      vertex -0.1099013164639473 7.4032301748682965 3.5921293005268162
      vertex -0.0736328735947609 7.026427779330282 3.4942888826788736
    endloop
  endfacet
  facet normal -0.6134164582017293 0.19154484174841732 -0.7661793669936693
    outer loop
      vertex -0.4385424926877022 6.993540954941401 3.6258361802343977
      vertex -0.4385424926877022 7.371199778470813 3.7202508861167507
      vertex -0.41399266570806503 6.998165664649322 3.607337341402713
    endloop
  endfacet
  facet normal -0.5675169201847619 0.1996945528291826 -0.7987782113167304
    outer loop
      vertex -0.38837751001119614 7.002447802799278 3.590208788802889
      vertex -0.41399266570806503 6.998165664649322 3.607337341402713
      vertex -0.41399266570806503 7.3758244881787345 3.701752047285066
    endloop
  endfacet
  facet normal -0.6572621013582746 0.1827899035244474 -0.7311596140977895
    outer loop
      vertex -0.4385424926877022 6.993540954941401 3.6258361802343977
      vertex -0.4620269909501076 6.988573673675514 3.645705305297944
      vertex -0.4620269909501076 7.366232497204926 3.740120011180297
    endloop
  endfacet
  facet normal -0.7373048766804106 0.16384740368857642 -0.6553896147543057
    outer loop
      vertex -0.4844461604952812 6.983263822658694 3.666944709365226
      vertex -0.5058000013232231 6.977611400083908 3.689554399664369
      vertex -0.5058000013232231 7.35527022361332 3.783969105546722
    endloop
  endfacet
  facet normal -0.6986624849773372 0.1735224569438801 -0.6940898277755204
    outer loop
      vertex -0.4844461604952812 6.983263822658694 3.666944709365226
      vertex -0.4844461604952812 7.360922646188106 3.761359415247579
      vertex -0.4620269909501076 6.988573673675514 3.645705305297944
    endloop
  endfacet
  facet normal -0.6986624849773371 0.17352245694388013 -0.6940898277755205
    outer loop
      vertex -0.4620269909501076 6.988573673675514 3.645705305297944
      vertex -0.4844461604952812 7.360922646188106 3.761359415247579
      vertex -0.4620269909501076 7.366232497204926 3.740120011180297
    endloop
  endfacet
  facet normal -0.6134164582017293 0.19154484174841732 -0.7661793669936693
    outer loop
      vertex -0.41399266570806503 6.998165664649322 3.607337341402713
      vertex -0.4385424926877022 7.371199778470813 3.7202508861167507
      vertex -0.41399266570806503 7.3758244881787345 3.701752047285066
    endloop
  endfacet
  facet normal -0.5675169201847619 0.1996945528291826 -0.7987782113167304
    outer loop
      vertex -0.38837751001119614 7.002447802799278 3.590208788802889
      vertex -0.41399266570806503 7.3758244881787345 3.701752047285066
      vertex -0.38837751001119614 7.38010662632869 3.684623494685242
    endloop
  endfacet
  facet normal -0.6572621013582746 0.18278990352444738 -0.7311596140977895
    outer loop
      vertex -0.4385424926877022 6.993540954941401 3.6258361802343977
      vertex -0.4620269909501076 7.366232497204926 3.740120011180297
      vertex -0.4385424926877022 7.371199778470813 3.7202508861167507
    endloop
  endfacet
  facet normal -0.520016130258868 0.2071633660935526 -0.8286534643742104
    outer loop
      vertex -0.38837751001119614 7.002447802799278 3.590208788802889
      vertex -0.38837751001119614 7.38010662632869 3.684623494685242
      vertex -0.3616970255970955 7.006387371198301 3.5744505152068005
    endloop
  endfacet
  facet normal -0.47140525032592645 0.21389622139570866 -0.8555848855828326
    outer loop
      vertex -0.3616970255970955 7.006387371198301 3.5744505152068005
      vertex -0.3616970255970955 7.384046194727712 3.6688652210891535
      vertex -0.3339512124657631 7.009984366232326 3.5600625350706983
    endloop
  endfacet
  facet normal -0.520016130258863 0.20716336609355382 -0.8286534643742133
    outer loop
      vertex -0.3616970255970955 7.006387371198301 3.5744505152068005
      vertex -0.38837751001119614 7.38010662632869 3.684623494685242
      vertex -0.3616970255970955 7.384046194727712 3.6688652210891535
    endloop
  endfacet
  facet normal -0.4714052503259319 0.21389622139570746 -0.8555848855828299
    outer loop
      vertex -0.3339512124657631 7.009984366232326 3.5600625350706983
      vertex -0.3616970255970955 7.384046194727712 3.6688652210891535
      vertex -0.3339512124657631 7.387643189761738 3.6544772409530513
    endloop
  endfacet
  facet normal -0.7373048766804106 0.16384740368857642 -0.6553896147543057
    outer loop
      vertex -0.4844461604952812 6.983263822658694 3.666944709365226
      vertex -0.5058000013232231 7.35527022361332 3.783969105546722
      vertex -0.4844461604952812 7.360922646188106 3.761359415247579
    endloop
  endfacet
  facet normal -0.7726456406387322 0.15397072181614943 -0.6158828872645977
    outer loop
      vertex -0.5058000013232231 6.977611400083908 3.689554399664369
      vertex -0.5260110720992088 7.349304232331682 3.8078330706732757
      vertex -0.5058000013232231 7.35527022361332 3.783969105546722
    endloop
  endfacet
  facet normal 0.21224614978755516 -0.23700975059370805 0.9480390023748322
    outer loop
      vertex -0.6937775760889053 7.192411876884229 2.830352492463086
      vertex -0.6790503114461899 7.19318767152844 2.8272493138862416
      vertex -0.6790503114461899 7.570846495057852 2.9216640197685946
    endloop
  endfacet
  facet normal 0.22417888807843936 -0.23636261102505873 0.9454504441002349
    outer loop
      vertex -0.7085800021886826 7.191586029282201 2.833655882871199
      vertex -0.6937775760889053 7.192411876884229 2.830352492463086
      vertex -0.6937775760889053 7.570070700413641 2.924767198345439
    endloop
  endfacet
  facet normal 0.2000942059225881 -0.2376307452820587 0.9505229811282325
    outer loop
      vertex -0.6790503114461899 7.19318767152844 2.8272493138862416
      vertex -0.6643982008099556 7.193913415021866 2.8243463399125397
      vertex -0.6643982008099556 7.571572238551277 2.9187610457948927
    endloop
  endfacet
  facet normal 0.18772248774577166 -0.23822385265995003 0.9528954106397979
    outer loop
      vertex -0.6643982008099556 7.193913415021866 2.8243463399125397
      vertex -0.6498212441802025 7.194589107364505 2.821643570541981
      vertex -0.6498212441802025 7.572247930893917 2.916058276424334
    endloop
  endfacet
  facet normal 1 0 0
    outer loop
      vertex -0.7085800021886826 7.147507604583397 3.0099695816664136
      vertex -0.7085800021886826 7.191586029282201 2.833655882871199
      vertex -0.7085800021886826 7.569244852811613 2.928070588753552
    endloop
  endfacet
  facet normal 0.21224614978755535 -0.23700975059370802 0.9480390023748321
    outer loop
      vertex -0.6937775760889053 7.192411876884229 2.830352492463086
      vertex -0.6790503114461899 7.570846495057852 2.9216640197685946
      vertex -0.6937775760889053 7.570070700413641 2.924767198345439
    endloop
  endfacet
  facet normal 0.2241788880784392 -0.23636261102505873 0.9454504441002349
    outer loop
      vertex -0.7085800021886826 7.191586029282201 2.833655882871199
      vertex -0.6937775760889053 7.570070700413641 2.924767198345439
      vertex -0.7085800021886826 7.569244852811613 2.928070588753552
    endloop
  endfacet
  facet normal 0.20009420592257396 -0.23763074528205885 0.9505229811282354
    outer loop
      vertex -0.6790503114461899 7.19318767152844 2.8272493138862416
      vertex -0.6643982008099556 7.571572238551277 2.9187610457948927
      vertex -0.6790503114461899 7.570846495057852 2.9216640197685946
    endloop
  endfacet
  facet normal 0.18772248774577158 -0.23822385265995003 0.9528954106397979
    outer loop
      vertex -0.6643982008099556 7.193913415021866 2.8243463399125397
      vertex -0.6498212441802025 7.572247930893917 2.916058276424334
      vertex -0.6643982008099556 7.571572238551277 2.9187610457948927
    endloop
  endfacet
  facet normal 0.1751312477750401 -0.23878726023421445 0.9551490409368556
    outer loop
      vertex -0.6498212441802025 7.194589107364505 2.821643570541981
      vertex -0.6353194490075111 7.195214748556359 2.819141005774566
      vertex -0.6353194490075111 7.57287357208577 2.913555711656919
    endloop
  endfacet
  facet normal 0.1623207905676725 -0.23931912744645947 0.9572765097858357
    outer loop
      vertex -0.6353194490075111 7.195214748556359 2.819141005774566
      vertex -0.6208928003907204 7.195790338597427 2.816838645610294
      vertex -0.6208928003907204 7.573449162126838 2.911253351492647
    endloop
  endfacet
  facet normal 0.14929244625294597 -0.23981754896928664 0.9592701958771445
    outer loop
      vertex -0.6208928003907204 7.195790338597427 2.816838645610294
      vertex -0.6065413132309914 7.196315877487709 2.814736490049165
      vertex -0.6065413132309914 7.573974701017121 2.909151195931518
    endloop
  endfacet
  facet normal 0.13604741453491742 -0.240280608137575 0.9611224325502977
    outer loop
      vertex -0.6065413132309914 7.196315877487709 2.814736490049165
      vertex -0.5922649800777435 7.196791365227206 2.8128345390911798
      vertex -0.5922649800777435 7.574450188756617 2.9072492449735328
    endloop
  endfacet
  facet normal 0.12258724890431352 -0.24070635838104287 0.9628254335241715
    outer loop
      vertex -0.5922649800777435 7.196791365227206 2.8128345390911798
      vertex -0.5780638083815575 7.197216800008885 2.8111327999644624
      vertex -0.5780638083815575 7.574875623538297 2.9055475058468154
    endloop
  endfacet
  facet normal 0.10891572037552585 -0.24109277758414965 0.9643711103365964
    outer loop
      vertex -0.5780638083815575 7.197216800008885 2.8111327999644624
      vertex -0.563937783241272 7.19759218544681 2.809631258212763
      vertex -0.563937783241272 7.575251008976221 2.904045964095116
    endloop
  endfacet
  facet normal 0.0950344772098816 -0.24143790434680942 0.9657516173872376
    outer loop
      vertex -0.563937783241272 7.19759218544681 2.809631258212763
      vertex -0.5498869195580482 7.197917519733949 2.8083299210642076
      vertex -0.5498869195580482 7.575576343263361 2.9027446269465607
    endloop
  endfacet
  facet normal 0.08094682744783449 -0.2417397252669187 0.9669589010676748
    outer loop
      vertex -0.5498869195580482 7.197917519733949 2.8083299210642076
      vertex -0.5359112098813057 7.1981928010632705 2.8072287957469193
      vertex -0.5359112098813057 7.575851624592683 2.9016435016292723
    endloop
  endfacet
  facet normal 0.06665793941992229 -0.2419961982093557 0.9679847928374228
    outer loop
      vertex -0.5359112098813057 7.1981928010632705 2.8072287957469193
      vertex -0.5220106542110443 7.198418031241807 2.806327875032775
      vertex -0.5220106542110443 7.576076854771219 2.900742580915128
    endloop
  endfacet
  facet normal 0.12258724890432889 -0.24070635838104296 0.9628254335241696
    outer loop
      vertex -0.5922649800777435 7.196791365227206 2.8128345390911798
      vertex -0.5780638083815575 7.574875623538297 2.9055475058468154
      vertex -0.5922649800777435 7.574450188756617 2.9072492449735328
    endloop
  endfacet
  facet normal 0.10891572037551081 -0.24109277758414954 0.9643711103365982
    outer loop
      vertex -0.5780638083815575 7.197216800008885 2.8111327999644624
      vertex -0.563937783241272 7.575251008976221 2.904045964095116
      vertex -0.5780638083815575 7.574875623538297 2.9055475058468154
    endloop
  endfacet
  facet normal 0.09503447720989684 -0.2414379043468096 0.9657516173872361
    outer loop
      vertex -0.563937783241272 7.19759218544681 2.809631258212763
      vertex -0.5498869195580482 7.575576343263361 2.9027446269465607
      vertex -0.563937783241272 7.575251008976221 2.904045964095116
    endloop
  endfacet
  facet normal 0.08094682744783409 -0.2417397252669187 0.9669589010676748
    outer loop
      vertex -0.5498869195580482 7.197917519733949 2.8083299210642076
      vertex -0.5359112098813057 7.575851624592683 2.9016435016292723
      vertex -0.5498869195580482 7.575576343263361 2.9027446269465607
    endloop
  endfacet
  facet normal 0.06665793941992221 -0.2419961982093557 0.9679847928374228
    outer loop
      vertex -0.5359112098813057 7.1981928010632705 2.8072287957469193
      vertex -0.5220106542110443 7.576076854771219 2.900742580915128
      vertex -0.5359112098813057 7.575851624592683 2.9016435016292723
    endloop
  endfacet
  facet normal 0.17513124777503988 -0.23878726023421445 0.9551490409368556
    outer loop
      vertex -0.6498212441802025 7.194589107364505 2.821643570541981
      vertex -0.6353194490075111 7.57287357208577 2.913555711656919
      vertex -0.6498212441802025 7.572247930893917 2.916058276424334
    endloop
  endfacet
  facet normal 0.16232079056767212 -0.23931912744645947 0.9572765097858357
    outer loop
      vertex -0.6353194490075111 7.195214748556359 2.819141005774566
      vertex -0.6208928003907204 7.573449162126838 2.911253351492647
      vertex -0.6353194490075111 7.57287357208577 2.913555711656919
    endloop
  endfacet
  facet normal 0.14929244625294547 -0.2398175489692867 0.9592701958771446
    outer loop
      vertex -0.6208928003907204 7.195790338597427 2.816838645610294
      vertex -0.6065413132309914 7.573974701017121 2.909151195931518
      vertex -0.6208928003907204 7.573449162126838 2.911253351492647
    endloop
  endfacet
  facet normal 0.13604741453491798 -0.24028060813757496 0.9611224325502975
    outer loop
      vertex -0.6065413132309914 7.196315877487709 2.814736490049165
      vertex -0.5922649800777435 7.574450188756617 2.9072492449735328
      vertex -0.6065413132309914 7.573974701017121 2.909151195931518
    endloop
  endfacet
  facet normal -0.19505286021079135 0.23787717811108633 -0.9515087124443453
    outer loop
      vertex -0.699029341340065 7.147995580715668 3.008017677137328
      vertex -0.699029341340065 7.52565440424508 3.102432383019681
      vertex -0.6895256042480469 7.14845398116793 3.0061840753282825
    endloop
  endfacet
  facet normal -0.1837809026760783 0.238404572080562 -0.9536182883222458
    outer loop
      vertex -0.6895256042480469 7.14845398116793 3.0061840753282825
      vertex -0.6895256042480469 7.526112804697341 3.1005987812106355
      vertex -0.6800687909126282 7.148882807747213 3.0044687690111505
    endloop
  endfacet
  facet normal -0.17232234464632426 0.23890744079412765 -0.9556297631765106
    outer loop
      vertex -0.6706588938832283 7.149282060453517 3.0028717581859325
      vertex -0.6800687909126282 7.148882807747213 3.0044687690111505
      vertex -0.6800687909126282 7.526541631276625 3.0988834748935035
    endloop
  endfacet
  facet normal -0.16067688323555016 0.23938437454458164 -0.9575374981783266
    outer loop
      vertex -0.6706588938832283 7.149282060453517 3.0028717581859325
      vertex -0.6706588938832283 7.526940883982929 3.0972864640682856
      vertex -0.6612959206104279 7.149651737479812 3.0013930500807544
    endloop
  endfacet
  facet normal -0.1488462667784356 0.23983386270084386 -0.9593354508033755
    outer loop
      vertex -0.6612959206104279 7.149651737479812 3.0013930500807544
      vertex -0.6612959206104279 7.527310561009224 3.0958077559631074
      vertex -0.6519798636436462 7.1499918406331275 3.0000326374674904
    endloop
  endfacet
  facet normal -0.13683144591607185 0.2402544185072685 -0.961017674029074
    outer loop
      vertex -0.6519798636436462 7.1499918406331275 3.0000326374674904
      vertex -0.6519798636436462 7.52765066416254 3.0944473433498434
      vertex -0.6427107229828835 7.150302371720496 2.9987905131180153
    endloop
  endfacet
  facet normal -0.20613916665016077 0.23732661088401524 -0.949306443536061
    outer loop
      vertex -0.7085800021886826 7.147507604583397 3.0099695816664136
      vertex -0.7085800021886826 7.525166428112809 3.1043842875487666
      vertex -0.699029341340065 7.147995580715668 3.008017677137328
    endloop
  endfacet
  facet normal 1 0 0
    outer loop
      vertex -0.7085800021886826 7.147507604583397 3.0099695816664136
      vertex -0.7085800021886826 7.569244852811613 2.928070588753552
      vertex -0.7085800021886826 7.525166428112809 3.1043842875487666
    endloop
  endfacet
  facet normal -0.19505286021077026 0.23787717811108794 -0.9515087124443494
    outer loop
      vertex -0.6895256042480469 7.14845398116793 3.0061840753282825
      vertex -0.699029341340065 7.52565440424508 3.102432383019681
      vertex -0.6895256042480469 7.526112804697341 3.1005987812106355
    endloop
  endfacet
  facet normal -0.18378090267609923 0.23840457208056054 -0.9536182883222422
    outer loop
      vertex -0.6800687909126282 7.148882807747213 3.0044687690111505
      vertex -0.6895256042480469 7.526112804697341 3.1005987812106355
      vertex -0.6800687909126282 7.526541631276625 3.0988834748935035
    endloop
  endfacet
  facet normal -0.17232234464632346 0.23890744079412768 -0.9556297631765107
    outer loop
      vertex -0.6706588938832283 7.149282060453517 3.0028717581859325
      vertex -0.6800687909126282 7.526541631276625 3.0988834748935035
      vertex -0.6706588938832283 7.526940883982929 3.0972864640682856
    endloop
  endfacet
  facet normal -0.16067688323555002 0.23938437454458167 -0.9575374981783267
    outer loop
      vertex -0.6612959206104279 7.149651737479812 3.0013930500807544
      vertex -0.6706588938832283 7.526940883982929 3.0972864640682856
      vertex -0.6612959206104279 7.527310561009224 3.0958077559631074
    endloop
  endfacet
  facet normal -0.14884626677843538 0.2398338627008439 -0.9593354508033756
    outer loop
      vertex -0.6519798636436462 7.1499918406331275 3.0000326374674904
      vertex -0.6612959206104279 7.527310561009224 3.0958077559631074
      vertex -0.6519798636436462 7.52765066416254 3.0944473433498434
    endloop
  endfacet
  facet normal -0.12463139580769823 0.24064460189727005 -0.9625784075890802
    outer loop
      vertex -0.6427107229828835 7.150302371720496 2.9987905131180153
      vertex -0.6427107229828835 7.527961195249908 3.0932052190003683
      vertex -0.6334885135293007 7.150583327127856 2.99766669148858
    endloop
  endfacet
  facet normal -0.1122487139745034 0.24100283452214885 -0.9640113380885931
    outer loop
      vertex -0.6334885135293007 7.150583327127856 2.99766669148858
      vertex -0.6334885135293007 7.528242150657267 3.092081397370933
      vertex -0.6243132203817368 7.150834706855204 2.9966611725791834
    endloop
  endfacet
  facet normal -0.09968705062268254 0.24132751628028012 -0.9653100651211205
    outer loop
      vertex -0.6243132203817368 7.150834706855204 2.9966611725791834
      vertex -0.6243132203817368 7.528493530384616 3.0910758784615364
      vertex -0.6151848435401917 7.151056514516606 2.9957739419335767
    endloop
  endfacet
  facet normal -0.08694547716730736 0.24161715998663832 -0.9664686399465533
    outer loop
      vertex -0.6151848435401917 7.151056514516606 2.9957739419335767
      vertex -0.6151848435401917 7.528715338046018 3.0901886478159297
      vertex -0.606103390455246 7.151248746497998 2.995005014008009
    endloop
  endfacet
  facet normal -0.07402890844915253 0.2418701305287402 -0.9674805221149608
    outer loop
      vertex -0.606103390455246 7.151248746497998 2.995005014008009
      vertex -0.606103390455246 7.52890757002741 3.089419719890362
      vertex -0.5970688611268997 7.151411404606412 2.9943543815743556
    endloop
  endfacet
  facet normal -0.06093948871109876 0.24208486342793029 -0.9683394537117189
    outer loop
      vertex -0.5970688611268997 7.151411404606412 2.9943543815743556
      vertex -0.5970688611268997 7.529070228135823 3.0887690874567086
      vertex -0.5880812481045723 7.1515444888418465 2.9938220446326165
    endloop
  endfacet
  facet normal -0.04768070755982448 0.24225977186951667 -0.9690390874780667
    outer loop
      vertex -0.5880812481045723 7.1515444888418465 2.9938220446326165
      vertex -0.5880812481045723 7.5292033123712585 3.0882367505149695
      vertex -0.5791405513882637 7.151647999204303 2.9934080031827914
    endloop
  endfacet
  facet normal -0.034255607487314675 0.24239328195841028 -0.9695731278336388
    outer loop
      vertex -0.5791405513882637 7.151647999204303 2.9934080031827914
      vertex -0.5791405513882637 7.529306822733714 3.0878227090651444
      vertex -0.5702467784285545 7.1517219338867495 2.9931122644530053
    endloop
  endfacet
  facet normal -0.020670938015437398 0.24248380325796 -0.9699352130318378
    outer loop
      vertex -0.5702467784285545 7.1517219338867495 2.9931122644530053
      vertex -0.5702467784285545 7.529380757416161 3.0875269703353583
      vertex -0.5613999292254448 7.151766296503248 2.9929348139870093
    endloop
  endfacet
  facet normal -0.006928079854435487 0.24252980431879617 -0.9701192172751847
    outer loop
      vertex -0.5613999292254448 7.151766296503248 2.9929348139870093
      vertex -0.5613999292254448 7.52942512003266 3.0873495198693623
      vertex -0.5525999963283539 7.1517810834397375 2.9928756662410523
    endloop
  endfacet
  facet normal 0.01631456115293381 0.24250334565240803 -0.9700133826096298
    outer loop
      vertex -0.5525999963283539 7.1517810834397375 2.9928756662410523
      vertex -0.5525999963283539 7.529439906969149 3.0872903721234053
      vertex -0.5364912822842598 7.15171733499229 2.993130660030845
    endloop
  endfacet
  facet normal 0.04992063114143619 0.24223322871422964 -0.9689329148569162
    outer loop
      vertex -0.5364912822842598 7.15171733499229 2.993130660030845
      vertex -0.5364912822842598 7.529376158521701 3.087545365913198
      vertex -0.520715706050396 7.151526093264007 2.9938956269439743
    endloop
  endfacet
  facet normal -0.13683144591607102 0.24025441850726853 -0.9610176740290741
    outer loop
      vertex -0.6427107229828835 7.150302371720496 2.9987905131180153
      vertex -0.6519798636436462 7.52765066416254 3.0944473433498434
      vertex -0.6427107229828835 7.527961195249908 3.0932052190003683
    endloop
  endfacet
  facet normal -0.1246313958076757 0.24064460189727124 -0.9625784075890828
    outer loop
      vertex -0.6334885135293007 7.150583327127856 2.99766669148858
      vertex -0.6427107229828835 7.527961195249908 3.0932052190003683
      vertex -0.6334885135293007 7.528242150657267 3.092081397370933
    endloop
  endfacet
  facet normal -0.11224871397452636 0.24100283452214769 -0.9640113380885907
    outer loop
      vertex -0.6243132203817368 7.150834706855204 2.9966611725791834
      vertex -0.6334885135293007 7.528242150657267 3.092081397370933
      vertex -0.6243132203817368 7.528493530384616 3.0910758784615364
    endloop
  endfacet
  facet normal -0.09968705062268249 0.24132751628028012 -0.9653100651211205
    outer loop
      vertex -0.6151848435401917 7.151056514516606 2.9957739419335767
      vertex -0.6243132203817368 7.528493530384616 3.0910758784615364
      vertex -0.6151848435401917 7.528715338046018 3.0901886478159297
    endloop
  endfacet
  facet normal -0.0869454771673074 0.24161715998663832 -0.9664686399465533
    outer loop
      vertex -0.606103390455246 7.151248746497998 2.995005014008009
      vertex -0.6151848435401917 7.528715338046018 3.0901886478159297
      vertex -0.606103390455246 7.52890757002741 3.089419719890362
    endloop
  endfacet
  facet normal -0.07402890844912945 0.24187013052874115 -0.9674805221149623
    outer loop
      vertex -0.5970688611268997 7.151411404606412 2.9943543815743556
      vertex -0.606103390455246 7.52890757002741 3.089419719890362
      vertex -0.5970688611268997 7.529070228135823 3.0887690874567086
    endloop
  endfacet
  facet normal -0.06093948871112274 0.2420848634279294 -0.9683394537117176
    outer loop
      vertex -0.5880812481045723 7.1515444888418465 2.9938220446326165
      vertex -0.5970688611268997 7.529070228135823 3.0887690874567086
      vertex -0.5880812481045723 7.5292033123712585 3.0882367505149695
    endloop
  endfacet
  facet normal -0.04768070755980076 0.24225977186951747 -0.9690390874780677
    outer loop
      vertex -0.5791405513882637 7.151647999204303 2.9934080031827914
      vertex -0.5880812481045723 7.5292033123712585 3.0882367505149695
      vertex -0.5791405513882637 7.529306822733714 3.0878227090651444
    endloop
  endfacet
  facet normal -0.03425560748731501 0.24239328195841028 -0.9695731278336388
    outer loop
      vertex -0.5702467784285545 7.1517219338867495 2.9931122644530053
      vertex -0.5791405513882637 7.529306822733714 3.0878227090651444
      vertex -0.5702467784285545 7.529380757416161 3.0875269703353583
    endloop
  endfacet
  facet normal -0.020670938015462183 0.24248380325795937 -0.9699352130318375
    outer loop
      vertex -0.5613999292254448 7.151766296503248 2.9929348139870093
      vertex -0.5702467784285545 7.529380757416161 3.0875269703353583
      vertex -0.5613999292254448 7.52942512003266 3.0873495198693623
    endloop
  endfacet
  facet normal -0.006928079854411736 0.24252980431879675 -0.9701192172751848
    outer loop
      vertex -0.5525999963283539 7.1517810834397375 2.9928756662410523
      vertex -0.5613999292254448 7.52942512003266 3.0873495198693623
      vertex -0.5525999963283539 7.529439906969149 3.0872903721234053
    endloop
  endfacet
  facet normal 0.016314561152933782 0.24250334565240803 -0.9700133826096298
    outer loop
      vertex -0.5364912822842598 7.15171733499229 2.993130660030845
      vertex -0.5525999963283539 7.529439906969149 3.0872903721234053
      vertex -0.5364912822842598 7.529376158521701 3.087545365913198
    endloop
  endfacet
  facet normal 0.049920631141423075 0.24223322871422928 -0.9689329148569171
    outer loop
      vertex -0.520715706050396 7.151526093264007 2.9938956269439743
      vertex -0.5364912822842598 7.529376158521701 3.087545365913198
      vertex -0.520715706050396 7.529184916793419 3.0883103328263273
    endloop
  endfacet
  facet normal -0.20613916665016158 0.2373266108840152 -0.9493064435360608
    outer loop
      vertex -0.699029341340065 7.147995580715668 3.008017677137328
      vertex -0.7085800021886826 7.525166428112809 3.1043842875487666
      vertex -0.699029341340065 7.52565440424508 3.102432383019681
    endloop
  endfacet
  facet normal 0.05217250082407951 -0.24220531277965776 0.968821251118631
    outer loop
      vertex -0.5220106542110443 7.198418031241807 2.806327875032775
      vertex -0.5081852599978447 7.198593212076588 2.805627151693649
      vertex -0.5081852599978447 7.576252035606 2.900041857576002
    endloop
  endfacet
  facet normal 0.037494085885106485 -0.24236508600282203 0.9694603440112881
    outer loop
      vertex -0.5081852599978447 7.198593212076588 2.805627151693649
      vertex -0.49443501979112625 7.198718339953553 2.805126640185791
      vertex -0.49443501979112625 7.576377163482965 2.899541346068144
    endloop
  endfacet
  facet normal 0.007586811432549971 -0.24252864479604283 0.9701145791841713
    outer loop
      vertex -0.480759933590889 7.198793416679732 2.804826333281076
      vertex -0.4671600013971329 7.198818442255124 2.8047262309795045
      vertex -0.4671600013971329 7.576477265784536 2.8991409368618575
    endloop
  endfacet
  facet normal 0.022630204536838314 -0.24247351266413378 0.9698940506565329
    outer loop
      vertex -0.49443501979112625 7.198718339953553 2.805126640185791
      vertex -0.480759933590889 7.198793416679732 2.804826333281076
      vertex -0.480759933590889 7.576452240209143 2.899241039163429
    endloop
  endfacet
  facet normal -0.01682615116281568 -0.2425012893400594 0.9700051573602353
    outer loop
      vertex -0.4671600013971329 7.198818442255124 2.8047262309795045
      vertex -0.4433169513940811 7.198721126395697 2.8051154944172136
      vertex -0.4433169513940811 7.5763799499251085 2.8995302002995667
    endloop
  endfacet
  facet normal -0.05150361721602046 -0.24221373369204197 0.9688549347681655
    outer loop
      vertex -0.4433169513940811 7.198721126395697 2.8051154944172136
      vertex -0.41997605562210083 7.198429177010384 2.806283291958467
      vertex -0.41997605562210083 7.576088000539795 2.90069799784082
    endloop
  endfacet
  facet normal -0.08750637338510202 -0.24160524860594487 0.9664209944237795
    outer loop
      vertex -0.41997605562210083 7.198429177010384 2.806283291958467
      vertex -0.3971372991800308 7.197942594099184 2.808229623603264
      vertex -0.3971372991800308 7.575601417628596 2.902644329485617
    endloop
  endfacet
  facet normal 0.037494085885105936 -0.24236508600282203 0.9694603440112881
    outer loop
      vertex -0.5081852599978447 7.198593212076588 2.805627151693649
      vertex -0.49443501979112625 7.576377163482965 2.899541346068144
      vertex -0.5081852599978447 7.576252035606 2.900041857576002
    endloop
  endfacet
  facet normal 0.052172500824078955 -0.24220531277965776 0.968821251118631
    outer loop
      vertex -0.5220106542110443 7.198418031241807 2.806327875032775
      vertex -0.5081852599978447 7.576252035606 2.900041857576002
      vertex -0.5220106542110443 7.576076854771219 2.900742580915128
    endloop
  endfacet
  facet normal 0.022630204536822986 -0.2424735126641333 0.9698940506565332
    outer loop
      vertex -0.49443501979112625 7.198718339953553 2.805126640185791
      vertex -0.480759933590889 7.576452240209143 2.899241039163429
      vertex -0.49443501979112625 7.576377163482965 2.899541346068144
    endloop
  endfacet
  facet normal 0.007586811432566232 -0.24252864479604336 0.9701145791841711
    outer loop
      vertex -0.480759933590889 7.198793416679732 2.804826333281076
      vertex -0.4671600013971329 7.576477265784536 2.8991409368618575
      vertex -0.480759933590889 7.576452240209143 2.899241039163429
    endloop
  endfacet
  facet normal -0.016826151162824862 -0.24250128934005885 0.9700051573602354
    outer loop
      vertex -0.4671600013971329 7.198818442255124 2.8047262309795045
      vertex -0.4433169513940811 7.5763799499251085 2.8995302002995667
      vertex -0.4671600013971329 7.576477265784536 2.8991409368618575
    endloop
  endfacet
  facet normal -0.0515036172160204 -0.24221373369204197 0.9688549347681655
    outer loop
      vertex -0.4433169513940811 7.198721126395697 2.8051154944172136
      vertex -0.41997605562210083 7.576088000539795 2.90069799784082
      vertex -0.4433169513940811 7.5763799499251085 2.8995302002995667
    endloop
  endfacet
  facet normal -0.0875063733850923 -0.24160524860594557 0.9664209944237802
    outer loop
      vertex -0.41997605562210083 7.198429177010384 2.806283291958467
      vertex -0.3971372991800308 7.575601417628596 2.902644329485617
      vertex -0.41997605562210083 7.576088000539795 2.90069799784082
    endloop
  endfacet
  facet normal -0.12476263472402184 -0.24064060155401387 0.9625624062160555
    outer loop
      vertex -0.3971372991800308 7.197942594099184 2.808229623603264
      vertex -0.3748006895184517 7.574920202998542 2.9053691880058325
      vertex -0.3971372991800308 7.575601417628596 2.902644329485617
    endloop
  endfacet
  facet normal -0.12476263472401238 -0.24064060155401473 0.9625624062160565
    outer loop
      vertex -0.3971372991800308 7.197942594099184 2.808229623603264
      vertex -0.3748006895184517 7.197261379469131 2.8109544821234795
      vertex -0.3748006895184517 7.574920202998542 2.9053691880058325
    endloop
  endfacet
  facet normal -0.16317357481983114 -0.23928501151168668 0.9571400460467469
    outer loop
      vertex -0.3748006895184517 7.197261379469131 2.8109544821234795
      vertex -0.35296622663736343 7.196385533120222 2.814457867519114
      vertex -0.35296622663736343 7.574044356649634 2.908872573401467
    endloop
  endfacet
  facet normal -0.20261084038976096 -0.23750527515585082 0.9500211006234011
    outer loop
      vertex -0.35296622663736343 7.196385533120222 2.814457867519114
      vertex -0.33163391053676605 7.1953150532454275 2.818739787018292
      vertex -0.33163391053676605 7.572973876774839 2.913154492900645
    endloop
  endfacet
  facet normal -0.2429148228150585 -0.23527110630538656 0.9410844252215462
    outer loop
      vertex -0.33163391053676605 7.1953150532454275 2.818739787018292
      vertex -0.31080373376607895 7.194049939844747 2.823800240621014
      vertex -0.31080373376607895 7.571708763374159 2.918214946503367
    endloop
  endfacet
  facet normal -0.28389603499403104 -0.23255651322214038 0.9302260528885592
    outer loop
      vertex -0.31080373376607895 7.194049939844747 2.823800240621014
      vertex -0.2904757112264633 7.192590194725212 2.8296392210991548
      vertex -0.2904757112264633 7.570249018254623 2.924053926981508
    endloop
  endfacet
  facet normal -0.3253369886109543 -0.22934123610662618 0.9173649444265026
    outer loop
      vertex -0.2904757112264633 7.192590194725212 2.8296392210991548
      vertex -0.27064982801675797 7.190935816079791 2.8362567356808395
      vertex -0.27064982801675797 7.568594639609202 2.9306714415631925
    endloop
  endfacet
  facet normal -0.16317357481982198 -0.23928501151168763 0.9571400460467483
    outer loop
      vertex -0.3748006895184517 7.197261379469131 2.8109544821234795
      vertex -0.35296622663736343 7.574044356649634 2.908872573401467
      vertex -0.3748006895184517 7.574920202998542 2.9053691880058325
    endloop
  endfacet
  facet normal -0.2026108403897707 -0.2375052751558498 0.9500211006233992
    outer loop
      vertex -0.35296622663736343 7.196385533120222 2.814457867519114
      vertex -0.33163391053676605 7.572973876774839 2.913154492900645
      vertex -0.35296622663736343 7.574044356649634 2.908872573401467
    endloop
  endfacet
  facet normal -0.24291482281504886 -0.23527110630538767 0.9410844252215487
    outer loop
      vertex -0.33163391053676605 7.1953150532454275 2.818739787018292
      vertex -0.31080373376607895 7.571708763374159 2.918214946503367
      vertex -0.33163391053676605 7.572973876774839 2.913154492900645
    endloop
  endfacet
  facet normal -0.2838960349940402 -0.2325565132221392 0.9302260528885568
    outer loop
      vertex -0.31080373376607895 7.194049939844747 2.823800240621014
      vertex -0.2904757112264633 7.570249018254623 2.924053926981508
      vertex -0.31080373376607895 7.571708763374159 2.918214946503367
    endloop
  endfacet
  facet normal -0.32533698861095445 -0.2293412361066262 0.9173649444265026
    outer loop
      vertex -0.2904757112264633 7.192590194725212 2.8296392210991548
      vertex -0.27064982801675797 7.568594639609202 2.9306714415631925
      vertex -0.2904757112264633 7.570249018254623 2.924053926981508
    endloop
  endfacet
  facet normal -0.36699469792226436 -0.22561222480657717 0.9024488992263064
    outer loop
      vertex -0.27064982801675797 7.190935816079791 2.8362567356808395
      vertex -0.2513260915875435 7.566745629244926 2.938067483020295
      vertex -0.27064982801675797 7.568594639609202 2.9306714415631925
    endloop
  endfacet
  facet normal 0.08479581921381156 0.24166209625691365 -0.9666483850276546
    outer loop
      vertex -0.520715706050396 7.151526093264007 2.9938956269439743
      vertex -0.520715706050396 7.529184916793419 3.0883103328263273
      vertex -0.5052732899785042 7.151207356447859 2.995170574208565
    endloop
  endfacet
  facet normal 0.12087740753940132 0.24075721873565217 -0.9630288749426087
    outer loop
      vertex -0.5052732899785042 7.151207356447859 2.995170574208565
      vertex -0.5052732899785042 7.528866179977271 3.089585280090918
      vertex -0.49016401171684265 7.1507611245438465 2.9969555018246163
    endloop
  endfacet
  facet normal 0.15807891302903046 0.23948609897709824 -0.9579443959083906
    outer loop
      vertex -0.47538788616657257 7.150187397551968 2.999250409792129
      vertex -0.49016401171684265 7.1507611245438465 2.9969555018246163
      vertex -0.49016401171684265 7.528419948073258 3.0913702077069694
    endloop
  endfacet
  facet normal 0.19628704320234758 0.23781745306146054 -0.9512698122458422
    outer loop
      vertex -0.47538788616657257 7.150187397551968 2.999250409792129
      vertex -0.47538788616657257 7.52784622108138 3.093665115674482
      vertex -0.46094491332769394 7.149486175472225 3.0020552981111024
    endloop
  endfacet
  facet normal 0.23536087459347138 0.23572232651632805 -0.9428893060653122
    outer loop
      vertex -0.46094491332769394 7.149486175472225 3.0020552981111024
      vertex -0.46094491332769394 7.527144999001637 3.0964700039934554
      vertex -0.44683508574962616 7.148657458304616 3.0053701667815376
    endloop
  endfacet
  facet normal 0.2751316882565854 0.23317533848474492 -0.9327013539389797
    outer loop
      vertex -0.44683508574962616 7.148657458304616 3.0053701667815376
      vertex -0.44683508574962616 7.526316281834028 3.0997848726638906
      vertex -0.43305841088294983 7.1477012478561734 3.0091950085753085
    endloop
  endfacet
  facet normal 0.3154053117331602 0.23015589209598938 -0.9206235683839553
    outer loop
      vertex -0.43305841088294983 7.1477012478561734 3.0091950085753085
      vertex -0.43305841088294983 7.525360071385585 3.1036097144576615
      vertex -0.41961488127708435 7.1466175423198655 3.013529830720541
    endloop
  endfacet
  facet normal 0.3559631727685238 0.22664953765574491 -0.9065981506229775
    outer loop
      vertex -0.41961488127708435 7.1466175423198655 3.013529830720541
      vertex -0.41961488127708435 7.524276365849277 3.107944536602894
      vertex -0.4065044969320297 7.145406339888661 3.018374640445359
    endloop
  endfacet
  facet normal 0.39656577592788206 0.22264923420466667 -0.8905969368186667
    outer loop
      vertex -0.4065044969320297 7.145406339888661 3.018374640445359
      vertex -0.4065044969320297 7.523065163418073 3.112789346327712
      vertex -0.39372726529836655 7.144067644176622 3.0237294232935135
    endloop
  endfacet
  facet normal 0.4369620150634595 0.21815593416470558 -0.8726237366588223
    outer loop
      vertex -0.39372726529836655 7.144067644176622 3.0237294232935135
      vertex -0.39372726529836655 7.521726467706034 3.1181441291758665
      vertex -0.3812831863760948 7.142601453376718 3.0295941864931293
    endloop
  endfacet
  facet normal 0.08479581921381124 0.24166209625691365 -0.9666483850276546
    outer loop
      vertex -0.5052732899785042 7.151207356447859 2.995170574208565
      vertex -0.520715706050396 7.529184916793419 3.0883103328263273
      vertex -0.5052732899785042 7.528866179977271 3.089585280090918
    endloop
  endfacet
  facet normal 0.12087740753941584 0.24075721873565228 -0.9630288749426069
    outer loop
      vertex -0.49016401171684265 7.1507611245438465 2.9969555018246163
      vertex -0.5052732899785042 7.528866179977271 3.089585280090918
      vertex -0.49016401171684265 7.528419948073258 3.0913702077069694
    endloop
  endfacet
  facet normal 0.15807891302901603 0.2394860989770983 -0.9579443959083932
    outer loop
      vertex -0.47538788616657257 7.150187397551968 2.999250409792129
      vertex -0.49016401171684265 7.528419948073258 3.0913702077069694
      vertex -0.47538788616657257 7.52784622108138 3.093665115674482
    endloop
  endfacet
  facet normal 0.19628704320234783 0.23781745306146052 -0.9512698122458421
    outer loop
      vertex -0.46094491332769394 7.149486175472225 3.0020552981111024
      vertex -0.47538788616657257 7.52784622108138 3.093665115674482
      vertex -0.46094491332769394 7.527144999001637 3.0964700039934554
    endloop
  endfacet
  facet normal 0.2353608745934718 0.23572232651632802 -0.9428893060653121
    outer loop
      vertex -0.44683508574962616 7.148657458304616 3.0053701667815376
      vertex -0.46094491332769394 7.527144999001637 3.0964700039934554
      vertex -0.44683508574962616 7.526316281834028 3.0997848726638906
    endloop
  endfacet
  facet normal 0.2751316882565988 0.2331753384847445 -0.9327013539389759
    outer loop
      vertex -0.43305841088294983 7.1477012478561734 3.0091950085753085
      vertex -0.44683508574962616 7.526316281834028 3.0997848726638906
      vertex -0.43305841088294983 7.525360071385585 3.1036097144576615
    endloop
  endfacet
  facet normal 0.4768916396373814 0.21317962103849436 -0.8527184841539756
    outer loop
      vertex -0.3812831863760948 7.142601453376718 3.0295941864931293
      vertex -0.3812831863760948 7.5202602769061295 3.1240088923754823
      vertex -0.36917225271463394 7.141007767488949 3.035968930044206
    endloop
  endfacet
  facet normal 0.516095353310679 0.2077393143413335 -0.830957257365334
    outer loop
      vertex -0.36917225271463394 7.141007767488949 3.035968930044206
      vertex -0.36917225271463394 7.518666591018361 3.130383635926559
      vertex -0.3573944643139839 7.139286588320346 3.042853646718619
    endloop
  endfacet
  facet normal -0.36699469792226413 -0.22561222480657717 0.9024488992263067
    outer loop
      vertex -0.27064982801675797 7.190935816079791 2.8362567356808395
      vertex -0.2513260915875435 7.189086805715515 2.843652777137942
      vertex -0.2513260915875435 7.566745629244926 2.938067483020295
    endloop
  endfacet
  facet normal -0.40860746229041534 -0.22136474316234023 0.8854589726493588
    outer loop
      vertex -0.23250450193881989 7.187043161825353 2.8518273526985896
      vertex -0.23250450193881989 7.564701985354764 2.9462420585809426
      vertex -0.2513260915875435 7.189086805715515 2.843652777137942
    endloop
  endfacet
  facet normal -0.4498998259110528 -0.21660347977287464 0.8664139190914966
    outer loop
      vertex -0.23250450193881989 7.187043161825353 2.8518273526985896
      vertex -0.21418505162000656 7.1848048844093055 2.86078046236278
      vertex -0.21418505162000656 7.562463707938717 2.955195168245133
    endloop
  endfacet
  facet normal -0.49059215660060884 -0.21134295182753204 0.8453718073101262
    outer loop
      vertex -0.21418505162000656 7.1848048844093055 2.86078046236278
      vertex -0.1963677480816841 7.182371975274403 2.8705120989023896
      vertex -0.1963677480816841 7.5600307988038145 2.9649268047847426
    endloop
  endfacet
  facet normal -0.5304093954194046 -0.20560754638972106 0.8224301855588843
    outer loop
      vertex -0.1963677480816841 7.182371975274403 2.8705120989023896
      vertex -0.17905259877443314 7.179744434420646 2.8810222623174178
      vertex -0.17905259877443314 7.557403257950058 2.9754369681997708
    endloop
  endfacet
  facet normal -0.5690892734085861 -0.199431161482041 0.7977246459281621
    outer loop
      vertex -0.17905259877443314 7.179744434420646 2.8810222623174178
      vertex -0.16223958134651184 7.176922258233972 2.8923109670641147
      vertex -0.16223958134651184 7.554581081763383 2.9867256729464677
    endloop
  endfacet
  facet normal -0.6063912711420446 -0.19285618327758214 0.7714247331103267
    outer loop
      vertex -0.16223958134651184 7.176922258233972 2.8923109670641147
      vertex -0.14592871814966202 7.173905452135474 2.9043781914581057
      vertex -0.14592871814966202 7.5515642756648855 2.9987928973404587
    endloop
  endfacet
  facet normal -0.4086074622904151 -0.22136474316234026 0.885458972649359
    outer loop
      vertex -0.2513260915875435 7.189086805715515 2.843652777137942
      vertex -0.23250450193881989 7.564701985354764 2.9462420585809426
      vertex -0.2513260915875435 7.566745629244926 2.938067483020295
    endloop
  endfacet
  facet normal -0.4498998259110525 -0.2166034797728747 0.8664139190914967
    outer loop
      vertex -0.23250450193881989 7.187043161825353 2.8518273526985896
      vertex -0.21418505162000656 7.562463707938717 2.955195168245133
      vertex -0.23250450193881989 7.564701985354764 2.9462420585809426
    endloop
  endfacet
  facet normal -0.4905921566006092 -0.21134295182753204 0.8453718073101262
    outer loop
      vertex -0.21418505162000656 7.1848048844093055 2.86078046236278
      vertex -0.1963677480816841 7.5600307988038145 2.9649268047847426
      vertex -0.21418505162000656 7.562463707938717 2.955195168245133
    endloop
  endfacet
  facet normal -0.530409395419397 -0.2056075463897226 0.8224301855588884
    outer loop
      vertex -0.1963677480816841 7.182371975274403 2.8705120989023896
      vertex -0.17905259877443314 7.557403257950058 2.9754369681997708
      vertex -0.1963677480816841 7.5600307988038145 2.9649268047847426
    endloop
  endfacet
  facet normal -0.6421050723445934 -0.18593184647469851 0.7437273858987941
    outer loop
      vertex -0.14592871814966202 7.173905452135474 2.9043781914581057
      vertex -0.13012000173330307 7.170694010704059 2.917223957183765
      vertex -0.13012000173330307 7.548352834233471 3.011638663066118
    endloop
  endfacet
  facet normal -0.5690892734085934 -0.19943116148203938 0.7977246459281575
    outer loop
      vertex -0.17905259877443314 7.179744434420646 2.8810222623174178
      vertex -0.16223958134651184 7.554581081763383 2.9867256729464677
      vertex -0.17905259877443314 7.557403257950058 2.9754369681997708
    endloop
  endfacet
  facet normal -0.6421050723445874 -0.18593184647470012 0.7437273858987987
    outer loop
      vertex -0.14592871814966202 7.173905452135474 2.9043781914581057
      vertex -0.13012000173330307 7.548352834233471 3.011638663066118
      vertex -0.14592871814966202 7.5515642756648855 2.9987928973404587
    endloop
  endfacet
  facet normal -0.6063912711420445 -0.1928561832775822 0.7714247331103269
    outer loop
      vertex -0.16223958134651184 7.176922258233972 2.8923109670641147
      vertex -0.14592871814966202 7.5515642756648855 2.9987928973404587
      vertex -0.16223958134651184 7.554581081763383 2.9867256729464677
    endloop
  endfacet
  facet normal -0.6775691785475276 -0.17837501940021014 0.7135000776008389
    outer loop
      vertex -0.13012000173330307 7.170694010704059 2.917223957183765
      vertex -0.11473128199577332 7.16725547785195 2.9309780885922034
      vertex -0.11473128199577332 7.544914301381361 3.0253927944745564
    endloop
  endfacet
  facet normal -0.7116820574572073 -0.17038169072676354 0.6815267629070526
    outer loop
      vertex -0.11473128199577332 7.16725547785195 2.9309780885922034
      vertex -0.09967570751905441 7.16355624641248 2.945775014350085
      vertex -0.09967570751905441 7.541215069941891 3.040189720232438
    endloop
  endfacet
  facet normal -0.7426617388784282 -0.16241804116068748 0.6496721646427485
    outer loop
      vertex -0.09967570751905441 7.16355624641248 2.945775014350085
      vertex -0.08495328575372696 7.159596319999711 2.961614720001159
      vertex -0.08495328575372696 7.537255143529122 3.056029425883512
    endloop
  endfacet
  facet normal -0.7706650317739319 -0.1545535142046059 0.6182140568184221
    outer loop
      vertex -0.08495328575372696 7.159596319999711 2.961614720001159
      vertex -0.07056401669979095 7.155375696806613 2.9784972127735516
      vertex -0.07056401669979095 7.533034520336024 3.0729119186559046
    endloop
  endfacet
  facet normal -0.795879118077219 -0.146844541529395 0.5873781661175786
    outer loop
      vertex -0.07056401669979095 7.155375696806613 2.9784972127735516
      vertex -0.0565078929066658 7.150894376833185 2.9964224926672625
      vertex -0.0565078929066658 7.528553200362596 3.0908371985496155
    endloop
  endfacet
  facet normal -0.8185096069956603 -0.13933498003770065 0.5573399201508026
    outer loop
      vertex -0.0427849143743515 7.1461523600794274 3.015390559682291
      vertex -0.0427849143743515 7.5238111836088395 3.109805265564644
      vertex -0.0565078929066658 7.150894376833185 2.9964224926672625
    endloop
  endfacet
  facet normal -0.8387693764643774 -0.13205745921992149 0.5282298368796847
    outer loop
      vertex -0.0427849143743515 7.1461523600794274 3.015390559682291
      vertex -0.02939508855342865 7.141149646545341 3.035401413818638
      vertex -0.02939508855342865 7.518808470074752 3.129816119700991
    endloop
  endfacet
  facet normal -0.6775691785475331 -0.17837501940020856 0.7135000776008342
    outer loop
      vertex -0.13012000173330307 7.170694010704059 2.917223957183765
      vertex -0.11473128199577332 7.544914301381361 3.0253927944745564
      vertex -0.13012000173330307 7.548352834233471 3.011638663066118
    endloop
  endfacet
  facet normal -0.7116820574572071 -0.17038169072676354 0.6815267629070526
    outer loop
      vertex -0.11473128199577332 7.16725547785195 2.9309780885922034
      vertex -0.09967570751905441 7.541215069941891 3.040189720232438
      vertex -0.11473128199577332 7.544914301381361 3.0253927944745564
    endloop
  endfacet
  facet normal -0.7426617388784282 -0.16241804116068748 0.6496721646427484
    outer loop
      vertex -0.09967570751905441 7.16355624641248 2.945775014350085
      vertex -0.08495328575372696 7.537255143529122 3.056029425883512
      vertex -0.09967570751905441 7.541215069941891 3.040189720232438
    endloop
  endfacet
  facet normal -0.7706650317739318 -0.15455351420460595 0.6182140568184223
    outer loop
      vertex -0.08495328575372696 7.159596319999711 2.961614720001159
      vertex -0.07056401669979095 7.533034520336024 3.0729119186559046
      vertex -0.08495328575372696 7.537255143529122 3.056029425883512
    endloop
  endfacet
  facet normal -0.795879118077219 -0.14684454152939497 0.5873781661175785
    outer loop
      vertex -0.07056401669979095 7.155375696806613 2.9784972127735516
      vertex -0.0565078929066658 7.528553200362596 3.0908371985496155
      vertex -0.07056401669979095 7.533034520336024 3.0729119186559046
    endloop
  endfacet
  facet normal -0.8185096069956576 -0.13933498003770198 0.5573399201508066
    outer loop
      vertex -0.0565078929066658 7.150894376833185 2.9964224926672625
      vertex -0.0427849143743515 7.5238111836088395 3.109805265564644
      vertex -0.0565078929066658 7.528553200362596 3.0908371985496155
    endloop
  endfacet
  facet normal 0.3154053117331601 0.2301558920959894 -0.9206235683839554
    outer loop
      vertex -0.41961488127708435 7.1466175423198655 3.013529830720541
      vertex -0.43305841088294983 7.525360071385585 3.1036097144576615
      vertex -0.41961488127708435 7.524276365849277 3.107944536602894
    endloop
  endfacet
  facet normal 0.35596317276851014 0.2266495376557457 -0.9065981506229828
    outer loop
      vertex -0.4065044969320297 7.145406339888661 3.018374640445359
      vertex -0.41961488127708435 7.524276365849277 3.107944536602894
      vertex -0.4065044969320297 7.523065163418073 3.112789346327712
    endloop
  endfacet
  facet normal 0.39656577592788245 0.22264923420466665 -0.8905969368186666
    outer loop
      vertex -0.39372726529836655 7.144067644176622 3.0237294232935135
      vertex -0.4065044969320297 7.523065163418073 3.112789346327712
      vertex -0.39372726529836655 7.521726467706034 3.1181441291758665
    endloop
  endfacet
  facet normal 0.5543240214190227 0.20186263227863976 -0.8074505291145591
    outer loop
      vertex -0.3573944643139839 7.139286588320346 3.042853646718619
      vertex -0.3573944643139839 7.516945411849758 3.137268352600972
      vertex -0.34594982862472534 7.137437912256846 3.050248350972618
    endloop
  endfacet
  facet normal 0.5913414169294057 0.1955858963735139 -0.7823435854940538
    outer loop
      vertex -0.34594982862472534 7.137437912256846 3.050248350972618
      vertex -0.34594982862472534 7.5150967357862575 3.144663056854971
      vertex -0.3348383381962776 7.135461742912512 3.0581530283499534
    endloop
  endfacet
  facet normal 0.5160953533106787 0.20773931434133353 -0.8309572573653341
    outer loop
      vertex -0.3573944643139839 7.139286588320346 3.042853646718619
      vertex -0.36917225271463394 7.518666591018361 3.130383635926559
      vertex -0.3573944643139839 7.516945411849758 3.137268352600972
    endloop
  endfacet
  facet normal 0.5543240214190335 0.2018626322786385 -0.8074505291145521
    outer loop
      vertex -0.34594982862472534 7.137437912256846 3.050248350972618
      vertex -0.3573944643139839 7.516945411849758 3.137268352600972
      vertex -0.34594982862472534 7.5150967357862575 3.144663056854971
    endloop
  endfacet
  facet normal 0.5913414169294059 0.19558589637351384 -0.7823435854940536
    outer loop
      vertex -0.3348383381962776 7.135461742912512 3.0581530283499534
      vertex -0.34594982862472534 7.5150967357862575 3.144663056854971
      vertex -0.3348383381962776 7.513120566441923 3.1525677342323064
    endloop
  endfacet
  facet normal 0.6269388106073688 0.18895186560326452 -0.7558074624130563
    outer loop
      vertex -0.32406000047922134 7.133358076673282 3.0665676933068746
      vertex -0.3348383381962776 7.513120566441923 3.1525677342323064
      vertex -0.32406000047922134 7.511016900202693 3.1609823991892276
    endloop
  endfacet
  facet normal 0.6619010988204445 0.1818025650793429 -0.7272102603173716
    outer loop
      vertex -0.3135702386498451 7.131111559194862 3.0755537632205536
      vertex -0.32406000047922134 7.511016900202693 3.1609823991892276
      vertex -0.3135702386498451 7.508770382724274 3.1699684691029066
    endloop
  endfacet
  facet normal 0.6954164071976038 0.17428779792602872 -0.6971511917041182
    outer loop
      vertex -0.3033197894692421 7.128705690475165 3.085177238099342
      vertex -0.3135702386498451 7.508770382724274 3.1699684691029066
      vertex -0.3033197894692421 7.506364514004577 3.1795919439816944
    endloop
  endfacet
  facet normal 0.7262569203322363 0.1667246560102536 -0.6668986240410144
    outer loop
      vertex -0.29330865293741226 7.12614046870716 3.095438125171363
      vertex -0.3033197894692421 7.506364514004577 3.1795919439816944
      vertex -0.29330865293741226 7.503799292236572 3.189852831053716
    endloop
  endfacet
  facet normal 0.7544923729836799 0.1591782683788392 -0.6367130735153553
    outer loop
      vertex -0.2835368141531944 7.123415895697877 3.1063364172084933
      vertex -0.29330865293741226 7.503799292236572 3.189852831053716
      vertex -0.2835368141531944 7.501074719227288 3.2007511230908463
    endloop
  endfacet
  facet normal 0.7802299450225938 0.15170428527237578 -0.6068171410895031
    outer loop
      vertex -0.2740042880177498 7.120531971447317 3.1178721142107326
      vertex -0.2835368141531944 7.501074719227288 3.2007511230908463
      vertex -0.2740042880177498 7.498190794976729 3.2122868200930856
    endloop
  endfacet
  facet normal 0.8036006554872797 0.14434965443435777 -0.5773986177374311
    outer loop
      vertex -0.26471107453107834 7.117488694148449 3.1300452234062055
      vertex -0.2740042880177498 7.498190794976729 3.2122868200930856
      vertex -0.26471107453107834 7.495147517677861 3.2244599292885585
    endloop
  endfacet
  facet normal 0.43696201506347243 0.21815593416470455 -0.8726237366588161
    outer loop
      vertex -0.3812831863760948 7.142601453376718 3.0295941864931293
      vertex -0.39372726529836655 7.521726467706034 3.1181441291758665
      vertex -0.3812831863760948 7.5202602769061295 3.1240088923754823
    endloop
  endfacet
  facet normal 0.4768916396373694 0.21317962103849547 -0.8527184841539819
    outer loop
      vertex -0.36917225271463394 7.141007767488949 3.035968930044206
      vertex -0.3812831863760948 7.5202602769061295 3.1240088923754823
      vertex -0.36917225271463394 7.518666591018361 3.130383635926559
    endloop
  endfacet
  facet normal -0.8568699514325938 -0.1250350271704845 0.5001401086819379
    outer loop
      vertex -0.02939508855342865 7.141149646545341 3.035401413818638
      vertex -0.01633840799331665 7.135886238037956 3.0564550478481776
      vertex -0.01633840799331665 7.513545061567368 3.1508697537305306
    endloop
  endfacet
  facet normal -0.8568699514325914 -0.12503502717048567 0.5001401086819416
    outer loop
      vertex -0.02939508855342865 7.141149646545341 3.035401413818638
      vertex -0.01633840799331665 7.513545061567368 3.1508697537305306
      vertex -0.02939508855342865 7.518808470074752 3.129816119700991
    endloop
  endfacet
  facet normal -0.8730169110569327 -0.11828218328581655 0.4731287331432662
    outer loop
      vertex -0.01633840799331665 7.135886238037956 3.0564550478481776
      vertex -0.0036148801445961 7.508020956279654 3.172966174881388
      vertex -0.01633840799331665 7.513545061567368 3.1508697537305306
    endloop
  endfacet
  facet normal -0.8387693764643801 -0.1320574592199202 0.5282298368796808
    outer loop
      vertex -0.0427849143743515 7.1461523600794274 3.015390559682291
      vertex -0.02939508855342865 7.518808470074752 3.129816119700991
      vertex -0.0427849143743515 7.5238111836088395 3.109805265564644
    endloop
  endfacet
  facet normal 0.824752012863552 0.13715258082912393 -0.5486103233164957
    outer loop
      vertex -0.2556571662425995 7.114286065608304 3.1428557375667867
      vertex -0.26471107453107834 7.495147517677861 3.2244599292885585
      vertex -0.2556571662425995 7.491944889137716 3.2372704434491397
    endloop
  endfacet
  facet normal 0.8438417929499237 0.13014268831489162 -0.5205707532595653
    outer loop
      vertex -0.24684256315231323 7.110924085826881 3.156303656692477
      vertex -0.2556571662425995 7.491944889137716 3.2372704434491397
      vertex -0.24684256315231323 7.488582909356293 3.25071836257483
    endloop
  endfacet
  facet normal 0.8610306425346628 0.12334223851123151 -0.49336895404492603
    outer loop
      vertex -0.23826726526021957 7.10740275299715 3.1703889880114007
      vertex -0.24684256315231323 7.488582909356293 3.25071836257483
      vertex -0.23826726526021957 7.4850615765265625 3.2648036938937537
    endloop
  endfacet
  facet normal 0.8764774051707557 0.1167670779108208 -0.4670683116432832
    outer loop
      vertex -0.2299312800168991 7.103722070733173 3.1851117170673087
      vertex -0.23826726526021957 7.4850615765265625 3.2648036938937537
      vertex -0.2299312800168991 7.4813808942625855 3.2795264229496617
    endloop
  endfacet
  facet normal 0.8903362190222739 0.11042735623799488 -0.4417094249519795
    outer loop
      vertex -0.22183459997177124 7.099882033613857 3.200471865544575
      vertex -0.2299312800168991 7.4813808942625855 3.2795264229496617
      vertex -0.22183459997177124 7.477540857143269 3.294886571426928
    endloop
  endfacet
  facet normal 0.9027534446188215 0.10432872770827128 -0.41731491083308514
    outer loop
      vertex -0.21397723257541656 7.095882647060294 3.2164694117588253
      vertex -0.22183459997177124 7.477540857143269 3.294886571426928
      vertex -0.21397723257541656 7.473541470589706 3.3108841176411783
    endloop
  endfacet
  facet normal 0.9138667722520428 0.09847290537283161 -0.39389162149132645
    outer loop
      vertex -0.20635917037725449 7.091723907458423 3.2331043701663087
      vertex -0.21397723257541656 7.473541470589706 3.3108841176411783
      vertex -0.20635917037725449 7.469382730987835 3.3275190760486617
    endloop
  endfacet
  facet normal 0.9238039024164172 0.0928586369894645 -0.3714345479578572
    outer loop
      vertex -0.198980413377285 7.087405816615275 3.2503767335389013
      vertex -0.20635917037725449 7.469382730987835 3.3275190760486617
      vertex -0.198980413377285 7.4650646401446865 3.3447914394212543
    endloop
  endfacet
  facet normal 0.9326826238716581 0.08748214040520065 -0.3499285616208026
    outer loop
      vertex -0.19184096902608871 7.08292837453085 3.2682865018766027
      vertex -0.198980413377285 7.4650646401446865 3.3447914394212543
      vertex -0.19184096902608871 7.460587198060262 3.3627012077589558
    endloop
  endfacet
  facet normal 0.6759449982036676 -0.17873713189443774 0.714948527577751
    outer loop
      vertex -0.6670960560441017 7.0195058287775405 3.521976684889839
      vertex -0.6393184810876846 7.4033439907298115 3.591674037080756
      vertex -0.6670960560441017 7.3971646523069525 3.616391390772192
    endloop
  endfacet
  facet normal 0.5199911344711288 -0.20716705678260333 0.8286682271304133
    outer loop
      vertex -0.5493969544768333 7.042078930308501 3.4316842787659967
      vertex -0.5172268524765968 7.424487591422799 3.5070996343088066
      vertex -0.5493969544768333 7.4197377538379135 3.5260989846483497
    endloop
  endfacet
  facet normal 0.5610091668960144 -0.20077331593537198 0.8030932637414879
    outer loop
      vertex -0.5804689303040504 7.03697171796588 3.4521131281364816
      vertex -0.5493969544768333 7.4197377538379135 3.5260989846483497
      vertex -0.5804689303040504 7.414630541495292 3.5465278340188346
    endloop
  endfacet
  facet normal 0.6392639998079445 -0.18650682664521306 0.7460273065808523
    outer loop
      vertex -0.6393184810876846 7.0256851672003995 3.497259331198403
      vertex -0.610442765057087 7.4091659525879034 3.568386189648387
      vertex -0.6393184810876846 7.4033439907298115 3.591674037080756
    endloop
  endfacet
  facet normal 0.6008650017216904 -0.19387097736654285 0.7754839094661696
    outer loop
      vertex -0.610442765057087 7.031507129058492 3.473971483766034
      vertex -0.5804689303040504 7.414630541495292 3.5465278340188346
      vertex -0.610442765057087 7.4091659525879034 3.568386189648387
    endloop
  endfacet
  facet normal 0.7106853138182413 -0.17062624870873694 0.6825049948349478
    outer loop
      vertex -0.6937755048274994 7.012969115596946 3.5481235376122173
      vertex -0.6670960560441017 7.3971646523069525 3.616391390772192
      vertex -0.6937755048274994 7.390627939126358 3.6425382434945703
    endloop
  endfacet
  facet normal 0.4357350660853511 -0.21830024550437518 0.8732009820174987
    outer loop
      vertex -0.4839586168527603 7.051221230720538 3.395115077117852
      vertex -0.4495922476053238 7.432915142319364 3.473389430722546
      vertex -0.4839586168527603 7.428880054249949 3.489529783000205
    endloop
  endfacet
  facet normal 0.35065436703376585 -0.2271358125569174 0.9085432502276696
    outer loop
      vertex -0.41412775218486786 7.058934032101631 3.3642638715934763
      vertex -0.3775651231408119 7.439913192377956 3.445397230488179
      vertex -0.41412775218486786 7.436592855631043 3.4586785774758293
    endloop
  endfacet
  facet normal 0.39314225864492325 -0.22300608860951707 0.8920243544380683
    outer loop
      vertex -0.4495922476053238 7.055256318789952 3.378974724840193
      vertex -0.41412775218486786 7.436592855631043 3.4586785774758293
      vertex -0.4495922476053238 7.432915142319364 3.473389430722546
    endloop
  endfacet
  facet normal 0.22652607190552507 -0.23623093620526264 0.9449237448210506
    outer loop
      vertex -0.3011454641819 7.0678229198761935 3.328708320495227
      vertex -0.26128844171762466 7.4477299558793115 3.414130176482756
      vertex -0.3011454641819 7.4454817434056055 3.42312302637758
    endloop
  endfacet
  facet normal 0.3085575182993054 -0.23070126569695049 0.9228050627878019
    outer loop
      vertex -0.3775651231408119 7.062254368848544 3.350982524605826
      vertex -0.339904360473156 7.442876156174164 3.4335453753033462
      vertex -0.3775651231408119 7.439913192377956 3.445397230488179
    endloop
  endfacet
  facet normal 0.267107193534472 -0.23372353542067079 0.9348941416826831
    outer loop
      vertex -0.339904360473156 7.065217332644752 3.3391306694209932
      vertex -0.3011454641819 7.4454817434056055 3.42312302637758
      vertex -0.339904360473156 7.442876156174164 3.4335453753033462
    endloop
  endfacet
  facet normal 0.4781251374809118 -0.2130170323083633 0.8520681292334532
    outer loop
      vertex -0.5172268524765968 7.046828767893387 3.4126849284264535
      vertex -0.4839586168527603 7.428880054249949 3.489529783000205
      vertex -0.5172268524765968 7.424487591422799 3.5070996343088066
    endloop
  endfacet
  facet normal 0.18699982235436993 -0.23825728387599548 0.9530291355039819
    outer loop
      vertex -0.26128844171762466 7.0700711323498995 3.319715470600403
      vertex -0.2203332856297493 7.449620795402313 3.406566818390749
      vertex -0.26128844171762466 7.4477299558793115 3.414130176482756
    endloop
  endfacet
  facet normal 0.1486770699696065 -0.23984003601239437 0.9593601440495775
    outer loop
      vertex -0.2203332856297493 7.071961971872901 3.312152112508396
      vertex -0.17828000336885452 7.451154258360548 3.4004329665578092
      vertex -0.2203332856297493 7.449620795402313 3.406566818390749
    endloop
  endfacet
  facet normal 0.9476843490348563 0.07741955012040537 -0.30967820048162076
    outer loop
      vertex -0.17828000336885452 7.073495434831137 3.3060182606754562
      vertex -0.18494082987308502 7.455950402927527 3.3812483882898907
      vertex -0.17828000336885452 7.451154258360548 3.4004329665578092
    endloop
  endfacet
  facet normal 0.9406101804800974 0.0823380722377883 -0.3293522889511524
    outer loop
      vertex -0.18494082987308502 7.078291579398116 3.2868336824075377
      vertex -0.19184096902608871 7.460587198060262 3.3627012077589558
      vertex -0.18494082987308502 7.455950402927527 3.3812483882898907
    endloop
  endfacet
  facet normal -0.2757226652795044 0.2331342723248162 -0.9325370892992648
    outer loop
      vertex -0.212314672768116 7.020946641630963 3.5162134334761483
      vertex -0.2443218007683754 7.396378752744148 3.61953498902341
      vertex -0.212314672768116 7.398605465160375 3.6106281393585014
    endloop
  endfacet
  facet normal -0.22866995928208772 0.23610940257355878 -0.9444376102942351
    outer loop
      vertex -0.17924221605062485 7.022830782489225 3.5086768700431006
      vertex -0.212314672768116 7.398605465160375 3.6106281393585014
      vertex -0.17924221605062485 7.400489606018637 3.6030915759254536
    endloop
  endfacet
  facet normal -0.1830425553365926 0.2384379834200142 -0.9537519336800568
    outer loop
      vertex -0.14510443061590195 7.024372351789522 3.502510592841914
      vertex -0.17924221605062485 7.400489606018637 3.6030915759254536
      vertex -0.14510443061590195 7.402031175318934 3.596925298724267
    endloop
  endfacet
  facet normal -0.13906625360812835 0.24017892559597162 -0.9607157023838865
    outer loop
      vertex -0.1099013164639473 7.025571351338884 3.497714594644463
      vertex -0.14510443061590195 7.402031175318934 3.596925298724267
      vertex -0.1099013164639473 7.4032301748682965 3.5921293005268162
    endloop
  endfacet
  facet normal -0.09690310901601555 0.24139420864721162 -0.9655768345888465
    outer loop
      vertex -0.0736328735947609 7.026427779330282 3.4942888826788736
      vertex -0.1099013164639473 7.4032301748682965 3.5921293005268162
      vertex -0.0736328735947609 7.404086602859694 3.5887035885612266
    endloop
  endfacet
  facet normal -0.056658645121907485 0.2421460179231859 -0.9685840716927436
    outer loop
      vertex -0.03629910200834274 7.0269416357637144 3.4922334569451445
      vertex -0.0736328735947609 7.404086602859694 3.5887035885612266
      vertex -0.03629910200834274 7.4046004592931265 3.5866481628274975
    endloop
  endfacet
  facet normal -0.018388613690977183 0.2424946159361705 -0.969978463744682
    outer loop
      vertex 0.0020999982953071594 7.027112920639182 3.4915483174432764
      vertex -0.03629910200834274 7.4046004592931265 3.5866481628274975
      vertex 0.0020999982953071594 7.404771744168594 3.5859630233256294
    endloop
  endfacet
  facet normal -0.42219135010876535 0.21986017801338809 -0.8794407120535523
    outer loop
      vertex -0.30514007061719894 7.013238791515417 3.547044833938332
      vertex -0.3339512124657631 7.387643189761738 3.6544772409530513
      vertex -0.30514007061719894 7.390897615044829 3.641459539820685
    endloop
  endfacet
  facet normal -0.3728707738040299 0.2250447518949462 -0.9001790075797848
    outer loop
      vertex -0.27526360005140305 7.016150647047575 3.5353974118097016
      vertex -0.30514007061719894 7.390897615044829 3.641459539820685
      vertex -0.27526360005140305 7.393809470576987 3.6298121176920546
    endloop
  endfacet
  facet normal -0.32390855139307884 0.22946014011593763 -0.9178405604637505
    outer loop
      vertex -0.2443218007683754 7.018719929214736 3.525120283141057
      vertex -0.27526360005140305 7.393809470576987 3.6298121176920546
      vertex -0.2443218007683754 7.396378752744148 3.61953498902341
    endloop
  endfacet
  facet normal -3.642526986048786e-15 0.9701425001453302 0.24253562503634002
    outer loop
      vertex -0.8621027022600174 6.949899380040506 3.8004024798379787
      vertex -0.8768855333328247 6.9409008217340515 3.8363967130637953
      vertex -0.6331910043954849 6.921947644656292 3.912209421374834
    endloop
  endfacet
  facet normal 3.5677998393377043e-16 0.9701425001453324 0.2425356250363304
    outer loop
      vertex -0.9022275432944298 6.922179824676908 3.911280701292371
      vertex -0.643602766096592 6.913714273720776 3.945142905116897
      vertex -0.8902604877948761 6.9316609705485295 3.8733561178058844
    endloop
  endfacet
  facet normal 1.145062163008083e-15 0.9701425001453332 0.2425356250363279
    outer loop
      vertex -0.8768855333328247 6.9409008217340515 3.8363967130637953
      vertex -0.8902604877948761 6.9316609705485295 3.8733561178058844
      vertex -0.643602766096592 6.913714273720776 3.945142905116897
    endloop
  endfacet
  facet normal -7.010125109355684e-16 0.9701425001453312 0.24253562503633538
    outer loop
      vertex -0.9022275432944298 6.922179824676908 3.911280701292371
      vertex -0.9127867147326469 6.912457384119187 3.9501704635232544
      vertex -0.6527896225452423 6.905197478973252 3.979210084106993
    endloop
  endfacet
  facet normal -8.355151676090372e-16 0.9701425001453287 0.24253562503634551
    outer loop
      vertex -0.9127867147326469 6.912457384119187 3.9501704635232544
      vertex -0.921937994658947 6.9024936524894285 3.990025390042286
      vertex -0.6607515588402748 6.896397264027782 4.014410943888871
    endloop
  endfacet
  facet normal 1.966133106872778e-16 0.9701425001453325 0.24253562503633055
    outer loop
      vertex -0.9296813830733299 6.892288626173571 4.030845495305715
      vertex -0.66748858243227 6.887313625270305 4.050745498918782
      vertex -0.921937994658947 6.9024936524894285 3.990025390042286
    endloop
  endfacet
  facet normal 3.3457265382148755e-15 0.9701425001453354 0.2425356250363189
    outer loop
      vertex -0.9296813830733299 6.892288626173571 4.030845495305715
      vertex -0.9360168874263763 6.881842306978647 4.072630772085416
      vertex -0.673000693321228 6.877946562700819 4.088213749196725
    endloop
  endfacet
  facet normal -1.245325365808529e-15 0.9701425001453295 0.24253562503634232
    outer loop
      vertex -0.9360168874263763 6.881842306978647 4.072630772085416
      vertex -0.9409445002675056 6.871154693097622 4.1153812276095145
      vertex -0.6772878915071487 6.868296078126357 4.126815687494575
    endloop
  endfacet
  facet normal 0.9435409506610748 -0.08034135790326732 0.3213654316130693
    outer loop
      vertex -0.8768855333328247 6.9409008217340515 3.8363967130637953
      vertex -0.8768855333328247 7.318559645263464 3.9308114189461483
      vertex -0.8902604877948761 6.9316609705485295 3.8733561178058844
    endloop
  endfacet
  facet normal 0.9561986657028049 -0.07099466082169 0.28397864328676
    outer loop
      vertex -0.9022275432944298 6.922179824676908 3.911280701292371
      vertex -0.8902604877948761 6.9316609705485295 3.8733561178058844
      vertex -0.8902604877948761 7.3093197940779415 3.9677708236882374
    endloop
  endfacet
  facet normal 0.9670148245397044 -0.061778698556381496 0.24711479422552712
    outer loop
      vertex -0.9022275432944298 6.922179824676908 3.911280701292371
      vertex -0.9022275432944298 7.29983864820632 4.0056954071747235
      vertex -0.9127867147326469 6.912457384119187 3.9501704635232544
    endloop
  endfacet
  facet normal 0.9289763702368359 -0.08977190165066165 0.3590876066026466
    outer loop
      vertex -0.8768855333328247 6.9409008217340515 3.8363967130637953
      vertex -0.8621027022600174 7.327558203569918 3.8948171857203313
      vertex -0.8768855333328247 7.318559645263464 3.9308114189461483
    endloop
  endfacet
  facet normal 0.9124642766449255 -0.09923499852455149 0.3969399940982078
    outer loop
      vertex -0.8621027022600174 6.949899380040506 3.8004024798379787
      vertex -0.8459119722247124 7.336315468997304 3.8597881240107874
      vertex -0.8621027022600174 7.327558203569918 3.8948171857203313
    endloop
  endfacet
  facet normal 0.9435409506610748 -0.08034135790326732 0.3213654316130693
    outer loop
      vertex -0.8902604877948761 6.9316609705485295 3.8733561178058844
      vertex -0.8768855333328247 7.318559645263464 3.9308114189461483
      vertex -0.8902604877948761 7.3093197940779415 3.9677708236882374
    endloop
  endfacet
  facet normal 0.9561986657028039 -0.0709946608216904 0.28397864328676287
    outer loop
      vertex -0.9022275432944298 6.922179824676908 3.911280701292371
      vertex -0.8902604877948761 7.3093197940779415 3.9677708236882374
      vertex -0.9022275432944298 7.29983864820632 4.0056954071747235
    endloop
  endfacet
  facet normal 0.9760759709209728 -0.05273446188253006 0.21093784753012024
    outer loop
      vertex -0.9127867147326469 6.912457384119187 3.9501704635232544
      vertex -0.9127867147326469 7.290116207648599 4.044585169405607
      vertex -0.921937994658947 6.9024936524894285 3.990025390042286
    endloop
  endfacet
  facet normal 0.9834845218296381 -0.043897068990677184 0.1755882759627079
    outer loop
      vertex -0.9296813830733299 6.892288626173571 4.030845495305715
      vertex -0.921937994658947 6.9024936524894285 3.990025390042286
      vertex -0.921937994658947 7.2801524760188405 4.08444009592464
    endloop
  endfacet
  facet normal 0.9893541983690557 -0.03529561726627315 0.1411824690650926
    outer loop
      vertex -0.9296813830733299 6.892288626173571 4.030845495305715
      vertex -0.9296813830733299 7.2699474497029835 4.125260201188068
      vertex -0.9360168874263763 6.881842306978647 4.072630772085416
    endloop
  endfacet
  facet normal 0.967014824539705 -0.06177869855638113 0.24711479422552451
    outer loop
      vertex -0.9127867147326469 6.912457384119187 3.9501704635232544
      vertex -0.9022275432944298 7.29983864820632 4.0056954071747235
      vertex -0.9127867147326469 7.290116207648599 4.044585169405607
    endloop
  endfacet
  facet normal 0.9760759709209733 -0.05273446188252977 0.21093784753011807
    outer loop
      vertex -0.921937994658947 6.9024936524894285 3.990025390042286
      vertex -0.9127867147326469 7.290116207648599 4.044585169405607
      vertex -0.921937994658947 7.2801524760188405 4.08444009592464
    endloop
  endfacet
  facet normal 0.9834845218296377 -0.04389706899067742 0.17558827596270968
    outer loop
      vertex -0.9296813830733299 6.892288626173571 4.030845495305715
      vertex -0.921937994658947 7.2801524760188405 4.08444009592464
      vertex -0.9296813830733299 7.2699474497029835 4.125260201188068
    endloop
  endfacet
  facet normal -1.2079643387683679e-15 0.970142500145332 0.24253562503633255
    outer loop
      vertex -0.8768855333328247 6.9409008217340515 3.8363967130637953
      vertex -0.643602766096592 6.913714273720776 3.945142905116897
      vertex -0.6331910043954849 6.921947644656292 3.912209421374834
    endloop
  endfacet
  facet normal 5.609334171541152e-15 0.9701425001453345 0.24253562503632212
    outer loop
      vertex -0.8621027022600174 6.949899380040506 3.8004024798379787
      vertex -0.6331910043954849 6.921947644656292 3.912209421374834
      vertex -0.62155432254076 6.929897593586831 3.880409625652678
    endloop
  endfacet
  facet normal -2.5003353495435807e-18 0.9701425001453319 0.2425356250363329
    outer loop
      vertex -0.9022275432944298 6.922179824676908 3.911280701292371
      vertex -0.6527896225452423 6.905197478973252 3.979210084106993
      vertex -0.643602766096592 6.913714273720776 3.945142905116897
    endloop
  endfacet
  facet normal -2.7385341637315156e-15 0.970142500145327 0.24253562503635256
    outer loop
      vertex -0.9127867147326469 6.912457384119187 3.9501704635232544
      vertex -0.6607515588402748 6.896397264027782 4.014410943888871
      vertex -0.6527896225452423 6.905197478973252 3.979210084106993
    endloop
  endfacet
  facet normal 9.47444428449437e-16 0.9701425001453332 0.2425356250363275
    outer loop
      vertex -0.921937994658947 6.9024936524894285 3.990025390042286
      vertex -0.66748858243227 6.887313625270305 4.050745498918782
      vertex -0.6607515588402748 6.896397264027782 4.014410943888871
    endloop
  endfacet
  facet normal -1.8290335744625224e-18 0.9701425001453319 0.24253562503633297
    outer loop
      vertex -0.9296813830733299 6.892288626173571 4.030845495305715
      vertex -0.673000693321228 6.877946562700819 4.088213749196725
      vertex -0.66748858243227 6.887313625270305 4.050745498918782
    endloop
  endfacet
  facet normal 3.0979131704038227e-15 0.9701425001453344 0.24253562503632276
    outer loop
      vertex -0.9360168874263763 6.881842306978647 4.072630772085416
      vertex -0.6772878915071487 6.868296078126357 4.126815687494575
      vertex -0.673000693321228 6.877946562700819 4.088213749196725
    endloop
  endfacet
  facet normal -0.9075429730428725 0.10185507353458406 -0.40742029413833625
    outer loop
      vertex -0.5946062281727791 6.944947221818916 3.8202111127243383
      vertex -0.6086927354335785 6.937564118705362 3.8497435251785546
      vertex -0.6086927354335785 7.315222942234774 3.9441582310609076
    endloop
  endfacet
  facet normal -0.926261384551365 0.09140724887234641 -0.3656289954893856
    outer loop
      vertex -0.6086927354335785 6.937564118705362 3.8497435251785546
      vertex -0.62155432254076 6.929897593586831 3.880409625652678
      vertex -0.62155432254076 7.307556417116243 3.974824331535031
    endloop
  endfacet
  facet normal -0.9423769165728104 0.08114103448380043 -0.32456413793520245
    outer loop
      vertex -0.62155432254076 6.929897593586831 3.880409625652678
      vertex -0.6331910043954849 6.921947644656292 3.912209421374834
      vertex -0.6331910043954849 7.299606468185703 4.0066241272571865
    endloop
  endfacet
  facet normal -0.9560437037842467 0.07111731668600611 -0.2844692667440224
    outer loop
      vertex -0.6331910043954849 6.921947644656292 3.912209421374834
      vertex -0.643602766096592 6.913714273720776 3.945142905116897
      vertex -0.643602766096592 7.291373097250188 4.039557610999251
    endloop
  endfacet
  facet normal -0.9075429730428713 0.10185507353458485 -0.4074202941383384
    outer loop
      vertex -0.5946062281727791 6.944947221818916 3.8202111127243383
      vertex -0.6086927354335785 7.315222942234774 3.9441582310609076
      vertex -0.5946062281727791 7.322606045348327 3.9146258186066913
    endloop
  endfacet
  facet normal -0.8861040839082412 0.1124119400401767 -0.4496477601607068
    outer loop
      vertex -0.5792948082089424 6.952046902927493 3.7918123882900296
      vertex -0.5946062281727791 7.322606045348327 3.9146258186066913
      vertex -0.5792948082089424 7.329705726456905 3.8862270941723827
    endloop
  endfacet
  facet normal -0.9262613845513651 0.09140724887234641 -0.36562899548938566
    outer loop
      vertex -0.6086927354335785 6.937564118705362 3.8497435251785546
      vertex -0.62155432254076 7.307556417116243 3.974824331535031
      vertex -0.6086927354335785 7.315222942234774 3.9441582310609076
    endloop
  endfacet
  facet normal -0.9423769165728098 0.08114103448380108 -0.32456413793520433
    outer loop
      vertex -0.62155432254076 6.929897593586831 3.880409625652678
      vertex -0.6331910043954849 7.299606468185703 4.0066241272571865
      vertex -0.62155432254076 7.307556417116243 3.974824331535031
    endloop
  endfacet
  facet normal -0.9674403735956639 0.0613855336172572 -0.2455421344690294
    outer loop
      vertex -0.6527896225452423 6.905197478973252 3.979210084106993
      vertex -0.6527896225452423 7.282856302502664 4.073624789989346
      vertex -0.643602766096592 6.913714273720776 3.945142905116897
    endloop
  endfacet
  facet normal -0.9767606416362189 0.05198339607673501 -0.20793358430694
    outer loop
      vertex -0.6527896225452423 6.905197478973252 3.979210084106993
      vertex -0.6607515588402748 6.896397264027782 4.014410943888871
      vertex -0.6607515588402748 7.274056087557194 4.108825649771224
    endloop
  endfacet
  facet normal -0.9842038468850286 0.04293825099640261 -0.17175300398561044
    outer loop
      vertex -0.66748858243227 6.887313625270305 4.050745498918782
      vertex -0.66748858243227 7.264972448799717 4.145160204801135
      vertex -0.6607515588402748 6.896397264027782 4.014410943888871
    endloop
  endfacet
  facet normal -0.9899682542673517 0.03426785111686729 -0.13707140446746918
    outer loop
      vertex -0.66748858243227 6.887313625270305 4.050745498918782
      vertex -0.673000693321228 6.877946562700819 4.088213749196725
      vertex -0.673000693321228 7.255605386230231 4.182628455079078
    endloop
  endfacet
  facet normal -0.9767606416362191 0.05198339607673459 -0.20793358430693884
    outer loop
      vertex -0.6527896225452423 6.905197478973252 3.979210084106993
      vertex -0.6607515588402748 7.274056087557194 4.108825649771224
      vertex -0.6527896225452423 7.282856302502664 4.073624789989346
    endloop
  endfacet
  facet normal -0.9842038468850286 0.04293825099640261 -0.17175300398561044
    outer loop
      vertex -0.6607515588402748 6.896397264027782 4.014410943888871
      vertex -0.66748858243227 7.264972448799717 4.145160204801135
      vertex -0.6607515588402748 7.274056087557194 4.108825649771224
    endloop
  endfacet
  facet normal -0.9560437037842489 0.07111731668600384 -0.28446926674401596
    outer loop
      vertex -0.6331910043954849 6.921947644656292 3.912209421374834
      vertex -0.643602766096592 7.291373097250188 4.039557610999251
      vertex -0.6331910043954849 7.299606468185703 4.0066241272571865
    endloop
  endfacet
  facet normal -0.9674403735956624 0.06138553361725913 -0.2455421344690348
    outer loop
      vertex -0.643602766096592 6.913714273720776 3.945142905116897
      vertex -0.6527896225452423 7.282856302502664 4.073624789989346
      vertex -0.643602766096592 7.291373097250188 4.039557610999251
    endloop
  endfacet
  facet normal 0.9969632960542857 -0.018886948996244567 0.07554779598497827
    outer loop
      vertex -0.9409445002675056 6.871154693097622 4.1153812276095145
      vertex -0.9409445002675056 7.248813516627034 4.2097959334918675
      vertex -0.9444642215967178 6.860225786337529 4.159096854649886
    endloop
  endfacet
  facet normal 0.9989503710983916 -0.011109498009482478 0.04443799203792991
    outer loop
      vertex -0.9444642215967178 6.860225786337529 4.159096854649886
      vertex -0.9444642215967178 7.237884609866941 4.253511560532239
      vertex -0.9465760588645935 6.849055584891337 4.203777660434654
    endloop
  endfacet
  facet normal -6.774616324197894e-16 0.9701425001453331 0.2425356250363283
    outer loop
      vertex -0.9409445002675056 6.871154693097622 4.1153812276095145
      vertex -0.9444642215967178 6.860225786337529 4.159096854649886
      vertex -0.6803501695394516 6.858362171546918 4.166551313812333
    endloop
  endfacet
  facet normal -1.3392735393227604e-18 0.9701425001453319 0.24253562503633297
    outer loop
      vertex -0.9444642215967178 6.860225786337529 4.159096854649886
      vertex -0.9465760588645935 6.849055584891337 4.203777660434654
      vertex -0.6821875423192978 6.848144842962501 4.207420628149998
    endloop
  endfacet
  facet normal 0 0.9701425001453298 0.24253562503634188
    outer loop
      vertex -0.9472799971699715 6.8376440905660765 4.249423637735695
      vertex -0.6828000023961067 6.8376440905660765 4.249423637735695
      vertex -0.9465760588645935 6.849055584891337 4.203777660434654
    endloop
  endfacet
  facet normal 0.9998880994191366 -0.003628227893378643 0.014512911573514573
    outer loop
      vertex -0.9472799971699715 6.8376440905660765 4.249423637735695
      vertex -0.9465760588645935 6.849055584891337 4.203777660434654
      vertex -0.9465760588645935 7.226714408420749 4.298192366317007
    endloop
  endfacet
  facet normal 0.9999378313218676 0.0027043917585188844 -0.010817567034075538
    outer loop
      vertex -0.9472799971699715 6.8376440905660765 4.249423637735695
      vertex -0.9472799971699715 7.2153029140954885 4.343838343618048
      vertex -0.9468880966305733 6.829120347783505 4.283518608865984
    endloop
  endfacet
  facet normal 0.9994228622771145 0.008238868989412354 -0.03295547595764933
    outer loop
      vertex -0.9457123875617981 6.820730914403535 4.31707634238586
      vertex -0.9468880966305733 6.829120347783505 4.283518608865984
      vertex -0.9468880966305733 7.206779171312916 4.377933314748337
    endloop
  endfacet
  facet normal 0.9983469176726147 0.013939853939629512 -0.05575941575851805
    outer loop
      vertex -0.9457123875617981 6.820730914403535 4.31707634238586
      vertex -0.9457123875617981 7.198389737932947 4.411491048268213
      vertex -0.9437528699636459 6.812475792233201 4.350096831067199
    endloop
  endfacet
  facet normal 0 0.9701425001453363 0.2425356250363151
    outer loop
      vertex -0.9472799971699715 6.8376440905660765 4.249423637735695
      vertex -0.9468880966305733 6.829120347783505 4.283518608865984
      vertex -0.6828000023961067 6.8376440905660765 4.249423637735695
    endloop
  endfacet
  facet normal 2.146956374459051e-15 0.9701425001453289 0.24253562503634502
    outer loop
      vertex -0.9457123875617981 6.820730914403535 4.31707634238586
      vertex -0.6821829080581665 6.827595327275138 4.289618690899448
      vertex -0.9468880966305733 6.829120347783505 4.283518608865984
    endloop
  endfacet
  facet normal -5.257625870115067e-16 0.9701425001453333 0.24253562503632684
    outer loop
      vertex -0.9457123875617981 6.820730914403535 4.31707634238586
      vertex -0.9437528699636459 6.812475792233201 4.350096831067199
      vertex -0.6803316250443459 6.817803769580209 4.3287849216791665
    endloop
  endfacet
  facet normal 1.5974887774993546e-15 0.9701425001453273 0.24253562503635154
    outer loop
      vertex -0.9437528699636459 6.812475792233201 4.350096831067199
      vertex -0.9410095512866974 6.804354977658438 4.3825800893662485
      vertex -0.6803316250443459 6.817803769580209 4.3287849216791665
    endloop
  endfacet
  facet normal 0.9938058325044398 -0.026953082635177185 0.10781233054070848
    outer loop
      vertex -0.9360168874263763 6.881842306978647 4.072630772085416
      vertex -0.9360168874263763 7.259501130508058 4.167045477967769
      vertex -0.9409445002675056 6.871154693097622 4.1153812276095145
    endloop
  endfacet
  facet normal 0.9938058325044395 -0.026953082635177247 0.10781233054070899
    outer loop
      vertex -0.9409445002675056 6.871154693097622 4.1153812276095145
      vertex -0.9360168874263763 7.259501130508058 4.167045477967769
      vertex -0.9409445002675056 7.248813516627034 4.2097959334918675
    endloop
  endfacet
  facet normal 0.9969632960542857 -0.018886948996244567 0.07554779598497827
    outer loop
      vertex -0.9444642215967178 6.860225786337529 4.159096854649886
      vertex -0.9409445002675056 7.248813516627034 4.2097959334918675
      vertex -0.9444642215967178 7.237884609866941 4.253511560532239
    endloop
  endfacet
  facet normal 0.9893541983690558 -0.035295617266273054 0.14118246906509188
    outer loop
      vertex -0.9360168874263763 6.881842306978647 4.072630772085416
      vertex -0.9296813830733299 7.2699474497029835 4.125260201188068
      vertex -0.9360168874263763 7.259501130508058 4.167045477967769
    endloop
  endfacet
  facet normal 0.9989503710983916 -0.011109498009482478 0.04443799203792991
    outer loop
      vertex -0.9465760588645935 6.849055584891337 4.203777660434654
      vertex -0.9444642215967178 7.237884609866941 4.253511560532239
      vertex -0.9465760588645935 7.226714408420749 4.298192366317007
    endloop
  endfacet
  facet normal 0.9998880994191364 -0.003628227893378643 0.014512911573514573
    outer loop
      vertex -0.9472799971699715 6.8376440905660765 4.249423637735695
      vertex -0.9465760588645935 7.226714408420749 4.298192366317007
      vertex -0.9472799971699715 7.2153029140954885 4.343838343618048
    endloop
  endfacet
  facet normal 0.9999378313218675 0.002704391758518874 -0.01081756703407547
    outer loop
      vertex -0.9468880966305733 6.829120347783505 4.283518608865984
      vertex -0.9472799971699715 7.2153029140954885 4.343838343618048
      vertex -0.9468880966305733 7.206779171312916 4.377933314748337
    endloop
  endfacet
  facet normal -5.810159718303638e-16 0.9701425001453332 0.24253562503632786
    outer loop
      vertex -0.9409445002675056 6.871154693097622 4.1153812276095145
      vertex -0.6803501695394516 6.858362171546918 4.166551313812333
      vertex -0.6772878915071487 6.868296078126357 4.126815687494575
    endloop
  endfacet
  facet normal -9.628970847499016e-16 0.9701425001453305 0.24253562503633785
    outer loop
      vertex -0.9444642215967178 6.860225786337529 4.159096854649886
      vertex -0.6821875423192978 6.848144842962501 4.207420628149998
      vertex -0.6803501695394516 6.858362171546918 4.166551313812333
    endloop
  endfacet
  facet normal -1.410077969350972e-16 0.9701425001453295 0.24253562503634266
    outer loop
      vertex -0.6828000023961067 6.8376440905660765 4.249423637735695
      vertex -0.6821875423192978 6.848144842962501 4.207420628149998
      vertex -0.9465760588645935 6.849055584891337 4.203777660434654
    endloop
  endfacet
  facet normal -0.9942454867285003 0.025981794666998757 -0.10392717866799503
    outer loop
      vertex -0.6772878915071487 6.868296078126357 4.126815687494575
      vertex -0.6772878915071487 7.245954901655769 4.221230393376928
      vertex -0.673000693321228 6.877946562700819 4.088213749196725
    endloop
  endfacet
  facet normal -0.9972167379682216 0.01808277945192668 -0.07233111780770655
    outer loop
      vertex -0.6772878915071487 6.868296078126357 4.126815687494575
      vertex -0.6803501695394516 6.858362171546918 4.166551313812333
      vertex -0.6803501695394516 7.236020995076329 4.260966019694686
    endloop
  endfacet
  facet normal -0.9990502225570869 0.010568134146171885 -0.04227253658468755
    outer loop
      vertex -0.6803501695394516 6.858362171546918 4.166551313812333
      vertex -0.6821875423192978 6.848144842962501 4.207420628149998
      vertex -0.6821875423192978 7.225803666491913 4.301835334032351
    endloop
  endfacet
  facet normal 2.4420868602521057e-15 0.9701425001453319 0.24253562503633294
    outer loop
      vertex -0.9468880966305733 6.829120347783505 4.283518608865984
      vertex -0.6821829080581665 6.827595327275138 4.289618690899448
      vertex -0.6828000023961067 6.8376440905660765 4.249423637735695
    endloop
  endfacet
  facet normal -3.2667447088248866e-16 0.9701425001453345 0.24253562503632264
    outer loop
      vertex -0.9457123875617981 6.820730914403535 4.31707634238586
      vertex -0.6803316250443459 6.817803769580209 4.3287849216791665
      vertex -0.6821829080581665 6.827595327275138 4.289618690899448
    endloop
  endfacet
  facet normal -2.4389299013551964e-15 0.970142500145332 0.2425356250363332
    outer loop
      vertex -0.9410095512866974 6.804354977658438 4.3825800893662485
      vertex -0.6772461608052254 6.808269417481288 4.366922330074851
      vertex -0.6803316250443459 6.817803769580209 4.3287849216791665
    endloop
  endfacet
  facet normal -0.9998999607004757 0.0034305598170077715 -0.013722239268031086
    outer loop
      vertex -0.6828000023961067 6.8376440905660765 4.249423637735695
      vertex -0.6828000023961067 7.2153029140954885 4.343838343618048
      vertex -0.6821875423192978 6.848144842962501 4.207420628149998
    endloop
  endfacet
  facet normal -0.9998891012310355 -0.003611951072826346 0.014447804291305384
    outer loop
      vertex -0.6828000023961067 6.8376440905660765 4.249423637735695
      vertex -0.6821829080581665 6.827595327275138 4.289618690899448
      vertex -0.6821829080581665 7.20525415080455 4.384033396781801
    endloop
  endfacet
  facet normal -0.9989502669226364 -0.01111004901559901 0.04444019606239604
    outer loop
      vertex -0.6803316250443459 6.817803769580209 4.3287849216791665
      vertex -0.6803316250443459 7.195462593109621 4.4231996275615195
      vertex -0.6821829080581665 6.827595327275138 4.289618690899448
    endloop
  endfacet
  facet normal -0.9942454867285003 0.025981794666998754 -0.10392717866799502
    outer loop
      vertex -0.673000693321228 6.877946562700819 4.088213749196725
      vertex -0.6772878915071487 7.245954901655769 4.221230393376928
      vertex -0.673000693321228 7.255605386230231 4.182628455079078
    endloop
  endfacet
  facet normal -0.9972167379682216 0.01808277945192654 -0.07233111780770617
    outer loop
      vertex -0.6772878915071487 6.868296078126357 4.126815687494575
      vertex -0.6803501695394516 7.236020995076329 4.260966019694686
      vertex -0.6772878915071487 7.245954901655769 4.221230393376928
    endloop
  endfacet
  facet normal -0.9899682542673517 0.034267851116867296 -0.13707140446746918
    outer loop
      vertex -0.66748858243227 6.887313625270305 4.050745498918782
      vertex -0.673000693321228 7.255605386230231 4.182628455079078
      vertex -0.66748858243227 7.264972448799717 4.145160204801135
    endloop
  endfacet
  facet normal -0.9990502225570869 0.010568134146171965 -0.04227253658468776
    outer loop
      vertex -0.6803501695394516 6.858362171546918 4.166551313812333
      vertex -0.6821875423192978 7.225803666491913 4.301835334032351
      vertex -0.6803501695394516 7.236020995076329 4.260966019694686
    endloop
  endfacet
  facet normal -0.9998999607004757 0.0034305598170077706 -0.013722239268031082
    outer loop
      vertex -0.6821875423192978 6.848144842962501 4.207420628149998
      vertex -0.6828000023961067 7.2153029140954885 4.343838343618048
      vertex -0.6821875423192978 7.225803666491913 4.301835334032351
    endloop
  endfacet
  facet normal -0.9998891012310355 -0.003611951072826346 0.014447804291305384
    outer loop
      vertex -0.6828000023961067 6.8376440905660765 4.249423637735695
      vertex -0.6821829080581665 7.20525415080455 4.384033396781801
      vertex -0.6828000023961067 7.2153029140954885 4.343838343618048
    endloop
  endfacet
  facet normal -0.9989502669226364 -0.01111004901559901 0.04444019606239604
    outer loop
      vertex -0.6821829080581665 6.827595327275138 4.289618690899448
      vertex -0.6803316250443459 7.195462593109621 4.4231996275615195
      vertex -0.6821829080581665 7.20525415080455 4.384033396781801
    endloop
  endfacet
  facet normal -7.785917115119031e-16 0.9701425001453319 0.24253562503633327
    outer loop
      vertex -0.8810483738780022 6.737311567795692 4.6507537288172305
      vertex -0.8704669922590256 6.730533847246963 4.677864611012149
      vertex -0.6328154355287552 6.756464613368788 4.5741415465248485
    endloop
  endfacet
  facet normal -2.8683953440092497e-15 0.9701425001453334 0.2425356250363265
    outer loop
      vertex -0.8704669922590256 6.730533847246963 4.677864611012149
      vertex -0.859101802110672 6.723890434293805 4.704438262824779
      vertex -0.6210906580090523 6.748730698634897 4.605077205460414
    endloop
  endfacet
  facet normal 2.8913979763315558e-15 0.9701425001453303 0.2425356250363395
    outer loop
      vertex -0.859101802110672 6.723890434293805 4.704438262824779
      vertex -0.8469528034329414 6.717381332550282 4.7304746697988715
      vertex -0.6210906580090523 6.748730698634897 4.605077205460414
    endloop
  endfacet
  facet normal 2.4329481300777992e-15 0.9701425001453304 0.24253562503633877
    outer loop
      vertex -0.8469528034329414 6.717381332550282 4.7304746697988715
      vertex -0.6081316918134689 6.741253987689983 4.634984049240069
      vertex -0.6210906580090523 6.748730698634897 4.605077205460414
    endloop
  endfacet
  facet normal -4.8204188009419754e-15 0.9701425001453349 0.24253562503632126
    outer loop
      vertex -0.8340200036764145 6.711006540209363 4.75597383916255
      vertex -0.5939385443925858 6.734034482341078 4.663862070635691
      vertex -0.6081316918134689 6.741253987689983 4.634984049240069
    endloop
  endfacet
  facet normal -5.609788079786503e-15 0.9701425001453351 0.24253562503631973
    outer loop
      vertex -0.8469528034329414 6.717381332550282 4.7304746697988715
      vertex -0.8340200036764145 6.711006540209363 4.75597383916255
      vertex -0.6081316918134689 6.741253987689983 4.634984049240069
    endloop
  endfacet
  facet normal 2.737951446406454e-15 0.9701425001453301 0.24253562503633966
    outer loop
      vertex -0.8340200036764145 6.711006540209363 4.75597383916255
      vertex -0.8203479573130608 6.704786549005103 4.780853803979588
      vertex -0.5939385443925858 6.734034482341078 4.663862070635691
    endloop
  endfacet
  facet normal -4.2537970830607704e-15 0.9701425001453333 0.24253562503632697
    outer loop
      vertex -0.8203479573130608 6.704786549005103 4.780853803979588
      vertex -0.805976539850235 6.698742998136387 4.805028007454453
      vertex -0.5939385443925858 6.734034482341078 4.663862070635691
    endloop
  endfacet
  facet normal 7.524414858284451e-15 0.9701425001453292 0.2425356250363436
    outer loop
      vertex -0.5939385443925858 6.734034482341078 4.663862070635691
      vertex -0.805976539850235 6.698742998136387 4.805028007454453
      vertex -0.5785112082958221 6.727072182588181 4.691711269647277
    endloop
  endfacet
  facet normal 1.445757485065672e-15 0.9701425001453322 0.24253562503633216
    outer loop
      vertex -0.5785112082958221 6.727072182588181 4.691711269647277
      vertex -0.7909057438373566 6.692875885796183 4.8284964568152695
      vertex -0.5618496909737587 6.720367088431293 4.718531646274828
    endloop
  endfacet
  facet normal 1.4062868700867189e-15 0.9701425001453322 0.24253562503633208
    outer loop
      vertex -0.5785112082958221 6.727072182588181 4.691711269647277
      vertex -0.805976539850235 6.698742998136387 4.805028007454453
      vertex -0.7909057438373566 6.692875885796183 4.8284964568152695
    endloop
  endfacet
  facet normal -2.009395177487963e-15 0.9701425001453338 0.2425356250363254
    outer loop
      vertex -0.5618496909737587 6.720367088431293 4.718531646274828
      vertex -0.7909057438373566 6.692875885796183 4.8284964568152695
      vertex -0.7751355692744255 6.68718521017746 4.851259159290163
    endloop
  endfacet
  facet normal 6.1952832176173034e-15 0.9701425001453308 0.24253562503633783
    outer loop
      vertex -0.5618496909737587 6.720367088431293 4.718531646274828
      vertex -0.7751355692744255 6.68718521017746 4.851259159290163
      vertex -0.7586660236120224 6.6816709748942795 4.873316100422883
    endloop
  endfacet
  facet normal -3.1099675258489674e-18 0.9701425001453319 0.242535625036333
    outer loop
      vertex -0.7586660236120224 6.6816709748942795 4.873316100422883
      vertex -0.741497091948986 6.67633317633258 4.894667294669681
      vertex -0.5439539775252342 6.713919199870414 4.744323200518345
    endloop
  endfacet
  facet normal 4.793061848087318e-15 0.9701425001453304 0.24253562503633894
    outer loop
      vertex -0.7236287891864777 6.671171816299393 4.91531273480243
      vertex -0.5439539775252342 6.713919199870414 4.744323200518345
      vertex -0.741497091948986 6.67633317633258 4.894667294669681
    endloop
  endfacet
  facet normal -1.0717616318537757e-14 0.9701425001453345 0.24253562503632203
    outer loop
      vertex -0.7236287891864777 6.671171816299393 4.91531273480243
      vertex -0.7050611078739166 6.666186896601749 4.935252413593006
      vertex -0.5248240828514099 6.707728515098513 4.769085939605952
    endloop
  endfacet
  facet normal -7.071573424106818e-15 0.9701425001453348 0.2425356250363219
    outer loop
      vertex -0.5618496909737587 6.720367088431293 4.718531646274828
      vertex -0.7586660236120224 6.6816709748942795 4.873316100422883
      vertex -0.5439539775252342 6.713919199870414 4.744323200518345
    endloop
  endfacet
  facet normal -5.480337952884202e-15 0.9701425001453329 0.2425356250363288
    outer loop
      vertex -0.7236287891864777 6.671171816299393 4.91531273480243
      vertex -0.5248240828514099 6.707728515098513 4.769085939605952
      vertex -0.5439539775252342 6.713919199870414 4.744323200518345
    endloop
  endfacet
  facet normal -1.2531483478408946e-14 0.9701425001453335 0.2425356250363265
    outer loop
      vertex -0.6237966120243073 6.648011595868168 5.007953616527329
      vertex -0.46046082675457 6.690868210862495 4.836527156550025
      vertex -0.48296961933374405 6.696160891468644 4.815356434125427
    endloop
  endfacet
  facet normal 4.724267719370421e-15 0.9701425001453308 0.24253562503633788
    outer loop
      vertex -0.7050611078739166 6.666186896601749 4.935252413593006
      vertex -0.5044599995017052 6.701795035922619 4.792819856309524
      vertex -0.5248240828514099 6.707728515098513 4.769085939605952
    endloop
  endfacet
  facet normal 9.360779735254221e-18 0.9701425001453319 0.24253562503633294
    outer loop
      vertex -0.6658276095986366 6.6567463691779345 4.973014523288263
      vertex -0.48296961933374405 6.696160891468644 4.815356434125427
      vertex -0.5044599995017052 6.701795035922619 4.792819856309524
    endloop
  endfacet
  facet normal 0.9966603987793847 0.019805004573886054 -0.07922001829554422
    outer loop
      vertex -0.9437528699636459 6.812475792233201 4.350096831067199
      vertex -0.9437528699636459 7.190134615762613 4.444511536949552
      vertex -0.9410095512866974 6.804354977658438 4.3825800893662485
    endloop
  endfacet
  facet normal 0.9943123578555636 0.025830824057941456 -0.10332329623176582
    outer loop
      vertex -0.9410095512866974 6.804354977658438 4.3825800893662485
      vertex -0.9410095512866974 7.18201380118785 4.4769947952486016
      vertex -0.9374824240803719 6.796368472486279 4.414526110054886
    endloop
  endfacet
  facet normal 0.9912511035440159 0.03201217573763297 -0.1280487029505319
    outer loop
      vertex -0.9374824240803719 6.796368472486279 4.414526110054886
      vertex -0.9374824240803719 7.174027296015691 4.508940815937239
      vertex -0.9331714883446693 6.788516276716723 4.445934893133109
    endloop
  endfacet
  facet normal 0.9874247558933839 0.03834238282270699 -0.15336953129082795
    outer loop
      vertex -0.9331714883446693 6.788516276716723 4.445934893133109
      vertex -0.9331714883446693 7.166175100246135 4.540349599015462
      vertex -0.9280767440795898 6.78079839034977 4.476806438600919
    endloop
  endfacet
  facet normal -2.8312355583173303e-15 0.9701425001453335 0.24253562503632692
    outer loop
      vertex -0.9410095512866974 6.804354977658438 4.3825800893662485
      vertex -0.9374824240803719 6.796368472486279 4.414526110054886
      vertex -0.6772461608052254 6.808269417481288 4.366922330074851
    endloop
  endfacet
  facet normal 8.093456484293025e-16 0.9701425001453321 0.2425356250363329
    outer loop
      vertex -0.9374824240803719 6.796368472486279 4.414526110054886
      vertex -0.9331714883446693 6.788516276716723 4.445934893133109
      vertex -0.6729265078902245 6.798992270978375 4.4040309160865
    endloop
  endfacet
  facet normal 1.8978750163692232e-15 0.9701425001453303 0.24253562503633927
    outer loop
      vertex -0.9331714883446693 6.788516276716723 4.445934893133109
      vertex -0.9280767440795898 6.78079839034977 4.476806438600919
      vertex -0.6729265078902245 6.798992270978375 4.4040309160865
    endloop
  endfacet
  facet normal -2.923821378420835e-15 0.9701425001453369 0.24253562503631354
    outer loop
      vertex -0.6673726662993431 6.78997232826444 4.440110686942239
      vertex -0.9280767440795898 6.78079839034977 4.476806438600919
      vertex -0.922198198735714 6.7732148133854215 4.507140746458316
    endloop
  endfacet
  facet normal 0.9827820254078468 0.04481300397878895 -0.1792520159151558
    outer loop
      vertex -0.9280767440795898 6.78079839034977 4.476806438600919
      vertex -0.9280767440795898 7.158457213879182 4.571221144483272
      vertex -0.922198198735714 6.7732148133854215 4.507140746458316
    endloop
  endfacet
  facet normal 0.9772728904405921 0.05141394730082866 -0.20565578920331465
    outer loop
      vertex -0.922198198735714 6.7732148133854215 4.507140746458316
      vertex -0.922198198735714 7.150873636914834 4.601555452340669
      vertex -0.9155358448624611 6.765765544016644 4.5369378239334255
    endloop
  endfacet
  facet normal 0.9708497647157668 0.05813307975536411 -0.23253231902145644
    outer loop
      vertex -0.9155358448624611 6.765765544016644 4.5369378239334255
      vertex -0.9155358448624611 7.143424367546056 4.6313525298157785
      vertex -0.9080896899104118 6.758450585857501 4.566197656569996
    endloop
  endfacet
  facet normal 2.405681194230785e-15 0.9701425001453319 0.24253562503633244
    outer loop
      vertex -0.922198198735714 6.7732148133854215 4.507140746458316
      vertex -0.9155358448624611 6.765765544016644 4.5369378239334255
      vertex -0.6605846360325813 6.781209592953545 4.475161628185818
    endloop
  endfacet
  facet normal 5.749721865942425e-15 0.9701425001453287 0.24253562503634546
    outer loop
      vertex -0.9155358448624611 6.765765544016644 4.5369378239334255
      vertex -0.9080896899104118 6.758450585857501 4.566197656569996
      vertex -0.6605846360325813 6.781209592953545 4.475161628185818
    endloop
  endfacet
  facet normal -2.35183782482175e-15 0.9701425001453353 0.2425356250363195
    outer loop
      vertex -0.9080896899104118 6.758450585857501 4.566197656569996
      vertex -0.8998597264289856 6.751269937100962 4.594920251596155
      vertex -0.6525624245405197 6.772704061431628 4.509183754273488
    endloop
  endfacet
  facet normal 5.992904098052723e-15 0.970142500145327 0.24253562503635273
    outer loop
      vertex -0.8908459544181824 6.744223597747025 4.623105609011899
      vertex -0.6433060243725777 6.764455735505719 4.542177057977123
      vertex -0.8998597264289856 6.751269937100962 4.594920251596155
    endloop
  endfacet
  facet normal -7.793040175591829e-16 0.9701425001453319 0.24253562503633322
    outer loop
      vertex -0.8908459544181824 6.744223597747025 4.623105609011899
      vertex -0.8810483738780022 6.737311567795692 4.6507537288172305
      vertex -0.6433060243725777 6.764455735505719 4.542177057977123
    endloop
  endfacet
  facet normal 0.9634682513644529 0.06495651423779525 -0.259826056951181
    outer loop
      vertex -0.9080896899104118 6.758450585857501 4.566197656569996
      vertex -0.9080896899104118 7.136109409386913 4.6606123624523494
      vertex -0.8998597264289856 6.751269937100962 4.594920251596155
    endloop
  endfacet
  facet normal 0.9983469176726146 0.013939853939629512 -0.05575941575851805
    outer loop
      vertex -0.9437528699636459 6.812475792233201 4.350096831067199
      vertex -0.9457123875617981 7.198389737932947 4.411491048268213
      vertex -0.9437528699636459 7.190134615762613 4.444511536949552
    endloop
  endfacet
  facet normal 0.9994228622771143 0.008238868989412385 -0.03295547595764954
    outer loop
      vertex -0.9457123875617981 6.820730914403535 4.31707634238586
      vertex -0.9468880966305733 7.206779171312916 4.377933314748337
      vertex -0.9457123875617981 7.198389737932947 4.411491048268213
    endloop
  endfacet
  facet normal 0.9966603987793847 0.019805004573886054 -0.07922001829554422
    outer loop
      vertex -0.9410095512866974 6.804354977658438 4.3825800893662485
      vertex -0.9437528699636459 7.190134615762613 4.444511536949552
      vertex -0.9410095512866974 7.18201380118785 4.4769947952486016
    endloop
  endfacet
  facet normal 0.9943123578555635 0.02583082405794145 -0.1033232962317658
    outer loop
      vertex -0.9374824240803719 6.796368472486279 4.414526110054886
      vertex -0.9410095512866974 7.18201380118785 4.4769947952486016
      vertex -0.9374824240803719 7.174027296015691 4.508940815937239
    endloop
  endfacet
  facet normal 0.9874247558933839 0.03834238282270699 -0.15336953129082795
    outer loop
      vertex -0.9280767440795898 6.78079839034977 4.476806438600919
      vertex -0.9331714883446693 7.166175100246135 4.540349599015462
      vertex -0.9280767440795898 7.158457213879182 4.571221144483272
    endloop
  endfacet
  facet normal 0.991251103544016 0.03201217573763297 -0.1280487029505319
    outer loop
      vertex -0.9331714883446693 6.788516276716723 4.445934893133109
      vertex -0.9374824240803719 7.174027296015691 4.508940815937239
      vertex -0.9331714883446693 7.166175100246135 4.540349599015462
    endloop
  endfacet
  facet normal 0.9827820254078469 0.04481300397878895 -0.1792520159151558
    outer loop
      vertex -0.922198198735714 6.7732148133854215 4.507140746458316
      vertex -0.9280767440795898 7.158457213879182 4.571221144483272
      vertex -0.922198198735714 7.150873636914834 4.601555452340669
    endloop
  endfacet
  facet normal 0.9772728904405921 0.051413947300828655 -0.20565578920331462
    outer loop
      vertex -0.9155358448624611 6.765765544016644 4.5369378239334255
      vertex -0.922198198735714 7.150873636914834 4.601555452340669
      vertex -0.9155358448624611 7.143424367546056 4.6313525298157785
    endloop
  endfacet
  facet normal 0.9708497647157669 0.05813307975536413 -0.23253231902145652
    outer loop
      vertex -0.9080896899104118 6.758450585857501 4.566197656569996
      vertex -0.9155358448624611 7.143424367546056 4.6313525298157785
      vertex -0.9080896899104118 7.136109409386913 4.6606123624523494
    endloop
  endfacet
  facet normal 1.4970136022056507e-15 0.9701425001453279 0.2425356250363492
    outer loop
      vertex -0.9374824240803719 6.796368472486279 4.414526110054886
      vertex -0.6729265078902245 6.798992270978375 4.4040309160865
      vertex -0.6772461608052254 6.808269417481288 4.366922330074851
    endloop
  endfacet
  facet normal -3.333298384982604e-19 0.9701425001453319 0.242535625036333
    outer loop
      vertex -0.6729265078902245 6.798992270978375 4.4040309160865
      vertex -0.9280767440795898 6.78079839034977 4.476806438600919
      vertex -0.6673726662993431 6.78997232826444 4.440110686942239
    endloop
  endfacet
  facet normal 2.4176828989958772e-15 0.970142500145332 0.24253562503633253
    outer loop
      vertex -0.6673726662993431 6.78997232826444 4.440110686942239
      vertex -0.922198198735714 6.7732148133854215 4.507140746458316
      vertex -0.6605846360325813 6.781209592953545 4.475161628185818
    endloop
  endfacet
  facet normal -0.9969339529572211 -0.018977840702017107 0.07591136280806843
    outer loop
      vertex -0.6803316250443459 6.817803769580209 4.3287849216791665
      vertex -0.6772461608052254 6.808269417481288 4.366922330074851
      vertex -0.6772461608052254 7.1859282410107 4.461337035957204
    endloop
  endfacet
  facet normal -0.9936837392094214 -0.02721658926505126 0.10886635706020505
    outer loop
      vertex -0.6772461608052254 6.808269417481288 4.366922330074851
      vertex -0.6729265078902245 6.798992270978375 4.4040309160865
      vertex -0.6729265078902245 7.176651094507787 4.498445621968853
    endloop
  endfacet
  facet normal -0.9890324478302402 -0.035822123577249176 0.1432884943089967
    outer loop
      vertex -0.6729265078902245 6.798992270978375 4.4040309160865
      vertex -0.6673726662993431 6.78997232826444 4.440110686942239
      vertex -0.6673726662993431 7.167631151793852 4.534525392824592
    endloop
  endfacet
  facet normal -0.9828045462891207 -0.0447839413139783 0.1791357652559132
    outer loop
      vertex -0.6673726662993431 6.78997232826444 4.440110686942239
      vertex -0.6605846360325813 6.781209592953545 4.475161628185818
      vertex -0.6605846360325813 7.1588684164829575 4.569576334068171
    endloop
  endfacet
  facet normal 7.974502289863079e-16 0.970142500145332 0.24253562503633286
    outer loop
      vertex -0.9080896899104118 6.758450585857501 4.566197656569996
      vertex -0.6525624245405197 6.772704061431628 4.509183754273488
      vertex -0.6605846360325813 6.781209592953545 4.475161628185818
    endloop
  endfacet
  facet normal 3.170243255589404e-16 0.9701425001453334 0.24253562503632675
    outer loop
      vertex -0.8998597264289856 6.751269937100962 4.594920251596155
      vertex -0.6433060243725777 6.764455735505719 4.542177057977123
      vertex -0.6525624245405197 6.772704061431628 4.509183754273488
    endloop
  endfacet
  facet normal -7.932307846007783e-16 0.9701425001453319 0.24253562503633325
    outer loop
      vertex -0.8810483738780022 6.737311567795692 4.6507537288172305
      vertex -0.6328154355287552 6.756464613368788 4.5741415465248485
      vertex -0.6433060243725777 6.764455735505719 4.542177057977123
    endloop
  endfacet
  facet normal -7.720936856611914e-16 0.970142500145332 0.24253562503633322
    outer loop
      vertex -0.8704669922590256 6.730533847246963 4.677864611012149
      vertex -0.6210906580090523 6.748730698634897 4.605077205460414
      vertex -0.6328154355287552 6.756464613368788 4.5741415465248485
    endloop
  endfacet
  facet normal -0.9748198886481925 -0.05408391339386992 0.21633565357547965
    outer loop
      vertex -0.6605846360325813 6.781209592953545 4.475161628185818
      vertex -0.6525624245405197 6.772704061431628 4.509183754273488
      vertex -0.6525624245405197 7.15036288496104 4.603598460155841
    endloop
  endfacet
  facet normal -0.9648984110727911 -0.06369553327639922 0.2547821331055969
    outer loop
      vertex -0.6525624245405197 6.772704061431628 4.509183754273488
      vertex -0.6433060243725777 6.764455735505719 4.542177057977123
      vertex -0.6433060243725777 7.142114559035131 4.636591763859476
    endloop
  endfacet
  facet normal -0.9528667882545809 -0.07358264015273604 0.29433056061094415
    outer loop
      vertex -0.6433060243725777 6.764455735505719 4.542177057977123
      vertex -0.6328154355287552 6.756464613368788 4.5741415465248485
      vertex -0.6328154355287552 7.1341234368982 4.6685562524072015
    endloop
  endfacet
  facet normal -0.9385657695294061 -0.08369914479416697 0.3347965791766679
    outer loop
      vertex -0.6328154355287552 6.756464613368788 4.5741415465248485
      vertex -0.6210906580090523 6.748730698634897 4.605077205460414
      vertex -0.6210906580090523 7.126389522164309 4.699491911342767
    endloop
  endfacet
  facet normal -0.9969339529572211 -0.018977840702017103 0.07591136280806841
    outer loop
      vertex -0.6803316250443459 6.817803769580209 4.3287849216791665
      vertex -0.6772461608052254 7.1859282410107 4.461337035957204
      vertex -0.6803316250443459 7.195462593109621 4.4231996275615195
    endloop
  endfacet
  facet normal -0.9936837392094215 -0.02721658926505127 0.10886635706020507
    outer loop
      vertex -0.6772461608052254 6.808269417481288 4.366922330074851
      vertex -0.6729265078902245 7.176651094507787 4.498445621968853
      vertex -0.6772461608052254 7.1859282410107 4.461337035957204
    endloop
  endfacet
  facet normal -0.9890324478302402 -0.03582212357724918 0.14328849430899673
    outer loop
      vertex -0.6729265078902245 6.798992270978375 4.4040309160865
      vertex -0.6673726662993431 7.167631151793852 4.534525392824592
      vertex -0.6729265078902245 7.176651094507787 4.498445621968853
    endloop
  endfacet
  facet normal -0.9828045462891207 -0.0447839413139783 0.1791357652559132
    outer loop
      vertex -0.6673726662993431 6.78997232826444 4.440110686942239
      vertex -0.6605846360325813 7.1588684164829575 4.569576334068171
      vertex -0.6673726662993431 7.167631151793852 4.534525392824592
    endloop
  endfacet
  facet normal -0.9748198886481925 -0.05408391339386993 0.2163356535754797
    outer loop
      vertex -0.6605846360325813 6.781209592953545 4.475161628185818
      vertex -0.6525624245405197 7.15036288496104 4.603598460155841
      vertex -0.6605846360325813 7.1588684164829575 4.569576334068171
    endloop
  endfacet
  facet normal -0.9648984110727911 -0.06369553327639922 0.2547821331055969
    outer loop
      vertex -0.6525624245405197 6.772704061431628 4.509183754273488
      vertex -0.6433060243725777 7.142114559035131 4.636591763859476
      vertex -0.6525624245405197 7.15036288496104 4.603598460155841
    endloop
  endfacet
  facet normal -0.9528667882545809 -0.07358264015273604 0.29433056061094415
    outer loop
      vertex -0.6433060243725777 6.764455735505719 4.542177057977123
      vertex -0.6328154355287552 7.1341234368982 4.6685562524072015
      vertex -0.6433060243725777 7.142114559035131 4.636591763859476
    endloop
  endfacet
  facet normal 0.9456759985425969 0.07885090390039634 -0.31540361560158536
    outer loop
      vertex -0.8908459544181824 6.744223597747025 4.623105609011899
      vertex -0.8908459544181824 7.121882421276437 4.717520314894252
      vertex -0.8810483738780022 6.737311567795692 4.6507537288172305
    endloop
  endfacet
  facet normal 0.9352031523599327 0.08588469144424518 -0.3435387657769807
    outer loop
      vertex -0.8810483738780022 6.737311567795692 4.6507537288172305
      vertex -0.8810483738780022 7.114970391325104 4.7451684346995835
      vertex -0.8704669922590256 6.730533847246963 4.677864611012149
    endloop
  endfacet
  facet normal 0.9236497244864075 0.09294881148377365 -0.3717952459350946
    outer loop
      vertex -0.8704669922590256 6.730533847246963 4.677864611012149
      vertex -0.8704669922590256 7.108192670776375 4.772279316894502
      vertex -0.859101802110672 6.723890434293805 4.704438262824779
    endloop
  endfacet
  facet normal 0.9110042831886463 0.10002093781155216 -0.40008375124620865
    outer loop
      vertex -0.859101802110672 6.723890434293805 4.704438262824779
      vertex -0.859101802110672 7.101549257823217 4.798852968707132
      vertex -0.8469528034329414 6.717381332550282 4.7304746697988715
    endloop
  endfacet
  facet normal 0.9550884655514638 0.07186835308213385 -0.2874734123285354
    outer loop
      vertex -0.8908459544181824 6.744223597747025 4.623105609011899
      vertex -0.8998597264289856 6.751269937100962 4.594920251596155
      vertex -0.8998597264289856 7.128928760630374 4.689334957478508
    endloop
  endfacet
  facet normal 0.9550884655514638 0.07186835308213385 -0.2874734123285354
    outer loop
      vertex -0.8908459544181824 6.744223597747025 4.623105609011899
      vertex -0.8998597264289856 7.128928760630374 4.689334957478508
      vertex -0.8908459544181824 7.121882421276437 4.717520314894252
    endloop
  endfacet
  facet normal 0.9456759985425969 0.07885090390039633 -0.3154036156015853
    outer loop
      vertex -0.8810483738780022 6.737311567795692 4.6507537288172305
      vertex -0.8908459544181824 7.121882421276437 4.717520314894252
      vertex -0.8810483738780022 7.114970391325104 4.7451684346995835
    endloop
  endfacet
  facet normal 0.9352031523599327 0.0858846914442452 -0.3435387657769808
    outer loop
      vertex -0.8704669922590256 6.730533847246963 4.677864611012149
      vertex -0.8810483738780022 7.114970391325104 4.7451684346995835
      vertex -0.8704669922590256 7.108192670776375 4.772279316894502
    endloop
  endfacet
  facet normal 0.8972651741275186 0.10707754400101377 -0.4283101760040551
    outer loop
      vertex -0.8469528034329414 6.717381332550282 4.7304746697988715
      vertex -0.8469528034329414 7.095040156079694 4.824889375681225
      vertex -0.8340200036764145 6.711006540209363 4.75597383916255
    endloop
  endfacet
  facet normal 0.8824336519760286 0.11409770061616936 -0.45639080246467745
    outer loop
      vertex -0.8340200036764145 6.711006540209363 4.75597383916255
      vertex -0.8340200036764145 7.088665363738775 4.850388545044903
      vertex -0.8203479573130608 6.704786549005103 4.780853803979588
    endloop
  endfacet
  facet normal 0.8662527859499182 0.12117224270434339 -0.48468897081737355
    outer loop
      vertex -0.8203479573130608 6.704786549005103 4.780853803979588
      vertex -0.8203479573130608 7.082445372534515 4.875268509861941
      vertex -0.805976539850235 6.698742998136387 4.805028007454453
    endloop
  endfacet
  facet normal 0.8487607493419842 0.12824727731920943 -0.5129891092768377
    outer loop
      vertex -0.805976539850235 6.698742998136387 4.805028007454453
      vertex -0.805976539850235 7.076401821665799 4.899442713336806
      vertex -0.7909057438373566 6.692875885796183 4.8284964568152695
    endloop
  endfacet
  facet normal 0.8299546332679344 0.13529386463135554 -0.5411754585254221
    outer loop
      vertex -0.7909057438373566 6.692875885796183 4.8284964568152695
      vertex -0.7909057438373566 7.070534709325595 4.9229111626976225
      vertex -0.7751355692744255 6.68718521017746 4.851259159290163
    endloop
  endfacet
  facet normal 0.9236497244864075 0.09294881148377365 -0.3717952459350946
    outer loop
      vertex -0.859101802110672 6.723890434293805 4.704438262824779
      vertex -0.8704669922590256 7.108192670776375 4.772279316894502
      vertex -0.859101802110672 7.101549257823217 4.798852968707132
    endloop
  endfacet
  facet normal 0.9110042831886463 0.10002093781155218 -0.4000837512462087
    outer loop
      vertex -0.8469528034329414 6.717381332550282 4.7304746697988715
      vertex -0.859101802110672 7.101549257823217 4.798852968707132
      vertex -0.8469528034329414 7.095040156079694 4.824889375681225
    endloop
  endfacet
  facet normal 0.8972651741275186 0.10707754400101378 -0.42831017600405513
    outer loop
      vertex -0.8340200036764145 6.711006540209363 4.75597383916255
      vertex -0.8469528034329414 7.095040156079694 4.824889375681225
      vertex -0.8340200036764145 7.088665363738775 4.850388545044903
    endloop
  endfacet
  facet normal 0.8824336519760286 0.11409770061616936 -0.45639080246467745
    outer loop
      vertex -0.8203479573130608 6.704786549005103 4.780853803979588
      vertex -0.8340200036764145 7.088665363738775 4.850388545044903
      vertex -0.8203479573130608 7.082445372534515 4.875268509861941
    endloop
  endfacet
  facet normal 0.8662527859499182 0.12117224270434337 -0.4846889708173735
    outer loop
      vertex -0.805976539850235 6.698742998136387 4.805028007454453
      vertex -0.8203479573130608 7.082445372534515 4.875268509861941
      vertex -0.805976539850235 7.076401821665799 4.899442713336806
    endloop
  endfacet
  facet normal 0.8487607493419843 0.1282472773192094 -0.5129891092768376
    outer loop
      vertex -0.7909057438373566 6.692875885796183 4.8284964568152695
      vertex -0.805976539850235 7.076401821665799 4.899442713336806
      vertex -0.7909057438373566 7.070534709325595 4.9229111626976225
    endloop
  endfacet
  facet normal 0.9634682513644529 0.06495651423779526 -0.25982605695118105
    outer loop
      vertex -0.8998597264289856 6.751269937100962 4.594920251596155
      vertex -0.9080896899104118 7.136109409386913 4.6606123624523494
      vertex -0.8998597264289856 7.128928760630374 4.689334957478508
    endloop
  endfacet
  facet normal -0.921859139570574 -0.09398864974972525 0.375954598998901
    outer loop
      vertex -0.6081316918134689 6.741253987689983 4.634984049240069
      vertex -0.6081316918134689 7.118912811219395 4.729398755122422
      vertex -0.6210906580090523 6.748730698634897 4.605077205460414
    endloop
  endfacet
  facet normal -0.9026427752403308 -0.10438503958237383 0.41754015832949537
    outer loop
      vertex -0.6081316918134689 6.741253987689983 4.634984049240069
      vertex -0.5939385443925858 6.734034482341078 4.663862070635691
      vertex -0.5939385443925858 7.11169330587049 4.758276776518044
    endloop
  endfacet
  facet normal -0.8808538100056624 -0.11481354844178715 0.4592541937671486
    outer loop
      vertex -0.5939385443925858 6.734034482341078 4.663862070635691
      vertex -0.5785112082958221 6.727072182588181 4.691711269647277
      vertex -0.5785112082958221 7.104731006117593 4.78612597552963
    endloop
  endfacet
  facet normal -0.8564794308432018 -0.12519231900477926 0.500769276019117
    outer loop
      vertex -0.5785112082958221 6.727072182588181 4.691711269647277
      vertex -0.5618496909737587 6.720367088431293 4.718531646274828
      vertex -0.5618496909737587 7.098025911960705 4.812946352157181
    endloop
  endfacet
  facet normal -0.9218591395705741 -0.09398864974972528 0.3759545989989011
    outer loop
      vertex -0.6210906580090523 6.748730698634897 4.605077205460414
      vertex -0.6081316918134689 7.118912811219395 4.729398755122422
      vertex -0.6210906580090523 7.126389522164309 4.699491911342767
    endloop
  endfacet
  facet normal -0.9026427752403308 -0.10438503958237383 0.4175401583294953
    outer loop
      vertex -0.6081316918134689 6.741253987689983 4.634984049240069
      vertex -0.5939385443925858 7.11169330587049 4.758276776518044
      vertex -0.6081316918134689 7.118912811219395 4.729398755122422
    endloop
  endfacet
  facet normal -0.8808538100056624 -0.11481354844178712 0.4592541937671485
    outer loop
      vertex -0.5939385443925858 6.734034482341078 4.663862070635691
      vertex -0.5785112082958221 7.104731006117593 4.78612597552963
      vertex -0.5939385443925858 7.11169330587049 4.758276776518044
    endloop
  endfacet
  facet normal -0.8295625342351269 -0.13543524647537916 0.5417409859015166
    outer loop
      vertex -0.5618496909737587 6.720367088431293 4.718531646274828
      vertex -0.5439539775252342 6.713919199870414 4.744323200518345
      vertex -0.5439539775252342 7.091578023399826 4.838737906400698
    endloop
  endfacet
  facet normal -0.8002067237634881 -0.1454545005155149 0.5818180020620596
    outer loop
      vertex -0.5439539775252342 6.713919199870414 4.744323200518345
      vertex -0.5248240828514099 6.707728515098513 4.769085939605952
      vertex -0.5248240828514099 7.085387338627925 4.863500645488305
    endloop
  endfacet
  facet normal -0.8564794308432018 -0.12519231900477926 0.500769276019117
    outer loop
      vertex -0.5785112082958221 6.727072182588181 4.691711269647277
      vertex -0.5618496909737587 7.098025911960705 4.812946352157181
      vertex -0.5785112082958221 7.104731006117593 4.78612597552963
    endloop
  endfacet
  facet normal -0.8295625342351269 -0.13543524647537916 0.5417409859015166
    outer loop
      vertex -0.5618496909737587 6.720367088431293 4.718531646274828
      vertex -0.5439539775252342 7.091578023399826 4.838737906400698
      vertex -0.5618496909737587 7.098025911960705 4.812946352157181
    endloop
  endfacet
  facet normal -0.8002067237634882 -0.14545450051551487 0.5818180020620595
    outer loop
      vertex -0.5439539775252342 6.713919199870414 4.744323200518345
      vertex -0.5248240828514099 7.085387338627925 4.863500645488305
      vertex -0.5439539775252342 7.091578023399826 4.838737906400698
    endloop
  endfacet
  facet normal -0.938565769529406 -0.08369914479416699 0.33479657917666794
    outer loop
      vertex -0.6328154355287552 6.756464613368788 4.5741415465248485
      vertex -0.6210906580090523 7.126389522164309 4.699491911342767
      vertex -0.6328154355287552 7.1341234368982 4.6685562524072015
    endloop
  endfacet
  facet normal -0.7685747396502917 -0.15516459374246397 0.6206583749698559
    outer loop
      vertex -0.5248240828514099 6.707728515098513 4.769085939605952
      vertex -0.5044599995017052 6.701795035922619 4.792819856309524
      vertex -0.5044599995017052 7.079453859452031 4.887234562191877
    endloop
  endfacet
  facet normal -0.734060524652483 -0.16470207437297227 0.658808297491889
    outer loop
      vertex -0.5044599995017052 6.701795035922619 4.792819856309524
      vertex -0.48296961933374405 6.696160891468644 4.815356434125427
      vertex -0.48296961933374405 7.073819714998056 4.90977114000778
    endloop
  endfacet
  facet normal -0.6960730594789554 -0.17413353494434178 0.6965341397773654
    outer loop
      vertex -0.48296961933374405 6.696160891468644 4.815356434125427
      vertex -0.46046082675457 6.690868210862495 4.836527156550025
      vertex -0.46046082675457 7.068527034391906 4.930941862432378
    endloop
  endfacet
  facet normal -0.6553734609747958 -0.18318836763897012 0.7327534705558805
    outer loop
      vertex -0.46046082675457 6.690868210862495 4.836527156550025
      vertex -0.43693363666534424 6.685916992297139 4.856332030811442
      vertex -0.43693363666534424 7.063575815826551 4.950746736693795
    endloop
  endfacet
  facet normal -0.7685747396502917 -0.15516459374246397 0.6206583749698559
    outer loop
      vertex -0.5248240828514099 6.707728515098513 4.769085939605952
      vertex -0.5044599995017052 7.079453859452031 4.887234562191877
      vertex -0.5248240828514099 7.085387338627925 4.863500645488305
    endloop
  endfacet
  facet normal -0.7340605246524831 -0.16470207437297224 0.658808297491889
    outer loop
      vertex -0.5044599995017052 6.701795035922619 4.792819856309524
      vertex -0.48296961933374405 7.073819714998056 4.90977114000778
      vertex -0.5044599995017052 7.079453859452031 4.887234562191877
    endloop
  endfacet
  facet normal -0.6960730594789589 -0.17413353494434056 0.6965341397773622
    outer loop
      vertex -0.48296961933374405 6.696160891468644 4.815356434125427
      vertex -0.46046082675457 7.068527034391906 4.930941862432378
      vertex -0.48296961933374405 7.073819714998056 4.90977114000778
    endloop
  endfacet
  facet normal 9.921243612288975e-15 0.970142500145329 0.2425356250363447
    outer loop
      vertex -0.7050611078739166 6.666186896601749 4.935252413593006
      vertex -0.685794048011303 6.661378413625585 4.954486345497659
      vertex -0.5044599995017052 6.701795035922619 4.792819856309524
    endloop
  endfacet
  facet normal -5.892191532461172e-15 0.9701425001453332 0.24253562503632803
    outer loop
      vertex -0.685794048011303 6.661378413625585 4.954486345497659
      vertex -0.6658276095986366 6.6567463691779345 4.973014523288263
      vertex -0.5044599995017052 6.701795035922619 4.792819856309524
    endloop
  endfacet
  facet normal -5.2053120607947464e-15 0.9701425001453333 0.2425356250363273
    outer loop
      vertex -0.6658276095986366 6.6567463691779345 4.973014523288263
      vertex -0.6451618000864983 6.6522907632587955 4.99083694696482
      vertex -0.48296961933374405 6.696160891468644 4.815356434125427
    endloop
  endfacet
  facet normal 1.7936439119742226e-14 0.9701425001453282 0.2425356250363474
    outer loop
      vertex -0.6451618000864983 6.6522907632587955 4.99083694696482
      vertex -0.6237966120243073 6.648011595868168 5.007953616527329
      vertex -0.48296961933374405 6.696160891468644 4.815356434125427
    endloop
  endfacet
  facet normal -7.897108843029868e-15 0.9701425001453324 0.2425356250363306
    outer loop
      vertex -0.6237966120243073 6.648011595868168 5.007953616527329
      vertex -0.601732037961483 6.6439088651990215 5.024364539203915
      vertex -0.46046082675457 6.690868210862495 4.836527156550025
    endloop
  endfacet
  facet normal 6.2255978345618994e-15 0.9701425001453307 0.24253562503633744
    outer loop
      vertex -0.43693363666534424 6.685916992297139 4.856332030811442
      vertex -0.601732037961483 6.6439088651990215 5.024364539203915
      vertex -0.5789681002497673 6.639982574865418 5.040069700538327
    endloop
  endfacet
  facet normal -1.8469596490937092e-14 0.9701425001453352 0.24253562503631954
    outer loop
      vertex -0.43693363666534424 6.685916992297139 4.856332030811442
      vertex -0.5789681002497673 6.639982574865418 5.040069700538327
      vertex -0.5555047765374184 6.636232723060328 5.055069107758691
    endloop
  endfacet
  facet normal 0.8299546332679344 0.13529386463135554 -0.5411754585254221
    outer loop
      vertex -0.7751355692744255 6.68718521017746 4.851259159290163
      vertex -0.7909057438373566 7.070534709325595 4.9229111626976225
      vertex -0.7751355692744255 7.064844033706872 4.945673865172516
    endloop
  endfacet
  facet normal 0.7884597039497436 0.1491803675869628 -0.5967214703478512
    outer loop
      vertex -0.7586660236120224 6.6816709748942795 4.873316100422883
      vertex -0.7586660236120224 7.059329798423692 4.967730806305236
      vertex -0.741497091948986 6.67633317633258 4.894667294669681
    endloop
  endfacet
  facet normal 0.7658394871080234 0.15595811654681704 -0.6238324661872682
    outer loop
      vertex -0.7236287891864777 6.671171816299393 4.91531273480243
      vertex -0.741497091948986 6.67633317633258 4.894667294669681
      vertex -0.741497091948986 7.053991999861992 4.989082000552034
    endloop
  endfacet
  facet normal 0.8098455104939003 0.14228187622439395 -0.5691275048975758
    outer loop
      vertex -0.7751355692744255 6.68718521017746 4.851259159290163
      vertex -0.7751355692744255 7.064844033706872 4.945673865172516
      vertex -0.7586660236120224 6.6816709748942795 4.873316100422883
    endloop
  endfacet
  facet normal 0.7420422133333099 0.16258452166242687 -0.6503380866497075
    outer loop
      vertex -0.7236287891864777 6.671171816299393 4.91531273480243
      vertex -0.7236287891864777 7.048830639828805 5.009727440684783
      vertex -0.7050611078739166 6.666186896601749 4.935252413593006
    endloop
  endfacet
  facet normal 0.7171414203658208 0.16902978908981298 -0.6761191563592519
    outer loop
      vertex -0.7050611078739166 6.666186896601749 4.935252413593006
      vertex -0.7050611078739166 7.043845720131161 5.029667119475359
      vertex -0.685794048011303 6.661378413625585 4.954486345497659
    endloop
  endfacet
  facet normal 0.6912240847581136 0.17526606071414236 -0.7010642428565694
    outer loop
      vertex -0.685794048011303 6.661378413625585 4.954486345497659
      vertex -0.685794048011303 7.039037237154997 5.048901051380012
      vertex -0.6658276095986366 6.6567463691779345 4.973014523288263
    endloop
  endfacet
  facet normal 0.6643906145585015 0.18126761355173132 -0.7250704542069253
    outer loop
      vertex -0.6658276095986366 6.6567463691779345 4.973014523288263
      vertex -0.6658276095986366 7.0344051927073465 5.0674292291706164
      vertex -0.6451618000864983 6.6522907632587955 4.99083694696482
    endloop
  endfacet
  facet normal 0.8098455104939003 0.14228187622439395 -0.5691275048975758
    outer loop
      vertex -0.7586660236120224 6.6816709748942795 4.873316100422883
      vertex -0.7751355692744255 7.064844033706872 4.945673865172516
      vertex -0.7586660236120224 7.059329798423692 4.967730806305236
    endloop
  endfacet
  facet normal 0.7884597039497434 0.1491803675869628 -0.5967214703478512
    outer loop
      vertex -0.741497091948986 6.67633317633258 4.894667294669681
      vertex -0.7586660236120224 7.059329798423692 4.967730806305236
      vertex -0.741497091948986 7.053991999861992 4.989082000552034
    endloop
  endfacet
  facet normal 0.7658394871080234 0.15595811654681704 -0.6238324661872682
    outer loop
      vertex -0.7236287891864777 6.671171816299393 4.91531273480243
      vertex -0.741497091948986 7.053991999861992 4.989082000552034
      vertex -0.7236287891864777 7.048830639828805 5.009727440684783
    endloop
  endfacet
  facet normal 0.7420422133333099 0.1625845216624269 -0.6503380866497076
    outer loop
      vertex -0.7050611078739166 6.666186896601749 4.935252413593006
      vertex -0.7236287891864777 7.048830639828805 5.009727440684783
      vertex -0.7050611078739166 7.043845720131161 5.029667119475359
    endloop
  endfacet
  facet normal 0.7171414203658208 0.16902978908981298 -0.6761191563592519
    outer loop
      vertex -0.685794048011303 6.661378413625585 4.954486345497659
      vertex -0.7050611078739166 7.043845720131161 5.029667119475359
      vertex -0.685794048011303 7.039037237154997 5.048901051380012
    endloop
  endfacet
  facet normal 0.6643906145585058 0.1812676135517308 -0.7250704542069214
    outer loop
      vertex -0.6451618000864983 6.6522907632587955 4.99083694696482
      vertex -0.6658276095986366 7.0344051927073465 5.0674292291706164
      vertex -0.6451618000864983 7.029949586788207 5.085251652847173
    endloop
  endfacet
  facet normal 0.6912240847581136 0.17526606071414236 -0.7010642428565694
    outer loop
      vertex -0.6658276095986366 6.6567463691779345 4.973014523288263
      vertex -0.685794048011303 7.039037237154997 5.048901051380012
      vertex -0.6658276095986366 7.0344051927073465 5.0674292291706164
    endloop
  endfacet
  facet normal 0.6084274311307227 0.19247857956416706 -0.7699143182566682
    outer loop
      vertex -0.6237966120243073 6.648011595868168 5.007953616527329
      vertex -0.6237966120243073 7.02567041939758 5.102368322409682
      vertex -0.601732037961483 6.6439088651990215 5.024364539203915
    endloop
  endfacet
  facet normal 0.6367517859157905 0.18701166417429282 -0.7480466566971695
    outer loop
      vertex -0.6451618000864983 6.6522907632587955 4.99083694696482
      vertex -0.6451618000864983 7.029949586788207 5.085251652847173
      vertex -0.6237966120243073 6.648011595868168 5.007953616527329
    endloop
  endfacet
  facet normal 0.5795433000519981 0.19765233341353222 -0.7906093336541289
    outer loop
      vertex -0.601732037961483 6.6439088651990215 5.024364539203915
      vertex -0.601732037961483 7.0215676887284335 5.118779245086268
      vertex -0.5789681002497673 6.639982574865418 5.040069700538327
    endloop
  endfacet
  facet normal 0.5502283021911235 0.2025207056179505 -0.810082822471802
    outer loop
      vertex -0.5789681002497673 6.639982574865418 5.040069700538327
      vertex -0.5789681002497673 7.01764139839483 5.13448440642068
      vertex -0.5555047765374184 6.636232723060328 5.055069107758691
    endloop
  endfacet
  facet normal 0.5206129054907707 0.20707517853873858 -0.8283007141549543
    outer loop
      vertex -0.5555047765374184 6.636232723060328 5.055069107758691
      vertex -0.5555047765374184 7.01389154658974 5.149483813641044
      vertex -0.5313420742750168 6.632659307976717 5.069362768093132
    endloop
  endfacet
  facet normal 0.4908246824076045 0.21131119108744004 -0.8452447643497601
    outer loop
      vertex -0.5313420742750168 6.632659307976717 5.069362768093132
      vertex -0.5313420742750168 7.010318131506129 5.163777473975485
      vertex -0.5064800009131432 6.629262333228651 5.0829506670854006
    endloop
  endfacet
  facet normal 0.6367517859157857 0.18701166417429332 -0.7480466566971733
    outer loop
      vertex -0.6237966120243073 6.648011595868168 5.007953616527329
      vertex -0.6451618000864983 7.029949586788207 5.085251652847173
      vertex -0.6237966120243073 7.02567041939758 5.102368322409682
    endloop
  endfacet
  facet normal 0.6084274311307227 0.19247857956416706 -0.7699143182566682
    outer loop
      vertex -0.601732037961483 6.6439088651990215 5.024364539203915
      vertex -0.6237966120243073 7.02567041939758 5.102368322409682
      vertex -0.601732037961483 7.0215676887284335 5.118779245086268
    endloop
  endfacet
  facet normal 0.579543300051998 0.19765233341353222 -0.7906093336541289
    outer loop
      vertex -0.5789681002497673 6.639982574865418 5.040069700538327
      vertex -0.601732037961483 7.0215676887284335 5.118779245086268
      vertex -0.5789681002497673 7.01764139839483 5.13448440642068
    endloop
  endfacet
  facet normal 0.5502283021911236 0.2025207056179505 -0.810082822471802
    outer loop
      vertex -0.5555047765374184 6.636232723060328 5.055069107758691
      vertex -0.5789681002497673 7.01764139839483 5.13448440642068
      vertex -0.5555047765374184 7.01389154658974 5.149483813641044
    endloop
  endfacet
  facet normal 0.5206129054907707 0.20707517853873858 -0.8283007141549543
    outer loop
      vertex -0.5313420742750168 6.632659307976717 5.069362768093132
      vertex -0.5555047765374184 7.01389154658974 5.149483813641044
      vertex -0.5313420742750168 7.010318131506129 5.163777473975485
    endloop
  endfacet
  facet normal 2.0652457510306905e-14 0.9701425001453274 0.24253562503635084
    outer loop
      vertex -0.46046082675457 6.690868210862495 4.836527156550025
      vertex -0.601732037961483 6.6439088651990215 5.024364539203915
      vertex -0.43693363666534424 6.685916992297139 4.856332030811442
    endloop
  endfacet
  facet normal -1.0429412564202546e-14 0.9701425001453341 0.24253562503632403
    outer loop
      vertex -0.43693363666534424 6.685916992297139 4.856332030811442
      vertex -0.5555047765374184 6.636232723060328 5.055069107758691
      vertex -0.41238802671432495 6.681307237579611 4.874771049681556
    endloop
  endfacet
  facet normal -4.2388103178235105e-18 0.9701425001453319 0.24253562503633297
    outer loop
      vertex -0.41238802671432495 6.681307237579611 4.874771049681556
      vertex -0.5313420742750168 6.632659307976717 5.069362768093132
      vertex -0.38682401180267334 6.677038946709909 4.891844213160365
    endloop
  endfacet
  facet normal 6.557461254171055e-15 0.970142500145331 0.2425356250363367
    outer loop
      vertex -0.41238802671432495 6.681307237579611 4.874771049681556
      vertex -0.5555047765374184 6.636232723060328 5.055069107758691
      vertex -0.5313420742750168 6.632659307976717 5.069362768093132
    endloop
  endfacet
  facet normal -1.1961710984578561e-14 0.9701425001453342 0.24253562503632373
    outer loop
      vertex -0.38682401180267334 6.677038946709909 4.891844213160365
      vertex -0.5313420742750168 6.632659307976717 5.069362768093132
      vertex -0.5064800009131432 6.629262333228651 5.0829506670854006
    endloop
  endfacet
  facet normal -6.374072028605599e-15 0.9701425001453325 0.2425356250363302
    outer loop
      vertex -0.3602415919303894 6.673112119688033 4.907551521247869
      vertex -0.38682401180267334 6.677038946709909 4.891844213160365
      vertex -0.481003113090992 6.626050891797235 5.09579643281106
    endloop
  endfacet
  facet normal -4.540958189889569e-16 0.9701425001453318 0.2425356250363338
    outer loop
      vertex -0.3602415919303894 6.673112119688033 4.907551521247869
      vertex -0.45499128103256226 6.623034083891707 5.107863664433175
      vertex -0.33264075964689255 6.669526754706952 4.921892981172193
    endloop
  endfacet
  facet normal 1.922499057991745e-14 0.9701425001453301 0.24253562503633996
    outer loop
      vertex -0.33264075964689255 6.669526754706952 4.921892981172193
      vertex -0.401362769305706 6.6175843686583065 5.129662525366776
      vertex -0.30402152240276337 6.666282853573697 4.934868585705212
    endloop
  endfacet
  facet normal 1.097411182675869e-15 0.9701425001453325 0.24253562503633036
    outer loop
      vertex -0.30402152240276337 6.666282853573697 4.934868585705212
      vertex -0.3737460896372795 6.615151459523404 5.139394161906385
      vertex -0.27438387274742126 6.663380414481237 4.946478342075052
    endloop
  endfacet
  facet normal 1.3736196543968418e-14 0.9701425001453303 0.2425356250363389
    outer loop
      vertex -0.38682401180267334 6.677038946709909 4.891844213160365
      vertex -0.5064800009131432 6.629262333228651 5.0829506670854006
      vertex -0.481003113090992 6.626050891797235 5.09579643281106
    endloop
  endfacet
  facet normal -4.73090261528957e-16 0.9701425001453317 0.2425356250363338
    outer loop
      vertex -0.3602415919303894 6.673112119688033 4.907551521247869
      vertex -0.481003113090992 6.626050891797235 5.09579643281106
      vertex -0.45499128103256226 6.623034083891707 5.107863664433175
    endloop
  endfacet
  facet normal 6.0480695490436124e-15 0.9701425001453307 0.24253562503633777
    outer loop
      vertex -0.33264075964689255 6.669526754706952 4.921892981172193
      vertex -0.45499128103256226 6.623034083891707 5.107863664433175
      vertex -0.4284444972872734 6.620211909512063 5.119152361951747
    endloop
  endfacet
  facet normal -7.468658598425573e-15 0.9701425001453322 0.24253562503633166
    outer loop
      vertex -0.33264075964689255 6.669526754706952 4.921892981172193
      vertex -0.4284444972872734 6.620211909512063 5.119152361951747
      vertex -0.401362769305706 6.6175843686583065 5.129662525366776
    endloop
  endfacet
  facet normal -6.038289267427343e-15 0.9701425001453331 0.24253562503632806
    outer loop
      vertex -0.30402152240276337 6.666282853573697 4.934868585705212
      vertex -0.401362769305706 6.6175843686583065 5.129662525366776
      vertex -0.3737460896372795 6.615151459523404 5.139394161906385
    endloop
  endfacet
  facet normal 1.0122556493255409e-15 0.9701425001453325 0.24253562503633028
    outer loop
      vertex -0.27438387274742126 6.663380414481237 4.946478342075052
      vertex -0.3737460896372795 6.615151459523404 5.139394161906385
      vertex -0.34559446573257446 6.612913182107357 5.148347271570576
    endloop
  endfacet
  facet normal -1.2844320910169369e-14 0.9701425001453328 0.24253562503632956
    outer loop
      vertex -0.27438387274742126 6.663380414481237 4.946478342075052
      vertex -0.3169078901410103 6.6108695382171945 5.156521847131223
      vertex -0.24372781813144684 6.660819439236604 4.956722243053587
    endloop
  endfacet
  facet normal 1.4420917431497303e-14 0.9701425001453314 0.24253562503633472
    outer loop
      vertex -0.27438387274742126 6.663380414481237 4.946478342075052
      vertex -0.34559446573257446 6.612913182107357 5.148347271570576
      vertex -0.3169078901410103 6.6108695382171945 5.156521847131223
    endloop
  endfacet
  facet normal -7.073773722862448e-15 0.9701425001453322 0.24253562503633158
    outer loop
      vertex -0.24372781813144684 6.660819439236604 4.956722243053587
      vertex -0.3169078901410103 6.6108695382171945 5.156521847131223
      vertex -0.28768637031316757 6.609020527852919 5.163917888588326
    endloop
  endfacet
  facet normal 2.7596148497355614e-18 0.9701425001453319 0.24253562503633297
    outer loop
      vertex -0.24372781813144684 6.660819439236604 4.956722243053587
      vertex -0.28768637031316757 6.609020527852919 5.163917888588326
      vertex -0.2120533585548401 6.658599927839796 4.965600288640818
    endloop
  endfacet
  facet normal -6.710906522305296e-15 0.9701425001453318 0.24253562503633344
    outer loop
      vertex -0.2120533585548401 6.658599927839796 4.965600288640818
      vertex -0.22763847559690475 6.605906404087962 5.1763743836481515
      vertex -0.17936048656702042 6.656721880290815 4.973112478836744
    endloop
  endfacet
  facet normal 6.291648920738438e-15 0.9701425001453318 0.24253562503633347
    outer loop
      vertex -0.17936048656702042 6.656721880290815 4.973112478836744
      vertex -0.19681210815906525 6.604641290687282 5.181434837250873
      vertex -0.14564920216798782 6.655185294782628 4.9792588208694895
    endloop
  endfacet
  facet normal 1.2385348490554687e-14 0.9701425001453319 0.24253562503633308
    outer loop
      vertex -0.14564920216798782 6.655185294782628 4.9792588208694895
      vertex -0.1654507964849472 6.603570810812488 5.185716756750051
      vertex -0.1109195128083229 6.653990173122267 4.9840393075109315
    endloop
  endfacet
  facet normal -1.1660730517556213e-16 0.9701425001453319 0.24253562503633302
    outer loop
      vertex -0.2120533585548401 6.658599927839796 4.965600288640818
      vertex -0.28768637031316757 6.609020527852919 5.163917888588326
      vertex -0.25792989879846573 6.607366149207498 5.17053540317001
    endloop
  endfacet
  facet normal 6.723292289069549e-15 0.9701425001453315 0.24253562503633438
    outer loop
      vertex -0.2120533585548401 6.658599927839796 4.965600288640818
      vertex -0.25792989879846573 6.607366149207498 5.17053540317001
      vertex -0.22763847559690475 6.605906404087962 5.1763743836481515
    endloop
  endfacet
  facet normal -1.3679905681833525e-14 0.9701425001453321 0.24253562503633183
    outer loop
      vertex -0.17936048656702042 6.656721880290815 4.973112478836744
      vertex -0.22763847559690475 6.605906404087962 5.1763743836481515
      vertex -0.19681210815906525 6.604641290687282 5.181434837250873
    endloop
  endfacet
  facet normal 1.8270081424586174e-16 0.9701425001453322 0.24253562503633203
    outer loop
      vertex -0.14564920216798782 6.655185294782628 4.9792588208694895
      vertex -0.19681210815906525 6.604641290687282 5.181434837250873
      vertex -0.1654507964849472 6.603570810812488 5.185716756750051
    endloop
  endfacet
  facet normal 3.4748600564791743e-16 0.9701425001453325 0.24253562503633003
    outer loop
      vertex -0.1109195128083229 6.653990173122267 4.9840393075109315
      vertex -0.1654507964849472 6.603570810812488 5.185716756750051
      vertex -0.13355453312397003 6.602694962656548 5.189220149373811
    endloop
  endfacet
  facet normal -1.806154657797323e-14 0.970142500145332 0.2425356250363328
    outer loop
      vertex -0.1109195128083229 6.653990173122267 4.9840393075109315
      vertex -0.10112331807613373 6.6020137480264935 5.191945007894026
      vertex -0.07517141848802567 6.6531365153097335 4.987453938761068
    endloop
  endfacet
  facet normal -5.831559172683368e-17 0.9701425001453317 0.24253562503633397
    outer loop
      vertex -0.07517141848802567 6.6531365153097335 4.987453938761068
      vertex -0.06815716624259949 6.601527166922326 5.193891332310699
      vertex -0.0384049117565155 6.652624321345026 4.9895027146199
    endloop
  endfacet
  facet normal 5.6652371205564e-15 0.9701425001453315 0.24253562503633488
    outer loop
      vertex -0.0384049117565155 6.652624321345026 4.9895027146199
      vertex -0.03465605527162552 6.601235217537012 5.195059129851951
      vertex -0.0006200000643730164 6.652453589421112 4.990185642315552
    endloop
  endfacet
  facet normal 1.3344373132206611e-14 0.9701425001453323 0.24253562503633141
    outer loop
      vertex -0.1109195128083229 6.653990173122267 4.9840393075109315
      vertex -0.13355453312397003 6.602694962656548 5.189220149373811
      vertex -0.10112331807613373 6.6020137480264935 5.191945007894026
    endloop
  endfacet
  facet normal -6.504155505266422e-15 0.9701425001453315 0.2425356250363341
    outer loop
      vertex -0.07517141848802567 6.6531365153097335 4.987453938761068
      vertex -0.10112331807613373 6.6020137480264935 5.191945007894026
      vertex -0.06815716624259949 6.601527166922326 5.193891332310699
    endloop
  endfacet
  facet normal 6.240191106903611e-15 0.9701425001453314 0.24253562503633486
    outer loop
      vertex -0.0384049117565155 6.652624321345026 4.9895027146199
      vertex -0.06815716624259949 6.601527166922326 5.193891332310699
      vertex -0.03465605527162552 6.601235217537012 5.195059129851951
    endloop
  endfacet
  facet normal -1.8944172784904925e-14 0.9701425001453324 0.24253562503633103
    outer loop
      vertex -0.0006200000643730164 6.652453589421112 4.990185642315552
      vertex -0.03465605527162552 6.601235217537012 5.195059129851951
      vertex -0.0006200000643730164 6.6011379016775855 5.195448393289661
    endloop
  endfacet
  facet normal 0.341403739550152 0.22796329511325386 -0.9118531804530154
    outer loop
      vertex -0.401362769305706 6.6175843686583065 5.129662525366776
      vertex -0.401362769305706 6.9952431921877185 5.224077231249129
      vertex -0.3737460896372795 6.615151459523404 5.139394161906385
    endloop
  endfacet
  facet normal 0.31150841340021485 0.23046787556938075 -0.921871502277523
    outer loop
      vertex -0.3737460896372795 6.615151459523404 5.139394161906385
      vertex -0.3737460896372795 6.992810283052816 5.233808867788738
      vertex -0.34559446573257446 6.612913182107357 5.148347271570576
    endloop
  endfacet
  facet normal 0.28182557845887884 0.23270460236181817 -0.9308184094472705
    outer loop
      vertex -0.34559446573257446 6.612913182107357 5.148347271570576
      vertex -0.34559446573257446 6.990572005636768 5.242761977452929
      vertex -0.3169078901410103 6.6108695382171945 5.156521847131223
    endloop
  endfacet
  facet normal 0.25244235489164396 0.2346803655358598 -0.9387214621434392
    outer loop
      vertex -0.3169078901410103 6.6108695382171945 5.156521847131223
      vertex -0.3169078901410103 6.9885283617466065 5.250936553013576
      vertex -0.28768637031316757 6.609020527852919 5.163917888588326
    endloop
  endfacet
  facet normal 0.22343798019858876 0.23640387537939925 -0.945615501517597
    outer loop
      vertex -0.28768637031316757 6.609020527852919 5.163917888588326
      vertex -0.28768637031316757 6.986679351382331 5.258332594470679
      vertex -0.25792989879846573 6.607366149207498 5.17053540317001
    endloop
  endfacet
  facet normal 0.19488302036282495 0.23788536640875416 -0.9515414656350166
    outer loop
      vertex -0.25792989879846573 6.607366149207498 5.17053540317001
      vertex -0.25792989879846573 6.98502497273691 5.264950109052363
      vertex -0.22763847559690475 6.605906404087962 5.1763743836481515
    endloop
  endfacet
  facet normal 0.1668404648790802 0.23913622247321867 -0.9565448898928747
    outer loop
      vertex -0.22763847559690475 6.605906404087962 5.1763743836481515
      vertex -0.22763847559690475 6.983565227617374 5.2707890895305045
      vertex -0.19681210815906525 6.604641290687282 5.181434837250873
    endloop
  endfacet
  facet normal 0.13936373156274645 0.24016878260248398 -0.9606751304099359
    outer loop
      vertex -0.19681210815906525 6.604641290687282 5.181434837250873
      vertex -0.19681210815906525 6.982300114216694 5.275849543133226
      vertex -0.1654507964849472 6.603570810812488 5.185716756750051
    endloop
  endfacet
  facet normal 0.11249875707872503 0.24099597624853578 -0.9639839049941431
    outer loop
      vertex -0.1654507964849472 6.603570810812488 5.185716756750051
      vertex -0.1654507964849472 6.9812296343419 5.280131462632404
      vertex -0.13355453312397003 6.602694962656548 5.189220149373811
    endloop
  endfacet
  facet normal 0.0862824704288141 0.24163114029162244 -0.9665245611664874
    outer loop
      vertex -0.13355453312397003 6.602694962656548 5.189220149373811
      vertex -0.13355453312397003 6.980353786185959 5.283634855256164
      vertex -0.10112331807613373 6.6020137480264935 5.191945007894026
    endloop
  endfacet
  facet normal 0.06074474412042467 0.24208774248700726 -0.968350969948029
    outer loop
      vertex -0.10112331807613373 6.6020137480264935 5.191945007894026
      vertex -0.10112331807613373 6.979672571555906 5.286359713776379
      vertex -0.06815716624259949 6.601527166922326 5.193891332310699
    endloop
  endfacet
  facet normal 0.035908118329348544 0.24237921273686786 -0.9695168509474714
    outer loop
      vertex -0.06815716624259949 6.601527166922326 5.193891332310699
      vertex -0.06815716624259949 6.979185990451738 5.288306038193052
      vertex -0.03465605527162552 6.601235217537012 5.195059129851951
    endloop
  endfacet
  facet normal 0.011787960927037414 0.24251877355798576 -0.970075094231943
    outer loop
      vertex -0.03465605527162552 6.601235217537012 5.195059129851951
      vertex -0.03465605527162552 6.978894041066424 5.289473835734304
      vertex -0.0006200000643730164 6.6011379016775855 5.195448393289661
    endloop
  endfacet
  facet normal -0.5670396799582682 -0.19977428459504062 0.7990971383801625
    outer loop
      vertex -0.41238802671432495 6.681307237579611 4.874771049681556
      vertex -0.38682401180267334 6.677038946709909 4.891844213160365
      vertex -0.38682401180267334 7.054697770239321 4.986258919042718
    endloop
  endfacet
  facet normal -0.6122427307006487 -0.19176561040901455 0.7670624416360582
    outer loop
      vertex -0.43693363666534424 6.685916992297139 4.856332030811442
      vertex -0.41238802671432495 6.681307237579611 4.874771049681556
      vertex -0.41238802671432495 7.0589660611090235 4.969185755563909
    endloop
  endfacet
  facet normal -0.6122427307006485 -0.19176561040901455 0.7670624416360582
    outer loop
      vertex -0.43693363666534424 6.685916992297139 4.856332030811442
      vertex -0.41238802671432495 7.0589660611090235 4.969185755563909
      vertex -0.43693363666534424 7.063575815826551 4.950746736693795
    endloop
  endfacet
  facet normal -0.5670396799582681 -0.1997742845950406 0.7990971383801624
    outer loop
      vertex -0.41238802671432495 6.681307237579611 4.874771049681556
      vertex -0.38682401180267334 7.054697770239321 4.986258919042718
      vertex -0.41238802671432495 7.0589660611090235 4.969185755563909
    endloop
  endfacet
  facet normal -0.6553734609747918 -0.18318836763897134 0.7327534705558837
    outer loop
      vertex -0.46046082675457 6.690868210862495 4.836527156550025
      vertex -0.43693363666534424 7.063575815826551 4.950746736693795
      vertex -0.46046082675457 7.068527034391906 4.930941862432378
    endloop
  endfacet
  facet normal -0.5201841483463567 -0.2071385515016144 0.8285542060064558
    outer loop
      vertex -0.3602415919303894 6.673112119688033 4.907551521247869
      vertex -0.3602415919303894 7.050770943217445 5.001966227130222
      vertex -0.38682401180267334 6.677038946709909 4.891844213160365
    endloop
  endfacet
  facet normal -0.4721389799425298 -0.21380100473252436 0.8552040189300975
    outer loop
      vertex -0.3602415919303894 6.673112119688033 4.907551521247869
      vertex -0.33264075964689255 6.669526754706952 4.921892981172193
      vertex -0.33264075964689255 7.047185578236364 5.016307687054546
    endloop
  endfacet
  facet normal -0.42338716690834816 -0.2197248689902526 0.8788994759610104
    outer loop
      vertex -0.33264075964689255 6.669526754706952 4.921892981172193
      vertex -0.30402152240276337 6.666282853573697 4.934868585705212
      vertex -0.30402152240276337 7.043941677103109 5.029283291587565
    endloop
  endfacet
  facet normal -0.37440957606190906 -0.22489441566487067 0.8995776626594827
    outer loop
      vertex -0.30402152240276337 6.666282853573697 4.934868585705212
      vertex -0.27438387274742126 6.663380414481237 4.946478342075052
      vertex -0.27438387274742126 7.041039238010649 5.040893047957405
    endloop
  endfacet
  facet normal -0.520184148346362 -0.20713855150161326 0.828554206006453
    outer loop
      vertex -0.38682401180267334 6.677038946709909 4.891844213160365
      vertex -0.3602415919303894 7.050770943217445 5.001966227130222
      vertex -0.38682401180267334 7.054697770239321 4.986258919042718
    endloop
  endfacet
  facet normal -0.4721389799425245 -0.2138010047325255 0.8552040189301
    outer loop
      vertex -0.3602415919303894 6.673112119688033 4.907551521247869
      vertex -0.33264075964689255 7.047185578236364 5.016307687054546
      vertex -0.3602415919303894 7.050770943217445 5.001966227130222
    endloop
  endfacet
  facet normal -0.42338716690834816 -0.2197248689902526 0.8788994759610104
    outer loop
      vertex -0.33264075964689255 6.669526754706952 4.921892981172193
      vertex -0.30402152240276337 7.043941677103109 5.029283291587565
      vertex -0.33264075964689255 7.047185578236364 5.016307687054546
    endloop
  endfacet
  facet normal -0.3744095760619092 -0.22489441566487062 0.8995776626594825
    outer loop
      vertex -0.30402152240276337 6.666282853573697 4.934868585705212
      vertex -0.27438387274742126 7.041039238010649 5.040893047957405
      vertex -0.30402152240276337 7.043941677103109 5.029283291587565
    endloop
  endfacet
  facet normal -0.3256631494880472 -0.22931400422404694 0.9172560168961877
    outer loop
      vertex -0.27438387274742126 6.663380414481237 4.946478342075052
      vertex -0.24372781813144684 7.038478262766016 5.05113694893594
      vertex -0.27438387274742126 7.041039238010649 5.040893047957405
    endloop
  endfacet
  facet normal 0.4611643995641071 0.21520542806606624 -0.860821712264263
    outer loop
      vertex -0.5064800009131432 6.629262333228651 5.0829506670854006
      vertex -0.5064800009131432 7.006921156758062 5.177365372967754
      vertex -0.481003113090992 6.626050891797235 5.09579643281106
    endloop
  endfacet
  facet normal 0.43140401819930313 0.21880565820750014 -0.8752226328300006
    outer loop
      vertex -0.481003113090992 6.626050891797235 5.09579643281106
      vertex -0.481003113090992 7.003709715326647 5.190211138693413
      vertex -0.45499128103256226 6.623034083891707 5.107863664433175
    endloop
  endfacet
  facet normal 0.4014530650640378 0.22213343056273624 -0.888533722250945
    outer loop
      vertex -0.45499128103256226 6.623034083891707 5.107863664433175
      vertex -0.45499128103256226 7.000692907421119 5.202278370315528
      vertex -0.4284444972872734 6.620211909512063 5.119152361951747
    endloop
  endfacet
  facet normal 0.49082468240761035 0.2113111910874397 -0.8452447643497569
    outer loop
      vertex -0.5064800009131432 6.629262333228651 5.0829506670854006
      vertex -0.5313420742750168 7.010318131506129 5.163777473975485
      vertex -0.5064800009131432 7.006921156758062 5.177365372967754
    endloop
  endfacet
  facet normal -0.32566314948804737 -0.22931400422404694 0.9172560168961877
    outer loop
      vertex -0.27438387274742126 6.663380414481237 4.946478342075052
      vertex -0.24372781813144684 6.660819439236604 4.956722243053587
      vertex -0.24372781813144684 7.038478262766016 5.05113694893594
    endloop
  endfacet
  facet normal -0.2775643015481081 -0.23300568769959132 0.9320227507983652
    outer loop
      vertex -0.24372781813144684 6.660819439236604 4.956722243053587
      vertex -0.2120533585548401 6.658599927839796 4.965600288640818
      vertex -0.2120533585548401 7.036258751369208 5.060014994523171
    endloop
  endfacet
  facet normal -0.23047596015213878 -0.23600608563837977 0.9440243425535167
    outer loop
      vertex -0.2120533585548401 6.658599927839796 4.965600288640818
      vertex -0.17936048656702042 6.656721880290815 4.973112478836744
      vertex -0.17936048656702042 7.034380703820226 5.067527184719097
    endloop
  endfacet
  facet normal -0.18470078629734193 -0.2383627511787004 0.9534510047148016
    outer loop
      vertex -0.17936048656702042 6.656721880290815 4.973112478836744
      vertex -0.14564920216798782 6.655185294782628 4.9792588208694895
      vertex -0.14564920216798782 7.03284411831204 5.0736735267518425
    endloop
  endfacet
  facet normal -0.14047778396235036 -0.24013060076611586 0.9605224030644635
    outer loop
      vertex -0.14564920216798782 6.655185294782628 4.9792588208694895
      vertex -0.1109195128083229 6.653990173122267 4.9840393075109315
      vertex -0.1109195128083229 7.031648996651679 5.0784540133932845
    endloop
  endfacet
  facet normal -0.27756430154810824 -0.2330056876995913 0.9320227507983652
    outer loop
      vertex -0.24372781813144684 6.660819439236604 4.956722243053587
      vertex -0.2120533585548401 7.036258751369208 5.060014994523171
      vertex -0.24372781813144684 7.038478262766016 5.05113694893594
    endloop
  endfacet
  facet normal -0.23047596015214483 -0.23600608563837885 0.9440243425535154
    outer loop
      vertex -0.2120533585548401 6.658599927839796 4.965600288640818
      vertex -0.17936048656702042 7.034380703820226 5.067527184719097
      vertex -0.2120533585548401 7.036258751369208 5.060014994523171
    endloop
  endfacet
  facet normal -0.1847007862973361 -0.2383627511787012 0.9534510047148026
    outer loop
      vertex -0.17936048656702042 6.656721880290815 4.973112478836744
      vertex -0.14564920216798782 7.03284411831204 5.0736735267518425
      vertex -0.17936048656702042 7.034380703820226 5.067527184719097
    endloop
  endfacet
  facet normal -0.14047778396235022 -0.24013060076611586 0.9605224030644635
    outer loop
      vertex -0.14564920216798782 6.655185294782628 4.9792588208694895
      vertex -0.1109195128083229 7.031648996651679 5.0784540133932845
      vertex -0.14564920216798782 7.03284411831204 5.0736735267518425
    endloop
  endfacet
  facet normal -0.09798519468251843 -0.2413685126916966 0.9654740507667864
    outer loop
      vertex -0.1109195128083229 6.653990173122267 4.9840393075109315
      vertex -0.07517141848802567 6.6531365153097335 4.987453938761068
      vertex -0.07517141848802567 7.0307953388391455 5.081868644643421
    endloop
  endfacet
  facet normal -0.057344439030983164 -0.24213652144681985 0.9685460857872771
    outer loop
      vertex -0.07517141848802567 6.6531365153097335 4.987453938761068
      vertex -0.0384049117565155 6.652624321345026 4.9895027146199
      vertex -0.0384049117565155 7.030283144874437 5.083917420502253
    endloop
  endfacet
  facet normal -0.01862710775586385 -0.24249354519688968 0.9699741807875587
    outer loop
      vertex -0.0384049117565155 6.652624321345026 4.9895027146199
      vertex -0.0006200000643730164 6.652453589421112 4.990185642315552
      vertex -0.0006200000643730164 7.030112412950524 5.084600348197905
    endloop
  endfacet
  facet normal -0.09798519468251865 -0.2413685126916966 0.9654740507667864
    outer loop
      vertex -0.1109195128083229 6.653990173122267 4.9840393075109315
      vertex -0.07517141848802567 7.0307953388391455 5.081868644643421
      vertex -0.1109195128083229 7.031648996651679 5.0784540133932845
    endloop
  endfacet
  facet normal -0.0573444390309891 -0.24213652144681924 0.968546085787277
    outer loop
      vertex -0.07517141848802567 6.6531365153097335 4.987453938761068
      vertex -0.0384049117565155 7.030283144874437 5.083917420502253
      vertex -0.07517141848802567 7.0307953388391455 5.081868644643421
    endloop
  endfacet
  facet normal -0.018627107755858012 -0.2424935451968902 0.9699741807875586
    outer loop
      vertex -0.0384049117565155 6.652624321345026 4.9895027146199
      vertex -0.0006200000643730164 7.030112412950524 5.084600348197905
      vertex -0.0384049117565155 7.030283144874437 5.083917420502253
    endloop
  endfacet
  facet normal 0.3714183776207713 0.22518598702165052 -0.9007439480866021
    outer loop
      vertex -0.4284444972872734 6.620211909512063 5.119152361951747
      vertex -0.4284444972872734 6.997870733041475 5.2135670678341
      vertex -0.401362769305706 6.6175843686583065 5.129662525366776
    endloop
  endfacet
  facet normal 0.4014530650640377 0.22213343056273627 -0.8885337222509451
    outer loop
      vertex -0.4284444972872734 6.620211909512063 5.119152361951747
      vertex -0.45499128103256226 7.000692907421119 5.202278370315528
      vertex -0.4284444972872734 6.997870733041475 5.2135670678341
    endloop
  endfacet
  facet normal 0.37141837762077146 0.22518598702165046 -0.9007439480866019
    outer loop
      vertex -0.401362769305706 6.6175843686583065 5.129662525366776
      vertex -0.4284444972872734 6.997870733041475 5.2135670678341
      vertex -0.401362769305706 6.9952431921877185 5.224077231249129
    endloop
  endfacet
  facet normal 0.4611643995641014 0.21520542806606655 -0.8608217122642662
    outer loop
      vertex -0.481003113090992 6.626050891797235 5.09579643281106
      vertex -0.5064800009131432 7.006921156758062 5.177365372967754
      vertex -0.481003113090992 7.003709715326647 5.190211138693413
    endloop
  endfacet
  facet normal 0.4314040181993033 0.21880565820750014 -0.8752226328300006
    outer loop
      vertex -0.45499128103256226 6.623034083891707 5.107863664433175
      vertex -0.481003113090992 7.003709715326647 5.190211138693413
      vertex -0.45499128103256226 7.000692907421119 5.202278370315528
    endloop
  endfacet
  facet normal 0.34140373955015224 0.22796329511325383 -0.9118531804530153
    outer loop
      vertex -0.3737460896372795 6.615151459523404 5.139394161906385
      vertex -0.401362769305706 6.9952431921877185 5.224077231249129
      vertex -0.3737460896372795 6.992810283052816 5.233808867788738
    endloop
  endfacet
  facet normal 0.31150841340022134 0.23046787556938075 -0.9218715022775209
    outer loop
      vertex -0.34559446573257446 6.612913182107357 5.148347271570576
      vertex -0.3737460896372795 6.992810283052816 5.233808867788738
      vertex -0.34559446573257446 6.990572005636768 5.242761977452929
    endloop
  endfacet
  facet normal 0.28182557845887235 0.23270460236181809 -0.9308184094472723
    outer loop
      vertex -0.3169078901410103 6.6108695382171945 5.156521847131223
      vertex -0.34559446573257446 6.990572005636768 5.242761977452929
      vertex -0.3169078901410103 6.9885283617466065 5.250936553013576
    endloop
  endfacet
  facet normal 0.25244235489164374 0.23468036553585986 -0.9387214621434394
    outer loop
      vertex -0.28768637031316757 6.609020527852919 5.163917888588326
      vertex -0.3169078901410103 6.9885283617466065 5.250936553013576
      vertex -0.28768637031316757 6.986679351382331 5.258332594470679
    endloop
  endfacet
  facet normal 0.2234379801985887 0.23640387537939925 -0.945615501517597
    outer loop
      vertex -0.25792989879846573 6.607366149207498 5.17053540317001
      vertex -0.28768637031316757 6.986679351382331 5.258332594470679
      vertex -0.25792989879846573 6.98502497273691 5.264950109052363
    endloop
  endfacet
  facet normal 0.19488302036282504 0.23788536640875416 -0.9515414656350166
    outer loop
      vertex -0.22763847559690475 6.605906404087962 5.1763743836481515
      vertex -0.25792989879846573 6.98502497273691 5.264950109052363
      vertex -0.22763847559690475 6.983565227617374 5.2707890895305045
    endloop
  endfacet
  facet normal 0.16684046487907994 0.23913622247321867 -0.9565448898928747
    outer loop
      vertex -0.19681210815906525 6.604641290687282 5.181434837250873
      vertex -0.22763847559690475 6.983565227617374 5.2707890895305045
      vertex -0.19681210815906525 6.982300114216694 5.275849543133226
    endloop
  endfacet
  facet normal 0.13936373156274648 0.24016878260248398 -0.9606751304099359
    outer loop
      vertex -0.1654507964849472 6.603570810812488 5.185716756750051
      vertex -0.19681210815906525 6.982300114216694 5.275849543133226
      vertex -0.1654507964849472 6.9812296343419 5.280131462632404
    endloop
  endfacet
  facet normal 0.11249875707873191 0.2409959762485361 -0.9639839049941422
    outer loop
      vertex -0.13355453312397003 6.602694962656548 5.189220149373811
      vertex -0.1654507964849472 6.9812296343419 5.280131462632404
      vertex -0.13355453312397003 6.980353786185959 5.283634855256164
    endloop
  endfacet
  facet normal 0.08628247042880731 0.24163114029162203 -0.9665245611664881
    outer loop
      vertex -0.10112331807613373 6.6020137480264935 5.191945007894026
      vertex -0.13355453312397003 6.980353786185959 5.283634855256164
      vertex -0.10112331807613373 6.979672571555906 5.286359713776379
    endloop
  endfacet
  facet normal 0.060744744120424556 0.24208774248700726 -0.968350969948029
    outer loop
      vertex -0.06815716624259949 6.601527166922326 5.193891332310699
      vertex -0.10112331807613373 6.979672571555906 5.286359713776379
      vertex -0.06815716624259949 6.979185990451738 5.288306038193052
    endloop
  endfacet
  facet normal 0.035908118329348315 0.24237921273686788 -0.9695168509474715
    outer loop
      vertex -0.03465605527162552 6.601235217537012 5.195059129851951
      vertex -0.06815716624259949 6.979185990451738 5.288306038193052
      vertex -0.03465605527162552 6.978894041066424 5.289473835734304
    endloop
  endfacet
  facet normal 0.011787960927043926 0.24251877355798626 -0.9700750942319428
    outer loop
      vertex -0.0006200000643730164 6.6011379016775855 5.195448393289661
      vertex -0.03465605527162552 6.978894041066424 5.289473835734304
      vertex -0.0006200000643730164 6.978796725206997 5.289863099172014
    endloop
  endfacet
  facet normal -0.8874043398289322 -0.11180696012554983 0.4472278405021993
    outer loop
      vertex -0.0036148801445961 7.130362132750242 3.078551468999035
      vertex 0.008775502443313599 7.124577330682198 3.101690677271211
      vertex 0.008775502443313599 7.50223615421161 3.196105383153564
    endloop
  endfacet
  facet normal -0.9002137497993885 -0.10561172079342555 0.42244688317370216
    outer loop
      vertex 0.008775502443313599 7.124577330682198 3.101690677271211
      vertex 0.020832732319831848 7.118531831833824 3.125872672664705
      vertex 0.020832732319831848 7.496190655363236 3.220287378547058
    endloop
  endfacet
  facet normal -0.9116117607390131 -0.09969482778557318 0.3987793111422927
    outer loop
      vertex 0.032556816935539246 7.112225638012152 3.151097447951392
      vertex 0.032556816935539246 7.489884461541564 3.245512153833745
      vertex 0.020832732319831848 7.118531831833824 3.125872672664705
    endloop
  endfacet
  facet normal -0.9217508226959577 -0.09405111903494298 0.3762044761397719
    outer loop
      vertex 0.032556816935539246 7.112225638012152 3.151097447951392
      vertex 0.043947748839855194 7.10565874560312 3.177365017587522
      vertex 0.043947748839855194 7.483317569132532 3.271779723469875
    endloop
  endfacet
  facet normal -0.9307681613077681 -0.088673435870965 0.3546937434838601
    outer loop
      vertex 0.043947748839855194 7.10565874560312 3.177365017587522
      vertex 0.05500553548336029 7.098831158220789 3.2046753671168453
      vertex 0.05500553548336029 7.476489981750201 3.2990900729991983
    endloop
  endfacet
  facet normal -0.9387877485625199 -0.08355257701834669 0.33421030807338675
    outer loop
      vertex 0.05500553548336029 7.098831158220789 3.2046753671168453
      vertex 0.06573016941547394 7.091742874058129 3.2330285037674864
      vertex 0.06573016941547394 7.469401697587541 3.3274432096498394
    endloop
  endfacet
  facet normal -0.9459200544799419 -0.07867851584049217 0.31471406336196867
    outer loop
      vertex 0.06573016941547394 7.091742874058129 3.2330285037674864
      vertex 0.07612165808677673 7.084393893115139 3.2624244275394454
      vertex 0.07612165808677673 7.462052716644551 3.3568391334217984
    endloop
  endfacet
  facet normal -0.9522638123893276 -0.07404038310422366 0.29616153241689464
    outer loop
      vertex 0.08618000149726868 7.076784217198851 3.2928631312045975
      vertex 0.08618000149726868 7.454443040728263 3.3872778370869505
      vertex 0.07612165808677673 7.084393893115139 3.2624244275394454
    endloop
  endfacet
  facet normal -0.06283843251723349 -0.24205630499568406 0.9682252199827339
    outer loop
      vertex 0.08618000149726868 7.076784217198851 3.2928631312045975
      vertex 0.11751716583967209 7.07630567557659 3.294777297693644
      vertex 0.11751716583967209 7.453964499106001 3.389192003575997
    endloop
  endfacet
  facet normal -0.08817437344527915 -0.2415909620275234 0.9663638481100936
    outer loop
      vertex 0.11751716583967209 7.07630567557659 3.294777297693644
      vertex 0.1483427658677101 7.075643879304047 3.2974244827838146
      vertex 0.1483427658677101 7.453302702833459 3.3918391886661676
    endloop
  endfacet
  facet normal -1.7131588114812425e-14 0.9701425001453321 0.24253562503633216
    outer loop
      vertex 0.08618000149726868 7.076784217198851 3.2928631312045975
      vertex 0.07578996568918228 7.026405019772041 3.4943799209118356
      vertex 0.11751716583967209 7.07630567557659 3.294777297693644
    endloop
  endfacet
  facet normal 1.040677895759283e-14 0.9701425001453315 0.24253562503633372
    outer loop
      vertex 0.11751716583967209 7.07630567557659 3.294777297693644
      vertex 0.1111777126789093 7.025520141881086 3.4979194324756597
      vertex 0.1483427658677101 7.075643879304047 3.2974244827838146
    endloop
  endfacet
  facet normal -2.8656081919370325e-15 0.9701425001453327 0.24253562503632978
    outer loop
      vertex -0.03629910200834274 7.0269416357637144 3.4922334569451445
      vertex 0.0020999982953071594 7.027112920639182 3.4915483174432764
      vertex 0.08618000149726868 7.076784217198851 3.2928631312045975
    endloop
  endfacet
  facet normal 8.54966685352292e-15 0.9701425001453315 0.24253562503633436
    outer loop
      vertex 0.08618000149726868 7.076784217198851 3.2928631312045975
      vertex 0.0020999982953071594 7.027112920639182 3.4915483174432764
      vertex 0.039430730044841766 7.026935945422396 3.492256218310416
    endloop
  endfacet
  facet normal 2.9424023946062683e-15 0.9701425001453319 0.2425356250363331
    outer loop
      vertex 0.08618000149726868 7.076784217198851 3.2928631312045975
      vertex 0.039430730044841766 7.026935945422396 3.492256218310416
      vertex 0.07578996568918228 7.026405019772041 3.4943799209118356
    endloop
  endfacet
  facet normal -1.2209833178213744e-14 0.970142500145332 0.24253562503633314
    outer loop
      vertex 0.11751716583967209 7.07630567557659 3.294777297693644
      vertex 0.07578996568918228 7.026405019772041 3.4943799209118356
      vertex 0.1111777126789093 7.025520141881086 3.4979194324756597
    endloop
  endfacet
  facet normal -7.155657312395678e-15 0.9701425001453318 0.24253562503633339
    outer loop
      vertex 0.1483427658677101 7.075643879304047 3.2974244827838146
      vertex 0.14559397846460342 7.02428131355656 3.502874745773763
      vertex 0.17865681648254395 7.0747988319952855 3.300804672018861
    endloop
  endfacet
  facet normal -3.7505371487352265e-15 0.9701425001453317 0.2425356250363339
    outer loop
      vertex 0.17865681648254395 7.0747988319952855 3.300804672018861
      vertex 0.14559397846460342 7.02428131355656 3.502874745773763
      vertex 0.208459310233593 7.073770531843274 3.3049178726269073
    endloop
  endfacet
  facet normal -3.4498827868320875e-16 0.9701425001453313 0.24253562503633488
    outer loop
      vertex 0.208459310233593 7.073770531843274 3.3049178726269073
      vertex 0.17903875559568405 7.022688534798464 3.5092458608061463
      vertex 0.23775023967027664 7.072558978848012 3.309764084607954
    endloop
  endfacet
  facet normal -9.917508365987894e-17 0.9701425001453319 0.24253562503633344
    outer loop
      vertex 0.23775023967027664 7.072558978848012 3.309764084607954
      vertex 0.21151204407215118 7.020741803799767 3.5170327848009335
      vertex 0.2665296196937561 7.0711641712024695 3.315343315190125
    endloop
  endfacet
  facet normal 7.073667702281188e-15 0.9701425001453312 0.2425356250363353
    outer loop
      vertex 0.2665296196937561 7.0711641712024695 3.315343315190125
      vertex 0.21151204407215118 7.020741803799767 3.5170327848009335
      vertex 0.2947974428534508 7.069586112520708 3.321655549917172
    endloop
  endfacet
  facet normal 9.242587646185608e-15 0.9701425001453318 0.24253562503633355
    outer loop
      vertex 0.1483427658677101 7.075643879304047 3.2974244827838146
      vertex 0.1111777126789093 7.025520141881086 3.4979194324756597
      vertex 0.14559397846460342 7.02428131355656 3.502874745773763
    endloop
  endfacet
  facet normal -4.1178989976105043e-16 0.9701425001453313 0.24253562503633488
    outer loop
      vertex 0.208459310233593 7.073770531843274 3.3049178726269073
      vertex 0.14559397846460342 7.02428131355656 3.502874745773763
      vertex 0.17903875559568405 7.022688534798464 3.5092458608061463
    endloop
  endfacet
  facet normal -9.70319863969618e-15 0.970142500145332 0.2425356250363323
    outer loop
      vertex 0.23775023967027664 7.072558978848012 3.309764084607954
      vertex 0.17903875559568405 7.022688534798464 3.5092458608061463
      vertex 0.21151204407215118 7.020741803799767 3.5170327848009335
    endloop
  endfacet
  facet normal 6.246329953680686e-15 0.9701425001453313 0.24253562503633497
    outer loop
      vertex 0.2947974428534508 7.069586112520708 3.321655549917172
      vertex 0.21151204407215118 7.020741803799767 3.5170327848009335
      vertex 0.24301384389400482 7.0184411223675 3.5262355105300007
    endloop
  endfacet
  facet normal -0.11418568111723423 -0.24094930272567266 0.9637972109026907
    outer loop
      vertex 0.1483427658677101 7.075643879304047 3.2974244827838146
      vertex 0.17865681648254395 7.0747988319952855 3.300804672018861
      vertex 0.17865681648254395 7.4524576555246975 3.395219377901214
    endloop
  endfacet
  facet normal -0.19595438986787972 -0.23783358951060862 0.9513343580424322
    outer loop
      vertex 0.23775023967027664 7.072558978848012 3.309764084607954
      vertex 0.2665296196937561 7.0711641712024695 3.315343315190125
      vertex 0.2665296196937561 7.448822994731881 3.409758021072478
    endloop
  endfacet
  facet normal -0.14084481041829428 -0.2401179537813275 0.9604718151253077
    outer loop
      vertex 0.17865681648254395 7.0747988319952855 3.300804672018861
      vertex 0.208459310233593 7.073770531843274 3.3049178726269073
      vertex 0.208459310233593 7.451429355372685 3.3993325785092603
    endloop
  endfacet
  facet normal -0.16811564170113705 -0.23908368348088788 0.9563347339235492
    outer loop
      vertex 0.208459310233593 7.073770531843274 3.3049178726269073
      vertex 0.23775023967027664 7.072558978848012 3.309764084607954
      vertex 0.23775023967027664 7.4502178023774235 3.404178790490307
    endloop
  endfacet
  facet normal 0.019542830330050023 0.24248930574147348 -0.9699572229658939
    outer loop
      vertex 0.0020999982953071594 7.027112920639182 3.4915483174432764
      vertex 0.0020999982953071594 7.404771744168594 3.5859630233256294
      vertex 0.039430730044841766 7.026935945422396 3.492256218310416
    endloop
  endfacet
  facet normal 0.06009768269675976 0.24209724207366606 -0.9683889682946643
    outer loop
      vertex 0.039430730044841766 7.026935945422396 3.492256218310416
      vertex 0.039430730044841766 7.404594768951808 3.5866709241927692
      vertex 0.07578996568918228 7.026405019772041 3.4943799209118356
    endloop
  endfacet
  facet normal 0.10255549186863236 0.24125680375503014 -0.9650272150201206
    outer loop
      vertex 0.07578996568918228 7.026405019772041 3.4943799209118356
      vertex 0.07578996568918228 7.404063843301453 3.5887946267941886
      vertex 0.1111777126789093 7.025520141881086 3.4979194324756597
    endloop
  endfacet
  facet normal 0.14680497769482406 0.23990786203482203 -0.9596314481392859
    outer loop
      vertex 0.1111777126789093 7.025520141881086 3.4979194324756597
      vertex 0.1111777126789093 7.403178965410497 3.5923341383580127
      vertex 0.14559397846460342 7.02428131355656 3.502874745773763
    endloop
  endfacet
  facet normal 0.19267991286516198 0.23799091074812492 -0.9519636429924997
    outer loop
      vertex 0.14559397846460342 7.02428131355656 3.502874745773763
      vertex 0.14559397846460342 7.401940137085972 3.597289451656116
      vertex 0.17903875559568405 7.022688534798464 3.5092458608061463
    endloop
  endfacet
  facet normal 0.23995340971522 0.23544980246403963 -0.9417992098561585
    outer loop
      vertex 0.17903875559568405 7.022688534798464 3.5092458608061463
      vertex 0.17903875559568405 7.400347358327876 3.6036605666884993
      vertex 0.21151204407215118 7.020741803799767 3.5170327848009335
    endloop
  endfacet
  facet normal 0.2883352581588206 0.23223502027326318 -0.9289400810930506
    outer loop
      vertex 0.21151204407215118 7.020741803799767 3.5170327848009335
      vertex 0.21151204407215118 7.3984006273291785 3.6114474906832865
      vertex 0.24301384389400482 7.0184411223675 3.5262355105300007
    endloop
  endfacet
  facet normal 0.3374749305645948 0.2283071552356376 -0.9132286209425504
    outer loop
      vertex 0.24301384389400482 7.0184411223675 3.5262355105300007
      vertex 0.24301384389400482 7.396099945896912 3.6206502164123537
      vertex 0.27354415506124496 7.015786490501664 3.5368540379933475
    endloop
  endfacet
  facet normal 7.164681016006372e-15 0.9701425001453313 0.24253562503633516
    outer loop
      vertex 0.2947974428534508 7.069586112520708 3.321655549917172
      vertex 0.24301384389400482 7.0184411223675 3.5262355105300007
      vertex 0.32255370169878006 7.0678247991886645 3.3287008032453436
    endloop
  endfacet
  facet normal -1.4680667920896178e-14 0.9701425001453329 0.24253562503632922
    outer loop
      vertex 0.32255370169878006 7.0678247991886645 3.3287008032453436
      vertex 0.27354415506124496 7.015786490501664 3.5368540379933475
      vertex 0.34979841113090515 7.065880234820403 3.336479060718391
    endloop
  endfacet
  facet normal 2.1104252269038883e-14 0.9701425001453295 0.24253562503634202
    outer loop
      vertex 0.34979841113090515 7.065880234820403 3.336479060718391
      vertex 0.27354415506124496 7.015786490501664 3.5368540379933475
      vertex 0.37653155624866486 7.063752417608891 3.344990329564438
    endloop
  endfacet
  facet normal -1.010544747662511e-14 0.9701425001453333 0.24253562503632706
    outer loop
      vertex 0.37653155624866486 7.063752417608891 3.344990329564438
      vertex 0.3031029775738716 7.012777908202257 3.548888367190974
      vertex 0.40275315195322037 7.061441345747098 3.35423461701161
    endloop
  endfacet
  facet normal 3.707782473624913e-15 0.9701425001453317 0.24253562503633416
    outer loop
      vertex 0.40275315195322037 7.061441345747098 3.35423461701161
      vertex 0.33169031143188477 7.009415373662249 3.5623385053510046
      vertex 0.4284631833434105 7.058947022849086 3.3642119086036573
    endloop
  endfacet
  facet normal -0.22430823573268052 -0.23635539235034975 0.945421569401399
    outer loop
      vertex 0.2665296196937561 7.0711641712024695 3.315343315190125
      vertex 0.2947974428534508 7.069586112520708 3.321655549917172
      vertex 0.2947974428534508 7.44724493605012 3.416070255799525
    endloop
  endfacet
  facet normal -0.25311751156896317 -0.2346375835369662 0.938550334147865
    outer loop
      vertex 0.2947974428534508 7.069586112520708 3.321655549917172
      vertex 0.32255370169878006 7.0678247991886645 3.3287008032453436
      vertex 0.32255370169878006 7.4454836227180765 3.4231155091276966
    endloop
  endfacet
  facet normal -0.28231197646920003 -0.23266991867324652 0.9306796746929841
    outer loop
      vertex 0.32255370169878006 7.0678247991886645 3.3287008032453436
      vertex 0.34979841113090515 7.065880234820403 3.336479060718391
      vertex 0.34979841113090515 7.443539058349814 3.430893766600744
    endloop
  endfacet
  facet normal -0.31181539954328363 -0.2304434544151855 0.921773817660742
    outer loop
      vertex 0.34979841113090515 7.065880234820403 3.336479060718391
      vertex 0.37653155624866486 7.063752417608891 3.344990329564438
      vertex 0.37653155624866486 7.441411241138303 3.439405035446791
    endloop
  endfacet
  facet normal -6.890351800910655e-15 0.9701425001453329 0.2425356250363293
    outer loop
      vertex 0.4284631833434105 7.058947022849086 3.3642119086036573
      vertex 0.33169031143188477 7.009415373662249 3.5623385053510046
      vertex 0.4536616578698158 7.056269445300793 3.37492221879683
    endloop
  endfacet
  facet normal 1.0554678594838325e-14 0.9701425001453307 0.24253562503633813
    outer loop
      vertex 0.4536616578698158 7.056269445300793 3.37492221879683
      vertex 0.3593061566352844 7.005698888688672 3.577204445245315
      vertex 0.47834858298301697 7.053408616716281 3.3863655331348776
    endloop
  endfacet
  facet normal -1.3531315932091412e-14 0.9701425001453339 0.2425356250363248
    outer loop
      vertex 0.3859505206346512 7.0016284532815245 3.593486186873905
      vertex 0.5025239437818527 7.050364535288519 3.3985418588459253
      vertex 0.47834858298301697 7.053408616716281 3.3863655331348776
    endloop
  endfacet
  facet normal -0.3415425922525625 -0.22795105997939427 0.9118042399175771
    outer loop
      vertex 0.37653155624866486 7.063752417608891 3.344990329564438
      vertex 0.40275315195322037 7.061441345747098 3.35423461701161
      vertex 0.40275315195322037 7.43910016927651 3.448649322893963
    endloop
  endfacet
  facet normal -0.3714013925216207 -0.2251876349171692 0.9007505396686769
    outer loop
      vertex 0.40275315195322037 7.061441345747098 3.35423461701161
      vertex 0.4284631833434105 7.058947022849086 3.3642119086036573
      vertex 0.4284631833434105 7.436605846378498 3.4586266144860103
    endloop
  endfacet
  facet normal -0.4012948050264488 -0.2221502511495561 0.8886010045982244
    outer loop
      vertex 0.4284631833434105 7.058947022849086 3.3642119086036573
      vertex 0.4536616578698158 7.056269445300793 3.37492221879683
      vertex 0.4536616578698158 7.433928268830205 3.469336924679183
    endloop
  endfacet
  facet normal -0.4311195840180165 -0.2188386330389603 0.8753545321558412
    outer loop
      vertex 0.4536616578698158 7.056269445300793 3.37492221879683
      vertex 0.47834858298301697 7.053408616716281 3.3863655331348776
      vertex 0.47834858298301697 7.431067440245693 3.4807802390172307
    endloop
  endfacet
  facet normal -0.4607712621837657 -0.21525495744042958 0.8610198297617183
    outer loop
      vertex 0.47834858298301697 7.053408616716281 3.3863655331348776
      vertex 0.5025239437818527 7.050364535288519 3.3985418588459253
      vertex 0.5025239437818527 7.428023358817931 3.4929565647282783
    endloop
  endfacet
  facet normal -0.49014253464981977 -0.21140430956248552 0.8456172382499421
    outer loop
      vertex 0.5025239437818527 7.050364535288519 3.3985418588459253
      vertex 0.5261877477169037 7.047137199210476 3.4114512031580984
      vertex 0.5261877477169037 7.424796022739888 3.5058659090404514
    endloop
  endfacet
  facet normal 1.2305620341591252e-16 0.970142500145332 0.24253562503633255
    outer loop
      vertex 0.32255370169878006 7.0678247991886645 3.3287008032453436
      vertex 0.24301384389400482 7.0184411223675 3.5262355105300007
      vertex 0.27354415506124496 7.015786490501664 3.5368540379933475
    endloop
  endfacet
  facet normal -5.367104723626991e-15 0.970142500145333 0.24253562503632864
    outer loop
      vertex 0.37653155624866486 7.063752417608891 3.344990329564438
      vertex 0.27354415506124496 7.015786490501664 3.5368540379933475
      vertex 0.3031029775738716 7.012777908202257 3.548888367190974
    endloop
  endfacet
  facet normal 6.6099911350988984e-15 0.9701425001453313 0.24253562503633508
    outer loop
      vertex 0.40275315195322037 7.061441345747098 3.35423461701161
      vertex 0.3031029775738716 7.012777908202257 3.548888367190974
      vertex 0.33169031143188477 7.009415373662249 3.5623385053510046
    endloop
  endfacet
  facet normal -2.082328601684065e-16 0.9701425001453318 0.2425356250363334
    outer loop
      vertex 0.4536616578698158 7.056269445300793 3.37492221879683
      vertex 0.33169031143188477 7.009415373662249 3.5623385053510046
      vertex 0.3593061566352844 7.005698888688672 3.577204445245315
    endloop
  endfacet
  facet normal 0.3869672175781522 0.22364051675950888 -0.8945620670380355
    outer loop
      vertex 0.27354415506124496 7.015786490501664 3.5368540379933475
      vertex 0.27354415506124496 7.393445314031076 3.6312687438757005
      vertex 0.3031029775738716 7.012777908202257 3.548888367190974
    endloop
  endfacet
  facet normal 0.4363642155644077 0.21822630878420723 -0.8729052351368268
    outer loop
      vertex 0.3031029775738716 7.012777908202257 3.548888367190974
      vertex 0.3031029775738716 7.390436731731668 3.643303073073327
      vertex 0.33169031143188477 7.009415373662249 3.5623385053510046
    endloop
  endfacet
  facet normal -8.279849502589006e-15 0.9701425001453334 0.24253562503632706
    outer loop
      vertex 0.3593061566352844 7.005698888688672 3.577204445245315
      vertex 0.3859505206346512 7.0016284532815245 3.593486186873905
      vertex 0.47834858298301697 7.053408616716281 3.3863655331348776
    endloop
  endfacet
  facet normal 7.200781841523369e-15 0.970142500145331 0.2425356250363364
    outer loop
      vertex 0.3859505206346512 7.0016284532815245 3.593486186873905
      vertex 0.5261877477169037 7.047137199210476 3.4114512031580984
      vertex 0.5025239437818527 7.050364535288519 3.3985418588459253
    endloop
  endfacet
  facet normal -6.715832889780093e-15 0.9701425001453329 0.24253562503632872
    outer loop
      vertex 0.41162338852882385 6.997204065633776 3.6111837374648994
      vertex 0.5493400022387505 7.043726612096214 3.4250935516151464
      vertex 0.5261877477169037 7.047137199210476 3.4114512031580984
    endloop
  endfacet
  facet normal 6.120051366173217e-15 0.9701425001453307 0.24253562503633794
    outer loop
      vertex 0.41162338852882385 6.997204065633776 3.6111837374648994
      vertex 0.5719173699617386 7.04014357999244 3.4394256800302405
      vertex 0.5493400022387505 7.043726612096214 3.4250935516151464
    endloop
  endfacet
  facet normal 6.2835971694473496e-15 0.9701425001453312 0.24253562503633586
    outer loop
      vertex 0.3859505206346512 7.0016284532815245 3.593486186873905
      vertex 0.41162338852882385 6.997204065633776 3.6111837374648994
      vertex 0.5261877477169037 7.047137199210476 3.4114512031580984
    endloop
  endfacet
  facet normal -2.2474964292640884e-15 0.9701425001453325 0.24253562503633042
    outer loop
      vertex 0.41162338852882385 6.997204065633776 3.6111837374648994
      vertex 0.4363247752189636 6.992425727552457 3.6302970897901736
      vertex 0.5719173699617386 7.04014357999244 3.4394256800302405
    endloop
  endfacet
  facet normal 1.27928663789182e-14 0.9701425001453292 0.24253562503634377
    outer loop
      vertex 0.4363247752189636 6.992425727552457 3.6302970897901736
      vertex 0.4600546732544899 6.987293439037568 3.6508262438497274
      vertex 0.593856543302536 7.0363989143669565 3.4544043425321767
    endloop
  endfacet
  facet normal 0.5329668574460644 0.2052181520557584 -0.8208726082230337
    outer loop
      vertex 0.3593061566352844 7.005698888688672 3.577204445245315
      vertex 0.3593061566352844 7.383357712218084 3.671619151127668
      vertex 0.3859505206346512 7.0016284532815245 3.593486186873905
    endloop
  endfacet
  facet normal 0.43636421556440225 0.21822630878420735 -0.8729052351368294
    outer loop
      vertex 0.33169031143188477 7.009415373662249 3.5623385053510046
      vertex 0.3031029775738716 7.390436731731668 3.643303073073327
      vertex 0.33169031143188477 7.387074197191661 3.6567532112333576
    endloop
  endfacet
  facet normal 0.4851909877284846 0.21207514004503458 -0.8483005601801383
    outer loop
      vertex 0.33169031143188477 7.009415373662249 3.5623385053510046
      vertex 0.33169031143188477 7.387074197191661 3.6567532112333576
      vertex 0.3593061566352844 7.005698888688672 3.577204445245315
    endloop
  endfacet
  facet normal 0.4851909877284846 0.21207514004503458 -0.8483005601801383
    outer loop
      vertex 0.3593061566352844 7.005698888688672 3.577204445245315
      vertex 0.33169031143188477 7.387074197191661 3.6567532112333576
      vertex 0.3593061566352844 7.383357712218084 3.671619151127668
    endloop
  endfacet
  facet normal 0.5329668574460692 0.20521815205575814 -0.8208726082230305
    outer loop
      vertex 0.3859505206346512 7.0016284532815245 3.593486186873905
      vertex 0.3593061566352844 7.383357712218084 3.671619151127668
      vertex 0.3859505206346512 7.379287276810936 3.687900892756258
    endloop
  endfacet
  facet normal 0.5792275853382315 0.19770676509345922 -0.7908270603738351
    outer loop
      vertex 0.3859505206346512 7.0016284532815245 3.593486186873905
      vertex 0.3859505206346512 7.379287276810936 3.687900892756258
      vertex 0.41162338852882385 6.997204065633776 3.6111837374648994
    endloop
  endfacet
  facet normal 0.6235457892202294 0.18961115764292324 -0.758444630571693
    outer loop
      vertex 0.41162338852882385 6.997204065633776 3.6111837374648994
      vertex 0.41162338852882385 7.374862889163188 3.7055984433472524
      vertex 0.4363247752189636 6.992425727552457 3.6302970897901736
    endloop
  endfacet
  facet normal 0.6655529031921675 0.1810166279415301 -0.7240665117661187
    outer loop
      vertex 0.4363247752189636 6.992425727552457 3.6302970897901736
      vertex 0.4363247752189636 7.370084551081868 3.7247117956725266
      vertex 0.4600546732544899 6.987293439037568 3.6508262438497274
    endloop
  endfacet
  facet normal 0.704952117002453 0.17201958040630824 -0.688078321625233
    outer loop
      vertex 0.4600546732544899 6.987293439037568 3.6508262438497274
      vertex 0.4600546732544899 7.36495226256698 3.7452409497320804
      vertex 0.4828130826354027 6.9818072000891105 3.6727711996435604
    endloop
  endfacet
  facet normal 0.7415280768663471 0.16272244706119116 -0.6508897882447646
    outer loop
      vertex 0.4828130826354027 6.9818072000891105 3.6727711996435604
      vertex 0.4828130826354027 7.3594660236185225 3.7671859055259134
      vertex 0.504600003361702 6.975967008900051 3.696131964399798
    endloop
  endfacet
  facet normal 0.579227585338227 0.19770676509345958 -0.7908270603738383
    outer loop
      vertex 0.41162338852882385 6.997204065633776 3.6111837374648994
      vertex 0.3859505206346512 7.379287276810936 3.687900892756258
      vertex 0.41162338852882385 7.374862889163188 3.7055984433472524
    endloop
  endfacet
  facet normal 0.6235457892202335 0.18961115764292288 -0.7584446305716896
    outer loop
      vertex 0.4363247752189636 6.992425727552457 3.6302970897901736
      vertex 0.41162338852882385 7.374862889163188 3.7055984433472524
      vertex 0.4363247752189636 7.370084551081868 3.7247117956725266
    endloop
  endfacet
  facet normal 0.6655529031921638 0.18101662794153053 -0.7240665117661221
    outer loop
      vertex 0.4600546732544899 6.987293439037568 3.6508262438497274
      vertex 0.4363247752189636 7.370084551081868 3.7247117956725266
      vertex 0.4600546732544899 7.36495226256698 3.7452409497320804
    endloop
  endfacet
  facet normal 0.774651532870165 0.15337669940031837 -0.613506797601272
    outer loop
      vertex 0.504600003361702 6.975967008900051 3.696131964399798
      vertex 0.504600003361702 7.353625832429462 3.790546670282151
      vertex 0.5252746716141701 6.969824629686775 3.7207014812529033
    endloop
  endfacet
  facet normal 0.704952117002453 0.17201958040630824 -0.688078321625233
    outer loop
      vertex 0.4828130826354027 6.9818072000891105 3.6727711996435604
      vertex 0.4600546732544899 7.36495226256698 3.7452409497320804
      vertex 0.4828130826354027 7.3594660236185225 3.7671859055259134
    endloop
  endfacet
  facet normal 0.74152807686635 0.16272244706119074 -0.6508897882447614
    outer loop
      vertex 0.504600003361702 6.975967008900051 3.696131964399798
      vertex 0.4828130826354027 7.3594660236185225 3.7671859055259134
      vertex 0.504600003361702 7.353625832429462 3.790546670282151
    endloop
  endfacet
  facet normal 0.7746515328701623 0.1533766994003188 -0.6135067976012752
    outer loop
      vertex 0.5252746716141701 6.969824629686775 3.7207014812529033
      vertex 0.504600003361702 7.353625832429462 3.790546670282151
      vertex 0.5252746716141701 7.347483453216187 3.8151161871352564
    endloop
  endfacet
  facet normal -0.5191260743886266 -0.20729463528285152 0.8291785411314042
    outer loop
      vertex 0.5261877477169037 7.047137199210476 3.4114512031580984
      vertex 0.5493400022387505 7.043726612096214 3.4250935516151464
      vertex 0.5493400022387505 7.421385435625625 3.5195082574974994
    endloop
  endfacet
  facet normal -6.2034897951462345e-15 0.9701425001453332 0.24253562503632783
    outer loop
      vertex 0.4363247752189636 6.992425727552457 3.6302970897901736
      vertex 0.593856543302536 7.0363989143669565 3.4544043425321767
      vertex 0.5719173699617386 7.04014357999244 3.4394256800302405
    endloop
  endfacet
  facet normal -4.731949370499333e-15 0.9701425001453321 0.24253562503633258
    outer loop
      vertex 0.4600546732544899 6.987293439037568 3.6508262438497274
      vertex 0.6151575073599815 7.032492613412731 3.47002954634908
      vertex 0.593856543302536 7.0363989143669565 3.4544043425321767
    endloop
  endfacet
  facet normal 4.535390963639215e-15 0.9701425001453302 0.24253562503634
    outer loop
      vertex 0.4600546732544899 6.987293439037568 3.6508262438497274
      vertex 0.6358202770352364 7.028424677129763 3.4863012914809497
      vertex 0.6151575073599815 7.032492613412731 3.47002954634908
    endloop
  endfacet
  facet normal -3.1116382377649493e-15 0.9701425001453325 0.2425356250363304
    outer loop
      vertex 0.4828130826354027 6.9818072000891105 3.6727711996435604
      vertex 0.6558448448777199 7.024195109132116 3.503219563471537
      vertex 0.6358202770352364 7.028424677129763 3.4863012914809497
    endloop
  endfacet
  facet normal 1.7046626010230556e-14 0.9701425001453277 0.24253562503634998
    outer loop
      vertex 0.4828130826354027 6.9818072000891105 3.6727711996435604
      vertex 0.6752312108874321 7.019803903998696 3.5207843840052164
      vertex 0.6558448448777199 7.024195109132116 3.503219563471537
    endloop
  endfacet
  facet normal -1.5870310921040956e-14 0.9701425001453365 0.2425356250363149
    outer loop
      vertex 0.504600003361702 6.975967008900051 3.696131964399798
      vertex 0.693979375064373 7.015251065343566 3.538995738625738
      vertex 0.6752312108874321 7.019803903998696 3.5207843840052164
    endloop
  endfacet
  facet normal -0.5475373862687501 -0.2029492562828547 0.8117970251314188
    outer loop
      vertex 0.5719173699617386 7.04014357999244 3.4394256800302405
      vertex 0.5719173699617386 7.417802403521852 3.5338403859125935
      vertex 0.5493400022387505 7.043726612096214 3.4250935516151464
    endloop
  endfacet
  facet normal -0.5755176969702289 -0.19834304514476733 0.7933721805790674
    outer loop
      vertex 0.5719173699617386 7.04014357999244 3.4394256800302405
      vertex 0.593856543302536 7.0363989143669565 3.4544043425321767
      vertex 0.593856543302536 7.414057737896368 3.5488190484145297
    endloop
  endfacet
  facet normal -0.6031198177035791 -0.19345868771533997 0.7738347508613581
    outer loop
      vertex 0.593856543302536 7.0363989143669565 3.4544043425321767
      vertex 0.6151575073599815 7.032492613412731 3.47002954634908
      vertex 0.6151575073599815 7.410151436942142 3.564444252231433
    endloop
  endfacet
  facet normal -0.630231113102191 -0.1883064998531373 0.7532259994125492
    outer loop
      vertex 0.6151575073599815 7.032492613412731 3.47002954634908
      vertex 0.6358202770352364 7.028424677129763 3.4863012914809497
      vertex 0.6358202770352364 7.406083500659175 3.5807159973633027
    endloop
  endfacet
  facet normal -0.6567422611210466 -0.18289978008825064 0.7315991203530008
    outer loop
      vertex 0.6358202770352364 7.028424677129763 3.4863012914809497
      vertex 0.6558448448777199 7.024195109132116 3.503219563471537
      vertex 0.6558448448777199 7.401853932661528 3.59763426935389
    endloop
  endfacet
  facet normal -0.6825491290653922 -0.17725466664595632 0.7090186665838253
    outer loop
      vertex 0.6558448448777199 7.024195109132116 3.503219563471537
      vertex 0.6752312108874321 7.019803903998696 3.5207843840052164
      vertex 0.6752312108874321 7.397462727528108 3.6151990898875694
    endloop
  endfacet
  facet normal -0.7075527376025453 -0.17139035656706278 0.6855614262682511
    outer loop
      vertex 0.6752312108874321 7.019803903998696 3.5207843840052164
      vertex 0.693979375064373 7.015251065343566 3.538995738625738
      vertex 0.693979375064373 7.392909888872978 3.633410444508091
    endloop
  endfacet
  facet normal -0.7316635379222343 -0.16532827722890478 0.6613131089156191
    outer loop
      vertex 0.693979375064373 7.015251065343566 3.538995738625738
      vertex 0.7120893448591232 7.010536593166725 3.5578536273331007
      vertex 0.7120893448591232 7.388195416696137 3.6522683332154537
    endloop
  endfacet
  facet normal -1.056735782585045e-14 0.9701425001453339 0.2425356250363248
    outer loop
      vertex 0.4600546732544899 6.987293439037568 3.6508262438497274
      vertex 0.4828130826354027 6.9818072000891105 3.6727711996435604
      vertex 0.6358202770352364 7.028424677129763 3.4863012914809497
    endloop
  endfacet
  facet normal -4.9068787527028e-16 0.9701425001453328 0.24253562503632906
    outer loop
      vertex 0.4828130826354027 6.9818072000891105 3.6727711996435604
      vertex 0.504600003361702 6.975967008900051 3.696131964399798
      vertex 0.6752312108874321 7.019803903998696 3.5207843840052164
    endloop
  endfacet
  facet normal 2.1434129731291983e-15 0.9701425001453313 0.24253562503633544
    outer loop
      vertex 0.504600003361702 6.975967008900051 3.696131964399798
      vertex 0.5252746716141701 6.969824629686775 3.7207014812529033
      vertex 0.693979375064373 7.015251065343566 3.538995738625738
    endloop
  endfacet
  facet normal 2.085570215531085e-14 0.9701425001453272 0.24253562503635182
    outer loop
      vertex 0.5252746716141701 6.969824629686775 3.7207014812529033
      vertex 0.7120893448591232 7.010536593166725 3.5578536273331007
      vertex 0.693979375064373 7.015251065343566 3.538995738625738
    endloop
  endfacet
  facet normal -2.0510132575761967e-16 0.9701425001453329 0.2425356250363292
    outer loop
      vertex 0.5252746716141701 6.969824629686775 3.7207014812529033
      vertex 0.5446963310241699 6.963432968709398 3.7462681251624104
      vertex 0.7295611053705215 7.005660485661142 3.5773580573554313
    endloop
  endfacet
  facet normal 7.567082283496749e-15 0.9701425001453303 0.24253562503633952
    outer loop
      vertex 0.5446963310241699 6.963432968709398 3.7462681251624104
      vertex 0.5628649815917015 6.956792024160889 3.772831903356444
      vertex 0.7625900357961655 6.995423368277814 3.618306526888743
    endloop
  endfacet
  facet normal -8.249854014832774e-16 0.970142500145333 0.24253562503632856
    outer loop
      vertex 0.5252746716141701 6.969824629686775 3.7207014812529033
      vertex 0.7295611053705215 7.005660485661142 3.5773580573554313
      vertex 0.7120893448591232 7.010536593166725 3.5578536273331007
    endloop
  endfacet
  facet normal -1.7381552811918826e-14 0.9701425001453373 0.2425356250363115
    outer loop
      vertex 0.5446963310241699 6.963432968709398 3.7462681251624104
      vertex 0.7463946714997292 7.000622742826819 3.5975090286927287
      vertex 0.7295611053705215 7.005660485661142 3.5773580573554313
    endloop
  endfacet
  facet normal 1.9016172455444917e-14 0.9701425001453258 0.24253562503635792
    outer loop
      vertex 0.5446963310241699 6.963432968709398 3.7462681251624104
      vertex 0.7625900357961655 6.995423368277814 3.618306526888743
      vertex 0.7463946714997292 7.000622742826819 3.5975090286927287
    endloop
  endfacet
  facet normal -3.598817176540296e-15 0.9701425001453335 0.24253562503632597
    outer loop
      vertex 0.7625900357961655 6.995423368277814 3.618306526888743
      vertex 0.5628649815917015 6.956792024160889 3.772831903356444
      vertex 0.7781471982598305 6.990062356593038 3.6397505736278495
    endloop
  endfacet
  facet normal -1.206701068064526e-14 0.9701425001453369 0.242535625036313
    outer loop
      vertex 0.5628649815917015 6.956792024160889 3.772831903356444
      vertex 0.7930661588907242 6.984539711386551 3.661841154453798
      vertex 0.7781471982598305 6.990062356593038 3.6397505736278495
    endloop
  endfacet
  facet normal 6.640577413061181e-15 0.9701425001453284 0.24253562503634699
    outer loop
      vertex 0.5797806233167648 6.94990179784828 3.800392808606879
      vertex 0.8073469176888466 6.978855430851322 3.6845782765947135
      vertex 0.7930661588907242 6.984539711386551 3.661841154453798
    endloop
  endfacet
  facet normal 1.4649811887537605e-15 0.9701425001453303 0.2425356250363395
    outer loop
      vertex 0.5628649815917015 6.956792024160889 3.772831903356444
      vertex 0.5797806233167648 6.94990179784828 3.800392808606879
      vertex 0.7930661588907242 6.984539711386551 3.661841154453798
    endloop
  endfacet
  facet normal -6.746808349037492e-15 0.9701425001453347 0.24253562503632228
    outer loop
      vertex 0.5797806233167648 6.94990179784828 3.800392808606879
      vertex 0.5954432561993599 6.942762286157509 3.828950855369965
      vertex 0.8073469176888466 6.978855430851322 3.6845782765947135
    endloop
  endfacet
  facet normal 6.9584727227791155e-16 0.970142500145332 0.24253562503633253
    outer loop
      vertex 0.5954432561993599 6.942762286157509 3.828950855369965
      vertex 0.8209894821047783 6.973009516794383 3.707961932822471
      vertex 0.8073469176888466 6.978855430851322 3.6845782765947135
    endloop
  endfacet
  facet normal -6.738363457266547e-15 0.9701425001453352 0.2425356250363195
    outer loop
      vertex 0.5954432561993599 6.942762286157509 3.828950855369965
      vertex 0.8339938372373581 6.967001969215733 3.7319921231370703
      vertex 0.8209894821047783 6.973009516794383 3.707961932822471
    endloop
  endfacet
  facet normal 7.332833211887399e-15 0.9701425001453277 0.24253562503635012
    outer loop
      vertex 0.6098528727889061 6.935373494509668 3.858506021961328
      vertex 0.8463599979877472 6.960832786308341 3.756668854766637
      vertex 0.8339938372373581 6.967001969215733 3.7319921231370703
    endloop
  endfacet
  facet normal 4.187991081973661e-15 0.970142500145329 0.24253562503634477
    outer loop
      vertex 0.5954432561993599 6.942762286157509 3.828950855369965
      vertex 0.6098528727889061 6.935373494509668 3.858506021961328
      vertex 0.8339938372373581 6.967001969215733 3.7319921231370703
    endloop
  endfacet
  facet normal -1.1577789452834322e-15 0.9701425001453334 0.24253562503632678
    outer loop
      vertex 0.6098528727889061 6.935373494509668 3.858506021961328
      vertex 0.623009480535984 6.927735417483665 3.8890583300653425
      vertex 0.8580527305603027 6.954524172871863 3.7819033085125486
    endloop
  endfacet
  facet normal 4.204127699372477e-15 0.9701425001453293 0.24253562503634324
    outer loop
      vertex 0.6098528727889061 6.935373494509668 3.858506021961328
      vertex 0.8580527305603027 6.954524172871863 3.7819033085125486
      vertex 0.8463599979877472 6.960832786308341 3.756668854766637
    endloop
  endfacet
  facet normal -0.7769003422395822 -0.15270614961768927 0.6108245984707557
    outer loop
      vertex 0.7295611053705215 7.005660485661142 3.5773580573554313
      vertex 0.7463946714997292 7.000622742826819 3.5975090286927287
      vertex 0.7463946714997292 7.37828156635623 3.6919237345750817
    endloop
  endfacet
  facet normal -0.7979015361603189 -0.14619751719807886 0.5847900687923154
    outer loop
      vertex 0.7463946714997292 7.000622742826819 3.5975090286927287
      vertex 0.7625900357961655 6.995423368277814 3.618306526888743
      vertex 0.7625900357961655 7.373082191807226 3.712721232771096
    endloop
  endfacet
  facet normal -0.8177631739672938 -0.13959255653991468 0.5583702261596587
    outer loop
      vertex 0.7625900357961655 6.995423368277814 3.618306526888743
      vertex 0.7781471982598305 6.990062356593038 3.6397505736278495
      vertex 0.7781471982598305 7.36772118012245 3.7341652795102025
    endloop
  endfacet
  facet normal -0.7548024072170033 -0.1590917837305056 0.6363671349220222
    outer loop
      vertex 0.7120893448591232 7.010536593166725 3.5578536273331007
      vertex 0.7295611053705215 7.005660485661142 3.5773580573554313
      vertex 0.7295611053705215 7.383319309190554 3.6717727632377843
    endloop
  endfacet
  facet normal -0.7548024072170033 -0.15909178373050556 0.6363671349220222
    outer loop
      vertex 0.7120893448591232 7.010536593166725 3.5578536273331007
      vertex 0.7295611053705215 7.383319309190554 3.6717727632377843
      vertex 0.7120893448591232 7.388195416696137 3.6522683332154537
    endloop
  endfacet
  facet normal -0.7769003422395853 -0.15270614961768803 0.6108245984707521
    outer loop
      vertex 0.7295611053705215 7.005660485661142 3.5773580573554313
      vertex 0.7463946714997292 7.37828156635623 3.6919237345750817
      vertex 0.7295611053705215 7.383319309190554 3.6717727632377843
    endloop
  endfacet
  facet normal -0.797901536160316 -0.14619751719808008 0.584790068792319
    outer loop
      vertex 0.7463946714997292 7.000622742826819 3.5975090286927287
      vertex 0.7625900357961655 7.373082191807226 3.712721232771096
      vertex 0.7463946714997292 7.37828156635623 3.6919237345750817
    endloop
  endfacet
  facet normal -0.8177631739672938 -0.13959255653991462 0.5583702261596585
    outer loop
      vertex 0.7625900357961655 6.995423368277814 3.618306526888743
      vertex 0.7781471982598305 7.36772118012245 3.7341652795102025
      vertex 0.7625900357961655 7.373082191807226 3.712721232771096
    endloop
  endfacet
  facet normal 0.8050077549206367 0.14388772471815248 -0.5755508988726099
    outer loop
      vertex 0.5252746716141701 6.969824629686775 3.7207014812529033
      vertex 0.5252746716141701 7.347483453216187 3.8151161871352564
      vertex 0.5446963310241699 6.963432968709398 3.7462681251624104
    endloop
  endfacet
  facet normal 0.8332500516539432 0.13409705690912196 -0.5363882276364879
    outer loop
      vertex 0.5446963310241699 6.963432968709398 3.7462681251624104
      vertex 0.5446963310241699 7.34109179223881 3.8406828310447634
      vertex 0.5628649815917015 6.956792024160889 3.772831903356444
    endloop
  endfacet
  facet normal 0.859220498903444 0.12408254706494593 -0.4963301882597837
    outer loop
      vertex 0.5628649815917015 6.956792024160889 3.772831903356444
      vertex 0.5628649815917015 7.334450847690301 3.867246609238797
      vertex 0.5797806233167648 6.94990179784828 3.800392808606879
    endloop
  endfacet
  facet normal 0.8828142529948027 0.11392438015921137 -0.4556975206368455
    outer loop
      vertex 0.5797806233167648 6.94990179784828 3.800392808606879
      vertex 0.5797806233167648 7.3275606213776925 3.894807514489232
      vertex 0.5954432561993599 6.942762286157509 3.828950855369965
    endloop
  endfacet
  facet normal 0.8050077549206367 0.14388772471815248 -0.5755508988726099
    outer loop
      vertex 0.5446963310241699 6.963432968709398 3.7462681251624104
      vertex 0.5252746716141701 7.347483453216187 3.8151161871352564
      vertex 0.5446963310241699 7.34109179223881 3.8406828310447634
    endloop
  endfacet
  facet normal 0.8332500516539432 0.13409705690912196 -0.5363882276364879
    outer loop
      vertex 0.5628649815917015 6.956792024160889 3.772831903356444
      vertex 0.5446963310241699 7.34109179223881 3.8406828310447634
      vertex 0.5628649815917015 7.334450847690301 3.867246609238797
    endloop
  endfacet
  facet normal -6.478576334444253e-15 0.9701425001453361 0.24253562503631582
    outer loop
      vertex 0.623009480535984 6.927735417483665 3.8890583300653425
      vertex 0.8690368160605431 6.948098339127048 3.8076066434918094
      vertex 0.8580527305603027 6.954524172871863 3.7819033085125486
    endloop
  endfacet
  facet normal -0.8364545579702902 -0.1329183235389152 0.5316732941556596
    outer loop
      vertex 0.7781471982598305 6.990062356593038 3.6397505736278495
      vertex 0.7930661588907242 6.984539711386551 3.661841154453798
      vertex 0.7930661588907242 7.362198534915962 3.756255860336151
    endloop
  endfacet
  facet normal -0.8539585325494744 -0.1262012456091107 0.5048049824364427
    outer loop
      vertex 0.7930661588907242 6.984539711386551 3.661841154453798
      vertex 0.8073469176888466 6.978855430851322 3.6845782765947135
      vertex 0.8073469176888466 7.356514254380734 3.7789929824770665
    endloop
  endfacet
  facet normal -0.8364545579702927 -0.132918323538914 0.531673294155656
    outer loop
      vertex 0.7781471982598305 6.990062356593038 3.6397505736278495
      vertex 0.7930661588907242 7.362198534915962 3.756255860336151
      vertex 0.7781471982598305 7.36772118012245 3.7341652795102025
    endloop
  endfacet
  facet normal -0.8702696227411172 -0.11946714629210181 0.4778685851684073
    outer loop
      vertex 0.8073469176888466 6.978855430851322 3.6845782765947135
      vertex 0.8209894821047783 6.973009516794383 3.707961932822471
      vertex 0.8209894821047783 7.350668340323795 3.802376638704824
    endloop
  endfacet
  facet normal -0.8853944501673939 -0.1127403752544598 0.45096150101783816
    outer loop
      vertex 0.8209894821047783 6.973009516794383 3.707961932822471
      vertex 0.8339938372373581 6.967001969215733 3.7319921231370703
      vertex 0.8339938372373581 7.344660792745144 3.8264068290194233
    endloop
  endfacet
  facet normal -0.8993491570955742 -0.10604413443897122 0.4241765377558849
    outer loop
      vertex 0.8339938372373581 6.967001969215733 3.7319921231370703
      vertex 0.8463599979877472 6.960832786308341 3.756668854766637
      vertex 0.8463599979877472 7.338491609837753 3.85108356064899
    endloop
  endfacet
  facet normal -0.9120822231062629 -0.09944138631065315 0.3977655452426126
    outer loop
      vertex 0.8463599979877472 6.960832786308341 3.756668854766637
      vertex 0.8580527305603027 6.954524172871863 3.7819033085125486
      vertex 0.8580527305603027 7.332182996401275 3.8763180143949016
    endloop
  endfacet
  facet normal -0.9237593064878612 -0.09288473048609482 0.37153892194437926
    outer loop
      vertex 0.8580527305603027 6.954524172871863 3.7819033085125486
      vertex 0.8690368160605431 6.948098339127048 3.8076066434918094
      vertex 0.8690368160605431 7.32575716265646 3.9020213493741625
    endloop
  endfacet
  facet normal -0.8539585325494723 -0.12620124560911178 0.504804982436446
    outer loop
      vertex 0.7930661588907242 6.984539711386551 3.661841154453798
      vertex 0.8073469176888466 7.356514254380734 3.7789929824770665
      vertex 0.7930661588907242 7.362198534915962 3.756255860336151
    endloop
  endfacet
  facet normal -0.8702696227411172 -0.11946714629210183 0.4778685851684073
    outer loop
      vertex 0.8073469176888466 6.978855430851322 3.6845782765947135
      vertex 0.8209894821047783 7.350668340323795 3.802376638704824
      vertex 0.8073469176888466 7.356514254380734 3.7789929824770665
    endloop
  endfacet
  facet normal -0.8853944501673956 -0.11274037525445876 0.45096150101783505
    outer loop
      vertex 0.8209894821047783 6.973009516794383 3.707961932822471
      vertex 0.8339938372373581 7.344660792745144 3.8264068290194233
      vertex 0.8209894821047783 7.350668340323795 3.802376638704824
    endloop
  endfacet
  facet normal -0.8993491570955728 -0.10604413443897218 0.4241765377558877
    outer loop
      vertex 0.8339938372373581 6.967001969215733 3.7319921231370703
      vertex 0.8463599979877472 7.338491609837753 3.85108356064899
      vertex 0.8339938372373581 7.344660792745144 3.8264068290194233
    endloop
  endfacet
  facet normal -0.9120822231062629 -0.09944138631065313 0.39776554524261254
    outer loop
      vertex 0.8463599979877472 6.960832786308341 3.756668854766637
      vertex 0.8580527305603027 7.332182996401275 3.8763180143949016
      vertex 0.8463599979877472 7.338491609837753 3.85108356064899
    endloop
  endfacet
  facet normal -0.8874043398289324 -0.1118069601255498 0.4472278405021992
    outer loop
      vertex -0.0036148801445961 7.130362132750242 3.078551468999035
      vertex 0.008775502443313599 7.50223615421161 3.196105383153564
      vertex -0.0036148801445961 7.508020956279654 3.172966174881388
    endloop
  endfacet
  facet normal -0.9002137497993884 -0.10561172079342554 0.42244688317370216
    outer loop
      vertex 0.008775502443313599 7.124577330682198 3.101690677271211
      vertex 0.020832732319831848 7.496190655363236 3.220287378547058
      vertex 0.008775502443313599 7.50223615421161 3.196105383153564
    endloop
  endfacet
  facet normal -0.911611760739013 -0.09969482778557318 0.3987793111422927
    outer loop
      vertex 0.020832732319831848 7.118531831833824 3.125872672664705
      vertex 0.032556816935539246 7.489884461541564 3.245512153833745
      vertex 0.020832732319831848 7.496190655363236 3.220287378547058
    endloop
  endfacet
  facet normal -0.9217508226959577 -0.09405111903494297 0.37620447613977187
    outer loop
      vertex 0.032556816935539246 7.112225638012152 3.151097447951392
      vertex 0.043947748839855194 7.483317569132532 3.271779723469875
      vertex 0.032556816935539246 7.489884461541564 3.245512153833745
    endloop
  endfacet
  facet normal -0.9307681613077681 -0.08867343587096503 0.3546937434838601
    outer loop
      vertex 0.043947748839855194 7.10565874560312 3.177365017587522
      vertex 0.05500553548336029 7.476489981750201 3.2990900729991983
      vertex 0.043947748839855194 7.483317569132532 3.271779723469875
    endloop
  endfacet
  facet normal -0.9387877485625199 -0.08355257701834672 0.33421030807338686
    outer loop
      vertex 0.05500553548336029 7.098831158220789 3.2046753671168453
      vertex 0.06573016941547394 7.469401697587541 3.3274432096498394
      vertex 0.05500553548336029 7.476489981750201 3.2990900729991983
    endloop
  endfacet
  facet normal -0.9459200544799419 -0.07867851584049214 0.31471406336196855
    outer loop
      vertex 0.06573016941547394 7.091742874058129 3.2330285037674864
      vertex 0.07612165808677673 7.462052716644551 3.3568391334217984
      vertex 0.06573016941547394 7.469401697587541 3.3274432096498394
    endloop
  endfacet
  facet normal -0.9522638123893276 -0.07404038310422366 0.29616153241689464
    outer loop
      vertex 0.07612165808677673 7.084393893115139 3.2624244275394454
      vertex 0.08618000149726868 7.454443040728263 3.3872778370869505
      vertex 0.07612165808677673 7.462052716644551 3.3568391334217984
    endloop
  endfacet
  facet normal -0.06283843251724039 -0.2420563049956834 0.9682252199827336
    outer loop
      vertex 0.08618000149726868 7.076784217198851 3.2928631312045975
      vertex 0.11751716583967209 7.453964499106001 3.389192003575997
      vertex 0.08618000149726868 7.454443040728263 3.3872778370869505
    endloop
  endfacet
  facet normal -0.08817437344527218 -0.2415909620275241 0.9663638481100942
    outer loop
      vertex 0.11751716583967209 7.07630567557659 3.294777297693644
      vertex 0.1483427658677101 7.453302702833459 3.3918391886661676
      vertex 0.11751716583967209 7.453964499106001 3.389192003575997
    endloop
  endfacet
  facet normal -0.11418568111723418 -0.24094930272567266 0.9637972109026907
    outer loop
      vertex 0.1483427658677101 7.075643879304047 3.2974244827838146
      vertex 0.17865681648254395 7.4524576555246975 3.395219377901214
      vertex 0.1483427658677101 7.453302702833459 3.3918391886661676
    endloop
  endfacet
  facet normal -0.1408448104183014 -0.24011795378132667 0.9604718151253067
    outer loop
      vertex 0.17865681648254395 7.0747988319952855 3.300804672018861
      vertex 0.208459310233593 7.451429355372685 3.3993325785092603
      vertex 0.17865681648254395 7.4524576555246975 3.395219377901214
    endloop
  endfacet
  facet normal -0.1681156417011372 -0.23908368348088788 0.9563347339235492
    outer loop
      vertex 0.208459310233593 7.073770531843274 3.3049178726269073
      vertex 0.23775023967027664 7.4502178023774235 3.404178790490307
      vertex 0.208459310233593 7.451429355372685 3.3993325785092603
    endloop
  endfacet
  facet normal -0.1959543898678795 -0.23783358951060862 0.9513343580424322
    outer loop
      vertex 0.23775023967027664 7.072558978848012 3.309764084607954
      vertex 0.2665296196937561 7.448822994731881 3.409758021072478
      vertex 0.23775023967027664 7.4502178023774235 3.404178790490307
    endloop
  endfacet
  facet normal 0.01954283033005 0.24248930574147348 -0.9699572229658939
    outer loop
      vertex 0.039430730044841766 7.026935945422396 3.492256218310416
      vertex 0.0020999982953071594 7.404771744168594 3.5859630233256294
      vertex 0.039430730044841766 7.404594768951808 3.5866709241927692
    endloop
  endfacet
  facet normal 0.060097682696759906 0.24209724207366606 -0.9683889682946643
    outer loop
      vertex 0.07578996568918228 7.026405019772041 3.4943799209118356
      vertex 0.039430730044841766 7.404594768951808 3.5866709241927692
      vertex 0.07578996568918228 7.404063843301453 3.5887946267941886
    endloop
  endfacet
  facet normal 0.10255549186863823 0.2412568037550305 -0.9650272150201197
    outer loop
      vertex 0.1111777126789093 7.025520141881086 3.4979194324756597
      vertex 0.07578996568918228 7.404063843301453 3.5887946267941886
      vertex 0.1111777126789093 7.403178965410497 3.5923341383580127
    endloop
  endfacet
  facet normal 0.14680497769481798 0.23990786203482173 -0.9596314481392869
    outer loop
      vertex 0.14559397846460342 7.02428131355656 3.502874745773763
      vertex 0.1111777126789093 7.403178965410497 3.5923341383580127
      vertex 0.14559397846460342 7.401940137085972 3.597289451656116
    endloop
  endfacet
  facet normal 0.19267991286516206 0.23799091074812492 -0.9519636429924997
    outer loop
      vertex 0.17903875559568405 7.022688534798464 3.5092458608061463
      vertex 0.14559397846460342 7.401940137085972 3.597289451656116
      vertex 0.17903875559568405 7.400347358327876 3.6036605666884993
    endloop
  endfacet
  facet normal 0.23995340971522633 0.2354498024640398 -0.9417992098561568
    outer loop
      vertex 0.21151204407215118 7.020741803799767 3.5170327848009335
      vertex 0.17903875559568405 7.400347358327876 3.6036605666884993
      vertex 0.21151204407215118 7.3984006273291785 3.6114474906832865
    endloop
  endfacet
  facet normal 0.2883352581588145 0.23223502027326312 -0.9289400810930525
    outer loop
      vertex 0.24301384389400482 7.0184411223675 3.5262355105300007
      vertex 0.21151204407215118 7.3984006273291785 3.6114474906832865
      vertex 0.24301384389400482 7.396099945896912 3.6206502164123537
    endloop
  endfacet
  facet normal -0.22430823573267353 -0.2363553923503507 0.9454215694014005
    outer loop
      vertex 0.2665296196937561 7.0711641712024695 3.315343315190125
      vertex 0.2947974428534508 7.44724493605012 3.416070255799525
      vertex 0.2665296196937561 7.448822994731881 3.409758021072478
    endloop
  endfacet
  facet normal -0.2531175115689629 -0.23463758353696626 0.938550334147865
    outer loop
      vertex 0.2947974428534508 7.069586112520708 3.321655549917172
      vertex 0.32255370169878006 7.4454836227180765 3.4231155091276966
      vertex 0.2947974428534508 7.44724493605012 3.416070255799525
    endloop
  endfacet
  facet normal -0.28231197646920686 -0.23266991867324557 0.9306796746929823
    outer loop
      vertex 0.32255370169878006 7.0678247991886645 3.3287008032453436
      vertex 0.34979841113090515 7.443539058349814 3.430893766600744
      vertex 0.32255370169878006 7.4454836227180765 3.4231155091276966
    endloop
  endfacet
  facet normal -0.31181539954327697 -0.23044345441518654 0.921773817660744
    outer loop
      vertex 0.34979841113090515 7.065880234820403 3.336479060718391
      vertex 0.37653155624866486 7.441411241138303 3.439405035446791
      vertex 0.34979841113090515 7.443539058349814 3.430893766600744
    endloop
  endfacet
  facet normal -0.3415425922525627 -0.22795105997939424 0.911804239917577
    outer loop
      vertex 0.37653155624866486 7.063752417608891 3.344990329564438
      vertex 0.40275315195322037 7.43910016927651 3.448649322893963
      vertex 0.37653155624866486 7.441411241138303 3.439405035446791
    endloop
  endfacet
  facet normal -0.37140139252162074 -0.22518763491716923 0.9007505396686769
    outer loop
      vertex 0.40275315195322037 7.061441345747098 3.35423461701161
      vertex 0.4284631833434105 7.436605846378498 3.4586266144860103
      vertex 0.40275315195322037 7.43910016927651 3.448649322893963
    endloop
  endfacet
  facet normal -0.4012948050264488 -0.2221502511495561 0.8886010045982244
    outer loop
      vertex 0.4284631833434105 7.058947022849086 3.3642119086036573
      vertex 0.4536616578698158 7.433928268830205 3.469336924679183
      vertex 0.4284631833434105 7.436605846378498 3.4586266144860103
    endloop
  endfacet
  facet normal -0.4311195840180162 -0.21883863303896034 0.8753545321558414
    outer loop
      vertex 0.4536616578698158 7.056269445300793 3.37492221879683
      vertex 0.47834858298301697 7.431067440245693 3.4807802390172307
      vertex 0.4536616578698158 7.433928268830205 3.469336924679183
    endloop
  endfacet
  facet normal -0.4607712621837657 -0.21525495744042958 0.8610198297617183
    outer loop
      vertex 0.47834858298301697 7.053408616716281 3.3863655331348776
      vertex 0.5025239437818527 7.428023358817931 3.4929565647282783
      vertex 0.47834858298301697 7.431067440245693 3.4807802390172307
    endloop
  endfacet
  facet normal -0.49014253464981977 -0.21140430956248552 0.8456172382499421
    outer loop
      vertex 0.5025239437818527 7.050364535288519 3.3985418588459253
      vertex 0.5261877477169037 7.424796022739888 3.5058659090404514
      vertex 0.5025239437818527 7.428023358817931 3.4929565647282783
    endloop
  endfacet
  facet normal 0.3374749305645949 0.2283071552356376 -0.9132286209425504
    outer loop
      vertex 0.27354415506124496 7.015786490501664 3.5368540379933475
      vertex 0.24301384389400482 7.396099945896912 3.6206502164123537
      vertex 0.27354415506124496 7.393445314031076 3.6312687438757005
    endloop
  endfacet
  facet normal 0.38696721757815794 0.22364051675950877 -0.8945620670380331
    outer loop
      vertex 0.3031029775738716 7.012777908202257 3.548888367190974
      vertex 0.27354415506124496 7.393445314031076 3.6312687438757005
      vertex 0.3031029775738716 7.390436731731668 3.643303073073327
    endloop
  endfacet
  facet normal -0.5191260743886322 -0.20729463528285025 0.829178541131401
    outer loop
      vertex 0.5261877477169037 7.047137199210476 3.4114512031580984
      vertex 0.5493400022387505 7.421385435625625 3.5195082574974994
      vertex 0.5261877477169037 7.424796022739888 3.5058659090404514
    endloop
  endfacet
  facet normal -0.5475373862687445 -0.2029492562828561 0.8117970251314224
    outer loop
      vertex 0.5493400022387505 7.043726612096214 3.4250935516151464
      vertex 0.5719173699617386 7.417802403521852 3.5338403859125935
      vertex 0.5493400022387505 7.421385435625625 3.5195082574974994
    endloop
  endfacet
  facet normal -0.5755176969702345 -0.19834304514476597 0.7933721805790639
    outer loop
      vertex 0.5719173699617386 7.04014357999244 3.4394256800302405
      vertex 0.593856543302536 7.414057737896368 3.5488190484145297
      vertex 0.5719173699617386 7.417802403521852 3.5338403859125935
    endloop
  endfacet
  facet normal -0.6031198177035789 -0.19345868771533997 0.7738347508613581
    outer loop
      vertex 0.593856543302536 7.0363989143669565 3.4544043425321767
      vertex 0.6151575073599815 7.410151436942142 3.564444252231433
      vertex 0.593856543302536 7.414057737896368 3.5488190484145297
    endloop
  endfacet
  facet normal -0.6302311131021864 -0.18830649985313866 0.7532259994125529
    outer loop
      vertex 0.6151575073599815 7.032492613412731 3.47002954634908
      vertex 0.6358202770352364 7.406083500659175 3.5807159973633027
      vertex 0.6151575073599815 7.410151436942142 3.564444252231433
    endloop
  endfacet
  facet normal -0.6567422611210512 -0.18289978008824928 0.7315991203529971
    outer loop
      vertex 0.6358202770352364 7.028424677129763 3.4863012914809497
      vertex 0.6558448448777199 7.401853932661528 3.59763426935389
      vertex 0.6358202770352364 7.406083500659175 3.5807159973633027
    endloop
  endfacet
  facet normal -0.6825491290653879 -0.17725466664595768 0.7090186665838291
    outer loop
      vertex 0.6558448448777199 7.024195109132116 3.503219563471537
      vertex 0.6752312108874321 7.397462727528108 3.6151990898875694
      vertex 0.6558448448777199 7.401853932661528 3.59763426935389
    endloop
  endfacet
  facet normal -0.7075527376025454 -0.17139035656706275 0.685561426268251
    outer loop
      vertex 0.6752312108874321 7.019803903998696 3.5207843840052164
      vertex 0.693979375064373 7.392909888872978 3.633410444508091
      vertex 0.6752312108874321 7.397462727528108 3.6151990898875694
    endloop
  endfacet
  facet normal -0.7316635379222344 -0.16532827722890478 0.6613131089156191
    outer loop
      vertex 0.693979375064373 7.015251065343566 3.538995738625738
      vertex 0.7120893448591232 7.388195416696137 3.6522683332154537
      vertex 0.693979375064373 7.392909888872978 3.633410444508091
    endloop
  endfacet
  facet normal -3.407156148790498e-15 0.9701425001453341 0.24253562503632456
    outer loop
      vertex 0.623009480535984 6.927735417483665 3.8890583300653425
      vertex 0.6349130794405937 6.919848058693561 3.9206077652257583
      vertex 0.8690368160605431 6.948098339127048 3.8076066434918094
    endloop
  endfacet
  facet normal 2.3552632994655118e-15 0.9701425001453322 0.24253562503633225
    outer loop
      vertex 0.8888790309429169 6.9348950016772495 3.860419993291002
      vertex 0.6349130794405937 6.919848058693561 3.9206077652257583
      vertex 0.6455636695027351 6.911711416332325 3.953154334670701
    endloop
  endfacet
  facet normal 4.696115679705339e-15 0.9701425001453283 0.24253562503634676
    outer loop
      vertex 0.8977371603250504 6.928117499779298 3.887530000882809
      vertex 0.6455636695027351 6.911711416332325 3.953154334670701
      vertex 0.6549612432718277 6.903325490399958 3.98669803840017
    endloop
  endfacet
  facet normal -1.6202479691540256e-15 0.9701425001453348 0.24253562503632162
    outer loop
      vertex 0.6549612432718277 6.903325490399958 3.98669803840017
      vertex 0.6631058156490326 6.894690282703491 4.02123886918604
      vertex 0.9133274704217911 6.9142108260232265 3.9431566959070943
    endloop
  endfacet
  facet normal 1.9532628917365073e-15 0.9701425001453333 0.24253562503632692
    outer loop
      vertex 0.6699973717331886 6.885805791435891 4.056776834256437
      vertex 0.9260831847786903 6.899835260191619 4.000658959233524
      vertex 0.6631058156490326 6.894690282703491 4.02123886918604
    endloop
  endfacet
  facet normal 3.619061882512339e-15 0.9701425001453293 0.24253562503634354
    outer loop
      vertex 0.6699973717331886 6.885805791435891 4.056776834256437
      vertex 0.6756359189748764 6.87667201659716 4.093311933611361
      vertex 0.9313980638980865 6.892471644102763 4.03011342358895
    endloop
  endfacet
  facet normal 8.76544119747316e-16 0.9701425001453305 0.24253562503633833
    outer loop
      vertex 0.6756359189748764 6.87667201659716 4.093311933611361
      vertex 0.6800214499235153 6.867288959994329 4.1308441600226855
      vertex 0.9399018660187721 6.877392741964882 4.090429032140473
    endloop
  endfacet
  facet normal 0.9039794959813846 0.10370236563336156 -0.41480946253344625
    outer loop
      vertex 0.5954432561993599 6.942762286157509 3.828950855369965
      vertex 0.5954432561993599 7.320421109686921 3.923365561252318
      vertex 0.6098528727889061 6.935373494509668 3.858506021961328
    endloop
  endfacet
  facet normal 0.9227156471309931 0.09349294862987156 -0.37397179451948626
    outer loop
      vertex 0.6098528727889061 6.935373494509668 3.858506021961328
      vertex 0.6098528727889061 7.31303231803908 3.952920727843681
      vertex 0.623009480535984 6.927735417483665 3.8890583300653425
    endloop
  endfacet
  facet normal 0.939067991744566 0.08336712106905696 -0.33346848427622783
    outer loop
      vertex 0.623009480535984 6.927735417483665 3.8890583300653425
      vertex 0.623009480535984 7.305394241013077 3.9834730359476955
      vertex 0.6349130794405937 6.919848058693561 3.9206077652257583
    endloop
  endfacet
  facet normal 0.9531213465825693 0.07338845024077632 -0.293553800963106
    outer loop
      vertex 0.6349130794405937 6.919848058693561 3.9206077652257583
      vertex 0.6349130794405937 7.297506882222972 4.015022471108111
      vertex 0.6455636695027351 6.911711416332325 3.953154334670701
    endloop
  endfacet
  facet normal 0.8592204989034439 0.12408254706494593 -0.4963301882597837
    outer loop
      vertex 0.5797806233167648 6.94990179784828 3.800392808606879
      vertex 0.5628649815917015 7.334450847690301 3.867246609238797
      vertex 0.5797806233167648 7.3275606213776925 3.894807514489232
    endloop
  endfacet
  facet normal 0.8828142529948027 0.11392438015921136 -0.45569752063684543
    outer loop
      vertex 0.5954432561993599 6.942762286157509 3.828950855369965
      vertex 0.5797806233167648 7.3275606213776925 3.894807514489232
      vertex 0.5954432561993599 7.320421109686921 3.923365561252318
    endloop
  endfacet
  facet normal 0.9039794959813845 0.10370236563336156 -0.41480946253344625
    outer loop
      vertex 0.6098528727889061 6.935373494509668 3.858506021961328
      vertex 0.5954432561993599 7.320421109686921 3.923365561252318
      vertex 0.6098528727889061 7.31303231803908 3.952920727843681
    endloop
  endfacet
  facet normal 0.9227156471309931 0.09349294862987158 -0.3739717945194863
    outer loop
      vertex 0.623009480535984 6.927735417483665 3.8890583300653425
      vertex 0.6098528727889061 7.31303231803908 3.952920727843681
      vertex 0.623009480535984 7.305394241013077 3.9834730359476955
    endloop
  endfacet
  facet normal 0.9390679917445652 0.08336712106905726 -0.3334684842762298
    outer loop
      vertex 0.6349130794405937 6.919848058693561 3.9206077652257583
      vertex 0.623009480535984 7.305394241013077 3.9834730359476955
      vertex 0.6349130794405937 7.297506882222972 4.015022471108111
    endloop
  endfacet
  facet normal 0.9531213465825693 0.07338845024077632 -0.293553800963106
    outer loop
      vertex 0.6455636695027351 6.911711416332325 3.953154334670701
      vertex 0.6349130794405937 7.297506882222972 4.015022471108111
      vertex 0.6455636695027351 7.289370239861737 4.0475690405530536
    endloop
  endfacet
  facet normal 0.9649920106827328 0.06361206846211799 -0.2544482738484726
    outer loop
      vertex 0.6455636695027351 6.911711416332325 3.953154334670701
      vertex 0.6455636695027351 7.289370239861737 4.0475690405530536
      vertex 0.6549612432718277 6.903325490399958 3.98669803840017
    endloop
  endfacet
  facet normal 0.9748195704936374 0.05408425071540762 -0.2163370028616305
    outer loop
      vertex 0.6549612432718277 6.903325490399958 3.98669803840017
      vertex 0.6549612432718277 7.28098431392937 4.081112744282523
      vertex 0.6631058156490326 6.894690282703491 4.02123886918604
    endloop
  endfacet
  facet normal 0.9827596878242842 0.04484181083838613 -0.1793672433535445
    outer loop
      vertex 0.6699973717331886 6.885805791435891 4.056776834256437
      vertex 0.6631058156490326 6.894690282703491 4.02123886918604
      vertex 0.6631058156490326 7.272349106232903 4.115653575068393
    endloop
  endfacet
  facet normal 0.9889763075609538 0.03591318214732818 -0.14365272858931236
    outer loop
      vertex 0.6699973717331886 6.885805791435891 4.056776834256437
      vertex 0.6699973717331886 7.263464614965303 4.15119154013879
      vertex 0.6756359189748764 6.87667201659716 4.093311933611361
    endloop
  endfacet
  facet normal 0.9649920106827332 0.06361206846211778 -0.25444827384847113
    outer loop
      vertex 0.6549612432718277 6.903325490399958 3.98669803840017
      vertex 0.6455636695027351 7.289370239861737 4.0475690405530536
      vertex 0.6549612432718277 7.28098431392937 4.081112744282523
    endloop
  endfacet
  facet normal 0.9748195704936374 0.05408425071540762 -0.2163370028616305
    outer loop
      vertex 0.6631058156490326 6.894690282703491 4.02123886918604
      vertex 0.6549612432718277 7.28098431392937 4.081112744282523
      vertex 0.6631058156490326 7.272349106232903 4.115653575068393
    endloop
  endfacet
  facet normal 0.9827596878242845 0.04484181083838598 -0.1793672433535435
    outer loop
      vertex 0.6699973717331886 6.885805791435891 4.056776834256437
      vertex 0.6631058156490326 7.272349106232903 4.115653575068393
      vertex 0.6699973717331886 7.263464614965303 4.15119154013879
    endloop
  endfacet
  facet normal -8.920638412395257e-16 0.9701425001453328 0.24253562503632942
    outer loop
      vertex 0.8690368160605431 6.948098339127048 3.8076066434918094
      vertex 0.6349130794405937 6.919848058693561 3.9206077652257583
      vertex 0.8793122470378876 6.941555281459833 3.833778874160669
    endloop
  endfacet
  facet normal 6.754627585309506e-15 0.9701425001453278 0.2425356250363497
    outer loop
      vertex 0.8793122470378876 6.941555281459833 3.833778874160669
      vertex 0.6349130794405937 6.919848058693561 3.9206077652257583
      vertex 0.8888790309429169 6.9348950016772495 3.860419993291002
    endloop
  endfacet
  facet normal -3.0180024324447392e-15 0.9701425001453354 0.24253562503631895
    outer loop
      vertex 0.8888790309429169 6.9348950016772495 3.860419993291002
      vertex 0.6455636695027351 6.911711416332325 3.953154334670701
      vertex 0.8977371603250504 6.928117499779298 3.887530000882809
    endloop
  endfacet
  facet normal -2.6132027052094416e-15 0.9701425001453325 0.24253562503633
    outer loop
      vertex 0.8977371603250504 6.928117499779298 3.887530000882809
      vertex 0.6549612432718277 6.903325490399958 3.98669803840017
      vertex 0.9058866426348686 6.921222773958947 3.9151089041642146
    endloop
  endfacet
  facet normal -5.683576133769237e-15 0.9701425001453379 0.24253562503630935
    outer loop
      vertex 0.6631058156490326 6.894690282703491 4.02123886918604
      vertex 0.9200596511363983 6.907081654165108 3.9716733833395725
      vertex 0.9133274704217911 6.9142108260232265 3.9431566959070943
    endloop
  endfacet
  facet normal 3.4932047757902323e-15 0.9701425001453277 0.2425356250363502
    outer loop
      vertex 0.6549612432718277 6.903325490399958 3.98669803840017
      vertex 0.9133274704217911 6.9142108260232265 3.9431566959070943
      vertex 0.9058866426348686 6.921222773958947 3.9151089041642146
    endloop
  endfacet
  facet normal 4.704033254824207e-15 0.9701425001453251 0.24253562503636
    outer loop
      vertex 0.6631058156490326 6.894690282703491 4.02123886918604
      vertex 0.9260831847786903 6.899835260191619 4.000658959233524
      vertex 0.9200596511363983 6.907081654165108 3.9716733833395725
    endloop
  endfacet
  facet normal 1.6968842521854787e-15 0.9701425001453338 0.2425356250363258
    outer loop
      vertex 0.6699973717331886 6.885805791435891 4.056776834256437
      vertex 0.9313980638980865 6.892471644102763 4.03011342358895
      vertex 0.9260831847786903 6.899835260191619 4.000658959233524
    endloop
  endfacet
  facet normal 8.050881206620508e-16 0.970142500145332 0.24253562503633289
    outer loop
      vertex 0.6756359189748764 6.87667201659716 4.093311933611361
      vertex 0.936004288494587 6.884990804091506 4.060036783633975
      vertex 0.9313980638980865 6.892471644102763 4.03011342358895
    endloop
  endfacet
  facet normal 8.140587119132942e-16 0.9701425001453319 0.24253562503633289
    outer loop
      vertex 0.6756359189748764 6.87667201659716 4.093311933611361
      vertex 0.9399018660187721 6.877392741964882 4.090429032140473
      vertex 0.936004288494587 6.884990804091506 4.060036783633975
    endloop
  endfacet
  facet normal -0.9443353617438167 -0.07979043306952317 0.31916173227809264
    outer loop
      vertex 0.8793122470378876 6.941555281459833 3.833778874160669
      vertex 0.8888790309429169 6.9348950016772495 3.860419993291002
      vertex 0.8888790309429169 7.3125538252066615 3.954834699173355
    endloop
  endfacet
  facet normal -0.953253006233728 -0.07328779133796882 0.29315116535187524
    outer loop
      vertex 0.8888790309429169 6.9348950016772495 3.860419993291002
      vertex 0.8977371603250504 6.928117499779298 3.887530000882809
      vertex 0.8977371603250504 7.30577632330871 3.981944706765162
    endloop
  endfacet
  facet normal -0.9345084172033015 -0.08632838064322293 0.3453135225728917
    outer loop
      vertex 0.8690368160605431 6.948098339127048 3.8076066434918094
      vertex 0.8793122470378876 6.941555281459833 3.833778874160669
      vertex 0.8793122470378876 7.319214104989245 3.928193580043022
    endloop
  endfacet
  facet normal -0.9612798331337576 -0.06683653562779558 0.26734614251118227
    outer loop
      vertex 0.8977371603250504 6.928117499779298 3.887530000882809
      vertex 0.9058866426348686 6.921222773958947 3.9151089041642146
      vertex 0.9058866426348686 7.298881597488359 4.009523610046568
    endloop
  endfacet
  facet normal -0.9443353617438166 -0.07979043306952317 0.3191617322780927
    outer loop
      vertex 0.8793122470378876 6.941555281459833 3.833778874160669
      vertex 0.8888790309429169 7.3125538252066615 3.954834699173355
      vertex 0.8793122470378876 7.319214104989245 3.928193580043022
    endloop
  endfacet
  facet normal -0.923759306487861 -0.09288473048609482 0.37153892194437926
    outer loop
      vertex 0.8580527305603027 6.954524172871863 3.7819033085125486
      vertex 0.8690368160605431 7.32575716265646 3.9020213493741625
      vertex 0.8580527305603027 7.332182996401275 3.8763180143949016
    endloop
  endfacet
  facet normal -0.9345084172033015 -0.08632838064322292 0.34531352257289166
    outer loop
      vertex 0.8690368160605431 6.948098339127048 3.8076066434918094
      vertex 0.8793122470378876 7.319214104989245 3.928193580043022
      vertex 0.8690368160605431 7.32575716265646 3.9020213493741625
    endloop
  endfacet
  facet normal -0.953253006233728 -0.07328779133796882 0.2931511653518753
    outer loop
      vertex 0.8888790309429169 6.9348950016772495 3.860419993291002
      vertex 0.8977371603250504 7.30577632330871 3.981944706765162
      vertex 0.8888790309429169 7.3125538252066615 3.954834699173355
    endloop
  endfacet
  facet normal -0.9612798331337576 -0.06683653562779557 0.26734614251118227
    outer loop
      vertex 0.8977371603250504 6.928117499779298 3.887530000882809
      vertex 0.9058866426348686 7.298881597488359 4.009523610046568
      vertex 0.8977371603250504 7.30577632330871 3.981944706765162
    endloop
  endfacet
  facet normal -0.9684398281223072 -0.06045138995455253 0.24180555981821125
    outer loop
      vertex 0.9058866426348686 6.921222773958947 3.9151089041642146
      vertex 0.9133274704217911 6.9142108260232265 3.9431566959070943
      vertex 0.9133274704217911 7.2918696495526385 4.037571401789447
    endloop
  endfacet
  facet normal -0.9747613330464874 -0.054145959382914166 0.21658383753165614
    outer loop
      vertex 0.9133274704217911 6.9142108260232265 3.9431566959070943
      vertex 0.9200596511363983 6.907081654165108 3.9716733833395725
      vertex 0.9200596511363983 7.284740477694519 4.0660880892219256
    endloop
  endfacet
  facet normal -0.9802766216735032 -0.047932394179586675 0.1917295767183467
    outer loop
      vertex 0.9200596511363983 6.907081654165108 3.9716733833395725
      vertex 0.9260831847786903 6.899835260191619 4.000658959233524
      vertex 0.9260831847786903 7.277494083721031 4.095073665115877
    endloop
  endfacet
  facet normal -0.9850210459194524 -0.04182142646436854 0.16728570585747415
    outer loop
      vertex 0.9313980638980865 6.892471644102763 4.03011342358895
      vertex 0.9313980638980865 7.270130467632175 4.124528129471303
      vertex 0.9260831847786903 6.899835260191619 4.000658959233524
    endloop
  endfacet
  facet normal -0.9890321977347123 -0.035822529752726755 0.14329011901090702
    outer loop
      vertex 0.9313980638980865 6.892471644102763 4.03011342358895
      vertex 0.936004288494587 6.884990804091506 4.060036783633975
      vertex 0.936004288494587 7.2626496276209185 4.154451489516328
    endloop
  endfacet
  facet normal -0.9684398281223064 -0.06045138995455364 0.24180555981821455
    outer loop
      vertex 0.9058866426348686 6.921222773958947 3.9151089041642146
      vertex 0.9133274704217911 7.2918696495526385 4.037571401789447
      vertex 0.9058866426348686 7.298881597488359 4.009523610046568
    endloop
  endfacet
  facet normal -0.9747613330464885 -0.05414595938291265 0.21658383753165164
    outer loop
      vertex 0.9133274704217911 6.9142108260232265 3.9431566959070943
      vertex 0.9200596511363983 7.284740477694519 4.0660880892219256
      vertex 0.9133274704217911 7.2918696495526385 4.037571401789447
    endloop
  endfacet
  facet normal -0.9802766216735028 -0.04793239417958712 0.19172957671834803
    outer loop
      vertex 0.9200596511363983 6.907081654165108 3.9716733833395725
      vertex 0.9260831847786903 7.277494083721031 4.095073665115877
      vertex 0.9200596511363983 7.284740477694519 4.0660880892219256
    endloop
  endfacet
  facet normal -0.9850210459194525 -0.04182142646436855 0.1672857058574742
    outer loop
      vertex 0.9260831847786903 6.899835260191619 4.000658959233524
      vertex 0.9313980638980865 7.270130467632175 4.124528129471303
      vertex 0.9260831847786903 7.277494083721031 4.095073665115877
    endloop
  endfacet
  facet normal -0.9890321977347123 -0.035822529752726755 0.14329011901090702
    outer loop
      vertex 0.9313980638980865 6.892471644102763 4.03011342358895
      vertex 0.936004288494587 7.2626496276209185 4.154451489516328
      vertex 0.9313980638980865 7.270130467632175 4.124528129471303
    endloop
  endfacet
  facet normal -1.0185068856824939e-15 0.9701425001453332 0.24253562503632778
    outer loop
      vertex 0.6800214499235153 6.867288959994329 4.1308441600226855
      vertex 0.6831539794802666 6.857656619820366 4.169373520718537
      vertex 0.9430907964706421 6.869677457722889 4.121290169108445
    endloop
  endfacet
  facet normal 5.052724176695542e-16 0.9701425001453307 0.24253562503633813
    outer loop
      vertex 0.6831539794802666 6.857656619820366 4.169373520718537
      vertex 0.685033492743969 6.847774996075271 4.208900015698915
      vertex 0.9473427012562752 6.853895219278735 4.18441912288506
    endloop
  endfacet
  facet normal -8.171374907407004e-16 0.9701425001453319 0.242535625036333
    outer loop
      vertex 0.6856599971652031 6.8376440905660765 4.249423637735695
      vertex 0.9484056755900383 6.845828266883606 4.216686932465578
      vertex 0.685033492743969 6.847774996075271 4.208900015698915
    endloop
  endfacet
  facet normal 0.9936362124243869 0.027318467529707516 -0.10927387011883007
    outer loop
      vertex 0.6756359189748764 6.87667201659716 4.093311933611361
      vertex 0.6756359189748764 7.254330840126572 4.187726639493714
      vertex 0.6800214499235153 6.867288959994329 4.1308441600226855
    endloop
  endfacet
  facet normal 0.9969038130330481 0.01907074686246798 -0.07628298744987191
    outer loop
      vertex 0.6800214499235153 6.867288959994329 4.1308441600226855
      vertex 0.6800214499235153 7.244947783523741 4.2252588659050385
      vertex 0.6831539794802666 6.857656619820366 4.169373520718537
    endloop
  endfacet
  facet normal 0.9989376618814844 0.01117651864862769 -0.04470607459451076
    outer loop
      vertex 0.6831539794802666 6.857656619820366 4.169373520718537
      vertex 0.6831539794802666 7.235315443349778 4.26378822660089
      vertex 0.685033492743969 6.847774996075271 4.208900015698915
    endloop
  endfacet
  facet normal 0 0.9701425001453332 0.24253562503632806
    outer loop
      vertex 0.6856599971652031 6.8376440905660765 4.249423637735695
      vertex 0.6850405558943748 6.8274469537485345 4.290212185005863
      vertex 0.9487600028514862 6.8376440905660765 4.249423637735695
    endloop
  endfacet
  facet normal 5.921407291735751e-16 0.9701425001453307 0.2425356250363381
    outer loop
      vertex 0.6831822171807289 6.817520716209601 4.329917135161597
      vertex 0.9478918313980103 6.824732165813319 4.301071336746726
      vertex 0.6850405558943748 6.8274469537485345 4.290212185005863
    endloop
  endfacet
  facet normal 4.537938487695671e-16 0.9701425001453332 0.24253562503632778
    outer loop
      vertex 0.6800849810242653 6.807865381563339 4.368538473746646
      vertex 0.9452873319387436 6.812155996496757 4.351376014012973
      vertex 0.6831822171807289 6.817520716209601 4.329917135161597
    endloop
  endfacet
  facet normal 0.9998875396145638 0.003637291522500614 -0.014549166090002456
    outer loop
      vertex 0.6856599971652031 6.8376440905660765 4.249423637735695
      vertex 0.685033492743969 6.847774996075271 4.208900015698915
      vertex 0.685033492743969 7.2254338196046834 4.303314721581268
    endloop
  endfacet
  facet normal 0.9998914839022005 -0.0035729409525392672 0.014291763810157069
    outer loop
      vertex 0.6856599971652031 6.8376440905660765 4.249423637735695
      vertex 0.6856599971652031 7.2153029140954885 4.343838343618048
      vertex 0.6850405558943748 6.8274469537485345 4.290212185005863
    endloop
  endfacet
  facet normal 0.9989707269778892 -0.011001301102911207 0.04400520441164483
    outer loop
      vertex 0.6831822171807289 6.817520716209601 4.329917135161597
      vertex 0.6850405558943748 6.8274469537485345 4.290212185005863
      vertex 0.6850405558943748 7.2051057772779465 4.384626890888216
    endloop
  endfacet
  facet normal 0.9889763075609537 0.035913182147328304 -0.14365272858931322
    outer loop
      vertex 0.6756359189748764 6.87667201659716 4.093311933611361
      vertex 0.6699973717331886 7.263464614965303 4.15119154013879
      vertex 0.6756359189748764 7.254330840126572 4.187726639493714
    endloop
  endfacet
  facet normal 0.9936362124243869 0.027318467529707516 -0.10927387011883007
    outer loop
      vertex 0.6800214499235153 6.867288959994329 4.1308441600226855
      vertex 0.6756359189748764 7.254330840126572 4.187726639493714
      vertex 0.6800214499235153 7.244947783523741 4.2252588659050385
    endloop
  endfacet
  facet normal 0.9969038130330481 0.01907074686246798 -0.07628298744987191
    outer loop
      vertex 0.6831539794802666 6.857656619820366 4.169373520718537
      vertex 0.6800214499235153 7.244947783523741 4.2252588659050385
      vertex 0.6831539794802666 7.235315443349778 4.26378822660089
    endloop
  endfacet
  facet normal 0.9989376618814844 0.01117651864862769 -0.04470607459451076
    outer loop
      vertex 0.685033492743969 6.847774996075271 4.208900015698915
      vertex 0.6831539794802666 7.235315443349778 4.26378822660089
      vertex 0.685033492743969 7.2254338196046834 4.303314721581268
    endloop
  endfacet
  facet normal 0.9998875396145638 0.003637291522500614 -0.014549166090002456
    outer loop
      vertex 0.6856599971652031 6.8376440905660765 4.249423637735695
      vertex 0.685033492743969 7.2254338196046834 4.303314721581268
      vertex 0.6856599971652031 7.2153029140954885 4.343838343618048
    endloop
  endfacet
  facet normal 0.9998914839022005 -0.003572940952539268 0.014291763810157072
    outer loop
      vertex 0.6850405558943748 6.8274469537485345 4.290212185005863
      vertex 0.6856599971652031 7.2153029140954885 4.343838343618048
      vertex 0.6850405558943748 7.2051057772779465 4.384626890888216
    endloop
  endfacet
  facet normal -1.0685505154736004e-15 0.9701425001453335 0.24253562503632653
    outer loop
      vertex 0.6800214499235153 6.867288959994329 4.1308441600226855
      vertex 0.9430907964706421 6.869677457722889 4.121290169108445
      vertex 0.9399018660187721 6.877392741964882 4.090429032140473
    endloop
  endfacet
  facet normal 1.2542320454874418e-15 0.9701425001453303 0.24253562503633935
    outer loop
      vertex 0.6831539794802666 6.857656619820366 4.169373520718537
      vertex 0.9455710723996162 6.861844949558496 4.152620201766015
      vertex 0.9430907964706421 6.869677457722889 4.121290169108445
    endloop
  endfacet
  facet normal 8.180295133417664e-16 0.9701425001453319 0.2425356250363329
    outer loop
      vertex 0.6831539794802666 6.857656619820366 4.169373520718537
      vertex 0.9473427012562752 6.853895219278735 4.18441912288506
      vertex 0.9455710723996162 6.861844949558496 4.152620201766015
    endloop
  endfacet
  facet normal -6.21265842384691e-16 0.9701425001453334 0.24253562503632667
    outer loop
      vertex 0.685033492743969 6.847774996075271 4.208900015698915
      vertex 0.9484056755900383 6.845828266883606 4.216686932465578
      vertex 0.9473427012562752 6.853895219278735 4.18441912288506
    endloop
  endfacet
  facet normal -0.9950128891696101 -0.024192062852909757 0.09676825141163903
    outer loop
      vertex 0.9430907964706421 6.869677457722889 4.121290169108445
      vertex 0.9430907964706421 7.247336281252301 4.215704874990798
      vertex 0.9399018660187721 6.877392741964882 4.090429032140473
    endloop
  endfacet
  facet normal -0.9970636809455828 -0.01857261763559277 0.07429047054237108
    outer loop
      vertex 0.9430907964706421 6.869677457722889 4.121290169108445
      vertex 0.9455710723996162 6.861844949558496 4.152620201766015
      vertex 0.9455710723996162 7.239503773087908 4.247034907648368
    endloop
  endfacet
  facet normal -0.998542490161235 -0.01308994976532846 0.05235979906131384
    outer loop
      vertex 0.9473427012562752 6.853895219278735 4.18441912288506
      vertex 0.9473427012562752 7.231554042808147 4.278833828767413
      vertex 0.9455710723996162 6.861844949558496 4.152620201766015
    endloop
  endfacet
  facet normal -0.9994897122653257 -0.007747162956154278 0.030988651824617113
    outer loop
      vertex 0.9473427012562752 6.853895219278735 4.18441912288506
      vertex 0.9484056755900383 6.845828266883606 4.216686932465578
      vertex 0.9484056755900383 7.223487090413018 4.311101638347931
    endloop
  endfacet
  facet normal 0 0.9701425001453302 0.24253562503633916
    outer loop
      vertex 0.6856599971652031 6.8376440905660765 4.249423637735695
      vertex 0.9487600028514862 6.8376440905660765 4.249423637735695
      vertex 0.9484056755900383 6.845828266883606 4.216686932465578
    endloop
  endfacet
  facet normal 8.1892346763390615e-16 0.9701425001453319 0.24253562503633297
    outer loop
      vertex 0.6850405558943748 6.8274469537485345 4.290212185005863
      vertex 0.9478918313980103 6.824732165813319 4.301071336746726
      vertex 0.9487600028514862 6.8376440905660765 4.249423637735695
    endloop
  endfacet
  facet normal 6.623613285818647e-19 0.9701425001453318 0.24253562503633294
    outer loop
      vertex 0.6831822171807289 6.817520716209601 4.329917135161597
      vertex 0.9452873319387436 6.812155996496757 4.351376014012973
      vertex 0.9478918313980103 6.824732165813319 4.301071336746726
    endloop
  endfacet
  facet normal -0.9999448755394522 -0.0025465765068529798 0.010186306027411919
    outer loop
      vertex 0.9487600028514862 6.8376440905660765 4.249423637735695
      vertex 0.9487600028514862 7.2153029140954885 4.343838343618048
      vertex 0.9484056755900383 6.845828266883606 4.216686932465578
    endloop
  endfacet
  facet normal -0.9998670576038031 0.0039546481862786295 -0.015818592745114518
    outer loop
      vertex 0.9487600028514862 6.8376440905660765 4.249423637735695
      vertex 0.9478918313980103 6.824732165813319 4.301071336746726
      vertex 0.9478918313980103 7.202390989342731 4.395486042629079
    endloop
  endfacet
  facet normal -0.9987409236777272 0.012166896678524919 -0.048667586714099674
    outer loop
      vertex 0.9452873319387436 6.812155996496757 4.351376014012973
      vertex 0.9452873319387436 7.189814820026169 4.445790719895326
      vertex 0.9478918313980103 6.824732165813319 4.301071336746726
    endloop
  endfacet
  facet normal -0.9923493452164049 -0.029943846513660676 0.11977538605464269
    outer loop
      vertex 0.936004288494587 6.884990804091506 4.060036783633975
      vertex 0.9399018660187721 6.877392741964882 4.090429032140473
      vertex 0.9399018660187721 7.255051565494294 4.184843738022826
    endloop
  endfacet
  facet normal -0.9950128891696101 -0.02419206285290975 0.096768251411639
    outer loop
      vertex 0.9399018660187721 6.877392741964882 4.090429032140473
      vertex 0.9430907964706421 7.247336281252301 4.215704874990798
      vertex 0.9399018660187721 7.255051565494294 4.184843738022826
    endloop
  endfacet
  facet normal -0.9970636809455828 -0.01857261763559277 0.07429047054237108
    outer loop
      vertex 0.9430907964706421 6.869677457722889 4.121290169108445
      vertex 0.9455710723996162 7.239503773087908 4.247034907648368
      vertex 0.9430907964706421 7.247336281252301 4.215704874990798
    endloop
  endfacet
  facet normal -0.998542490161235 -0.013089949765328464 0.052359799061313855
    outer loop
      vertex 0.9455710723996162 6.861844949558496 4.152620201766015
      vertex 0.9473427012562752 7.231554042808147 4.278833828767413
      vertex 0.9455710723996162 7.239503773087908 4.247034907648368
    endloop
  endfacet
  facet normal -0.9923493452164049 -0.029943846513660673 0.11977538605464269
    outer loop
      vertex 0.936004288494587 6.884990804091506 4.060036783633975
      vertex 0.9399018660187721 7.255051565494294 4.184843738022826
      vertex 0.936004288494587 7.2626496276209185 4.154451489516328
    endloop
  endfacet
  facet normal -0.9994897122653257 -0.007747162956154277 0.03098865182461711
    outer loop
      vertex 0.9473427012562752 6.853895219278735 4.18441912288506
      vertex 0.9484056755900383 7.223487090413018 4.311101638347931
      vertex 0.9473427012562752 7.231554042808147 4.278833828767413
    endloop
  endfacet
  facet normal -0.9999448755394522 -0.00254657650685298 0.01018630602741192
    outer loop
      vertex 0.9484056755900383 6.845828266883606 4.216686932465578
      vertex 0.9487600028514862 7.2153029140954885 4.343838343618048
      vertex 0.9484056755900383 7.223487090413018 4.311101638347931
    endloop
  endfacet
  facet normal -0.9998670576038031 0.0039546481862786295 -0.015818592745114518
    outer loop
      vertex 0.9487600028514862 6.8376440905660765 4.249423637735695
      vertex 0.9478918313980103 7.202390989342731 4.395486042629079
      vertex 0.9487600028514862 7.2153029140954885 4.343838343618048
    endloop
  endfacet
  facet normal 0.7280674750009818 -0.1662594980649394 0.6650379922597575
    outer loop
      vertex 0.48506027460098267 6.69557652467693 4.817693901292278
      vertex 0.5066400021314621 6.7011353394203566 4.795458642318575
      vertex 0.5066400021314621 7.078794162949769 4.889873348200928
    endloop
  endfacet
  facet normal 0.6895742392187832 -0.1756479380843524 0.7025917523374096
    outer loop
      vertex 0.4624481648206711 6.690354605606402 4.838581577574394
      vertex 0.48506027460098267 6.69557652467693 4.817693901292278
      vertex 0.48506027460098267 7.073235348206342 4.912108607174631
    endloop
  endfacet
  facet normal 0.6484635055908561 -0.18462921219326844 0.7385168487730738
    outer loop
      vertex 0.43880366533994675 6.685469585822832 4.858121656708671
      vertex 0.4624481648206711 6.690354605606402 4.838581577574394
      vertex 0.4624481648206711 7.068013429135814 4.932996283456747
    endloop
  endfacet
  facet normal 0.7635733215316209 -0.15661037878708228 0.6264415151483291
    outer loop
      vertex 0.5066400021314621 6.7011353394203566 4.795458642318575
      vertex 0.5270817279815674 7.08465687878301 4.866422484867964
      vertex 0.5066400021314621 7.078794162949769 4.889873348200928
    endloop
  endfacet
  facet normal 0.7280674750009818 -0.1662594980649394 0.6650379922597576
    outer loop
      vertex 0.48506027460098267 6.69557652467693 4.817693901292278
      vertex 0.5066400021314621 7.078794162949769 4.889873348200928
      vertex 0.48506027460098267 7.073235348206342 4.912108607174631
    endloop
  endfacet
  facet normal -8.485680811598731e-15 0.9701425001453293 0.24253562503634313
    outer loop
      vertex 0.5809735655784607 6.72621160926716 4.69515356293136
      vertex 0.5642485097050667 6.719536190176999 4.721855239292003
      vertex 0.7785994485020638 6.687430986300989 4.850276054796044
    endloop
  endfacet
  facet normal -4.198687812978099e-15 0.9701425001453289 0.2425356250363448
    outer loop
      vertex 0.6107069924473763 6.740375152511433 4.638499389954268
      vertex 0.861943393945694 6.7236338846501305 4.70546446139948
      vertex 0.6237153634428978 6.747863276665545 4.608546893337821
    endloop
  endfacet
  facet normal -2.0020387867248494e-15 0.9701425001453303 0.24253562503633908
    outer loop
      vertex 0.6107069924473763 6.740375152511433 4.638499389954268
      vertex 0.596459724009037 6.733157931249992 4.667368275000031
      vertex 0.8437119051814079 6.7140795251015195 4.743681899593922
    endloop
  endfacet
  facet normal 6.4967371707176856e-15 0.9701425001453347 0.2425356250363218
    outer loop
      vertex 0.5809735655784607 6.72621160926716 4.69515356293136
      vertex 0.8020399287343025 6.695978075926949 4.816087696292204
      vertex 0.596459724009037 6.733157931249992 4.667368275000031
    endloop
  endfacet
  facet normal -3.4333978725215664e-15 0.9701425001453295 0.242535625036342
    outer loop
      vertex 0.6107069924473763 6.740375152511433 4.638499389954268
      vertex 0.8437119051814079 6.7140795251015195 4.743681899593922
      vertex 0.861943393945694 6.7236338846501305 4.70546446139948
    endloop
  endfacet
  facet normal -1.4356587382044948e-15 0.9701425001453321 0.24253562503633216
    outer loop
      vertex 0.596459724009037 6.733157931249992 4.667368275000031
      vertex 0.8020399287343025 6.695978075926949 4.816087696292204
      vertex 0.8237440809607506 6.7048609209891055 4.78055631604358
    endloop
  endfacet
  facet normal 3.101077878712578e-15 0.9701425001453341 0.2425356250363235
    outer loop
      vertex 0.596459724009037 6.733157931249992 4.667368275000031
      vertex 0.8237440809607506 6.7048609209891055 4.78055631604358
      vertex 0.8437119051814079 6.7140795251015195 4.743681899593922
    endloop
  endfacet
  facet normal -1.4321644887495848e-15 0.970142500145332 0.242535625036332
    outer loop
      vertex 0.5462845638394356 6.713131672172478 4.747473311310086
      vertex 0.7534226328134537 6.679219652111225 4.8831213915551
      vertex 0.5642485097050667 6.719536190176999 4.721855239292003
    endloop
  endfacet
  facet normal 6.6731634545928775e-15 0.9701425001453348 0.24253562503632134
    outer loop
      vertex 0.5462845638394356 6.713131672172478 4.747473311310086
      vertex 0.5270817279815674 6.706998055253598 4.772007778985611
      vertex 0.7265094816684723 6.67134407697172 4.914623692113123
    endloop
  endfacet
  facet normal 5.397248564526642e-15 0.9701425001453329 0.24253562503632878
    outer loop
      vertex 0.4624481648206711 6.690354605606402 4.838581577574394
      vertex 0.6361024901270866 6.649926586363451 5.000293654546196
      vertex 0.48506027460098267 6.69557652467693 4.817693901292278
    endloop
  endfacet
  facet normal -2.601269233498692e-18 0.9701425001453319 0.24253562503633297
    outer loop
      vertex 0.5270817279815674 6.706998055253598 4.772007778985611
      vertex 0.5066400021314621 6.7011353394203566 4.795458642318575
      vertex 0.6978600025177002 6.663804255461379 4.944782978154485
    endloop
  endfacet
  facet normal -1.0336214311680081e-14 0.9701425001453298 0.24253562503634177
    outer loop
      vertex 0.48506027460098267 6.69557652467693 4.817693901292278
      vertex 0.6676618009805679 6.656648581683358 4.973405673266569
      vertex 0.5066400021314621 6.7011353394203566 4.795458642318575
    endloop
  endfacet
  facet normal -1.3658817962051739e-15 0.9701425001453321 0.24253562503633197
    outer loop
      vertex 0.5642485097050667 6.719536190176999 4.721855239292003
      vertex 0.7534226328134537 6.679219652111225 4.8831213915551
      vertex 0.7785994485020638 6.687430986300989 4.850276054796044
    endloop
  endfacet
  facet normal -5.880396999206543e-18 0.970142500145332 0.242535625036333
    outer loop
      vertex 0.5809735655784607 6.72621160926716 4.69515356293136
      vertex 0.7785994485020638 6.687430986300989 4.850276054796044
      vertex 0.8020399287343025 6.695978075926949 4.816087696292204
    endloop
  endfacet
  facet normal 4.429320279066802e-15 0.9701425001453342 0.2425356250363236
    outer loop
      vertex 0.5462845638394356 6.713131672172478 4.747473311310086
      vertex 0.7265094816684723 6.67134407697172 4.914623692113123
      vertex 0.7534226328134537 6.679219652111225 4.8831213915551
    endloop
  endfacet
  facet normal -7.345014041301e-15 0.9701425001453302 0.24253562503633974
    outer loop
      vertex 0.5270817279815674 6.706998055253598 4.772007778985611
      vertex 0.6978600025177002 6.663804255461379 4.944782978154485
      vertex 0.7265094816684723 6.67134407697172 4.914623692113123
    endloop
  endfacet
  facet normal 4.566659866180095e-15 0.970142500145334 0.24253562503632453
    outer loop
      vertex 0.6237153634428978 6.747863276665545 4.608546893337821
      vertex 0.861943393945694 6.7236338846501305 4.70546446139948
      vertex 0.8784385472536087 6.7335239996349365 4.6659040014602535
    endloop
  endfacet
  facet normal 2.488308212836518e-16 0.9701425001453291 0.2425356250363438
    outer loop
      vertex 0.6800849810242653 6.807865381563339 4.368538473746646
      vertex 0.6757488548755646 6.798480948002716 4.406076207989136
      vertex 0.9409465044736862 6.799915584423422 4.4003376623063115
    endloop
  endfacet
  facet normal 1.1739845579989014e-15 0.970142500145336 0.24253562503631648
    outer loop
      vertex 0.6757488548755646 6.798480948002716 4.406076207989136
      vertex 0.6701738387346268 6.789367417334765 4.442530330660941
      vertex 0.9348693415522575 6.788010929593315 4.447956281626741
    endloop
  endfacet
  facet normal -3.168969663321361e-15 0.9701425001453292 0.2425356250363439
    outer loop
      vertex 0.6701738387346268 6.789367417334765 4.442530330660941
      vertex 0.6633599326014519 6.780524785945422 4.477900856218311
      vertex 0.9270558506250381 6.776442030199404 4.4942318792023865
    endloop
  endfacet
  facet normal 0.9937792670789315 -0.027010638779891065 0.10804255511956426
    outer loop
      vertex 0.6800849810242653 6.807865381563339 4.368538473746646
      vertex 0.6800849810242653 7.185524205092751 4.462953179628999
      vertex 0.6757488548755646 6.798480948002716 4.406076207989136
    endloop
  endfacet
  facet normal 0.9969872093954142 -0.018812549475322002 0.07525019790128801
    outer loop
      vertex 0.6800849810242653 6.807865381563339 4.368538473746646
      vertex 0.6831822171807289 6.817520716209601 4.329917135161597
      vertex 0.6831822171807289 7.195179539739013 4.42433184104395
    endloop
  endfacet
  facet normal 0.9891721701646254 -0.035594462368220656 0.14237784947288262
    outer loop
      vertex 0.6757488548755646 6.798480948002716 4.406076207989136
      vertex 0.6757488548755646 7.176139771532128 4.500490913871489
      vertex 0.6701738387346268 6.789367417334765 4.442530330660941
    endloop
  endfacet
  facet normal 0.9829803131173024 -0.04455644406012385 0.178225776240495
    outer loop
      vertex 0.6701738387346268 6.789367417334765 4.442530330660941
      vertex 0.6701738387346268 7.1670262408641765 4.536945036543294
      vertex 0.6633599326014519 6.780524785945422 4.477900856218311
    endloop
  endfacet
  facet normal 0.9529577693247303 -0.07351330007061709 0.29405320028246834
    outer loop
      vertex 0.6460154354572296 6.763652228230688 4.545391087077248
      vertex 0.6460154354572296 7.1413110517601 4.639805792959601
      vertex 0.6354848444461823 6.755622301905297 4.577510792378814
    endloop
  endfacet
  facet normal 0.9385027041617888 -0.08374073233393739 0.3349629293357488
    outer loop
      vertex 0.6354848444461823 6.755622301905297 4.577510792378814
      vertex 0.6354848444461823 7.133281125434708 4.671925498261167
      vertex 0.6237153634428978 6.747863276665545 4.608546893337821
    endloop
  endfacet
  facet normal 2.869048705569169e-15 0.9701425001453347 0.2425356250363218
    outer loop
      vertex 0.6633599326014519 6.780524785945422 4.477900856218311
      vertex 0.6553071290254593 6.771953057448751 4.512187770204997
      vertex 0.9175060242414474 6.765208888048719 4.539164447805123
    endloop
  endfacet
  facet normal -2.589278962983333e-15 0.9701425001453291 0.2425356250363445
    outer loop
      vertex 0.6460154354572296 6.763652228230688 4.545391087077248
      vertex 0.9062198624014854 6.754311501334231 4.582753994663076
      vertex 0.6553071290254593 6.771953057448751 4.512187770204997
    endloop
  endfacet
  facet normal 2.342634773861598e-15 0.9701425001453317 0.24253562503633377
    outer loop
      vertex 0.6354848444461823 6.755622301905297 4.577510792378814
      vertex 0.6237153634428978 6.747863276665545 4.608546893337821
      vertex 0.8784385472536087 6.7335239996349365 4.6659040014602535
    endloop
  endfacet
  facet normal 4.6957512033520116e-15 0.9701425001453348 0.2425356250363218
    outer loop
      vertex 0.6460154354572296 6.763652228230688 4.545391087077248
      vertex 0.6354848444461823 6.755622301905297 4.577510792378814
      vertex 0.8931973725557327 6.7437498736700014 4.625000505319994
    endloop
  endfacet
  facet normal 0.9750104951778946 -0.05388142443909304 0.21552569775637215
    outer loop
      vertex 0.6633599326014519 6.780524785945422 4.477900856218311
      vertex 0.6633599326014519 7.158183609474834 4.572315562100664
      vertex 0.6553071290254593 6.771953057448751 4.512187770204997
    endloop
  endfacet
  facet normal 0.9650670333297517 -0.06354508412518768 0.2541803365007501
    outer loop
      vertex 0.6460154354572296 6.763652228230688 4.545391087077248
      vertex 0.6553071290254593 6.771953057448751 4.512187770204997
      vertex 0.6553071290254593 7.149611880978163 4.60660247608735
    endloop
  endfacet
  facet normal 0.9969872093954142 -0.018812549475322002 0.07525019790128801
    outer loop
      vertex 0.6800849810242653 6.807865381563339 4.368538473746646
      vertex 0.6831822171807289 7.195179539739013 4.42433184104395
      vertex 0.6800849810242653 7.185524205092751 4.462953179628999
    endloop
  endfacet
  facet normal 0.9989707269778892 -0.011001301102911207 0.04400520441164483
    outer loop
      vertex 0.6831822171807289 6.817520716209601 4.329917135161597
      vertex 0.6850405558943748 7.2051057772779465 4.384626890888216
      vertex 0.6831822171807289 7.195179539739013 4.42433184104395
    endloop
  endfacet
  facet normal 0.9937792670789315 -0.027010638779891065 0.10804255511956426
    outer loop
      vertex 0.6757488548755646 6.798480948002716 4.406076207989136
      vertex 0.6800849810242653 7.185524205092751 4.462953179628999
      vertex 0.6757488548755646 7.176139771532128 4.500490913871489
    endloop
  endfacet
  facet normal 0.9891721701646254 -0.03559446236822053 0.1423778494728818
    outer loop
      vertex 0.6701738387346268 6.789367417334765 4.442530330660941
      vertex 0.6757488548755646 7.176139771532128 4.500490913871489
      vertex 0.6701738387346268 7.1670262408641765 4.536945036543294
    endloop
  endfacet
  facet normal 0.9829803131173023 -0.04455644406012401 0.17822577624049604
    outer loop
      vertex 0.6633599326014519 6.780524785945422 4.477900856218311
      vertex 0.6701738387346268 7.1670262408641765 4.536945036543294
      vertex 0.6633599326014519 7.158183609474834 4.572315562100664
    endloop
  endfacet
  facet normal 0.9750104951778948 -0.053881424439092836 0.21552569775637087
    outer loop
      vertex 0.6553071290254593 6.771953057448751 4.512187770204997
      vertex 0.6633599326014519 7.158183609474834 4.572315562100664
      vertex 0.6553071290254593 7.149611880978163 4.60660247608735
    endloop
  endfacet
  facet normal 0.9650670333297513 -0.06354508412518792 0.25418033650075167
    outer loop
      vertex 0.6460154354572296 6.763652228230688 4.545391087077248
      vertex 0.6553071290254593 7.149611880978163 4.60660247608735
      vertex 0.6460154354572296 7.1413110517601 4.639805792959601
    endloop
  endfacet
  facet normal 1.103543787027224e-15 0.9701425001453308 0.24253562503633716
    outer loop
      vertex 0.6800849810242653 6.807865381563339 4.368538473746646
      vertex 0.9409465044736862 6.799915584423422 4.4003376623063115
      vertex 0.9452873319387436 6.812155996496757 4.351376014012973
    endloop
  endfacet
  facet normal -1.9613762872992021e-16 0.970142500145334 0.24253562503632442
    outer loop
      vertex 0.6757488548755646 6.798480948002716 4.406076207989136
      vertex 0.9348693415522575 6.788010929593315 4.447956281626741
      vertex 0.9409465044736862 6.799915584423422 4.4003376623063115
    endloop
  endfacet
  facet normal 1.000998023444813e-15 0.9701425001453341 0.2425356250363244
    outer loop
      vertex 0.6701738387346268 6.789367417334765 4.442530330660941
      vertex 0.9270558506250381 6.776442030199404 4.4942318792023865
      vertex 0.9348693415522575 6.788010929593315 4.447956281626741
    endloop
  endfacet
  facet normal -0.9963214847534366 0.02078390075303988 -0.08313560301215951
    outer loop
      vertex 0.9452873319387436 6.812155996496757 4.351376014012973
      vertex 0.9409465044736862 6.799915584423422 4.4003376623063115
      vertex 0.9409465044736862 7.177574407952834 4.4947523681886645
    endloop
  endfacet
  facet normal -0.9924224130022902 0.029801060157525483 -0.11920424063010193
    outer loop
      vertex 0.9409465044736862 6.799915584423422 4.4003376623063115
      vertex 0.9348693415522575 6.788010929593315 4.447956281626741
      vertex 0.9348693415522575 7.165669753122727 4.542370987509094
    endloop
  endfacet
  facet normal -3.2989413566646946e-15 0.9701425001453287 0.2425356250363458
    outer loop
      vertex 0.6633599326014519 6.780524785945422 4.477900856218311
      vertex 0.9175060242414474 6.765208888048719 4.539164447805123
      vertex 0.9270558506250381 6.776442030199404 4.4942318792023865
    endloop
  endfacet
  facet normal 2.0949229299474007e-15 0.970142500145333 0.24253562503632883
    outer loop
      vertex 0.6553071290254593 6.771953057448751 4.512187770204997
      vertex 0.9062198624014854 6.754311501334231 4.582753994663076
      vertex 0.9175060242414474 6.765208888048719 4.539164447805123
    endloop
  endfacet
  facet normal -2.1945669539594556e-15 0.9701425001453295 0.24253562503634193
    outer loop
      vertex 0.6460154354572296 6.763652228230688 4.545391087077248
      vertex 0.8931973725557327 6.7437498736700014 4.625000505319994
      vertex 0.9062198624014854 6.754311501334231 4.582753994663076
    endloop
  endfacet
  facet normal 2.350832322278993e-15 0.9701425001453317 0.24253562503633375
    outer loop
      vertex 0.6354848444461823 6.755622301905297 4.577510792378814
      vertex 0.8784385472536087 6.7335239996349365 4.6659040014602535
      vertex 0.8931973725557327 6.7437498736700014 4.625000505319994
    endloop
  endfacet
  facet normal -0.9868479613695019 0.03920616783774045 -0.15682467135096145
    outer loop
      vertex 0.9348693415522575 6.788010929593315 4.447956281626741
      vertex 0.9270558506250381 6.776442030199404 4.4942318792023865
      vertex 0.9270558506250381 7.154100853728815 4.5886465850847395
    endloop
  endfacet
  facet normal -0.9793972901571376 0.04897835538327449 -0.19591342153309796
    outer loop
      vertex 0.9175060242414474 6.765208888048719 4.539164447805123
      vertex 0.9175060242414474 7.142867711578131 4.633579153687476
      vertex 0.9270558506250381 6.776442030199404 4.4942318792023865
    endloop
  endfacet
  facet normal -0.9698707121581936 0.05908657740367002 -0.2363463096146801
    outer loop
      vertex 0.9175060242414474 6.765208888048719 4.539164447805123
      vertex 0.9062198624014854 6.754311501334231 4.582753994663076
      vertex 0.9062198624014854 7.1319703248636435 4.677168700545429
    endloop
  endfacet
  facet normal -0.9963214847534366 0.020783900753039874 -0.0831356030121595
    outer loop
      vertex 0.9452873319387436 6.812155996496757 4.351376014012973
      vertex 0.9409465044736862 7.177574407952834 4.4947523681886645
      vertex 0.9452873319387436 7.189814820026169 4.445790719895326
    endloop
  endfacet
  facet normal -0.9987409236777272 0.012166896678524919 -0.048667586714099674
    outer loop
      vertex 0.9478918313980103 6.824732165813319 4.301071336746726
      vertex 0.9452873319387436 7.189814820026169 4.445790719895326
      vertex 0.9478918313980103 7.202390989342731 4.395486042629079
    endloop
  endfacet
  facet normal -0.9924224130022902 0.029801060157525483 -0.11920424063010193
    outer loop
      vertex 0.9409465044736862 6.799915584423422 4.4003376623063115
      vertex 0.9348693415522575 7.165669753122727 4.542370987509094
      vertex 0.9409465044736862 7.177574407952834 4.4947523681886645
    endloop
  endfacet
  facet normal -0.986847961369502 0.03920616783774019 -0.15682467135096076
    outer loop
      vertex 0.9348693415522575 6.788010929593315 4.447956281626741
      vertex 0.9270558506250381 7.154100853728815 4.5886465850847395
      vertex 0.9348693415522575 7.165669753122727 4.542370987509094
    endloop
  endfacet
  facet normal -0.9793972901571373 0.0489783553832748 -0.19591342153309874
    outer loop
      vertex 0.9270558506250381 6.776442030199404 4.4942318792023865
      vertex 0.9175060242414474 7.142867711578131 4.633579153687476
      vertex 0.9270558506250381 7.154100853728815 4.5886465850847395
    endloop
  endfacet
  facet normal -0.9698707121581936 0.05908657740367002 -0.2363463096146801
    outer loop
      vertex 0.9175060242414474 6.765208888048719 4.539164447805123
      vertex 0.9062198624014854 7.1319703248636435 4.677168700545429
      vertex 0.9175060242414474 7.142867711578131 4.633579153687476
    endloop
  endfacet
  facet normal 0.9215429618631122 -0.09417086143581005 0.37668344574323936
    outer loop
      vertex 0.6107069924473763 6.740375152511433 4.638499389954268
      vertex 0.6237153634428978 6.747863276665545 4.608546893337821
      vertex 0.6237153634428978 7.1255221001949565 4.702961599220174
    endloop
  endfacet
  facet normal 0.9019514552178427 -0.10473596281923189 0.41894385127692757
    outer loop
      vertex 0.6107069924473763 6.740375152511433 4.638499389954268
      vertex 0.6107069924473763 7.118033976040845 4.732914095836621
      vertex 0.596459724009037 6.733157931249992 4.667368275000031
    endloop
  endfacet
  facet normal 0.854589313991894 -0.12594982764177168 0.5037993105670867
    outer loop
      vertex 0.5809735655784607 6.72621160926716 4.69515356293136
      vertex 0.5809735655784607 7.1038704327965725 4.789568268813713
      vertex 0.5642485097050667 6.719536190176999 4.721855239292003
    endloop
  endfacet
  facet normal 0.8796441844033424 -0.1153577832977698 0.4614311331910792
    outer loop
      vertex 0.5809735655784607 6.72621160926716 4.69515356293136
      vertex 0.596459724009037 6.733157931249992 4.667368275000031
      vertex 0.596459724009037 7.110816754779404 4.761782980882384
    endloop
  endfacet
  facet normal 0.9215429618631114 -0.09417086143581041 0.37668344574324164
    outer loop
      vertex 0.6107069924473763 6.740375152511433 4.638499389954268
      vertex 0.6237153634428978 7.1255221001949565 4.702961599220174
      vertex 0.6107069924473763 7.118033976040845 4.732914095836621
    endloop
  endfacet
  facet normal 0.9385027041617888 -0.08374073233393739 0.3349629293357488
    outer loop
      vertex 0.6237153634428978 6.747863276665545 4.608546893337821
      vertex 0.6354848444461823 7.133281125434708 4.671925498261167
      vertex 0.6237153634428978 7.1255221001949565 4.702961599220174
    endloop
  endfacet
  facet normal 0.9019514552178427 -0.10473596281923189 0.41894385127692757
    outer loop
      vertex 0.596459724009037 6.733157931249992 4.667368275000031
      vertex 0.6107069924473763 7.118033976040845 4.732914095836621
      vertex 0.596459724009037 7.110816754779404 4.761782980882384
    endloop
  endfacet
  facet normal 0.8796441844033422 -0.1153577832977698 0.4614311331910792
    outer loop
      vertex 0.5809735655784607 6.72621160926716 4.69515356293136
      vertex 0.596459724009037 7.110816754779404 4.761782980882384
      vertex 0.5809735655784607 7.1038704327965725 4.789568268813713
    endloop
  endfacet
  facet normal 0.7964234051411091 -0.1466708519387465 0.586683407754986
    outer loop
      vertex 0.5462845638394356 6.713131672172478 4.747473311310086
      vertex 0.5462845638394356 7.09079049570189 4.841888017192439
      vertex 0.5270817279815674 6.706998055253598 4.772007778985611
    endloop
  endfacet
  facet normal 0.8268169565876012 -0.1364192759148442 0.5456771036593768
    outer loop
      vertex 0.5462845638394356 6.713131672172478 4.747473311310086
      vertex 0.5642485097050667 6.719536190176999 4.721855239292003
      vertex 0.5642485097050667 7.097195013706411 4.816269945174356
    endloop
  endfacet
  facet normal 0.763573321531621 -0.15661037878708228 0.6264415151483291
    outer loop
      vertex 0.5270817279815674 6.706998055253598 4.772007778985611
      vertex 0.5270817279815674 7.08465687878301 4.866422484867964
      vertex 0.5066400021314621 6.7011353394203566 4.795458642318575
    endloop
  endfacet
  facet normal 0.854589313991894 -0.12594982764177168 0.5037993105670867
    outer loop
      vertex 0.5642485097050667 6.719536190176999 4.721855239292003
      vertex 0.5809735655784607 7.1038704327965725 4.789568268813713
      vertex 0.5642485097050667 7.097195013706411 4.816269945174356
    endloop
  endfacet
  facet normal 0.8268169565876013 -0.13641927591484423 0.5456771036593769
    outer loop
      vertex 0.5462845638394356 6.713131672172478 4.747473311310086
      vertex 0.5642485097050667 7.097195013706411 4.816269945174356
      vertex 0.5462845638394356 7.09079049570189 4.841888017192439
    endloop
  endfacet
  facet normal 0.7964234051411091 -0.14667085193874652 0.5866834077549861
    outer loop
      vertex 0.5270817279815674 6.706998055253598 4.772007778985611
      vertex 0.5462845638394356 7.09079049570189 4.841888017192439
      vertex 0.5270817279815674 7.08465687878301 4.866422484867964
    endloop
  endfacet
  facet normal 0.9529577693247309 -0.07351330007061681 0.29405320028246656
    outer loop
      vertex 0.6354848444461823 6.755622301905297 4.577510792378814
      vertex 0.6460154354572296 7.1413110517601 4.639805792959601
      vertex 0.6354848444461823 7.133281125434708 4.671925498261167
    endloop
  endfacet
  facet normal -0.9580773497526335 0.06948880226802943 -0.27795520907211774
    outer loop
      vertex 0.8931973725557327 6.7437498736700014 4.625000505319994
      vertex 0.8931973725557327 7.1214086971994135 4.719415211202347
      vertex 0.9062198624014854 6.754311501334231 4.582753994663076
    endloop
  endfacet
  facet normal -0.9438443973103319 0.08013141913936156 -0.32052567655744624
    outer loop
      vertex 0.8784385472536087 6.7335239996349365 4.6659040014602535
      vertex 0.8784385472536087 7.111182823164349 4.7603187073426065
      vertex 0.8931973725557327 6.7437498736700014 4.625000505319994
    endloop
  endfacet
  facet normal -0.9270276190085196 0.09094917572158087 -0.3637967028863235
    outer loop
      vertex 0.8784385472536087 6.7335239996349365 4.6659040014602535
      vertex 0.861943393945694 6.7236338846501305 4.70546446139948
      vertex 0.861943393945694 7.1012927081795425 4.799879167281833
    endloop
  endfacet
  facet normal -0.9580773497526335 0.06948880226802942 -0.2779552090721177
    outer loop
      vertex 0.9062198624014854 6.754311501334231 4.582753994663076
      vertex 0.8931973725557327 7.1214086971994135 4.719415211202347
      vertex 0.9062198624014854 7.1319703248636435 4.677168700545429
    endloop
  endfacet
  facet normal -0.9438443973103319 0.08013141913936155 -0.3205256765574462
    outer loop
      vertex 0.8931973725557327 6.7437498736700014 4.625000505319994
      vertex 0.8784385472536087 7.111182823164349 4.7603187073426065
      vertex 0.8931973725557327 7.1214086971994135 4.719415211202347
    endloop
  endfacet
  facet normal -0.9270276190085196 0.09094917572158089 -0.36379670288632354
    outer loop
      vertex 0.8784385472536087 6.7335239996349365 4.6659040014602535
      vertex 0.861943393945694 7.1012927081795425 4.799879167281833
      vertex 0.8784385472536087 7.111182823164349 4.7603187073426065
    endloop
  endfacet
  facet normal -0.8852737073702828 0.11279613652094415 -0.4511845460837766
    outer loop
      vertex 0.8437119051814079 6.7140795251015195 4.743681899593922
      vertex 0.8237440809607506 6.7048609209891055 4.78055631604358
      vertex 0.8237440809607506 7.0825197445185175 4.874971021925933
    endloop
  endfacet
  facet normal -0.9075222718009966 0.10186592288977586 -0.40746369155910345
    outer loop
      vertex 0.8437119051814079 6.7140795251015195 4.743681899593922
      vertex 0.8437119051814079 7.0917383486309316 4.838096605476275
      vertex 0.861943393945694 6.7236338846501305 4.70546446139948
    endloop
  endfacet
  facet normal -0.86028635407915 0.12364736123470679 -0.49458944493882717
    outer loop
      vertex 0.8020399287343025 6.695978075926949 4.816087696292204
      vertex 0.8020399287343025 7.073636899456361 4.910502402174557
      vertex 0.8237440809607506 6.7048609209891055 4.78055631604358
    endloop
  endfacet
  facet normal -0.8326302134848463 0.13432334289541326 -0.537293371581653
    outer loop
      vertex 0.8020399287343025 6.695978075926949 4.816087696292204
      vertex 0.7785994485020638 6.687430986300989 4.850276054796044
      vertex 0.7785994485020638 7.065089809830401 4.944690760678397
    endloop
  endfacet
  facet normal -0.8852737073702828 0.11279613652094415 -0.4511845460837766
    outer loop
      vertex 0.8437119051814079 6.7140795251015195 4.743681899593922
      vertex 0.8237440809607506 7.0825197445185175 4.874971021925933
      vertex 0.8437119051814079 7.0917383486309316 4.838096605476275
    endloop
  endfacet
  facet normal -0.9075222718009966 0.10186592288977586 -0.40746369155910345
    outer loop
      vertex 0.861943393945694 6.7236338846501305 4.70546446139948
      vertex 0.8437119051814079 7.0917383486309316 4.838096605476275
      vertex 0.861943393945694 7.1012927081795425 4.799879167281833
    endloop
  endfacet
  facet normal -0.8602863540791501 0.12364736123470682 -0.4945894449388273
    outer loop
      vertex 0.8237440809607506 6.7048609209891055 4.78055631604358
      vertex 0.8020399287343025 7.073636899456361 4.910502402174557
      vertex 0.8237440809607506 7.0825197445185175 4.874971021925933
    endloop
  endfacet
  facet normal 5.616722497032719e-15 0.9701425001453324 0.24253562503633103
    outer loop
      vertex -0.0006200000643730164 6.652453589421112 4.990185642315552
      vertex -0.0006200000643730164 6.6011379016775855 5.195448393289661
      vertex 0.037477925419807434 6.652622037257561 4.989511850969758
    endloop
  endfacet
  facet normal 5.8472814816072445e-15 0.9701425001453317 0.24253562503633355
    outer loop
      vertex 0.037477925419807434 6.652622037257561 4.989511850969758
      vertex 0.051355913281440735 6.601354740003126 5.194581039987495
      vertex 0.07454346120357513 6.653127384380968 4.987490462476126
    endloop
  endfacet
  facet normal -9.889886517795109e-17 0.9701425001453321 0.242535625036332
    outer loop
      vertex 0.07454346120357513 6.653127384380968 4.987490462476126
      vertex 0.10197072476148605 6.60200525497975 5.191978980080999
      vertex 0.11057660728693008 6.653969628984305 4.984121484062781
    endloop
  endfacet
  facet normal 1.6576753046502162e-14 0.9701425001453319 0.24253562503633294
    outer loop
      vertex -0.0006200000643730164 6.6011379016775855 5.195448393289661
      vertex 0.051355913281440735 6.601354740003126 5.194581039987495
      vertex 0.037477925419807434 6.652622037257561 4.989511850969758
    endloop
  endfacet
  facet normal -4.2843024497850174e-15 0.970142500145332 0.24253562503633253
    outer loop
      vertex 0.07454346120357513 6.653127384380968 4.987490462476126
      vertex 0.051355913281440735 6.601354740003126 5.194581039987495
      vertex 0.10197072476148605 6.60200525497975 5.191978980080999
    endloop
  endfacet
  facet normal -1.261144222507664e-16 0.9701425001453321 0.242535625036332
    outer loop
      vertex 0.11057660728693008 6.653969628984305 4.984121484062781
      vertex 0.10197072476148605 6.60200525497975 5.191978980080999
      vertex 0.15122442692518234 6.603089448414488 5.187642206342047
    endloop
  endfacet
  facet normal -1.2472407627786131e-14 0.9701425001453315 0.24253562503633408
    outer loop
      vertex 0.14557737112045288 6.6551487728746 4.979404908501598
      vertex 0.1991170272231102 6.604607318500309 5.181570725998764
      vertex 0.17954574525356293 6.656664812437794 4.973340750248827
    endloop
  endfacet
  facet normal -1.389634050047603e-16 0.9701425001453321 0.242535625036332
    outer loop
      vertex 0.11057660728693008 6.653969628984305 4.984121484062781
      vertex 0.15122442692518234 6.603089448414488 5.187642206342047
      vertex 0.14557737112045288 6.6551487728746 4.979404908501598
    endloop
  endfacet
  facet normal -6.314287360885455e-15 0.9701425001453317 0.24253562503633394
    outer loop
      vertex 0.17954574525356293 6.656664812437794 4.973340750248827
      vertex 0.24564851075410843 6.606558867044244 5.173764531823026
      vertex 0.21248172968626022 6.658517751287946 4.965928994848217
    endloop
  endfacet
  facet normal 6.628085839744377e-15 0.970142500145332 0.24253562503633255
    outer loop
      vertex 0.21248172968626022 6.658517751287946 4.965928994848217
      vertex 0.2908188924193382 6.60894409043223 5.164223638271081
      vertex 0.24438533186912537 6.660707587618027 4.957169649527895
    endloop
  endfacet
  facet normal -4.666235610361553e-15 0.9701425001453322 0.2425356250363321
    outer loop
      vertex 0.14557737112045288 6.6551487728746 4.979404908501598
      vertex 0.15122442692518234 6.603089448414488 5.187642206342047
      vertex 0.1991170272231102 6.604607318500309 5.181570725998764
    endloop
  endfacet
  facet normal -4.612355249430658e-15 0.9701425001453318 0.24253562503633336
    outer loop
      vertex 0.17954574525356293 6.656664812437794 4.973340750248827
      vertex 0.1991170272231102 6.604607318500309 5.181570725998764
      vertex 0.24564851075410843 6.606558867044244 5.173764531823026
    endloop
  endfacet
  facet normal 9.236749316604749e-15 0.9701425001453323 0.2425356250363316
    outer loop
      vertex 0.21248172968626022 6.658517751287946 4.965928994848217
      vertex 0.24564851075410843 6.606558867044244 5.173764531823026
      vertex 0.2908188924193382 6.60894409043223 5.164223638271081
    endloop
  endfacet
  facet normal -7.091028842082259e-16 0.9701425001453324 0.24253562503633125
    outer loop
      vertex 0.27525653690099716 6.663234323235066 4.947062707059734
      vertex 0.37707633525133133 6.615015570775513 5.1399377168979505
      vertex 0.3050953596830368 6.666097954525004 4.935608181899985
    endloop
  endfacet
  facet normal -1.2460756125189994e-14 0.9701425001453304 0.2425356250363386
    outer loop
      vertex 0.3339018002152443 6.6692984851019 4.922806059592398
      vertex 0.4578893408179283 6.622821761337189 5.108712954651246
      vertex 0.36167585104703903 6.672835913158726 4.908656347365099
    endloop
  endfacet
  facet normal -1.6014718360496154e-15 0.9701425001453327 0.2425356250363296
    outer loop
      vertex 0.3339018002152443 6.6692984851019 4.922806059592398
      vertex 0.3050953596830368 6.666097954525004 4.935608181899985
      vertex 0.41816338896751404 6.61870182773081 5.125192689076764
    endloop
  endfacet
  facet normal 7.007150438742489e-15 0.9701425001453324 0.24253562503633103
    outer loop
      vertex 0.41412678360939026 6.680921463519192 4.876314145923235
      vertex 0.388417512178421 6.67671024050251 4.893159037989961
      vertex 0.5332579240202904 6.632362660310227 5.070549358759093
    endloop
  endfacet
  facet normal 7.191799539765614e-18 0.9701425001453319 0.24253562503633297
    outer loop
      vertex 0.43880366533994675 6.685469585822832 4.858121656708671
      vertex 0.6031820774078369 6.643638265887596 5.025446936449618
      vertex 0.4624481648206711 6.690354605606402 4.838581577574394
    endloop
  endfacet
  facet normal 5.804778302530763e-15 0.9701425001453328 0.24253562503632925
    outer loop
      vertex 0.41412678360939026 6.680921463519192 4.876314145923235
      vertex 0.5689005553722382 6.637783623869854 5.048865504520584
      vertex 0.43880366533994675 6.685469585822832 4.858121656708671
    endloop
  endfacet
  facet normal -5.63637735548546e-15 0.970142500145331 0.2425356250363369
    outer loop
      vertex 0.36167585104703903 6.672835913158726 4.908656347365099
      vertex 0.49625418335199356 6.627375371594651 5.090498513621398
      vertex 0.388417512178421 6.67671024050251 4.893159037989961
    endloop
  endfacet
  facet normal -3.459395434833193e-15 0.970142500145331 0.24253562503633702
    outer loop
      vertex 0.41412678360939026 6.680921463519192 4.876314145923235
      vertex 0.5332579240202904 6.632362660310227 5.070549358759093
      vertex 0.5689005553722382 6.637783623869854 5.048865504520584
    endloop
  endfacet
  facet normal 1.181119097312028e-14 0.9701425001453334 0.2425356250363268
    outer loop
      vertex 0.24438533186912537 6.660707587618027 4.957169649527895
      vertex 0.334628164768219 6.61176299227833 5.152948030886681
      vertex 0.27525653690099716 6.663234323235066 4.947062707059734
    endloop
  endfacet
  facet normal 3.775475336762456e-15 0.970142500145333 0.24253562503632906
    outer loop
      vertex 0.27525653690099716 6.663234323235066 4.947062707059734
      vertex 0.334628164768219 6.61176299227833 5.152948030886681
      vertex 0.37707633525133133 6.615015570775513 5.1399377168979505
    endloop
  endfacet
  facet normal -9.941356911504399e-15 0.9701425001453315 0.24253562503633427
    outer loop
      vertex 0.3050953596830368 6.666097954525004 4.935608181899985
      vertex 0.37707633525133133 6.615015570775513 5.1399377168979505
      vertex 0.41816338896751404 6.61870182773081 5.125192689076764
    endloop
  endfacet
  facet normal -9.019282893227077e-15 0.9701425001453312 0.2425356250363359
    outer loop
      vertex 0.24438533186912537 6.660707587618027 4.957169649527895
      vertex 0.2908188924193382 6.60894409043223 5.164223638271081
      vertex 0.334628164768219 6.61176299227833 5.152948030886681
    endloop
  endfacet
  facet normal -4.830233226917146e-17 0.9701425001453319 0.24253562503633308
    outer loop
      vertex 0.36167585104703903 6.672835913158726 4.908656347365099
      vertex 0.4578893408179283 6.622821761337189 5.108712954651246
      vertex 0.49625418335199356 6.627375371594651 5.090498513621398
    endloop
  endfacet
  facet normal 7.711989265071233e-15 0.9701425001453338 0.24253562503632597
    outer loop
      vertex 0.3339018002152443 6.6692984851019 4.922806059592398
      vertex 0.41816338896751404 6.61870182773081 5.125192689076764
      vertex 0.4578893408179283 6.622821761337189 5.108712954651246
    endloop
  endfacet
  facet normal 9.367994911531113e-15 0.9701425001453329 0.2425356250363292
    outer loop
      vertex 0.388417512178421 6.67671024050251 4.893159037989961
      vertex 0.49625418335199356 6.627375371594651 5.090498513621398
      vertex 0.5332579240202904 6.632362660310227 5.070549358759093
    endloop
  endfacet
  facet normal -0.017198641177833606 0.24249975218200076 -0.9699990087280008
    outer loop
      vertex -0.0006200000643730164 6.6011379016775855 5.195448393289661
      vertex -0.0006200000643730164 6.978796725206997 5.289863099172014
      vertex 0.051355913281440735 6.601354740003126 5.194581039987495
    endloop
  endfacet
  facet normal -0.05291700136179694 0.24219581175847285 -0.9687832470338914
    outer loop
      vertex 0.051355913281440735 6.601354740003126 5.194581039987495
      vertex 0.051355913281440735 6.979013563532538 5.288995745869848
      vertex 0.10197072476148605 6.60200525497975 5.191978980080999
    endloop
  endfacet
  facet normal -0.090388041120157 0.2415428353220995 -0.966171341288398
    outer loop
      vertex 0.10197072476148605 6.60200525497975 5.191978980080999
      vertex 0.10197072476148605 6.979664078509162 5.286393685963352
      vertex 0.15122442692518234 6.603089448414488 5.187642206342047
    endloop
  endfacet
  facet normal -0.1703957553381939 0.23898871331492852 -0.9559548532597141
    outer loop
      vertex 0.1991170272231102 6.604607318500309 5.181570725998764
      vertex 0.1991170272231102 6.982266142029721 5.275985431881117
      vertex 0.24564851075410843 6.606558867044244 5.173764531823026
    endloop
  endfacet
  facet normal -0.12957284149511372 0.24049102695097432 -0.9619641078038973
    outer loop
      vertex 0.15122442692518234 6.603089448414488 5.187642206342047
      vertex 0.15122442692518234 6.9807482719439005 5.2820569122244
      vertex 0.1991170272231102 6.604607318500309 5.181570725998764
    endloop
  endfacet
  facet normal -0.21273698291254384 0.23698386344932632 -0.9479354537973032
    outer loop
      vertex 0.24564851075410843 6.606558867044244 5.173764531823026
      vertex 0.24564851075410843 6.984217690573655 5.268179237705379
      vertex 0.2908188924193382 6.60894409043223 5.164223638271081
    endloop
  endfacet
  facet normal -0.2564297909721878 0.23442592738331453 -0.9377037095332581
    outer loop
      vertex 0.2908188924193382 6.60894409043223 5.164223638271081
      vertex 0.2908188924193382 6.986602913961642 5.258638344153434
      vertex 0.334628164768219 6.61176299227833 5.152948030886681
    endloop
  endfacet
  facet normal -0.3012547280861328 0.231268317405633 -0.9250732696225298
    outer loop
      vertex 0.334628164768219 6.61176299227833 5.152948030886681
      vertex 0.334628164768219 6.9894218158077415 5.247362736769034
      vertex 0.37707633525133133 6.615015570775513 5.1399377168979505
    endloop
  endfacet
  facet normal -0.34694095486269116 0.2274710031732505 -0.909884012693002
    outer loop
      vertex 0.37707633525133133 6.615015570775513 5.1399377168979505
      vertex 0.37707633525133133 6.992674394304925 5.2343524227803035
      vertex 0.41816338896751404 6.61870182773081 5.125192689076764
    endloop
  endfacet
  facet normal 0.13758274190273245 -0.2402291784612115 0.960916713844846
    outer loop
      vertex 0.11057660728693008 6.653969628984305 4.984121484062781
      vertex 0.14557737112045288 6.6551487728746 4.979404908501598
      vertex 0.14557737112045288 7.032807596404012 5.073819614383951
    endloop
  endfacet
  facet normal 0.1809792650117484 -0.23853061286278232 0.9541224514511294
    outer loop
      vertex 0.14557737112045288 6.6551487728746 4.979404908501598
      vertex 0.17954574525356293 6.656664812437794 4.973340750248827
      vertex 0.17954574525356293 7.034323635967206 5.06775545613118
    endloop
  endfacet
  facet normal 0.2259615727429253 -0.23626273605801754 0.9450509442320679
    outer loop
      vertex 0.17954574525356293 6.656664812437794 4.973340750248827
      vertex 0.21248172968626022 6.658517751287946 4.965928994848217
      vertex 0.21248172968626022 7.0361765748173575 5.06034370073057
    endloop
  endfacet
  facet normal 0.27231143942779346 -0.23337000159513965 0.9334800063805585
    outer loop
      vertex 0.21248172968626022 6.658517751287946 4.965928994848217
      vertex 0.24438533186912537 6.660707587618027 4.957169649527895
      vertex 0.24438533186912537 7.038366411147439 5.051584355410248
    endloop
  endfacet
  facet normal 0.018227051308360387 -0.2424953334421343 0.9699813337685372
    outer loop
      vertex -0.0006200000643730164 6.652453589421112 4.990185642315552
      vertex 0.037477925419807434 6.652622037257561 4.989511850969758
      vertex 0.037477925419807434 7.030280860786973 5.083926556852111
    endloop
  endfacet
  facet normal 0.056125325354153766 -0.24215332379857898 0.9686132951943159
    outer loop
      vertex 0.037477925419807434 6.652622037257561 4.989511850969758
      vertex 0.07454346120357513 6.653127384380968 4.987490462476126
      vertex 0.07454346120357513 7.0307862079103804 5.081905168358479
    endloop
  endfacet
  facet normal 0.0959296733801011 -0.24141707841595086 0.9656683136638035
    outer loop
      vertex 0.07454346120357513 6.653127384380968 4.987490462476126
      vertex 0.11057660728693008 6.653969628984305 4.984121484062781
      vertex 0.11057660728693008 7.031628452513717 5.078536189945134
    endloop
  endfacet
  facet normal 0.018227051308360186 -0.2424953334421343 0.9699813337685372
    outer loop
      vertex -0.0006200000643730164 6.652453589421112 4.990185642315552
      vertex 0.037477925419807434 7.030280860786973 5.083926556852111
      vertex -0.0006200000643730164 7.030112412950524 5.084600348197905
    endloop
  endfacet
  facet normal 0.05612532535415375 -0.24215332379857898 0.9686132951943159
    outer loop
      vertex 0.037477925419807434 6.652622037257561 4.989511850969758
      vertex 0.07454346120357513 7.0307862079103804 5.081905168358479
      vertex 0.037477925419807434 7.030280860786973 5.083926556852111
    endloop
  endfacet
  facet normal 0.13758274190273237 -0.2402291784612115 0.960916713844846
    outer loop
      vertex 0.11057660728693008 6.653969628984305 4.984121484062781
      vertex 0.14557737112045288 7.032807596404012 5.073819614383951
      vertex 0.11057660728693008 7.031628452513717 5.078536189945134
    endloop
  endfacet
  facet normal 0.09592967338010133 -0.24141707841595086 0.9656683136638035
    outer loop
      vertex 0.07454346120357513 6.653127384380968 4.987490462476126
      vertex 0.11057660728693008 7.031628452513717 5.078536189945134
      vertex 0.07454346120357513 7.0307862079103804 5.081905168358479
    endloop
  endfacet
  facet normal 0.1809792650117486 -0.23853061286278232 0.9541224514511293
    outer loop
      vertex 0.14557737112045288 6.6551487728746 4.979404908501598
      vertex 0.17954574525356293 7.034323635967206 5.06775545613118
      vertex 0.14557737112045288 7.032807596404012 5.073819614383951
    endloop
  endfacet
  facet normal 0.22596157274291906 -0.2362627360580174 0.9450509442320696
    outer loop
      vertex 0.17954574525356293 6.656664812437794 4.973340750248827
      vertex 0.21248172968626022 7.0361765748173575 5.06034370073057
      vertex 0.17954574525356293 7.034323635967206 5.06775545613118
    endloop
  endfacet
  facet normal 0.2723114394277997 -0.2333700015951397 0.9334800063805567
    outer loop
      vertex 0.21248172968626022 6.658517751287946 4.965928994848217
      vertex 0.24438533186912537 7.038366411147439 5.051584355410248
      vertex 0.21248172968626022 7.0361765748173575 5.06034370073057
    endloop
  endfacet
  facet normal 0.31975015744785307 -0.22980296378727597 0.9192118551491039
    outer loop
      vertex 0.24438533186912537 6.660707587618027 4.957169649527895
      vertex 0.27525653690099716 7.040893146764478 5.041477412942087
      vertex 0.24438533186912537 7.038366411147439 5.051584355410248
    endloop
  endfacet
  facet normal 0.4649291758424441 -0.2147284004682996 0.8589136018731985
    outer loop
      vertex 0.3339018002152443 6.6692984851019 4.922806059592398
      vertex 0.36167585104703903 6.672835913158726 4.908656347365099
      vertex 0.36167585104703903 7.050494736688138 5.003071053247452
    endloop
  endfacet
  facet normal 0.512825039879138 -0.20821517129458453 0.8328606851783362
    outer loop
      vertex 0.36167585104703903 6.672835913158726 4.908656347365099
      vertex 0.388417512178421 6.67671024050251 4.893159037989961
      vertex 0.388417512178421 7.054369064031921 4.987573743872314
    endloop
  endfacet
  facet normal 0.31975015744785285 -0.22980296378727597 0.9192118551491039
    outer loop
      vertex 0.24438533186912537 6.660707587618027 4.957169649527895
      vertex 0.27525653690099716 6.663234323235066 4.947062707059734
      vertex 0.27525653690099716 7.040893146764478 5.041477412942087
    endloop
  endfacet
  facet normal 0.36793673929031245 -0.2255219509181016 0.9020878036724064
    outer loop
      vertex 0.27525653690099716 6.663234323235066 4.947062707059734
      vertex 0.3050953596830368 6.666097954525004 4.935608181899985
      vertex 0.3050953596830368 7.043756778054416 5.030022887782338
    endloop
  endfacet
  facet normal 0.4164766622140918 -0.22050039213397296 0.8820015685358918
    outer loop
      vertex 0.3339018002152443 6.6692984851019 4.922806059592398
      vertex 0.3339018002152443 7.046957308631312 5.017220765474751
      vertex 0.3050953596830368 6.666097954525004 4.935608181899985
    endloop
  endfacet
  facet normal 0.36793673929031245 -0.2255219509181016 0.9020878036724064
    outer loop
      vertex 0.27525653690099716 6.663234323235066 4.947062707059734
      vertex 0.3050953596830368 7.043756778054416 5.030022887782338
      vertex 0.27525653690099716 7.040893146764478 5.041477412942087
    endloop
  endfacet
  facet normal 0.4164766622140917 -0.22050039213397296 0.8820015685358918
    outer loop
      vertex 0.3050953596830368 6.666097954525004 4.935608181899985
      vertex 0.3339018002152443 7.046957308631312 5.017220765474751
      vertex 0.3050953596830368 7.043756778054416 5.030022887782338
    endloop
  endfacet
  facet normal 0.46492917584244414 -0.2147284004682996 0.8589136018731984
    outer loop
      vertex 0.3339018002152443 6.6692984851019 4.922806059592398
      vertex 0.36167585104703903 7.050494736688138 5.003071053247452
      vertex 0.3339018002152443 7.046957308631312 5.017220765474751
    endloop
  endfacet
  facet normal 0.5128250398791327 -0.2082151712945848 0.8328606851783392
    outer loop
      vertex 0.36167585104703903 6.672835913158726 4.908656347365099
      vertex 0.388417512178421 7.054369064031921 4.987573743872314
      vertex 0.36167585104703903 7.050494736688138 5.003071053247452
    endloop
  endfacet
  facet normal 0.5596845157957577 -0.20099067036856214 0.8039626814742485
    outer loop
      vertex 0.41412678360939026 6.680921463519192 4.876314145923235
      vertex 0.41412678360939026 7.058580287048604 4.970728851805588
      vertex 0.388417512178421 6.67671024050251 4.893159037989961
    endloop
  endfacet
  facet normal 0.6050415151747414 -0.19310539105324495 0.7724215642129798
    outer loop
      vertex 0.41412678360939026 6.680921463519192 4.876314145923235
      vertex 0.43880366533994675 6.685469585822832 4.858121656708671
      vertex 0.43880366533994675 7.063128409352244 4.952536362591024
    endloop
  endfacet
  facet normal 0.5596845157957626 -0.20099067036856183 0.8039626814742454
    outer loop
      vertex 0.388417512178421 6.67671024050251 4.893159037989961
      vertex 0.41412678360939026 7.058580287048604 4.970728851805588
      vertex 0.388417512178421 7.054369064031921 4.987573743872314
    endloop
  endfacet
  facet normal 0.6050415151747413 -0.19310539105324498 0.7724215642129799
    outer loop
      vertex 0.41412678360939026 6.680921463519192 4.876314145923235
      vertex 0.43880366533994675 7.063128409352244 4.952536362591024
      vertex 0.41412678360939026 7.058580287048604 4.970728851805588
    endloop
  endfacet
  facet normal 0.6484635055908559 -0.18462921219326844 0.7385168487730738
    outer loop
      vertex 0.43880366533994675 6.685469585822832 4.858121656708671
      vertex 0.4624481648206711 7.068013429135814 4.932996283456747
      vertex 0.43880366533994675 7.063128409352244 4.952536362591024
    endloop
  endfacet
  facet normal 0.6895742392187832 -0.1756479380843524 0.7025917523374096
    outer loop
      vertex 0.4624481648206711 6.690354605606402 4.838581577574394
      vertex 0.48506027460098267 7.073235348206342 4.912108607174631
      vertex 0.4624481648206711 7.068013429135814 4.932996283456747
    endloop
  endfacet
  facet normal -0.439566679745701 0.21784791430738748 -0.8713916572295499
    outer loop
      vertex 0.4578893408179283 6.622821761337189 5.108712954651246
      vertex 0.4578893408179283 7.000480584866601 5.203127660533599
      vertex 0.49625418335199356 6.627375371594651 5.090498513621398
    endloop
  endfacet
  facet normal -0.485741926712375 0.21200094070736766 -0.8480037628294707
    outer loop
      vertex 0.49625418335199356 6.627375371594651 5.090498513621398
      vertex 0.49625418335199356 7.005034195124063 5.184913219503751
      vertex 0.5332579240202904 6.632362660310227 5.070549358759093
    endloop
  endfacet
  facet normal -0.01719864117783766 0.24249975218200023 -0.9699990087280009
    outer loop
      vertex 0.051355913281440735 6.601354740003126 5.194581039987495
      vertex -0.0006200000643730164 6.978796725206997 5.289863099172014
      vertex 0.051355913281440735 6.979013563532538 5.288995745869848
    endloop
  endfacet
  facet normal -0.05291700136179696 0.24219581175847285 -0.9687832470338914
    outer loop
      vertex 0.10197072476148605 6.60200525497975 5.191978980080999
      vertex 0.051355913281440735 6.979013563532538 5.288995745869848
      vertex 0.10197072476148605 6.979664078509162 5.286393685963352
    endloop
  endfacet
  facet normal -0.09038804112015697 0.2415428353220995 -0.966171341288398
    outer loop
      vertex 0.15122442692518234 6.603089448414488 5.187642206342047
      vertex 0.10197072476148605 6.979664078509162 5.286393685963352
      vertex 0.15122442692518234 6.9807482719439005 5.2820569122244
    endloop
  endfacet
  facet normal -0.12957284149511378 0.24049102695097427 -0.9619641078038971
    outer loop
      vertex 0.1991170272231102 6.604607318500309 5.181570725998764
      vertex 0.15122442692518234 6.9807482719439005 5.2820569122244
      vertex 0.1991170272231102 6.982266142029721 5.275985431881117
    endloop
  endfacet
  facet normal -0.17039575533818932 0.23898871331492924 -0.9559548532597147
    outer loop
      vertex 0.24564851075410843 6.606558867044244 5.173764531823026
      vertex 0.1991170272231102 6.982266142029721 5.275985431881117
      vertex 0.24564851075410843 6.984217690573655 5.268179237705379
    endloop
  endfacet
  facet normal -0.3012547280861372 0.23126831740563214 -0.9250732696225286
    outer loop
      vertex 0.37707633525133133 6.615015570775513 5.1399377168979505
      vertex 0.334628164768219 6.9894218158077415 5.247362736769034
      vertex 0.37707633525133133 6.992674394304925 5.2343524227803035
    endloop
  endfacet
  facet normal -0.21273698291254817 0.2369838634493256 -0.9479354537973024
    outer loop
      vertex 0.2908188924193382 6.60894409043223 5.164223638271081
      vertex 0.24564851075410843 6.984217690573655 5.268179237705379
      vertex 0.2908188924193382 6.986602913961642 5.258638344153434
    endloop
  endfacet
  facet normal -0.25642979097218355 0.23442592738331536 -0.9377037095332591
    outer loop
      vertex 0.334628164768219 6.61176299227833 5.152948030886681
      vertex 0.2908188924193382 6.986602913961642 5.258638344153434
      vertex 0.334628164768219 6.9894218158077415 5.247362736769034
    endloop
  endfacet
  facet normal -0.3931666110593197 0.22300356314063596 -0.8920142525625417
    outer loop
      vertex 0.41816338896751404 6.61870182773081 5.125192689076764
      vertex 0.41816338896751404 6.996360651260221 5.219607394959117
      vertex 0.4578893408179283 6.622821761337189 5.108712954651246
    endloop
  endfacet
  facet normal -0.3931666110593239 0.22300356314063505 -0.8920142525625402
    outer loop
      vertex 0.4578893408179283 6.622821761337189 5.108712954651246
      vertex 0.41816338896751404 6.996360651260221 5.219607394959117
      vertex 0.4578893408179283 7.000480584866601 5.203127660533599
    endloop
  endfacet
  facet normal -0.34694095486268683 0.22747100317325142 -0.9098840126930036
    outer loop
      vertex 0.41816338896751404 6.61870182773081 5.125192689076764
      vertex 0.37707633525133133 6.992674394304925 5.2343524227803035
      vertex 0.41816338896751404 6.996360651260221 5.219607394959117
    endloop
  endfacet
  facet normal -0.4395666797457009 0.21784791430738748 -0.8713916572295499
    outer loop
      vertex 0.49625418335199356 6.627375371594651 5.090498513621398
      vertex 0.4578893408179283 7.000480584866601 5.203127660533599
      vertex 0.49625418335199356 7.005034195124063 5.184913219503751
    endloop
  endfacet
  facet normal 2.5462651750729517e-17 0.970142500145332 0.24253562503633294
    outer loop
      vertex 0.5066400021314621 6.7011353394203566 4.795458642318575
      vertex 0.6676618009805679 6.656648581683358 4.973405673266569
      vertex 0.6978600025177002 6.663804255461379 4.944782978154485
    endloop
  endfacet
  facet normal -8.011207073758257e-15 0.9701425001453304 0.24253562503633927
    outer loop
      vertex 0.48506027460098267 6.69557652467693 4.817693901292278
      vertex 0.6361024901270866 6.649926586363451 5.000293654546196
      vertex 0.6676618009805679 6.656648581683358 4.973405673266569
    endloop
  endfacet
  facet normal 7.027889575515578e-17 0.9701425001453319 0.24253562503633297
    outer loop
      vertex 0.43880366533994675 6.685469585822832 4.858121656708671
      vertex 0.5689005553722382 6.637783623869854 5.048865504520584
      vertex 0.6031820774078369 6.643638265887596 5.025446936449618
    endloop
  endfacet
  facet normal 4.1416575564844295e-15 0.9701425001453325 0.24253562503633005
    outer loop
      vertex 0.4624481648206711 6.690354605606402 4.838581577574394
      vertex 0.6031820774078369 6.643638265887596 5.025446936449618
      vertex 0.6361024901270866 6.649926586363451 5.000293654546196
    endloop
  endfacet
  facet normal -0.8024431157665252 0.14472794883523224 -0.578911795340929
    outer loop
      vertex 0.7534226328134537 6.679219652111225 4.8831213915551
      vertex 0.7534226328134537 7.056878475640637 4.977536097437453
      vertex 0.7785994485020638 6.687430986300989 4.850276054796044
    endloop
  endfacet
  facet normal -0.7699292702318923 0.15476907253753475 -0.6190762901501375
    outer loop
      vertex 0.7265094816684723 6.67134407697172 4.914623692113123
      vertex 0.7265094816684723 7.049002900501131 5.009038397995476
      vertex 0.7534226328134537 6.679219652111225 4.8831213915551
    endloop
  endfacet
  facet normal -0.7353532560930632 0.16436250981458272 -0.6574500392583309
    outer loop
      vertex 0.7265094816684723 6.67134407697172 4.914623692113123
      vertex 0.6978600025177002 6.663804255461379 4.944782978154485
      vertex 0.6978600025177002 7.041463078990791 5.039197684036838
    endloop
  endfacet
  facet normal -0.6988326258547074 0.17348215047037077 -0.6939286018814831
    outer loop
      vertex 0.6676618009805679 6.656648581683358 4.973405673266569
      vertex 0.6676618009805679 7.03430740521277 5.067820379148922
      vertex 0.6978600025177002 6.663804255461379 4.944782978154485
    endloop
  endfacet
  facet normal -0.8024431157665252 0.14472794883523224 -0.578911795340929
    outer loop
      vertex 0.7785994485020638 6.687430986300989 4.850276054796044
      vertex 0.7534226328134537 7.056878475640637 4.977536097437453
      vertex 0.7785994485020638 7.065089809830401 4.944690760678397
    endloop
  endfacet
  facet normal -0.7699292702318943 0.1547690725375338 -0.6190762901501352
    outer loop
      vertex 0.7534226328134537 6.679219652111225 4.8831213915551
      vertex 0.7265094816684723 7.049002900501131 5.009038397995476
      vertex 0.7534226328134537 7.056878475640637 4.977536097437453
    endloop
  endfacet
  facet normal -0.735353256093061 0.16436250981458372 -0.6574500392583333
    outer loop
      vertex 0.7265094816684723 6.67134407697172 4.914623692113123
      vertex 0.6978600025177002 7.041463078990791 5.039197684036838
      vertex 0.7265094816684723 7.049002900501131 5.009038397995476
    endloop
  endfacet
  facet normal -0.5757370138579692 0.19830560059634464 -0.7932224023853786
    outer loop
      vertex 0.5689005553722382 6.637783623869854 5.048865504520584
      vertex 0.5689005553722382 7.015442447399266 5.143280210402937
      vertex 0.6031820774078369 6.643638265887596 5.025446936449618
    endloop
  endfacet
  facet normal -0.6187266652152807 0.19053752351634012 -0.7621500940653605
    outer loop
      vertex 0.6361024901270866 6.649926586363451 5.000293654546196
      vertex 0.6031820774078369 6.643638265887596 5.025446936449618
      vertex 0.6031820774078369 7.021297089417008 5.119861642331971
    endloop
  endfacet
  facet normal -0.659866807578376 0.18223704605884686 -0.7289481842353874
    outer loop
      vertex 0.6361024901270866 6.649926586363451 5.000293654546196
      vertex 0.6361024901270866 7.027585409892863 5.094708360428549
      vertex 0.6676618009805679 6.656648581683358 4.973405673266569
    endloop
  endfacet
  facet normal -0.5312727740633348 0.20547638186004974 -0.821905527440199
    outer loop
      vertex 0.5332579240202904 6.632362660310227 5.070549358759093
      vertex 0.5332579240202904 7.010021483839639 5.164964064641446
      vertex 0.5689005553722382 6.637783623869854 5.048865504520584
    endloop
  endfacet
  facet normal -0.6187266652152809 0.19053752351634015 -0.7621500940653606
    outer loop
      vertex 0.6361024901270866 6.649926586363451 5.000293654546196
      vertex 0.6031820774078369 7.021297089417008 5.119861642331971
      vertex 0.6361024901270866 7.027585409892863 5.094708360428549
    endloop
  endfacet
  facet normal -0.485741926712375 0.21200094070736766 -0.8480037628294707
    outer loop
      vertex 0.5332579240202904 6.632362660310227 5.070549358759093
      vertex 0.49625418335199356 7.005034195124063 5.184913219503751
      vertex 0.5332579240202904 7.010021483839639 5.164964064641446
    endloop
  endfacet
  facet normal -0.5312727740633348 0.20547638186004974 -0.821905527440199
    outer loop
      vertex 0.5689005553722382 6.637783623869854 5.048865504520584
      vertex 0.5332579240202904 7.010021483839639 5.164964064641446
      vertex 0.5689005553722382 7.015442447399266 5.143280210402937
    endloop
  endfacet
  facet normal -0.5757370138579692 0.1983056005963447 -0.7932224023853788
    outer loop
      vertex 0.6031820774078369 6.643638265887596 5.025446936449618
      vertex 0.5689005553722382 7.015442447399266 5.143280210402937
      vertex 0.6031820774078369 7.021297089417008 5.119861642331971
    endloop
  endfacet
  facet normal -0.659866807578376 0.18223704605884683 -0.7289481842353873
    outer loop
      vertex 0.6676618009805679 6.656648581683358 4.973405673266569
      vertex 0.6361024901270866 7.027585409892863 5.094708360428549
      vertex 0.6676618009805679 7.03430740521277 5.067820379148922
    endloop
  endfacet
  facet normal -0.6988326258547074 0.17348215047037077 -0.6939286018814831
    outer loop
      vertex 0.6978600025177002 6.663804255461379 4.944782978154485
      vertex 0.6676618009805679 7.03430740521277 5.067820379148922
      vertex 0.6978600025177002 7.041463078990791 5.039197684036838
    endloop
  endfacet
  facet normal -0.8326302134848464 0.13432334289541328 -0.5372933715816531
    outer loop
      vertex 0.8020399287343025 6.695978075926949 4.816087696292204
      vertex 0.7785994485020638 7.065089809830401 4.944690760678397
      vertex 0.8020399287343025 7.073636899456361 4.910502402174557
    endloop
  endfacet
  facet normal 0.030197056211072708 -0.03869395160019608 0.9987947316169358
    outer loop
      vertex -6.135130312025577 -5.115234385332435 6.879336064983363
      vertex -6.329969797179336 -5.449584635373495 6.872273799550847
      vertex -6.279494625568018 -5.542870511713264 6.867133803697873
    endloop
  endfacet
  facet normal 0.0301970562110731 -0.03869395160019743 0.9987947316169358
    outer loop
      vertex -6.135130312025577 -5.115234385332435 6.879336064983363
      vertex -6.3920055918722944 -5.315701821300564 6.879336064983363
      vertex -6.3759387790501885 -5.353802861994723 6.877374250195567
    endloop
  endfacet
  facet normal 0.06032123420811167 -0.07729451839934505 0.9951818457593684
    outer loop
      vertex -6.135130312025577 -5.115234385332435 6.879336064983363
      vertex -6.416460649602622 -5.254646981866993 6.885560418553805
      vertex -6.3920055918722944 -5.315701821300564 6.879336064983363
    endloop
  endfacet
  facet normal 0.030197056211070498 -0.0386939516001948 0.9987947316169361
    outer loop
      vertex -6.135130312025577 -5.115234385332435 6.879336064983363
      vertex -6.3759387790501885 -5.353802861994723 6.877374250195567
      vertex -6.329969797179336 -5.449584635373495 6.872273799550847
    endloop
  endfacet
  facet normal 0.0603212342081091 -0.07729451839933846 0.9951818457593692
    outer loop
      vertex -6.135130312025577 -5.115234385332435 6.879336064983363
      vertex -6.482298688376524 -5.048935867903633 6.905528400611104
      vertex -6.451769725063285 -5.1527137219022405 6.895617645070781
    endloop
  endfacet
  facet normal 0.060321234208107664 -0.07729451839934587 0.9951818457593686
    outer loop
      vertex -6.135130312025577 -5.115234385332435 6.879336064983363
      vertex -6.507961646722531 -4.943563666003005 6.91526804262804
      vertex -6.482298688376524 -5.048935867903633 6.905528400611104
    endloop
  endfacet
  facet normal 0.06032123420811115 -0.07729451839933833 0.995181845759369
    outer loop
      vertex -6.135130312025577 -5.115234385332435 6.879336064983363
      vertex -6.528684503941579 -4.836852494027338 6.924812245036809
      vertex -6.507961646722531 -4.943563666003005 6.91526804262804
    endloop
  endfacet
  facet normal 0.06032123420810932 -0.07729451839934029 0.995181845759369
    outer loop
      vertex -6.135130312025577 -5.115234385332435 6.879336064983363
      vertex -6.451769725063285 -5.1527137219022405 6.895617645070781
      vertex -6.416460649602622 -5.254646981866993 6.885560418553805
    endloop
  endfacet
  facet normal 0.06032123420810567 -0.07729451839934608 0.9951818457593687
    outer loop
      vertex -6.135130312025577 -5.115234385332435 6.879336064983363
      vertex -6.544405259603782 -4.72906223617212 6.934137064910515
      vertex -6.528684503941579 -4.836852494027338 6.924812245036809
    endloop
  endfacet
  facet normal 0.060321234208108004 -0.07729451839934356 0.9951818457593687
    outer loop
      vertex -6.135130312025577 -5.115234385332435 6.879336064983363
      vertex -6.555074277684943 -4.620456634077095 6.9432190091665955
      vertex -6.544405259603782 -4.72906223617212 6.934137064910515
    endloop
  endfacet
  facet normal 0.06032123420811389 -0.07729451839933857 0.9951818457593689
    outer loop
      vertex -6.135130312025577 -5.115234385332435 6.879336064983363
      vertex -6.558997481102782 -4.54371566778034 6.949417181420144
      vertex -6.555074277684943 -4.620456634077095 6.9432190091665955
    endloop
  endfacet
  facet normal 0.056455912383644544 -0.08016123644197339 0.9951818457593687
    outer loop
      vertex -6.135130312025577 -5.115234385332435 6.879336064983363
      vertex -6.560632357592572 -4.511266427795165 6.95212369144558
      vertex -6.558997481102782 -4.54371566778034 6.949417181420144
    endloop
  endfacet
  facet normal 0.056455912383634864 -0.08016123644198028 0.9951818457593689
    outer loop
      vertex -6.135130312025577 -5.115234385332435 6.879336064983363
      vertex -6.5610196978787 -4.4016994964645 6.9609712084852
      vertex -6.560632357592572 -4.511266427795165 6.95212369144558
    endloop
  endfacet
  facet normal 0.056455912383633094 -0.08016123644198134 0.9951818457593687
    outer loop
      vertex -6.135130312025577 -5.115234385332435 6.879336064983363
      vertex -6.5449483303293645 -3.5922926124812062 7.025256678682544
      vertex -6.5610196978787 -4.4016994964645 6.9609712084852
    endloop
  endfacet
  facet normal 0.030197056211066834 -0.03869395160019831 0.998794731616936
    outer loop
      vertex -6.135130312025577 -5.115234385332435 6.879336064983363
      vertex -5.730815323605101 -6.174227070225948 6.826086150418393
      vertex -5.646665861960589 -6.235991498761171 6.821149224265626
    endloop
  endfacet
  facet normal 0.030197056211062143 -0.03869395160019888 0.9987947316169362
    outer loop
      vertex -6.135130312025577 -5.115234385332435 6.879336064983363
      vertex -5.889844588206831 -6.038241044175143 6.836162347292604
      vertex -5.811940874784186 -6.108259204817746 6.831094497040612
    endloop
  endfacet
  facet normal 0.030197056211084723 -0.038693951600191505 0.9987947316169357
    outer loop
      vertex -6.135130312025577 -5.115234385332435 6.879336064983363
      vertex -5.811940874784186 -6.108259204817746 6.831094497040612
      vertex -5.730815323605101 -6.174227070225948 6.826086150418393
    endloop
  endfacet
  facet normal 0.030197056211087703 -0.03869395160018918 0.9987947316169358
    outer loop
      vertex -6.135130312025577 -5.115234385332435 6.879336064983363
      vertex -5.646665861960589 -6.235991498761171 6.821149224265626
      vertex -5.559697140196934 -6.29340969114761 6.816295438013643
    endloop
  endfacet
  facet normal 0.030197056211058105 -0.0386939516002037 0.9987947316169361
    outer loop
      vertex -6.135130312025577 -5.115234385332435 6.879336064983363
      vertex -5.559697140196934 -6.29340969114761 6.816295438013643
      vertex -5.470120021343765 -6.346349476720471 6.811536287165681
    endloop
  endfacet
  facet normal 0.030197056211066872 -0.03869395160019591 0.998794731616936
    outer loop
      vertex -6.135130312025577 -5.115234385332435 6.879336064983363
      vertex -6.22464062397225 -5.633438066420526 6.861966730039378
      vertex -6.165545451002871 -5.7210719909162995 6.856785081669492
    endloop
  endfacet
  facet normal 0.030197056211063143 -0.03869395160019573 0.9987947316169362
    outer loop
      vertex -6.135130312025577 -5.115234385332435 6.879336064983363
      vertex -6.165545451002871 -5.7210719909162995 6.856785081669492
      vertex -6.10235667987203 -5.805564582466402 6.851601366780068
    endloop
  endfacet
  facet normal 0.03019705621106385 -0.03869395160019757 0.9987947316169361
    outer loop
      vertex -6.135130312025577 -5.115234385332435 6.879336064983363
      vertex -6.0352313933309 -5.886716210584974 6.846428068345464
      vertex -5.9643357592379855 -5.9643357592379855 6.841277614159243
    endloop
  endfacet
  facet normal 0.030197056211086794 -0.03869395160019458 0.9987947316169355
    outer loop
      vertex -6.135130312025577 -5.115234385332435 6.879336064983363
      vertex -6.10235667987203 -5.805564582466402 6.851601366780068
      vertex -6.0352313933309 -5.886716210584974 6.846428068345464
    endloop
  endfacet
  facet normal 0.030197056211076843 -0.038693951600194953 0.9987947316169358
    outer loop
      vertex -6.135130312025577 -5.115234385332435 6.879336064983363
      vertex -5.9643357592379855 -5.9643357592379855 6.841277614159243
      vertex -5.889844588206831 -6.038241044175143 6.836162347292604
    endloop
  endfacet
  facet normal 0.0301970562110777 -0.038693951600197764 0.9987947316169357
    outer loop
      vertex -6.135130312025577 -5.115234385332435 6.879336064983363
      vertex -6.279494625568018 -5.542870511713264 6.867133803697873
      vertex -6.22464062397225 -5.633438066420526 6.861966730039378
    endloop
  endfacet
  facet normal 0.030197056211072507 -0.03869395160019561 0.998794731616936
    outer loop
      vertex -6.135130312025577 -5.115234385332435 6.879336064983363
      vertex -5.378151061341632 -6.394689572727572 6.806883017536814
      vertex -5.284011981209068 -6.438319816624839 6.802346600296454
    endloop
  endfacet
  facet normal 0.030197056211080542 -0.03869395160019061 0.9987947316169358
    outer loop
      vertex -6.135130312025577 -5.115234385332435 6.879336064983363
      vertex -5.284011981209068 -6.438319816624839 6.802346600296454
      vertex -5.1879291324550545 -6.4771413713750166 6.797937707852494
    endloop
  endfacet
  facet normal 0.03019705621107023 -0.03869395160019765 0.9987947316169359
    outer loop
      vertex -6.135130312025577 -5.115234385332435 6.879336064983363
      vertex -5.1879291324550545 -6.4771413713750166 6.797937707852494
      vertex -5.103297258928066 -6.5065002022108835 6.7942416104416
    endloop
  endfacet
  facet normal 0.030197056211067046 -0.038693951600198916 0.998794731616936
    outer loop
      vertex -6.135130312025577 -5.115234385332435 6.879336064983363
      vertex -5.470120021343765 -6.346349476720471 6.811536287165681
      vertex -5.378151061341632 -6.394689572727572 6.806883017536814
    endloop
  endfacet
  facet normal 0.02826206031882539 -0.0401290423607133 0.9987947316169361
    outer loop
      vertex -5.721839443747361 -4.824162115441007 6.879336064983363
      vertex -4.99079364355214 -6.539977488550365 6.789713157034404
      vertex -4.8902128796005675 -6.563855462691302 6.7859077506448955
    endloop
  endfacet
  facet normal 0.02826206031885465 -0.04012904236070204 0.9987947316169357
    outer loop
      vertex -5.721839443747361 -4.824162115441007 6.879336064983363
      vertex -5.103297258928066 -6.5065002022108835 6.7942416104416
      vertex -5.090125981525361 -6.511062032795625 6.793685631007958
    endloop
  endfacet
  facet normal 0.028262060318831352 -0.040129042360710715 0.9987947316169359
    outer loop
      vertex -5.721839443747361 -4.824162115441007 6.879336064983363
      vertex -5.090125981525361 -6.511062032795625 6.793685631007958
      vertex -4.99079364355214 -6.539977488550365 6.789713157034404
    endloop
  endfacet
  facet normal 0.02826206031883169 -0.040129042360710486 0.9987947316169359
    outer loop
      vertex -6.135130312025577 -5.115234385332435 6.879336064983363
      vertex -5.103297258928066 -6.5065002022108835 6.7942416104416
      vertex -5.721839443747361 -4.824162115441007 6.879336064983363
    endloop
  endfacet
  facet normal 0.056455912383633816 -0.08016123644198118 0.9951818457593689
    outer loop
      vertex -6.135130312025577 -5.115234385332435 6.879336064983363
      vertex -5.721839443747361 -4.824162115441007 6.879336064983363
      vertex -6.5449483303293645 -3.5922926124812062 7.025256678682544
    endloop
  endfacet
  facet normal 0.02826206031883608 -0.04012904236070814 0.9987947316169359
    outer loop
      vertex -5.721839443747361 -4.824162115441007 6.879336064983363
      vertex -4.8902128796005675 -6.563855462691302 6.7859077506448955
      vertex -4.788623013123638 -6.582643897348549 6.782278275328644
    endloop
  endfacet
  facet normal 0.02826206031882811 -0.04012904236071247 0.9987947316169359
    outer loop
      vertex -5.721839443747361 -4.824162115441007 6.879336064983363
      vertex -4.788623013123638 -6.582643897348549 6.782278275328644
      vertex -4.686265295494708 -6.596302664648566 6.778833169810583
    endloop
  endfacet
  facet normal 0.028262060318831276 -0.0401290423607106 0.998794731616936
    outer loop
      vertex -5.721839443747361 -4.824162115441007 6.879336064983363
      vertex -4.686265295494708 -6.596302664648566 6.778833169810583
      vertex -4.583382358602994 -6.604803615148202 6.775580430615955
    endloop
  endfacet
  facet normal 0.028262060318838343 -0.04012904236070608 0.9987947316169359
    outer loop
      vertex -5.721839443747361 -4.824162115441007 6.879336064983363
      vertex -4.583382358602994 -6.604803615148202 6.775580430615955
      vertex -4.530922410557176 -6.606495410169925 6.774028043242449
    endloop
  endfacet
  facet normal 0.026258978647826135 -0.04146745874328621 0.9987947316169359
    outer loop
      vertex -5.2947641630752145 -4.553719676573296 6.879336064983363
      vertex -4.530922410557176 -6.606495410169925 6.774028043242449
      vertex -4.480176235173009 -6.608105741103805 6.7726270355847795
    endloop
  endfacet
  facet normal 0.02625897864781907 -0.041467458743288846 0.998794731616936
    outer loop
      vertex -5.721839443747361 -4.824162115441007 6.879336064983363
      vertex -4.530922410557176 -6.606495410169925 6.774028043242449
      vertex -5.2947641630752145 -4.553719676573296 6.879336064983363
    endloop
  endfacet
  facet normal 0.026258978647817285 -0.04146745874328973 0.9987947316169358
    outer loop
      vertex -5.2947641630752145 -4.553719676573296 6.879336064983363
      vertex -4.480176235173009 -6.608105741103805 6.7726270355847795
      vertex -4.061746849737627 -6.610884782616435 6.76151086953426
    endloop
  endfacet
  facet normal 0.024192636797230004 -0.04270597638563363 0.9987947316169359
    outer loop
      vertex -4.854933331767651 -4.30455858825249 6.879336064983363
      vertex -4.061746849737627 -6.610884782616435 6.76151086953426
      vertex -3.6207334422105735 -6.613584175458779 6.750713298164883
    endloop
  endfacet
  facet normal 0.02419263679722899 -0.042705976385633955 0.9987947316169359
    outer loop
      vertex -5.2947641630752145 -4.553719676573296 6.879336064983363
      vertex -4.061746849737627 -6.610884782616435 6.76151086953426
      vertex -4.854933331767651 -4.30455858825249 6.879336064983363
    endloop
  endfacet
  facet normal 0.02206801276556972 -0.043841611590264694 0.998794731616936
    outer loop
      vertex -4.854933331767651 -4.30455858825249 6.879336064983363
      vertex -3.6207334422105735 -6.613584175458779 6.750713298164883
      vertex -4.403406540821923 -4.077279101364292 6.879336064983363
    endloop
  endfacet
  facet normal 0.05245458332127216 -0.08283483904473692 0.995181845759369
    outer loop
      vertex -5.721839443747361 -4.824162115441007 6.879336064983363
      vertex -6.522620541565327 -2.5051650701297516 7.114567833738693
      vertex -6.5449483303293645 -3.5922926124812062 7.025256678682544
    endloop
  endfacet
  facet normal 0.05245458332127246 -0.08283483904473679 0.9951818457593689
    outer loop
      vertex -5.721839443747361 -4.824162115441007 6.879336064983363
      vertex -5.2947641630752145 -4.553719676573296 6.879336064983363
      vertex -6.522620541565327 -2.5051650701297516 7.114567833738693
    endloop
  endfacet
  facet normal 0.04832688657321145 -0.08530888526475834 0.9951818457593687
    outer loop
      vertex -5.2947641630752145 -4.553719676573296 6.879336064983363
      vertex -4.854933331767651 -4.30455858825249 6.879336064983363
      vertex -6.495723738096392 -1.2348556466849703 7.222155047614433
    endloop
  endfacet
  facet normal 0.048326886573211957 -0.08530888526475817 0.9951818457593689
    outer loop
      vertex -5.2947641630752145 -4.553719676573296 6.879336064983363
      vertex -6.495723738096392 -1.2348556466849703 7.222155047614433
      vertex -6.522620541565327 -2.5051650701297516 7.114567833738693
    endloop
  endfacet
  facet normal 0.04408276612246003 -0.08757741490800144 0.9951818457593687
    outer loop
      vertex -4.854933331767651 -4.30455858825249 6.879336064983363
      vertex -4.403406540821923 -4.077279101364292 6.879336064983363
      vertex -6.462826702961523 0.27699899103391035 7.35374318815391
    endloop
  endfacet
  facet normal 0.044082766122460204 -0.08757741490800137 0.9951818457593689
    outer loop
      vertex -4.854933331767651 -4.30455858825249 6.879336064983363
      vertex -6.462826702961523 0.27699899103391035 7.35374318815391
      vertex -6.495723738096392 -1.2348556466849703 7.222155047614433
    endloop
  endfacet
  facet normal 0.03973244642692531 -0.0896349628878556 0.9951818457593687
    outer loop
      vertex -4.403406540821923 -4.077279101364292 6.879336064983363
      vertex -6.421823309809863 2.1161529297066437 7.517756760760549
      vertex -6.462826702961523 0.27699899103391035 7.35374318815391
    endloop
  endfacet
  facet normal 0.03973244642692531 -0.08963496288785561 0.9951818457593689
    outer loop
      vertex -4.403406540821923 -4.077279101364292 6.879336064983363
      vertex -3.9412715578264943 -3.872428752099946 6.879336064983363
      vertex -6.421823309809863 2.1161529297066437 7.517756760760549
    endloop
  endfacet
  facet normal 0.03528640778779702 -0.09147657239101736 0.9951818457593689
    outer loop
      vertex -5.773448019010926 2.7482062648415724 7.552865156180616
      vertex -3.9412715578264943 -3.872428752099946 6.879336064983363
      vertex -3.469641706433645 -3.690501042893601 6.879336064983363
    endloop
  endfacet
  facet normal 0.022068012765568547 -0.04384161159026504 0.9987947316169358
    outer loop
      vertex -4.403406540821923 -4.077279101364292 6.879336064983363
      vertex -3.6207334422105735 -6.613584175458779 6.750713298164883
      vertex -3.2027194026310344 -6.615918762062383 6.741374951750473
    endloop
  endfacet
  facet normal 0.01989022495822993 -0.04487162851250215 0.9987947316169359
    outer loop
      vertex -3.9412715578264943 -3.872428752099946 6.879336064983363
      vertex -3.2027194026310344 -6.615918762062383 6.741374951750473
      vertex -2.804049317094102 -6.617926109108408 6.733345563566368
    endloop
  endfacet
  facet normal 0.019890224958228397 -0.044871628512502544 0.9987947316169359
    outer loop
      vertex -4.403406540821923 -4.077279101364292 6.879336064983363
      vertex -3.2027194026310344 -6.615918762062383 6.741374951750473
      vertex -3.9412715578264943 -3.872428752099946 6.879336064983363
    endloop
  endfacet
  facet normal 0.017664519856784997 -0.045793545751363615 0.998794731616936
    outer loop
      vertex -3.9412715578264943 -3.872428752099946 6.879336064983363
      vertex -2.804049317094102 -6.617926109108408 6.733345563566368
      vertex -3.469641706433645 -3.690501042893601 6.879336064983363
    endloop
  endfacet
  facet normal 0.017664519856783786 -0.04579354575136388 0.9987947316169359
    outer loop
      vertex -3.469641706433645 -3.690501042893601 6.879336064983363
      vertex -2.804049317094102 -6.617926109108408 6.733345563566368
      vertex -2.4215801780109283 -6.6196367888853 6.726502844458802
    endloop
  endfacet
  facet normal 0.01539625937977666 -0.046605142327468534 0.9987947316169359
    outer loop
      vertex -2.9896531842652756 -3.5319342535317197 6.879336064983363
      vertex -2.4215801780109283 -6.6196367888853 6.726502844458802
      vertex -2.0525723948827386 -6.621075622209124 6.720747511163507
    endloop
  endfacet
  facet normal 0.013090907965371145 -0.04730446303357805 0.9987947316169358
    outer loop
      vertex -2.5024623257133203 -3.397110385298687 6.879336064983363
      vertex -2.0525723948827386 -6.621075622209124 6.720747511163507
      vertex -1.6946037452494997 -6.622262624149089 6.715999503403645
    endloop
  endfacet
  facet normal 0.01539625937977725 -0.04660514232746843 0.998794731616936
    outer loop
      vertex -3.469641706433645 -3.690501042893601 6.879336064983363
      vertex -2.4215801780109283 -6.6196367888853 6.726502844458802
      vertex -2.9896531842652756 -3.5319342535317197 6.879336064983363
    endloop
  endfacet
  facet normal 0.013090907965370564 -0.04730446303357813 0.998794731616936
    outer loop
      vertex -2.9896531842652756 -3.5319342535317197 6.879336064983363
      vertex -2.0525723948827386 -6.621075622209124 6.720747511163507
      vertex -2.5024623257133203 -3.397110385298687 6.879336064983363
    endloop
  endfacet
  facet normal 0.010754019407049415 -0.04788982314485825 0.9987947316169359
    outer loop
      vertex -2.009242816228909 -3.286354240702252 6.879336064983363
      vertex -1.6946037452494997 -6.622262624149089 6.715999503403645
      vertex -1.3455001967799085 -6.62321372406527 6.712195103738922
    endloop
  endfacet
  facet normal 0.008391223474031468 -0.04835981247752985 0.9987947316169359
    outer loop
      vertex -1.511182864811317 -3.199932640995838 6.879336064983363
      vertex -1.3455001967799085 -6.62321372406527 6.712195103738922
      vertex -1.0032791574365447 -6.623941310796688 6.7092847568132505
    endloop
  endfacet
  facet normal 0.010754019407047134 -0.04788982314485846 0.9987947316169359
    outer loop
      vertex -2.5024623257133203 -3.397110385298687 6.879336064983363
      vertex -1.6946037452494997 -6.622262624149089 6.715999503403645
      vertex -2.009242816228909 -3.286354240702252 6.879336064983363
    endloop
  endfacet
  facet normal 0.008391223474031585 -0.04835981247752985 0.9987947316169359
    outer loop
      vertex -2.009242816228909 -3.286354240702252 6.879336064983363
      vertex -1.3455001967799085 -6.62321372406527 6.712195103738922
      vertex -1.511182864811317 -3.199932640995838 6.879336064983363
    endloop
  endfacet
  facet normal 0.006008212348682414 -0.04871329878612338 0.9987947316169359
    outer loop
      vertex -1.511182864811317 -3.199932640995838 6.879336064983363
      vertex -1.0032791574365447 -6.623941310796688 6.7092847568132505
      vertex -1.0094823415084082 -3.1380537833827784 6.879336064983363
    endloop
  endfacet
  facet normal 0.006008212348681658 -0.048713298786123384 0.9987947316169359
    outer loop
      vertex -1.0094823415084082 -3.1380537833827784 6.879336064983363
      vertex -1.0032791574365447 -6.623941310796688 6.7092847568132505
      vertex -0.6661018285510626 -6.6244546392232415 6.707231443107037
    endloop
  endfacet
  facet normal 0.003610726913529801 -0.04894943049116011 0.9987947316169359
    outer loop
      vertex -0.5053498868245956 -3.1008667394510105 6.879336064983363
      vertex -0.6661018285510626 -6.6244546392232415 6.707231443107037
      vertex -0.33223210592624913 -6.624760123836927 6.706009504652293
    endloop
  endfacet
  facet normal 0.0012045429209732663 -0.04906763873067962 0.9987947316169358
    outer loop
      vertex 0 -3.088461096046565 6.879336064983363
      vertex -0.33223210592624913 -6.624760123836927 6.706009504652293
      vertex 0 -6.624861537051642 6.705603851793432
    endloop
  endfacet
  facet normal 0.003610726913528016 -0.04894943049116003 0.9987947316169359
    outer loop
      vertex -1.0094823415084082 -3.1380537833827784 6.879336064983363
      vertex -0.6661018285510626 -6.6244546392232415 6.707231443107037
      vertex -0.5053498868245956 -3.1008667394510105 6.879336064983363
    endloop
  endfacet
  facet normal 0.0012045429209767617 -0.04906763873067996 0.9987947316169359
    outer loop
      vertex -0.5053498868245956 -3.1008667394510105 6.879336064983363
      vertex -0.33223210592624913 -6.624760123836927 6.706009504652293
      vertex 0 -3.088461096046565 6.879336064983363
    endloop
  endfacet
  facet normal 0.030755361101583605 -0.09309780681888778 0.9951818457593689
    outer loop
      vertex -4.974752067978741 3.0120597671282017 7.552865156180616
      vertex -3.469641706433645 -3.690501042893601 6.879336064983363
      vertex -2.9896531842652756 -3.5319342535317197 6.879336064983363
    endloop
  endfacet
  facet normal 0.026150222056624938 -0.09449476047572668 0.9951818457593689
    outer loop
      vertex -2.9896531842652756 -3.5319342535317197 6.879336064983363
      vertex -2.5024623257133203 -3.397110385298687 6.879336064983363
      vertex -4.164071503477977 3.236405293504033 7.552865156180616
    endloop
  endfacet
  facet normal 0.021482084836242744 -0.0956640679778161 0.9951818457593689
    outer loop
      vertex -2.5024623257133203 -3.397110385298687 6.879336064983363
      vertex -2.009242816228909 -3.286354240702252 6.879336064983363
      vertex -3.343359325995748 3.4207023759456785 7.552865156180616
    endloop
  endfacet
  facet normal 0.016762195391882197 -0.09660291236096412 0.9951818457593689
    outer loop
      vertex -2.009242816228909 -3.286354240702252 6.879336064983363
      vertex -1.511182864811317 -3.199932640995838 6.879336064983363
      vertex -2.5145927030535047 3.5645070266390224 7.552865156180616
    endloop
  endfacet
  facet normal 0.012001924350627184 -0.0973090318668189 0.9951818457593689
    outer loop
      vertex -1.511182864811317 -3.199932640995838 6.879336064983363
      vertex -1.0094823415084082 -3.1380537833827784 6.879336064983363
      vertex -1.6797682060372974 3.6674728075847423 7.552865156180616
    endloop
  endfacet
  facet normal 0.007212739622367089 -0.0977807253916419 0.9951818457593689
    outer loop
      vertex -1.0094823415084082 -3.1380537833827784 6.879336064983363
      vertex -0.5053498868245956 -3.1008667394510105 6.879336064983363
      vertex -0.8408970002824281 3.729351665197802 7.552865156180616
    endloop
  endfacet
  facet normal 0.0024061787725956304 -0.09801685658441643 0.9951818457593689
    outer loop
      vertex -0.5053498868245956 -3.1008667394510105 6.879336064983363
      vertex 0 -3.088461096046565 6.879336064983363
      vertex 0 3.749994527890264 7.552865156180616
    endloop
  endfacet
  facet normal 0.035286407787796854 -0.09147657239101745 0.9951818457593689
    outer loop
      vertex -5.773448019010926 2.7482062648415724 7.552865156180616
      vertex -6.421823309809863 2.1161529297066437 7.517756760760549
      vertex -3.9412715578264943 -3.872428752099946 6.879336064983363
    endloop
  endfacet
  facet normal 0.030755361101583598 -0.0930978068188878 0.9951818457593689
    outer loop
      vertex -5.773448019010926 2.7482062648415724 7.552865156180616
      vertex -3.469641706433645 -3.690501042893601 6.879336064983363
      vertex -4.974752067978741 3.0120597671282017 7.552865156180616
    endloop
  endfacet
  facet normal 0.035286407787797305 -0.09147657239101789 0.9951818457593689
    outer loop
      vertex -5.773448019010926 2.7482062648415724 7.552865156180616
      vertex -6.413046210954846 2.501486016898755 7.552865156180616
      vertex -6.421823309809863 2.1161529297066437 7.517756760760549
    endloop
  endfacet
  facet normal 0.05282313623002173 -0.13693883135752932 0.9891700929290467
    outer loop
      vertex -5.773448019010926 2.7482062648415724 7.552865156180616
      vertex -6.359611811456532 4.066019685760887 7.766602754173871
      vertex -6.413046210954846 2.501486016898755 7.552865156180616
    endloop
  endfacet
  facet normal 0.05282313623004319 -0.13693883135751983 0.9891700929290469
    outer loop
      vertex -5.773448019010926 2.7482062648415724 7.552865156180616
      vertex -6.353240170171368 4.172668854037725 7.781026807726903
      vertex -6.359611811456532 4.066019685760887 7.766602754173871
    endloop
  endfacet
  facet normal 0.05282313623001733 -0.1369388313575302 0.9891700929290466
    outer loop
      vertex -5.773448019010926 2.7482062648415724 7.552865156180616
      vertex -6.34140289511196 4.279394838892492 7.795169622747738
      vertex -6.353240170171368 4.172668854037725 7.781026807726903
    endloop
  endfacet
  facet normal 0.0528231362300475 -0.13693883135751986 0.9891700929290466
    outer loop
      vertex -5.773448019010926 2.7482062648415724 7.552865156180616
      vertex -6.335134946678939 4.318016064429069 7.800181554297279
      vertex -6.34140289511196 4.279394838892492 7.795169622747738
    endloop
  endfacet
  facet normal 0.04604023846919218 -0.13936579098344448 0.9891700929290467
    outer loop
      vertex -5.773448019010926 2.7482062648415724 7.552865156180616
      vertex -6.324055393893027 4.385843701806543 7.809222210848848
      vertex -6.335134946678939 4.318016064429069 7.800181554297279
    endloop
  endfacet
  facet normal 0.04604023846923429 -0.13936579098343063 0.9891700929290467
    outer loop
      vertex -5.773448019010926 2.7482062648415724 7.552865156180616
      vertex -6.3012394618615755 4.491779298028557 7.823085698339204
      vertex -6.324055393893027 4.385843701806543 7.809222210848848
    endloop
  endfacet
  facet normal 0.0460402384692272 -0.13936579098343257 0.9891700929290467
    outer loop
      vertex -5.773448019010926 2.7482062648415724 7.552865156180616
      vertex -6.273027912839169 4.596987897778173 7.836595622843912
      vertex -6.3012394618615755 4.491779298028557 7.823085698339204
    endloop
  endfacet
  facet normal 0.04604023846922442 -0.13936579098343324 0.9891700929290467
    outer loop
      vertex -5.773448019010926 2.7482062648415724 7.552865156180616
      vertex -6.2394754163512545 4.701204462995155 7.849717187272803
      vertex -6.273027912839169 4.596987897778173 7.836595622843912
    endloop
  endfacet
  facet normal 0.04604023846921261 -0.1393657909834362 0.9891700929290469
    outer loop
      vertex -5.773448019010926 2.7482062648415724 7.552865156180616
      vertex -6.200650847340754 4.8041650204144695 7.8624164057377826
      vertex -6.2394754163512545 4.701204462995155 7.849717187272803
    endloop
  endfacet
  facet normal 0.046040238469223865 -0.1393657909834338 0.9891700929290468
    outer loop
      vertex -5.773448019010926 2.7482062648415724 7.552865156180616
      vertex -4.974752067978741 3.0120597671282017 7.552865156180616
      vertex -6.107531727775966 5.0052721009516 7.886416545906115
    endloop
  endfacet
  facet normal 0.039146425741305196 -0.141457006211858 0.9891700929290467
    outer loop
      vertex -4.974752067978741 3.0120597671282017 7.552865156180616
      vertex -4.164071503477977 3.236405293504033 7.552865156180616
      vertex -5.271254046311732 5.91384768418486 7.979571571086163
    endloop
  endfacet
  facet normal 0.046040238469234385 -0.13936579098343163 0.9891700929290466
    outer loop
      vertex -5.773448019010926 2.7482062648415724 7.552865156180616
      vertex -6.156637245715151 4.9056074198170325 7.874660208501168
      vertex -6.200650847340754 4.8041650204144695 7.8624164057377826
    endloop
  endfacet
  facet normal 0.046040238469215 -0.13936579098343505 0.9891700929290468
    outer loop
      vertex -5.773448019010926 2.7482062648415724 7.552865156180616
      vertex -6.107531727775966 5.0052721009516 7.886416545906115
      vertex -6.156637245715151 4.9056074198170325 7.874660208501168
    endloop
  endfacet
  facet normal 0.046040238469227675 -0.13936579098343163 0.9891700929290468
    outer loop
      vertex -4.974752067978741 3.0120597671282017 7.552865156180616
      vertex -6.053445348437098 5.102902865997184 7.89765449079715
      vertex -6.107531727775966 5.0052721009516 7.886416545906115
    endloop
  endfacet
  facet normal 0.04604023846922488 -0.13936579098343305 0.9891700929290468
    outer loop
      vertex -4.974752067978741 3.0120597671282017 7.552865156180616
      vertex -5.9945029134053875 5.198247654274619 7.908344338928632
      vertex -6.053445348437098 5.102902865997184 7.89765449079715
    endloop
  endfacet
  facet normal 0.04604023846921767 -0.13936579098343652 0.9891700929290466
    outer loop
      vertex -4.974752067978741 3.0120597671282017 7.552865156180616
      vertex -5.930842740782078 5.291059315776886 7.918457706852605
      vertex -5.9945029134053875 5.198247654274619 7.908344338928632
    endloop
  endfacet
  facet normal 0.04604023846922315 -0.13936579098343424 0.9891700929290467
    outer loop
      vertex -4.974752067978741 3.0120597671282017 7.552865156180616
      vertex -5.862616371845361 5.381096379972847 7.927967626775382
      vertex -5.930842740782078 5.291059315776886 7.918457706852605
    endloop
  endfacet
  facet normal 0.046040238469224094 -0.13936579098343385 0.9891700929290468
    outer loop
      vertex -4.974752067978741 3.0120597671282017 7.552865156180616
      vertex -5.789988231089287 5.468123816250303 7.936848637874362
      vertex -5.862616371845361 5.381096379972847 7.927967626775382
    endloop
  endfacet
  facet normal 0.04604023846922665 -0.13936579098343274 0.9891700929290468
    outer loop
      vertex -4.974752067978741 3.0120597671282017 7.552865156180616
      vertex -5.737237181264184 5.525636326522591 7.9424964082750495
      vertex -5.789988231089287 5.468123816250303 7.936848637874362
    endloop
  endfacet
  facet normal 0.039146425741293824 -0.14145700621186102 0.9891700929290467
    outer loop
      vertex -4.974752067978741 3.0120597671282017 7.552865156180616
      vertex -5.713073130563667 5.551849226972792 7.945288710857995
      vertex -5.737237181264184 5.525636326522591 7.9424964082750495
    endloop
  endfacet
  facet normal 0.039146425741313474 -0.1414570062118556 0.9891700929290468
    outer loop
      vertex -4.974752067978741 3.0120597671282017 7.552865156180616
      vertex -5.631975157412146 5.631975157412146 7.953537725374782
      vertex -5.713073130563667 5.551849226972792 7.945288710857995
    endloop
  endfacet
  facet normal 0.03914642574130717 -0.14145700621185736 0.9891700929290467
    outer loop
      vertex -4.974752067978741 3.0120597671282017 7.552865156180616
      vertex -5.5470278180952555 5.708434701622949 7.961110086855823
      vertex -5.631975157412146 5.631975157412146 7.953537725374782
    endloop
  endfacet
  facet normal 0.03914642574130075 -0.14145700621185867 0.9891700929290467
    outer loop
      vertex -4.974752067978741 3.0120597671282017 7.552865156180616
      vertex -5.4584423538530356 5.781026114789901 7.967985304509675
      vertex -5.5470278180952555 5.708434701622949 7.961110086855823
    endloop
  endfacet
  facet normal 0.039146425741307354 -0.14145700621185756 0.9891700929290467
    outer loop
      vertex -4.974752067978741 3.0120597671282017 7.552865156180616
      vertex -5.366440535036909 5.849557548012679 7.97414471940738
      vertex -5.4584423538530356 5.781026114789901 7.967985304509675
    endloop
  endfacet
  facet normal 0.03914642574129971 -0.14145700621185858 0.9891700929290468
    outer loop
      vertex -4.974752067978741 3.0120597671282017 7.552865156180616
      vertex -5.271254046311732 5.91384768418486 7.979571571086163
      vertex -5.366440535036909 5.849557548012679 7.97414471940738
    endloop
  endfacet
  facet normal 0.039146425741303496 -0.14145700621185853 0.9891700929290466
    outer loop
      vertex -4.164071503477977 3.236405293504033 7.552865156180616
      vertex -5.173123830143818 5.97372634127571 7.9842510578407175
      vertex -5.271254046311732 5.91384768418486 7.979571571086163
    endloop
  endfacet
  facet normal 0.039146425741306536 -0.14145700621185783 0.9891700929290467
    outer loop
      vertex -4.164071503477977 3.236405293504033 7.552865156180616
      vertex -5.072299391135972 6.029035039724245 7.988170390332862
      vertex -5.173123830143818 5.97372634127571 7.9842510578407175
    endloop
  endfacet
  facet normal 0.039146425741305405 -0.14145700621185786 0.9891700929290467
    outer loop
      vertex -4.164071503477977 3.236405293504033 7.552865156180616
      vertex -4.969038064063946 6.079627530833152 7.991318838187437
      vertex -5.072299391135972 6.029035039724245 7.988170390332862
    endloop
  endfacet
  facet normal 0.039146425741310324 -0.1414570062118563 0.9891700929290467
    outer loop
      vertex -4.164071503477977 3.236405293504033 7.552865156180616
      vertex -4.885355731234189 6.115933342410622 7.993199047869428
      vertex -4.969038064063946 6.079627530833152 7.991318838187437
    endloop
  endfacet
  facet normal 0.03215830584493794 -0.14320743912215117 0.9891700929290467
    outer loop
      vertex -4.164071503477977 3.236405293504033 7.552865156180616
      vertex -4.863546964770152 6.125327641339209 7.993850099204748
      vertex -4.885355731234189 6.115933342410622 7.993199047869428
    endloop
  endfacet
  facet normal 0.03215830584495284 -0.1432074391221475 0.9891700929290467
    outer loop
      vertex -4.164071503477977 3.236405293504033 7.552865156180616
      vertex -4.7559247673783345 6.165895192960815 7.996224440742712
      vertex -4.863546964770152 6.125327641339209 7.993850099204748
    endloop
  endfacet
  facet normal 0.03215830584495975 -0.1432074391221463 0.9891700929290467
    outer loop
      vertex -4.164071503477977 3.236405293504033 7.552865156180616
      vertex -4.6466636131659165 6.20138915946554 7.997810969131016
      vertex -4.7559247673783345 6.165895192960815 7.996224440742712
    endloop
  endfacet
  facet normal 0.03215830584495017 -0.1432074391221478 0.9891700929290468
    outer loop
      vertex -4.164071503477977 3.236405293504033 7.552865156180616
      vertex -4.536044712918653 6.231716282637421 7.998605325151907
      vertex -4.6466636131659165 6.20138915946554 7.997810969131016
    endloop
  endfacet
  facet normal 0.032158305844953966 -0.14320743912214726 0.9891700929290467
    outer loop
      vertex -4.164071503477977 3.236405293504033 7.552865156180616
      vertex -4.424353150275771 6.2567974617562445 7.998605325151907
      vertex -4.536044712918653 6.231716282637421 7.998605325151907
    endloop
  endfacet
  facet normal 0.032158305844958344 -0.14320743912214692 0.9891700929290466
    outer loop
      vertex -4.164071503477977 3.236405293504033 7.552865156180616
      vertex -4.311877005518921 6.276568006231481 7.997810969131016
      vertex -4.424353150275771 6.2567974617562445 7.998605325151907
    endloop
  endfacet
  facet normal 0.03215830584494708 -0.1432074391221475 0.9891700929290469
    outer loop
      vertex -4.164071503477977 3.236405293504033 7.552865156180616
      vertex -4.198906467779477 6.290977834962797 7.996224440742712
      vertex -4.311877005518921 6.276568006231481 7.997810969131016
    endloop
  endfacet
  facet normal 0.026150222056624903 -0.09449476047572666 0.9951818457593689
    outer loop
      vertex -4.974752067978741 3.0120597671282017 7.552865156180616
      vertex -2.9896531842652756 -3.5319342535317197 6.879336064983363
      vertex -4.164071503477977 3.236405293504033 7.552865156180616
    endloop
  endfacet
  facet normal 0.02148208483624273 -0.0956640679778161 0.9951818457593689
    outer loop
      vertex -2.5024623257133203 -3.397110385298687 6.879336064983363
      vertex -3.343359325995748 3.4207023759456785 7.552865156180616
      vertex -4.164071503477977 3.236405293504033 7.552865156180616
    endloop
  endfacet
  facet normal 0.016762195391882125 -0.09660291236096415 0.9951818457593689
    outer loop
      vertex -2.009242816228909 -3.286354240702252 6.879336064983363
      vertex -2.5145927030535047 3.5645070266390224 7.552865156180616
      vertex -3.343359325995748 3.4207023759456785 7.552865156180616
    endloop
  endfacet
  facet normal 0.012001924350627262 -0.0973090318668189 0.9951818457593689
    outer loop
      vertex -1.511182864811317 -3.199932640995838 6.879336064983363
      vertex -1.6797682060372974 3.6674728075847423 7.552865156180616
      vertex -2.5145927030535047 3.5645070266390224 7.552865156180616
    endloop
  endfacet
  facet normal 0.007212739622367222 -0.09778072539164191 0.9951818457593689
    outer loop
      vertex -1.0094823415084082 -3.1380537833827784 6.879336064983363
      vertex -0.8408970002824281 3.729351665197802 7.552865156180616
      vertex -1.6797682060372974 3.6674728075847423 7.552865156180616
    endloop
  endfacet
  facet normal 0.002406178772595502 -0.09801685658441643 0.9951818457593689
    outer loop
      vertex -0.5053498868245956 -3.1008667394510105 6.879336064983363
      vertex 0 3.749994527890264 7.552865156180616
      vertex -0.8408970002824281 3.729351665197802 7.552865156180616
    endloop
  endfacet
  facet normal 0.03215830584495349 -0.14320743912214717 0.9891700929290468
    outer loop
      vertex -4.164071503477977 3.236405293504033 7.552865156180616
      vertex -3.343359325995748 3.4207023759456785 7.552865156180616
      vertex -3.9168881035912655 6.304026249422287 7.988945002310856
    endloop
  endfacet
  facet normal 0.032158305844954535 -0.14320743912214737 0.9891700929290466
    outer loop
      vertex -4.164071503477977 3.236405293504033 7.552865156180616
      vertex -4.085732939914544 6.299991621472716 7.993850099204748
      vertex -4.198906467779477 6.290977834962797 7.996224440742712
    endloop
  endfacet
  facet normal 0.03215830584495453 -0.14320743912214737 0.9891700929290467
    outer loop
      vertex -4.164071503477977 3.236405293504033 7.552865156180616
      vertex -3.9726481403446727 6.303588884206804 7.990694463172787
      vertex -4.085732939914544 6.299991621472716 7.993850099204748
    endloop
  endfacet
  facet normal 0.03215830584496331 -0.14320743912214784 0.9891700929290463
    outer loop
      vertex -4.164071503477977 3.236405293504033 7.552865156180616
      vertex -3.9168881035912655 6.304026249422287 7.988945002310856
      vertex -3.9726481403446727 6.303588884206804 7.990694463172787
    endloop
  endfacet
  facet normal 0.02509271377308666 -0.14461287276810114 0.9891700929290468
    outer loop
      vertex -3.343359325995748 3.4207023759456785 7.552865156180616
      vertex -2.921865031307191 6.3101140436037975 7.964593825584812
      vertex -3.9168881035912655 6.304026249422287 7.988945002310856
    endloop
  endfacet
  facet normal 0.02509271377308718 -0.1446128727681012 0.9891700929290468
    outer loop
      vertex -3.343359325995748 3.4207023759456785 7.552865156180616
      vertex -2.5145927030535047 3.5645070266390224 7.552865156180616
      vertex -2.921865031307191 6.3101140436037975 7.964593825584812
    endloop
  endfacet
  facet normal 0.017966671155878775 -0.14566992133696516 0.9891700929290466
    outer loop
      vertex -2.5145927030535047 3.5645070266390224 7.552865156180616
      vertex -1.9404689784446805 6.31441217001814 7.947401319927441
      vertex -2.921865031307191 6.3101140436037975 7.964593825584812
    endloop
  endfacet
  facet normal 0.017966671155878893 -0.14566992133696516 0.9891700929290467
    outer loop
      vertex -2.5145927030535047 3.5645070266390224 7.552865156180616
      vertex -1.6797682060372974 3.6674728075847423 7.552865156180616
      vertex -1.9404689784446805 6.31441217001814 7.947401319927441
    endloop
  endfacet
  facet normal 0.010797345254161487 -0.14637603830615034 0.9891700929290467
    outer loop
      vertex -1.6797682060372974 3.6674728075847423 7.552865156180616
      vertex -0.8408970002824281 3.729351665197802 7.552865156180616
      vertex -0.9680185968858741 6.316971209295929 7.937165162816285
    endloop
  endfacet
  facet normal 0.010797345254161043 -0.14637603830615026 0.9891700929290468
    outer loop
      vertex -1.6797682060372974 3.6674728075847423 7.552865156180616
      vertex -0.9680185968858741 6.316971209295929 7.937165162816285
      vertex -1.9404689784446805 6.31441217001814 7.947401319927441
    endloop
  endfacet
  facet normal 0.0036020076019910173 -0.14672952257802893 0.9891700929290467
    outer loop
      vertex -0.8408970002824281 3.729351665197802 7.552865156180616
      vertex 0 3.749994527890264 7.552865156180616
      vertex 0 6.317820944134678 7.933766223461286
    endloop
  endfacet
  facet normal 0.0036020076019915334 -0.14672952257802913 0.9891700929290468
    outer loop
      vertex -0.8408970002824281 3.729351665197802 7.552865156180616
      vertex 0 6.317820944134678 7.933766223461286
      vertex -0.9680185968858741 6.316971209295929 7.937165162816285
    endloop
  endfacet
  facet normal -0.001204542920975852 -0.04906763873067975 0.9987947316169358
    outer loop
      vertex 0.5053498868245956 -3.1008667394510105 6.879336064983363
      vertex 0 -6.624861537051642 6.705603851793432
      vertex 0.3322321059262492 -6.624760123836927 6.706009504652294
    endloop
  endfacet
  facet normal -0.003610726913527075 -0.048949430491160004 0.998794731616936
    outer loop
      vertex 0.5053498868245956 -3.1008667394510105 6.879336064983363
      vertex 0.3322321059262492 -6.624760123836927 6.706009504652294
      vertex 0.6661018285510626 -6.6244546392232415 6.707231443107037
    endloop
  endfacet
  facet normal -0.00600821234868153 -0.048713298786123384 0.9987947316169359
    outer loop
      vertex 1.0094823415084082 -3.1380537833827784 6.879336064983363
      vertex 0.6661018285510626 -6.6244546392232415 6.707231443107037
      vertex 1.0032791574365447 -6.623941310796687 6.7092847568132505
    endloop
  endfacet
  facet normal -0.0012045429209767535 -0.049067638730679625 0.9987947316169359
    outer loop
      vertex 0 -3.088461096046565 6.879336064983363
      vertex 0 -6.624861537051642 6.705603851793432
      vertex 0.5053498868245956 -3.1008667394510105 6.879336064983363
    endloop
  endfacet
  facet normal -0.003610726913528016 -0.04894943049116003 0.9987947316169359
    outer loop
      vertex 0.5053498868245956 -3.1008667394510105 6.879336064983363
      vertex 0.6661018285510626 -6.6244546392232415 6.707231443107037
      vertex 1.0094823415084082 -3.1380537833827784 6.879336064983363
    endloop
  endfacet
  facet normal -0.008391223474034242 -0.04835981247752946 0.9987947316169359
    outer loop
      vertex 1.511182864811317 -3.199932640995838 6.879336064983363
      vertex 1.0032791574365447 -6.623941310796687 6.7092847568132505
      vertex 1.3455001967799087 -6.623213724065271 6.712195103738923
    endloop
  endfacet
  facet normal -0.010754019407044292 -0.047889823144859005 0.9987947316169359
    outer loop
      vertex 2.009242816228909 -3.286354240702252 6.879336064983363
      vertex 1.3455001967799087 -6.623213724065271 6.712195103738923
      vertex 1.6946037452495 -6.622262624149089 6.715999503403644
    endloop
  endfacet
  facet normal -0.006008212348682416 -0.048713298786123384 0.9987947316169359
    outer loop
      vertex 1.0094823415084082 -3.1380537833827784 6.879336064983363
      vertex 1.0032791574365447 -6.623941310796687 6.7092847568132505
      vertex 1.511182864811317 -3.199932640995838 6.879336064983363
    endloop
  endfacet
  facet normal -0.008391223474031538 -0.04835981247752958 0.9987947316169359
    outer loop
      vertex 1.511182864811317 -3.199932640995838 6.879336064983363
      vertex 1.3455001967799087 -6.623213724065271 6.712195103738923
      vertex 2.009242816228909 -3.286354240702252 6.879336064983363
    endloop
  endfacet
  facet normal -0.010754019407047193 -0.04788982314485872 0.9987947316169359
    outer loop
      vertex 2.009242816228909 -3.286354240702252 6.879336064983363
      vertex 1.6946037452495 -6.622262624149089 6.715999503403644
      vertex 2.5024623257133203 -3.397110385298687 6.879336064983363
    endloop
  endfacet
  facet normal -0.013090907965371082 -0.04730446303357832 0.9987947316169358
    outer loop
      vertex 2.5024623257133203 -3.397110385298687 6.879336064983363
      vertex 1.6946037452495 -6.622262624149089 6.715999503403644
      vertex 2.0525723948827386 -6.621075622209124 6.720747511163506
    endloop
  endfacet
  facet normal -0.015396259379779073 -0.04660514232746811 0.9987947316169359
    outer loop
      vertex 2.9896531842652756 -3.5319342535317197 6.879336064983363
      vertex 2.0525723948827386 -6.621075622209124 6.720747511163506
      vertex 2.4215801780109283 -6.6196367888853 6.726502844458802
    endloop
  endfacet
  facet normal -0.01766451985678379 -0.04579354575136388 0.9987947316169359
    outer loop
      vertex 3.469641706433645 -3.690501042893601 6.879336064983363
      vertex 2.4215801780109283 -6.6196367888853 6.726502844458802
      vertex 2.804049317094102 -6.617926109108408 6.733345563566368
    endloop
  endfacet
  facet normal -0.013090907965370636 -0.047304463033578395 0.998794731616936
    outer loop
      vertex 2.5024623257133203 -3.397110385298687 6.879336064983363
      vertex 2.0525723948827386 -6.621075622209124 6.720747511163506
      vertex 2.9896531842652756 -3.5319342535317197 6.879336064983363
    endloop
  endfacet
  facet normal -0.01539625937977725 -0.04660514232746843 0.9987947316169359
    outer loop
      vertex 2.9896531842652756 -3.5319342535317197 6.879336064983363
      vertex 2.4215801780109283 -6.6196367888853 6.726502844458802
      vertex 3.469641706433645 -3.690501042893601 6.879336064983363
    endloop
  endfacet
  facet normal -0.01989022495822992 -0.044871628512502135 0.9987947316169359
    outer loop
      vertex 3.9412715578264943 -3.872428752099946 6.879336064983363
      vertex 2.804049317094102 -6.617926109108408 6.733345563566368
      vertex 3.2027194026310344 -6.615918762062383 6.741374951750473
    endloop
  endfacet
  facet normal -0.0220680127655686 -0.04384161159026504 0.998794731616936
    outer loop
      vertex 4.403406540821923 -4.077279101364292 6.879336064983363
      vertex 3.2027194026310344 -6.615918762062383 6.741374951750473
      vertex 3.620733442210573 -6.613584175458779 6.750713298164883
    endloop
  endfacet
  facet normal -0.017664519856784997 -0.045793545751363615 0.998794731616936
    outer loop
      vertex 3.469641706433645 -3.690501042893601 6.879336064983363
      vertex 2.804049317094102 -6.617926109108408 6.733345563566368
      vertex 3.9412715578264943 -3.872428752099946 6.879336064983363
    endloop
  endfacet
  facet normal -0.019890224958228397 -0.044871628512502544 0.9987947316169359
    outer loop
      vertex 3.9412715578264943 -3.872428752099946 6.879336064983363
      vertex 3.2027194026310344 -6.615918762062383 6.741374951750473
      vertex 4.403406540821923 -4.077279101364292 6.879336064983363
    endloop
  endfacet
  facet normal -0.0024061787725956304 -0.09801685658441642 0.9951818457593689
    outer loop
      vertex 0 -3.088461096046565 6.879336064983363
      vertex 0.5053498868245956 -3.1008667394510105 6.879336064983363
      vertex 0.8408970002824281 3.729351665197802 7.552865156180616
    endloop
  endfacet
  facet normal -0.007212739622367089 -0.0977807253916419 0.9951818457593689
    outer loop
      vertex 0.5053498868245956 -3.1008667394510105 6.879336064983363
      vertex 1.0094823415084082 -3.1380537833827784 6.879336064983363
      vertex 0.8408970002824281 3.729351665197802 7.552865156180616
    endloop
  endfacet
  facet normal -0.012001924350627184 -0.0973090318668189 0.9951818457593689
    outer loop
      vertex 1.0094823415084082 -3.1380537833827784 6.879336064983363
      vertex 1.511182864811317 -3.199932640995838 6.879336064983363
      vertex 1.6797682060372974 3.6674728075847423 7.552865156180616
    endloop
  endfacet
  facet normal -0.016762195391882197 -0.09660291236096412 0.9951818457593689
    outer loop
      vertex 1.511182864811317 -3.199932640995838 6.879336064983363
      vertex 2.009242816228909 -3.286354240702252 6.879336064983363
      vertex 2.5145927030535047 3.5645070266390224 7.552865156180616
    endloop
  endfacet
  facet normal -0.021482084836242744 -0.0956640679778161 0.9951818457593689
    outer loop
      vertex 2.009242816228909 -3.286354240702252 6.879336064983363
      vertex 2.5024623257133203 -3.397110385298687 6.879336064983363
      vertex 3.343359325995748 3.4207023759456785 7.552865156180616
    endloop
  endfacet
  facet normal -0.026150222056624938 -0.09449476047572668 0.9951818457593689
    outer loop
      vertex 2.5024623257133203 -3.397110385298687 6.879336064983363
      vertex 2.9896531842652756 -3.5319342535317197 6.879336064983363
      vertex 4.164071503477977 3.236405293504033 7.552865156180616
    endloop
  endfacet
  facet normal -0.03075536110158363 -0.09309780681888777 0.9951818457593689
    outer loop
      vertex 2.9896531842652756 -3.5319342535317197 6.879336064983363
      vertex 3.469641706433645 -3.690501042893601 6.879336064983363
      vertex 4.974752067978741 3.0120597671282017 7.552865156180616
    endloop
  endfacet
  facet normal -0.024192636797229935 -0.04270597638563364 0.9987947316169359
    outer loop
      vertex 4.854933331767651 -4.30455858825249 6.879336064983363
      vertex 3.620733442210573 -6.613584175458779 6.750713298164883
      vertex 4.061746849737627 -6.610884782616435 6.76151086953426
    endloop
  endfacet
  facet normal -0.026258978647817288 -0.04146745874328972 0.9987947316169358
    outer loop
      vertex 5.2947641630752145 -4.553719676573296 6.879336064983363
      vertex 4.061746849737627 -6.610884782616435 6.76151086953426
      vertex 4.480176235173009 -6.608105741103805 6.7726270355847795
    endloop
  endfacet
  facet normal -0.026258978647826274 -0.04146745874328628 0.9987947316169359
    outer loop
      vertex 5.2947641630752145 -4.553719676573296 6.879336064983363
      vertex 4.480176235173009 -6.608105741103805 6.7726270355847795
      vertex 4.530922410557176 -6.606495410169925 6.774028043242449
    endloop
  endfacet
  facet normal -0.02826206031883842 -0.04012904236070623 0.9987947316169359
    outer loop
      vertex 5.721839443747361 -4.824162115441007 6.879336064983363
      vertex 4.530922410557176 -6.606495410169925 6.774028043242449
      vertex 4.583382358602994 -6.604803615148202 6.775580430615955
    endloop
  endfacet
  facet normal -0.02826206031883127 -0.04012904236071061 0.998794731616936
    outer loop
      vertex 5.721839443747361 -4.824162115441007 6.879336064983363
      vertex 4.583382358602994 -6.604803615148202 6.775580430615955
      vertex 4.686265295494708 -6.596302664648566 6.778833169810583
    endloop
  endfacet
  facet normal -0.028262060318828084 -0.04012904236071247 0.9987947316169359
    outer loop
      vertex 5.721839443747361 -4.824162115441007 6.879336064983363
      vertex 4.686265295494708 -6.596302664648566 6.778833169810583
      vertex 4.788623013123638 -6.582643897348549 6.782278275328644
    endloop
  endfacet
  facet normal -0.02826206031883615 -0.04012904236070821 0.9987947316169359
    outer loop
      vertex 5.721839443747361 -4.824162115441007 6.879336064983363
      vertex 4.788623013123638 -6.582643897348549 6.782278275328644
      vertex 4.8902128796005675 -6.563855462691302 6.7859077506448955
    endloop
  endfacet
  facet normal -0.02625897864781907 -0.041467458743288846 0.998794731616936
    outer loop
      vertex 5.721839443747361 -4.824162115441007 6.879336064983363
      vertex 5.2947641630752145 -4.553719676573296 6.879336064983363
      vertex 4.530922410557176 -6.606495410169925 6.774028043242449
    endloop
  endfacet
  facet normal -0.02206801276556972 -0.043841611590264694 0.998794731616936
    outer loop
      vertex 4.854933331767651 -4.30455858825249 6.879336064983363
      vertex 4.403406540821923 -4.077279101364292 6.879336064983363
      vertex 3.620733442210573 -6.613584175458779 6.750713298164883
    endloop
  endfacet
  facet normal -0.02419263679722899 -0.042705976385633955 0.9987947316169359
    outer loop
      vertex 4.854933331767651 -4.30455858825249 6.879336064983363
      vertex 4.061746849737627 -6.610884782616435 6.76151086953426
      vertex 5.2947641630752145 -4.553719676573296 6.879336064983363
    endloop
  endfacet
  facet normal -0.028262060318825437 -0.04012904236071337 0.9987947316169361
    outer loop
      vertex 5.721839443747361 -4.824162115441007 6.879336064983363
      vertex 4.8902128796005675 -6.563855462691302 6.7859077506448955
      vertex 4.99079364355214 -6.539977488550365 6.789713157034404
    endloop
  endfacet
  facet normal -0.028262060318831335 -0.040129042360710715 0.9987947316169359
    outer loop
      vertex 5.721839443747361 -4.824162115441007 6.879336064983363
      vertex 4.99079364355214 -6.539977488550365 6.789713157034404
      vertex 5.090125981525361 -6.511062032795625 6.793685631007958
    endloop
  endfacet
  facet normal -0.028262060318854015 -0.04012904236070156 0.9987947316169357
    outer loop
      vertex 5.721839443747361 -4.824162115441007 6.879336064983363
      vertex 5.090125981525361 -6.511062032795625 6.793685631007958
      vertex 5.103297258928066 -6.5065002022108835 6.7942416104416
    endloop
  endfacet
  facet normal -0.030197056211070272 -0.038693951600197576 0.9987947316169359
    outer loop
      vertex 6.135130312025577 -5.115234385332435 6.879336064983363
      vertex 5.103297258928066 -6.5065002022108835 6.7942416104416
      vertex 5.1879291324550545 -6.4771413713750166 6.797937707852494
    endloop
  endfacet
  facet normal -0.030197056211080466 -0.03869395160019057 0.998794731616936
    outer loop
      vertex 6.135130312025577 -5.115234385332435 6.879336064983363
      vertex 5.1879291324550545 -6.4771413713750166 6.797937707852494
      vertex 5.284011981209068 -6.438319816624839 6.802346600296454
    endloop
  endfacet
  facet normal -0.030197056211072583 -0.03869395160019558 0.998794731616936
    outer loop
      vertex 6.135130312025577 -5.115234385332435 6.879336064983363
      vertex 5.284011981209068 -6.438319816624839 6.802346600296454
      vertex 5.378151061341632 -6.394689572727572 6.806883017536814
    endloop
  endfacet
  facet normal -0.030197056211066952 -0.03869395160019889 0.998794731616936
    outer loop
      vertex 6.135130312025577 -5.115234385332435 6.879336064983363
      vertex 5.378151061341632 -6.394689572727572 6.806883017536814
      vertex 5.470120021343765 -6.346349476720471 6.811536287165681
    endloop
  endfacet
  facet normal -0.02826206031883169 -0.040129042360710486 0.9987947316169359
    outer loop
      vertex 5.721839443747361 -4.824162115441007 6.879336064983363
      vertex 5.103297258928066 -6.5065002022108835 6.7942416104416
      vertex 6.135130312025577 -5.115234385332435 6.879336064983363
    endloop
  endfacet
  facet normal -0.03019705621105811 -0.03869395160020374 0.998794731616936
    outer loop
      vertex 6.135130312025577 -5.115234385332435 6.879336064983363
      vertex 5.470120021343765 -6.346349476720471 6.811536287165681
      vertex 5.559697140196934 -6.29340969114761 6.816295438013643
    endloop
  endfacet
  facet normal -0.03019705621108782 -0.03869395160018926 0.9987947316169358
    outer loop
      vertex 6.135130312025577 -5.115234385332435 6.879336064983363
      vertex 5.559697140196934 -6.29340969114761 6.816295438013643
      vertex 5.646665861960589 -6.235991498761171 6.821149224265626
    endloop
  endfacet
  facet normal -0.030197056211066848 -0.038693951600198305 0.998794731616936
    outer loop
      vertex 6.135130312025577 -5.115234385332435 6.879336064983363
      vertex 5.646665861960589 -6.235991498761171 6.821149224265626
      vertex 5.730815323605101 -6.174227070225948 6.826086150418393
    endloop
  endfacet
  facet normal -0.03019705621108463 -0.03869395160019149 0.9987947316169357
    outer loop
      vertex 6.135130312025577 -5.115234385332435 6.879336064983363
      vertex 5.730815323605101 -6.174227070225948 6.826086150418393
      vertex 5.811940874784186 -6.108259204817746 6.831094497040612
    endloop
  endfacet
  facet normal -0.030197056211062088 -0.03869395160019885 0.9987947316169361
    outer loop
      vertex 6.135130312025577 -5.115234385332435 6.879336064983363
      vertex 5.811940874784186 -6.108259204817746 6.831094497040612
      vertex 5.889844588206831 -6.038241044175143 6.836162347292604
    endloop
  endfacet
  facet normal -0.03019705621107681 -0.038693951600194974 0.9987947316169359
    outer loop
      vertex 6.135130312025577 -5.115234385332435 6.879336064983363
      vertex 5.889844588206831 -6.038241044175143 6.836162347292604
      vertex 5.9643357592379855 -5.9643357592379855 6.841277614159243
    endloop
  endfacet
  facet normal -0.030197056211063843 -0.038693951600197576 0.9987947316169361
    outer loop
      vertex 6.135130312025577 -5.115234385332435 6.879336064983363
      vertex 5.9643357592379855 -5.9643357592379855 6.841277614159243
      vertex 6.0352313933309 -5.886716210584974 6.846428068345464
    endloop
  endfacet
  facet normal -0.03019705621108675 -0.03869395160019458 0.9987947316169355
    outer loop
      vertex 6.135130312025577 -5.115234385332435 6.879336064983363
      vertex 6.0352313933309 -5.886716210584974 6.846428068345464
      vertex 6.10235667987203 -5.805564582466402 6.851601366780068
    endloop
  endfacet
  facet normal -0.03019705621106311 -0.038693951600195724 0.9987947316169362
    outer loop
      vertex 6.135130312025577 -5.115234385332435 6.879336064983363
      vertex 6.10235667987203 -5.805564582466402 6.851601366780068
      vertex 6.165545451002871 -5.7210719909162995 6.856785081669492
    endloop
  endfacet
  facet normal -0.03019705621106685 -0.038693951600195904 0.998794731616936
    outer loop
      vertex 6.135130312025577 -5.115234385332435 6.879336064983363
      vertex 6.165545451002871 -5.7210719909162995 6.856785081669492
      vertex 6.22464062397225 -5.633438066420526 6.861966730039378
    endloop
  endfacet
  facet normal -0.030197056211077697 -0.03869395160019776 0.9987947316169357
    outer loop
      vertex 6.135130312025577 -5.115234385332435 6.879336064983363
      vertex 6.22464062397225 -5.633438066420526 6.861966730039378
      vertex 6.279494625568018 -5.542870511713264 6.867133803697873
    endloop
  endfacet
  facet normal -0.0564559123836337 -0.08016123644198103 0.9951818457593689
    outer loop
      vertex 5.721839443747361 -4.824162115441007 6.879336064983363
      vertex 6.135130312025577 -5.115234385332435 6.879336064983363
      vertex 6.5610196978787 -4.4016994964645 6.9609712084852
    endloop
  endfacet
  facet normal -0.05245458332127242 -0.08283483904473672 0.9951818457593689
    outer loop
      vertex 5.721839443747361 -4.824162115441007 6.879336064983363
      vertex 6.5449483303293645 -3.5922926124812062 7.025256678682544
      vertex 5.2947641630752145 -4.553719676573296 6.879336064983363
    endloop
  endfacet
  facet normal -0.03019705621107271 -0.038693951600196085 0.9987947316169358
    outer loop
      vertex 6.135130312025577 -5.115234385332435 6.879336064983363
      vertex 6.279494625568018 -5.542870511713264 6.867133803697873
      vertex 6.329969797179336 -5.449584635373495 6.872273799550847
    endloop
  endfacet
  facet normal -0.030197056211070498 -0.03869395160019481 0.9987947316169361
    outer loop
      vertex 6.135130312025577 -5.115234385332435 6.879336064983363
      vertex 6.329969797179336 -5.449584635373495 6.872273799550847
      vertex 6.3759387790501885 -5.353802861994723 6.877374250195567
    endloop
  endfacet
  facet normal -0.030197056211073103 -0.03869395160019744 0.9987947316169358
    outer loop
      vertex 6.135130312025577 -5.115234385332435 6.879336064983363
      vertex 6.3759387790501885 -5.353802861994723 6.877374250195567
      vertex 6.3920055918722944 -5.315701821300564 6.879336064983363
    endloop
  endfacet
  facet normal -0.060321234208111654 -0.07729451839934504 0.9951818457593684
    outer loop
      vertex 6.135130312025577 -5.115234385332435 6.879336064983363
      vertex 6.3920055918722944 -5.315701821300564 6.879336064983363
      vertex 6.416460649602622 -5.254646981866993 6.885560418553805
    endloop
  endfacet
  facet normal -0.06032123420810932 -0.07729451839934029 0.995181845759369
    outer loop
      vertex 6.135130312025577 -5.115234385332435 6.879336064983363
      vertex 6.416460649602622 -5.254646981866993 6.885560418553805
      vertex 6.451769725063285 -5.1527137219022405 6.895617645070781
    endloop
  endfacet
  facet normal -0.06032123420810913 -0.07729451839933847 0.9951818457593692
    outer loop
      vertex 6.135130312025577 -5.115234385332435 6.879336064983363
      vertex 6.451769725063285 -5.1527137219022405 6.895617645070781
      vertex 6.482298688376524 -5.048935867903633 6.905528400611104
    endloop
  endfacet
  facet normal -0.060321234208107664 -0.07729451839934583 0.9951818457593686
    outer loop
      vertex 6.135130312025577 -5.115234385332435 6.879336064983363
      vertex 6.482298688376524 -5.048935867903633 6.905528400611104
      vertex 6.507961646722531 -4.943563666003005 6.91526804262804
    endloop
  endfacet
  facet normal -0.06032123420811116 -0.07729451839933832 0.995181845759369
    outer loop
      vertex 6.135130312025577 -5.115234385332435 6.879336064983363
      vertex 6.507961646722531 -4.943563666003005 6.91526804262804
      vertex 6.528684503941579 -4.836852494027338 6.924812245036809
    endloop
  endfacet
  facet normal -0.06032123420810564 -0.07729451839934609 0.9951818457593687
    outer loop
      vertex 6.135130312025577 -5.115234385332435 6.879336064983363
      vertex 6.528684503941579 -4.836852494027338 6.924812245036809
      vertex 6.544405259603782 -4.72906223617212 6.934137064910515
    endloop
  endfacet
  facet normal -0.060321234208107984 -0.07729451839934359 0.9951818457593689
    outer loop
      vertex 6.135130312025577 -5.115234385332435 6.879336064983363
      vertex 6.544405259603782 -4.72906223617212 6.934137064910515
      vertex 6.555074277684943 -4.620456634077095 6.9432190091665955
    endloop
  endfacet
  facet normal -0.06032123420811379 -0.07729451839933864 0.9951818457593689
    outer loop
      vertex 6.135130312025577 -5.115234385332435 6.879336064983363
      vertex 6.555074277684943 -4.620456634077095 6.9432190091665955
      vertex 6.558997481102782 -4.54371566778034 6.949417181420144
    endloop
  endfacet
  facet normal -0.05645591238364477 -0.08016123644197333 0.9951818457593687
    outer loop
      vertex 6.135130312025577 -5.115234385332435 6.879336064983363
      vertex 6.558997481102782 -4.54371566778034 6.949417181420144
      vertex 6.560632357592572 -4.511266427795165 6.95212369144558
    endloop
  endfacet
  facet normal -0.056455912383634836 -0.08016123644198025 0.9951818457593689
    outer loop
      vertex 6.135130312025577 -5.115234385332435 6.879336064983363
      vertex 6.560632357592572 -4.511266427795165 6.95212369144558
      vertex 6.5610196978787 -4.4016994964645 6.9609712084852
    endloop
  endfacet
  facet normal -0.05645591238363352 -0.08016123644198136 0.9951818457593689
    outer loop
      vertex 5.721839443747361 -4.824162115441007 6.879336064983363
      vertex 6.5610196978787 -4.4016994964645 6.9609712084852
      vertex 6.5449483303293645 -3.5922926124812062 7.025256678682544
    endloop
  endfacet
  facet normal -0.048326886573211505 -0.08530888526475844 0.9951818457593689
    outer loop
      vertex 4.854933331767651 -4.30455858825249 6.879336064983363
      vertex 5.2947641630752145 -4.553719676573296 6.879336064983363
      vertex 6.522620541565327 -2.5051650701297516 7.114567833738693
    endloop
  endfacet
  facet normal -0.03973244642692532 -0.08963496288785562 0.995181845759369
    outer loop
      vertex 3.9412715578264943 -3.872428752099946 6.879336064983363
      vertex 4.403406540821923 -4.077279101364292 6.879336064983363
      vertex 6.462826702961523 0.27699899103391035 7.35374318815391
    endloop
  endfacet
  facet normal -0.044082766122460045 -0.08757741490800147 0.995181845759369
    outer loop
      vertex 4.854933331767651 -4.30455858825249 6.879336064983363
      vertex 6.495723738096392 -1.2348556466849703 7.222155047614433
      vertex 4.403406540821923 -4.077279101364292 6.879336064983363
    endloop
  endfacet
  facet normal -0.05245458332127227 -0.08283483904473692 0.9951818457593689
    outer loop
      vertex 5.2947641630752145 -4.553719676573296 6.879336064983363
      vertex 6.5449483303293645 -3.5922926124812062 7.025256678682544
      vertex 6.522620541565327 -2.5051650701297516 7.114567833738693
    endloop
  endfacet
  facet normal -0.0483268865732118 -0.08530888526475819 0.9951818457593689
    outer loop
      vertex 4.854933331767651 -4.30455858825249 6.879336064983363
      vertex 6.522620541565327 -2.5051650701297516 7.114567833738693
      vertex 6.495723738096392 -1.2348556466849703 7.222155047614433
    endloop
  endfacet
  facet normal -0.03528640778779704 -0.09147657239101739 0.9951818457593689
    outer loop
      vertex 3.469641706433645 -3.690501042893601 6.879336064983363
      vertex 3.9412715578264943 -3.872428752099946 6.879336064983363
      vertex 5.773448019010926 2.7482062648415724 7.552865156180616
    endloop
  endfacet
  facet normal -0.044082766122460156 -0.0875774149080014 0.995181845759369
    outer loop
      vertex 4.403406540821923 -4.077279101364292 6.879336064983363
      vertex 6.495723738096392 -1.2348556466849703 7.222155047614433
      vertex 6.462826702961523 0.27699899103391035 7.35374318815391
    endloop
  endfacet
  facet normal -0.03973244642692531 -0.08963496288785563 0.995181845759369
    outer loop
      vertex 3.9412715578264943 -3.872428752099946 6.879336064983363
      vertex 6.462826702961523 0.27699899103391035 7.35374318815391
      vertex 6.421823309809863 2.1161529297066437 7.517756760760549
    endloop
  endfacet
  facet normal -0.002406178772595475 -0.09801685658441643 0.9951818457593689
    outer loop
      vertex 0 -3.088461096046565 6.879336064983363
      vertex 0.8408970002824281 3.729351665197802 7.552865156180616
      vertex 0 3.749994527890264 7.552865156180616
    endloop
  endfacet
  facet normal -0.007212739622367211 -0.09778072539164191 0.9951818457593689
    outer loop
      vertex 1.0094823415084082 -3.1380537833827784 6.879336064983363
      vertex 1.6797682060372974 3.6674728075847423 7.552865156180616
      vertex 0.8408970002824281 3.729351665197802 7.552865156180616
    endloop
  endfacet
  facet normal -0.012001924350627219 -0.09730903186681887 0.9951818457593689
    outer loop
      vertex 1.511182864811317 -3.199932640995838 6.879336064983363
      vertex 2.5145927030535047 3.5645070266390224 7.552865156180616
      vertex 1.6797682060372974 3.6674728075847423 7.552865156180616
    endloop
  endfacet
  facet normal -0.016762195391882118 -0.09660291236096415 0.9951818457593689
    outer loop
      vertex 2.009242816228909 -3.286354240702252 6.879336064983363
      vertex 3.343359325995748 3.4207023759456785 7.552865156180616
      vertex 2.5145927030535047 3.5645070266390224 7.552865156180616
    endloop
  endfacet
  facet normal -0.02615022205662495 -0.09449476047572669 0.9951818457593689
    outer loop
      vertex 2.9896531842652756 -3.5319342535317197 6.879336064983363
      vertex 4.974752067978741 3.0120597671282017 7.552865156180616
      vertex 4.164071503477977 3.236405293504033 7.552865156180616
    endloop
  endfacet
  facet normal -0.021482084836242737 -0.09566406797781611 0.9951818457593689
    outer loop
      vertex 2.5024623257133203 -3.397110385298687 6.879336064983363
      vertex 4.164071503477977 3.236405293504033 7.552865156180616
      vertex 3.343359325995748 3.4207023759456785 7.552865156180616
    endloop
  endfacet
  facet normal -0.0036020076019910217 -0.14672952257802913 0.9891700929290467
    outer loop
      vertex 0 3.749994527890264 7.552865156180616
      vertex 0.8408970002824281 3.729351665197802 7.552865156180616
      vertex 0.9680185968858741 6.316971209295929 7.937165162816285
    endloop
  endfacet
  facet normal -0.003602007601991545 -0.14672952257802893 0.9891700929290468
    outer loop
      vertex 0 3.749994527890264 7.552865156180616
      vertex 0.9680185968858741 6.316971209295929 7.937165162816285
      vertex 0 6.317820944134678 7.933766223461286
    endloop
  endfacet
  facet normal -0.010797345254161475 -0.14637603830615017 0.9891700929290467
    outer loop
      vertex 0.8408970002824281 3.729351665197802 7.552865156180616
      vertex 1.6797682060372974 3.6674728075847423 7.552865156180616
      vertex 1.9404689784446802 6.31441217001814 7.947401319927441
    endloop
  endfacet
  facet normal -0.010797345254161005 -0.1463760383061504 0.9891700929290468
    outer loop
      vertex 0.8408970002824281 3.729351665197802 7.552865156180616
      vertex 1.9404689784446802 6.31441217001814 7.947401319927441
      vertex 0.9680185968858741 6.316971209295929 7.937165162816285
    endloop
  endfacet
  facet normal -0.017966671155878893 -0.14566992133696519 0.9891700929290468
    outer loop
      vertex 1.6797682060372974 3.6674728075847423 7.552865156180616
      vertex 2.5145927030535047 3.5645070266390224 7.552865156180616
      vertex 2.921865031307191 6.3101140436037975 7.964593825584812
    endloop
  endfacet
  facet normal -0.017966671155878765 -0.1456699213369652 0.9891700929290468
    outer loop
      vertex 1.6797682060372974 3.6674728075847423 7.552865156180616
      vertex 2.921865031307191 6.3101140436037975 7.964593825584812
      vertex 1.9404689784446802 6.31441217001814 7.947401319927441
    endloop
  endfacet
  facet normal -0.02509271377308715 -0.14461287276810103 0.9891700929290468
    outer loop
      vertex 2.5145927030535047 3.5645070266390224 7.552865156180616
      vertex 3.343359325995748 3.4207023759456785 7.552865156180616
      vertex 3.9168881035912655 6.304026249422287 7.988945002310856
    endloop
  endfacet
  facet normal -0.03215830584495349 -0.14320743912214717 0.9891700929290468
    outer loop
      vertex 3.343359325995748 3.4207023759456785 7.552865156180616
      vertex 4.164071503477977 3.236405293504033 7.552865156180616
      vertex 3.9168881035912655 6.304026249422287 7.988945002310856
    endloop
  endfacet
  facet normal -0.025092713773086663 -0.1446128727681013 0.9891700929290467
    outer loop
      vertex 2.5145927030535047 3.5645070266390224 7.552865156180616
      vertex 3.9168881035912655 6.304026249422287 7.988945002310856
      vertex 2.921865031307191 6.3101140436037975 7.964593825584812
    endloop
  endfacet
  facet normal -0.03215830584496318 -0.1432074391221478 0.9891700929290463
    outer loop
      vertex 4.164071503477977 3.236405293504033 7.552865156180616
      vertex 3.9726481403446727 6.303588884206804 7.990694463172787
      vertex 3.9168881035912655 6.304026249422287 7.988945002310856
    endloop
  endfacet
  facet normal -0.03215830584495446 -0.14320743912214737 0.9891700929290467
    outer loop
      vertex 4.164071503477977 3.236405293504033 7.552865156180616
      vertex 4.085732939914544 6.299991621472716 7.993850099204748
      vertex 3.9726481403446727 6.303588884206804 7.990694463172787
    endloop
  endfacet
  facet normal -0.03215830584495463 -0.1432074391221474 0.9891700929290466
    outer loop
      vertex 4.164071503477977 3.236405293504033 7.552865156180616
      vertex 4.198906467779477 6.290977834962797 7.996224440742712
      vertex 4.085732939914544 6.299991621472716 7.993850099204748
    endloop
  endfacet
  facet normal -0.030755361101583664 -0.09309780681888777 0.9951818457593689
    outer loop
      vertex 3.469641706433645 -3.690501042893601 6.879336064983363
      vertex 5.773448019010926 2.7482062648415724 7.552865156180616
      vertex 4.974752067978741 3.0120597671282017 7.552865156180616
    endloop
  endfacet
  facet normal -0.035286407787796875 -0.09147657239101743 0.9951818457593689
    outer loop
      vertex 3.9412715578264943 -3.872428752099946 6.879336064983363
      vertex 6.421823309809863 2.1161529297066437 7.517756760760549
      vertex 5.773448019010926 2.7482062648415724 7.552865156180616
    endloop
  endfacet
  facet normal -0.03914642574130514 -0.1414570062118578 0.9891700929290467
    outer loop
      vertex 4.164071503477977 3.236405293504033 7.552865156180616
      vertex 4.974752067978741 3.0120597671282017 7.552865156180616
      vertex 5.366440535036909 5.849557548012679 7.97414471940738
    endloop
  endfacet
  facet normal -0.035286407787797305 -0.09147657239101789 0.9951818457593689
    outer loop
      vertex 5.773448019010926 2.7482062648415724 7.552865156180616
      vertex 6.421823309809863 2.1161529297066437 7.517756760760549
      vertex 6.413046210954846 2.501486016898755 7.552865156180616
    endloop
  endfacet
  facet normal -0.05282313623002173 -0.13693883135752932 0.9891700929290467
    outer loop
      vertex 5.773448019010926 2.7482062648415724 7.552865156180616
      vertex 6.413046210954846 2.501486016898755 7.552865156180616
      vertex 6.359611811456532 4.066019685760887 7.766602754173871
    endloop
  endfacet
  facet normal -0.04604023846922379 -0.13936579098343352 0.9891700929290467
    outer loop
      vertex 4.974752067978741 3.0120597671282017 7.552865156180616
      vertex 5.773448019010926 2.7482062648415724 7.552865156180616
      vertex 6.156637245715151 4.9056074198170325 7.874660208501168
    endloop
  endfacet
  facet normal -0.05282313623001745 -0.13693883135753035 0.9891700929290468
    outer loop
      vertex 5.773448019010926 2.7482062648415724 7.552865156180616
      vertex 6.353240170171368 4.172668854037725 7.781026807726903
      vertex 6.34140289511196 4.279394838892492 7.795169622747738
    endloop
  endfacet
  facet normal -0.052823136230043304 -0.1369388313575195 0.9891700929290468
    outer loop
      vertex 5.773448019010926 2.7482062648415724 7.552865156180616
      vertex 6.359611811456532 4.066019685760887 7.766602754173871
      vertex 6.353240170171368 4.172668854037725 7.781026807726903
    endloop
  endfacet
  facet normal -0.052823136230047474 -0.13693883135751989 0.9891700929290466
    outer loop
      vertex 5.773448019010926 2.7482062648415724 7.552865156180616
      vertex 6.34140289511196 4.279394838892492 7.795169622747738
      vertex 6.335134946678939 4.318016064429069 7.800181554297279
    endloop
  endfacet
  facet normal -0.046040238469192425 -0.1393657909834442 0.9891700929290467
    outer loop
      vertex 5.773448019010926 2.7482062648415724 7.552865156180616
      vertex 6.335134946678939 4.318016064429069 7.800181554297279
      vertex 6.324055393893027 4.385843701806543 7.809222210848848
    endloop
  endfacet
  facet normal -0.04604023846923412 -0.13936579098343052 0.9891700929290467
    outer loop
      vertex 5.773448019010926 2.7482062648415724 7.552865156180616
      vertex 6.324055393893027 4.385843701806543 7.809222210848848
      vertex 6.3012394618615755 4.491779298028557 7.823085698339204
    endloop
  endfacet
  facet normal -0.04604023846922729 -0.13936579098343269 0.9891700929290467
    outer loop
      vertex 5.773448019010926 2.7482062648415724 7.552865156180616
      vertex 6.3012394618615755 4.491779298028557 7.823085698339204
      vertex 6.273027912839169 4.596987897778173 7.836595622843912
    endloop
  endfacet
  facet normal -0.04604023846921231 -0.1393657909834363 0.9891700929290469
    outer loop
      vertex 5.773448019010926 2.7482062648415724 7.552865156180616
      vertex 6.2394754163512545 4.701204462995155 7.849717187272803
      vertex 6.200650847340754 4.8041650204144695 7.8624164057377826
    endloop
  endfacet
  facet normal -0.04604023846922494 -0.13936579098343332 0.9891700929290467
    outer loop
      vertex 5.773448019010926 2.7482062648415724 7.552865156180616
      vertex 6.273027912839169 4.596987897778173 7.836595622843912
      vertex 6.2394754163512545 4.701204462995155 7.849717187272803
    endloop
  endfacet
  facet normal -0.03215830584495287 -0.14320743912214767 0.9891700929290467
    outer loop
      vertex 4.164071503477977 3.236405293504033 7.552865156180616
      vertex 4.863546964770152 6.125327641339209 7.993850099204748
      vertex 4.7559247673783345 6.165895192960815 7.996224440742712
    endloop
  endfacet
  facet normal -0.03215830584493813 -0.14320743912215084 0.9891700929290467
    outer loop
      vertex 4.164071503477977 3.236405293504033 7.552865156180616
      vertex 4.885355731234189 6.115933342410622 7.993199047869428
      vertex 4.863546964770152 6.125327641339209 7.993850099204748
    endloop
  endfacet
  facet normal -0.03914642574131089 -0.14145700621185658 0.9891700929290467
    outer loop
      vertex 4.164071503477977 3.236405293504033 7.552865156180616
      vertex 4.969038064063946 6.079627530833152 7.991318838187437
      vertex 4.885355731234189 6.115933342410622 7.993199047869428
    endloop
  endfacet
  facet normal -0.03914642574130544 -0.1414570062118579 0.9891700929290467
    outer loop
      vertex 4.164071503477977 3.236405293504033 7.552865156180616
      vertex 5.072299391135972 6.029035039724245 7.988170390332862
      vertex 4.969038064063946 6.079627530833152 7.991318838187437
    endloop
  endfacet
  facet normal -0.03914642574130355 -0.1414570062118586 0.9891700929290466
    outer loop
      vertex 4.164071503477977 3.236405293504033 7.552865156180616
      vertex 5.271254046311732 5.91384768418486 7.979571571086163
      vertex 5.173123830143818 5.97372634127571 7.9842510578407175
    endloop
  endfacet
  facet normal -0.039146425741306334 -0.14145700621185764 0.9891700929290467
    outer loop
      vertex 4.164071503477977 3.236405293504033 7.552865156180616
      vertex 5.173123830143818 5.97372634127571 7.9842510578407175
      vertex 5.072299391135972 6.029035039724245 7.988170390332862
    endloop
  endfacet
  facet normal -0.039146425741300755 -0.14145700621185991 0.9891700929290465
    outer loop
      vertex 4.164071503477977 3.236405293504033 7.552865156180616
      vertex 5.366440535036909 5.849557548012679 7.97414471940738
      vertex 5.271254046311732 5.91384768418486 7.979571571086163
    endloop
  endfacet
  facet normal -0.03215830584494738 -0.14320743912214753 0.9891700929290469
    outer loop
      vertex 4.164071503477977 3.236405293504033 7.552865156180616
      vertex 4.311877005518921 6.276568006231481 7.997810969131016
      vertex 4.198906467779477 6.290977834962797 7.996224440742712
    endloop
  endfacet
  facet normal -0.032158305844958344 -0.1432074391221469 0.9891700929290466
    outer loop
      vertex 4.164071503477977 3.236405293504033 7.552865156180616
      vertex 4.424353150275771 6.2567974617562445 7.998605325151907
      vertex 4.311877005518921 6.276568006231481 7.997810969131016
    endloop
  endfacet
  facet normal -0.03215830584495392 -0.14320743912214734 0.9891700929290468
    outer loop
      vertex 4.164071503477977 3.236405293504033 7.552865156180616
      vertex 4.536044712918653 6.231716282637421 7.998605325151907
      vertex 4.424353150275771 6.2567974617562445 7.998605325151907
    endloop
  endfacet
  facet normal -0.03215830584494999 -0.1432074391221478 0.9891700929290468
    outer loop
      vertex 4.164071503477977 3.236405293504033 7.552865156180616
      vertex 4.6466636131659165 6.20138915946554 7.997810969131016
      vertex 4.536044712918653 6.231716282637421 7.998605325151907
    endloop
  endfacet
  facet normal -0.0321583058449595 -0.14320743912214629 0.9891700929290467
    outer loop
      vertex 4.164071503477977 3.236405293504033 7.552865156180616
      vertex 4.7559247673783345 6.165895192960815 7.996224440742712
      vertex 4.6466636131659165 6.20138915946554 7.997810969131016
    endloop
  endfacet
  facet normal -0.04604023846922842 -0.13936579098343255 0.9891700929290468
    outer loop
      vertex 4.974752067978741 3.0120597671282017 7.552865156180616
      vertex 5.789988231089287 5.468123816250303 7.936848637874362
      vertex 5.737237181264184 5.525636326522592 7.9424964082750495
    endloop
  endfacet
  facet normal -0.04604023846922404 -0.13936579098343388 0.9891700929290468
    outer loop
      vertex 4.974752067978741 3.0120597671282017 7.552865156180616
      vertex 5.862616371845361 5.381096379972847 7.927967626775382
      vertex 5.789988231089287 5.468123816250303 7.936848637874362
    endloop
  endfacet
  facet normal -0.04604023846921801 -0.13936579098343627 0.9891700929290466
    outer loop
      vertex 4.974752067978741 3.0120597671282017 7.552865156180616
      vertex 5.9945029134053875 5.198247654274619 7.908344338928632
      vertex 5.930842740782078 5.291059315776886 7.918457706852605
    endloop
  endfacet
  facet normal -0.046040238469224976 -0.139365790983433 0.9891700929290468
    outer loop
      vertex 4.974752067978741 3.0120597671282017 7.552865156180616
      vertex 6.053445348437098 5.102902865997184 7.89765449079715
      vertex 5.9945029134053875 5.198247654274619 7.908344338928632
    endloop
  endfacet
  facet normal -0.0460402384692228 -0.13936579098343413 0.9891700929290468
    outer loop
      vertex 4.974752067978741 3.0120597671282017 7.552865156180616
      vertex 5.930842740782078 5.291059315776886 7.918457706852605
      vertex 5.862616371845361 5.381096379972847 7.927967626775382
    endloop
  endfacet
  facet normal -0.03914642574130661 -0.14145700621185756 0.9891700929290467
    outer loop
      vertex 4.974752067978741 3.0120597671282017 7.552865156180616
      vertex 5.4584423538530356 5.781026114789901 7.967985304509675
      vertex 5.366440535036909 5.849557548012679 7.97414471940738
    endloop
  endfacet
  facet normal -0.039146425741313544 -0.14145700621185564 0.9891700929290468
    outer loop
      vertex 4.974752067978741 3.0120597671282017 7.552865156180616
      vertex 5.713073130563667 5.551849226972792 7.945288710857995
      vertex 5.631975157412146 5.631975157412146 7.953537725374782
    endloop
  endfacet
  facet normal -0.0391464257413072 -0.14145700621185725 0.9891700929290467
    outer loop
      vertex 4.974752067978741 3.0120597671282017 7.552865156180616
      vertex 5.631975157412146 5.631975157412146 7.953537725374782
      vertex 5.5470278180952555 5.708434701622949 7.961110086855823
    endloop
  endfacet
  facet normal -0.0391464257413006 -0.14145700621185867 0.9891700929290467
    outer loop
      vertex 4.974752067978741 3.0120597671282017 7.552865156180616
      vertex 5.5470278180952555 5.708434701622949 7.961110086855823
      vertex 5.4584423538530356 5.781026114789901 7.967985304509675
    endloop
  endfacet
  facet normal -0.03914642574129011 -0.14145700621186258 0.9891700929290467
    outer loop
      vertex 4.974752067978741 3.0120597671282017 7.552865156180616
      vertex 5.737237181264184 5.525636326522592 7.9424964082750495
      vertex 5.713073130563667 5.551849226972792 7.945288710857995
    endloop
  endfacet
  facet normal -0.046040238469218384 -0.13936579098343685 0.9891700929290466
    outer loop
      vertex 4.974752067978741 3.0120597671282017 7.552865156180616
      vertex 6.156637245715151 4.9056074198170325 7.874660208501168
      vertex 6.107531727775966 5.0052721009516 7.886416545906115
    endloop
  endfacet
  facet normal -0.046040238469227855 -0.1393657909834316 0.9891700929290468
    outer loop
      vertex 4.974752067978741 3.0120597671282017 7.552865156180616
      vertex 6.107531727775966 5.0052721009516 7.886416545906115
      vertex 6.053445348437098 5.102902865997184 7.89765449079715
    endloop
  endfacet
  facet normal -0.046040238469234496 -0.1393657909834317 0.9891700929290466
    outer loop
      vertex 5.773448019010926 2.7482062648415724 7.552865156180616
      vertex 6.200650847340754 4.8041650204144695 7.8624164057377826
      vertex 6.156637245715151 4.9056074198170325 7.874660208501168
    endloop
  endfacet
endsolid OpenSCAD_Model
