solid OpenSCAD_Model
  facet normal -0.8700869911087146 -0.49289819222977843 1.0638569812861197e-16
    outer loop
      vertex -8.157728610000273 -7.814102744193223 0.005050000000000001
      vertex -8.181921264348356 -7.771396736825999 0.005050000000000001
      vertex -8.181921264348356 -7.771396736825999 -0.00495
    endloop
  endfacet
  facet normal -0.7883464276266051 -0.6152315905806282 0
    outer loop
      vertex -8.073010453362738 -7.934393284163646 -0.00495
      vertex -8.073010453362738 -7.934393284163646 0.005050000000000001
      vertex -8.103207531480646 -7.895699304492434 0.005050000000000001
    endloop
  endfacet
  facet normal -0.7572088465064851 -0.6531728429537761 0
    outer loop
      vertex -8.04095112535496 -7.971558954847019 -0.00495
      vertex -8.04095112535496 -7.971558954847019 0.005050000000000001
      vertex -8.073010453362738 -7.934393284163646 -0.00495
    endloop
  endfacet
  facet normal -0.7572088465064851 -0.6531728429537761 5.195272149007608e-17
    outer loop
      vertex -8.04095112535496 -7.971558954847019 0.005050000000000001
      vertex -8.073010453362738 -7.934393284163646 0.005050000000000001
      vertex -8.073010453362738 -7.934393284163646 -0.00495
    endloop
  endfacet
  facet normal 0 0 -1
    outer loop
      vertex -8.073010453362738 -7.934393284163646 -0.00495
      vertex -8.131469612302546 -7.855570233019603 -0.00495
      vertex -8.007106781186549 -8.007106781186549 -0.00495
    endloop
  endfacet
  facet normal -0.8175848131515888 -0.575808191417838 7.808484056361628e-18
    outer loop
      vertex -8.131469612302546 -7.855570233019603 -0.00495
      vertex -8.103207531480646 -7.895699304492434 -0.00495
      vertex -8.103207531480646 -7.895699304492434 0.005050000000000001
    endloop
  endfacet
  facet normal 0 0 -1
    outer loop
      vertex -8.131469612302546 -7.855570233019603 -0.00495
      vertex -8.223879532511287 -7.68268343236509 -0.00495
      vertex -8.007106781186549 -8.007106781186549 -0.00495
    endloop
  endfacet
  facet normal -0.8175848131515888 -0.575808191417838 0
    outer loop
      vertex -8.131469612302546 -7.855570233019603 -0.00495
      vertex -8.103207531480646 -7.895699304492434 0.005050000000000001
      vertex -8.131469612302546 -7.855570233019603 0.005050000000000001
    endloop
  endfacet
  facet normal 0 0 -1
    outer loop
      vertex -8.131469612302546 -7.855570233019603 -0.00495
      vertex -8.157728610000273 -7.814102744193223 -0.00495
      vertex -8.181921264348356 -7.771396736825999 -0.00495
    endloop
  endfacet
  facet normal -0.8448535652496996 -0.5349976198871089 -4.369913759878488e-17
    outer loop
      vertex -8.131469612302546 -7.855570233019603 -0.00495
      vertex -8.157728610000273 -7.814102744193223 0.005050000000000001
      vertex -8.157728610000273 -7.814102744193223 -0.00495
    endloop
  endfacet
  facet normal -0.8448535652496996 -0.5349976198871089 0
    outer loop
      vertex -8.131469612302546 -7.855570233019603 -0.00495
      vertex -8.131469612302546 -7.855570233019603 0.005050000000000001
      vertex -8.157728610000273 -7.814102744193223 0.005050000000000001
    endloop
  endfacet
  facet normal -0.8700869911087146 -0.49289819222977843 0
    outer loop
      vertex -8.157728610000273 -7.814102744193223 -0.00495
      vertex -8.157728610000273 -7.814102744193223 0.005050000000000001
      vertex -8.181921264348356 -7.771396736825999 -0.00495
    endloop
  endfacet
  facet normal 0 0 -1
    outer loop
      vertex -8.073010453362738 -7.934393284163646 -0.00495
      vertex -8.103207531480646 -7.895699304492434 -0.00495
      vertex -8.131469612302546 -7.855570233019603 -0.00495
    endloop
  endfacet
  facet normal -0.7883464276266051 -0.6152315905806282 1.2258921321545644e-16
    outer loop
      vertex -8.073010453362738 -7.934393284163646 -0.00495
      vertex -8.103207531480646 -7.895699304492434 0.005050000000000001
      vertex -8.103207531480646 -7.895699304492434 -0.00495
    endloop
  endfacet
  facet normal -0.6531728429537761 -0.7572088465064851 0
    outer loop
      vertex -7.971558954847019 -8.04095112535496 -0.00495
      vertex -7.934393284163646 -8.073010453362738 -0.00495
      vertex -7.971558954847019 -8.04095112535496 0.005050000000000001
    endloop
  endfacet
  facet normal -0.6531728429537761 -0.7572088465064851 5.195272149007608e-17
    outer loop
      vertex -7.971558954847019 -8.04095112535496 0.005050000000000001
      vertex -7.934393284163646 -8.073010453362738 -0.00495
      vertex -7.934393284163646 -8.073010453362738 0.005050000000000001
    endloop
  endfacet
  facet normal -0.6152315905806282 -0.7883464276266051 0
    outer loop
      vertex -7.934393284163646 -8.073010453362738 -0.00495
      vertex -7.895699304492434 -8.103207531480646 0.005050000000000001
      vertex -7.934393284163646 -8.073010453362738 0.005050000000000001
    endloop
  endfacet
  facet normal 0 0 -1
    outer loop
      vertex -7.934393284163646 -8.073010453362738 -0.00495
      vertex -8.007106781186549 -8.007106781186549 -0.00495
      vertex -7.855570233019603 -8.131469612302546 -0.00495
    endloop
  endfacet
  facet normal -0.49289819222977843 -0.8700869911087146 1.0638569812861197e-16
    outer loop
      vertex -7.814102744193223 -8.157728610000273 -0.00495
      vertex -7.771396736825999 -8.181921264348356 -0.00495
      vertex -7.771396736825999 -8.181921264348356 0.005050000000000001
    endloop
  endfacet
  facet normal -0.575808191417838 -0.8175848131515888 7.808484056361628e-18
    outer loop
      vertex -7.855570233019603 -8.131469612302546 -0.00495
      vertex -7.895699304492434 -8.103207531480646 0.005050000000000001
      vertex -7.895699304492434 -8.103207531480646 -0.00495
    endloop
  endfacet
  facet normal 0 0 -1
    outer loop
      vertex -7.855570233019603 -8.131469612302546 -0.00495
      vertex -8.007106781186549 -8.007106781186549 -0.00495
      vertex -7.771396736825999 -8.181921264348356 -0.00495
    endloop
  endfacet
  facet normal -0.575808191417838 -0.8175848131515888 0
    outer loop
      vertex -7.855570233019603 -8.131469612302546 -0.00495
      vertex -7.855570233019603 -8.131469612302546 0.005050000000000001
      vertex -7.895699304492434 -8.103207531480646 0.005050000000000001
    endloop
  endfacet
  facet normal 0 0 -1
    outer loop
      vertex -7.934393284163646 -8.073010453362738 -0.00495
      vertex -7.855570233019603 -8.131469612302546 -0.00495
      vertex -7.895699304492434 -8.103207531480646 -0.00495
    endloop
  endfacet
  facet normal -0.6152315905806282 -0.7883464276266051 1.2258921321545644e-16
    outer loop
      vertex -7.934393284163646 -8.073010453362738 -0.00495
      vertex -7.895699304492434 -8.103207531480646 -0.00495
      vertex -7.895699304492434 -8.103207531480646 0.005050000000000001
    endloop
  endfacet
  facet normal -0.5349976198871089 -0.8448535652496996 0
    outer loop
      vertex -7.855570233019603 -8.131469612302546 -0.00495
      vertex -7.814102744193223 -8.157728610000273 -0.00495
      vertex -7.855570233019603 -8.131469612302546 0.005050000000000001
    endloop
  endfacet
  facet normal 0 0 -1
    outer loop
      vertex -7.855570233019603 -8.131469612302546 -0.00495
      vertex -7.771396736825999 -8.181921264348356 -0.00495
      vertex -7.814102744193223 -8.157728610000273 -0.00495
    endloop
  endfacet
  facet normal -0.5349976198871089 -0.8448535652496996 -4.369913759878488e-17
    outer loop
      vertex -7.855570233019603 -8.131469612302546 0.005050000000000001
      vertex -7.814102744193223 -8.157728610000273 -0.00495
      vertex -7.814102744193223 -8.157728610000273 0.005050000000000001
    endloop
  endfacet
  facet normal 0 0 -1
    outer loop
      vertex -8.007106781186549 -8.007106781186549 -0.00495
      vertex -7.68268343236509 -8.223879532511287 -0.00495
      vertex -7.771396736825999 -8.181921264348356 -0.00495
    endloop
  endfacet
  facet normal -0.49289819222977843 -0.8700869911087146 0
    outer loop
      vertex -7.814102744193223 -8.157728610000273 -0.00495
      vertex -7.771396736825999 -8.181921264348356 0.005050000000000001
      vertex -7.814102744193223 -8.157728610000273 0.005050000000000001
    endloop
  endfacet
  facet normal -0.7242470829514729 -0.6895405447370607 0
    outer loop
      vertex -8.04095112535496 -7.971558954847019 -0.00495
      vertex -8.007106781186549 -8.007106781186549 -0.00495
      vertex -8.04095112535496 -7.971558954847019 0.005050000000000001
    endloop
  endfacet
  facet normal -0.7242470829514729 -0.6895405447370607 1.8613048138239457e-16
    outer loop
      vertex -8.04095112535496 -7.971558954847019 0.005050000000000001
      vertex -8.007106781186549 -8.007106781186549 -0.00495
      vertex -8.007106781186549 -8.007106781186549 0.005050000000000001
    endloop
  endfacet
  facet normal -0.6895405447370607 -0.7242470829514729 0
    outer loop
      vertex -7.971558954847019 -8.04095112535496 -0.00495
      vertex -7.971558954847019 -8.04095112535496 0.005050000000000001
      vertex -8.007106781186549 -8.007106781186549 -0.00495
    endloop
  endfacet
  facet normal -0.6895405447370607 -0.7242470829514729 1.8613048138239457e-16
    outer loop
      vertex -7.971558954847019 -8.04095112535496 0.005050000000000001
      vertex -8.007106781186549 -8.007106781186549 0.005050000000000001
      vertex -8.007106781186549 -8.007106781186549 -0.00495
    endloop
  endfacet
  facet normal 0 0 -1
    outer loop
      vertex -8.04095112535496 -7.971558954847019 -0.00495
      vertex -8.073010453362738 -7.934393284163646 -0.00495
      vertex -8.007106781186549 -8.007106781186549 -0.00495
    endloop
  endfacet
  facet normal 0 0 -1
    outer loop
      vertex -7.971558954847019 -8.04095112535496 -0.00495
      vertex -8.007106781186549 -8.007106781186549 -0.00495
      vertex -7.934393284163646 -8.073010453362738 -0.00495
    endloop
  endfacet
  facet normal -0.932992798834737 -0.35989503653499316 3.5145105410712124e-17
    outer loop
      vertex -8.223879532511287 -7.68268343236509 0.005050000000000001
      vertex -8.241544065183021 -7.636889853392221 0.005050000000000001
      vertex -8.241544065183021 -7.636889853392221 -0.00495
    endloop
  endfacet
  facet normal 0 0 -1
    outer loop
      vertex -8.203989293123444 -7.727555093430283 -0.00495
      vertex -8.223879532511287 -7.68268343236509 -0.00495
      vertex -8.181921264348356 -7.771396736825999 -0.00495
    endloop
  endfacet
  facet normal 0 0 -1
    outer loop
      vertex -8.131469612302546 -7.855570233019603 -0.00495
      vertex -8.181921264348356 -7.771396736825999 -0.00495
      vertex -8.223879532511287 -7.68268343236509 -0.00495
    endloop
  endfacet
  facet normal -0.8932243011955183 -0.4496113296546005 6.462560192373798e-17
    outer loop
      vertex -8.203989293123444 -7.727555093430283 0.005050000000000001
      vertex -8.181921264348356 -7.771396736825999 -0.00495
      vertex -8.181921264348356 -7.771396736825999 0.005050000000000001
    endloop
  endfacet
  facet normal -0.8932243011955183 -0.4496113296546005 0
    outer loop
      vertex -8.203989293123444 -7.727555093430283 -0.00495
      vertex -8.181921264348356 -7.771396736825999 -0.00495
      vertex -8.203989293123444 -7.727555093430283 0.005050000000000001
    endloop
  endfacet
  facet normal -0.914209755703534 -0.4052413140049827 0
    outer loop
      vertex -8.203989293123444 -7.727555093430283 -0.00495
      vertex -8.203989293123444 -7.727555093430283 0.005050000000000001
      vertex -8.223879532511287 -7.68268343236509 -0.00495
    endloop
  endfacet
  facet normal -0.914209755703534 -0.4052413140049827 1.0375808606099149e-16
    outer loop
      vertex -8.203989293123444 -7.727555093430283 0.005050000000000001
      vertex -8.223879532511287 -7.68268343236509 0.005050000000000001
      vertex -8.223879532511287 -7.68268343236509 -0.00495
    endloop
  endfacet
  facet normal -0.932992798834737 -0.35989503653499316 0
    outer loop
      vertex -8.223879532511287 -7.68268343236509 -0.00495
      vertex -8.223879532511287 -7.68268343236509 0.005050000000000001
      vertex -8.241544065183021 -7.636889853392221 -0.00495
    endloop
  endfacet
  facet normal 0 0 -1
    outer loop
      vertex -8.007106781186549 -8.007106781186549 -0.00495
      vertex -8.223879532511287 -7.68268343236509 -0.00495
      vertex -8.3 -7.300000000000001 -0.00495
    endloop
  endfacet
  facet normal 0 0 -1
    outer loop
      vertex -8.223879532511287 -7.68268343236509 -0.00495
      vertex -8.241544065183021 -7.636889853392221 -0.00495
      vertex -8.25694033573221 -7.590284677254463 -0.00495
    endloop
  endfacet
  facet normal -0.9495281805930307 -0.3136817403989097 0
    outer loop
      vertex -8.241544065183021 -7.636889853392221 -0.00495
      vertex -8.241544065183021 -7.636889853392221 0.005050000000000001
      vertex -8.25694033573221 -7.590284677254463 -0.00495
    endloop
  endfacet
  facet normal 0 0 -1
    outer loop
      vertex -8.223879532511287 -7.68268343236509 -0.00495
      vertex -8.25694033573221 -7.590284677254463 -0.00495
      vertex -8.280785280403231 -7.495090322016129 -0.00495
    endloop
  endfacet
  facet normal -0.9495281805930307 -0.3136817403989097 7.424109525557104e-17
    outer loop
      vertex -8.241544065183021 -7.636889853392221 0.005050000000000001
      vertex -8.25694033573221 -7.590284677254463 0.005050000000000001
      vertex -8.25694033573221 -7.590284677254463 -0.00495
    endloop
  endfacet
  facet normal 0 0 -1
    outer loop
      vertex -8.25694033573221 -7.590284677254463 -0.00495
      vertex -8.270031253194544 -7.542980179903265 -0.00495
      vertex -8.280785280403231 -7.495090322016129 -0.00495
    endloop
  endfacet
  facet normal -0.9757021300385256 -0.21910124015688293 0
    outer loop
      vertex -8.270031253194544 -7.542980179903265 -0.00495
      vertex -8.270031253194544 -7.542980179903265 0.005050000000000001
      vertex -8.280785280403231 -7.495090322016129 0.005050000000000001
    endloop
  endfacet
  facet normal -0.9637760657954466 -0.2667127574748739 0
    outer loop
      vertex -8.25694033573221 -7.590284677254463 -0.00495
      vertex -8.25694033573221 -7.590284677254463 0.005050000000000001
      vertex -8.270031253194544 -7.542980179903265 -0.00495
    endloop
  endfacet
  facet normal -0.9637760657954466 -0.2667127574748739 -7.934497710735335e-17
    outer loop
      vertex -8.25694033573221 -7.590284677254463 0.005050000000000001
      vertex -8.270031253194544 -7.542980179903265 0.005050000000000001
      vertex -8.270031253194544 -7.542980179903265 -0.00495
    endloop
  endfacet
  facet normal -0.9757021300385256 -0.21910124015688293 -9.260387099027372e-17
    outer loop
      vertex -8.270031253194544 -7.542980179903265 -0.00495
      vertex -8.280785280403231 -7.495090322016129 0.005050000000000001
      vertex -8.280785280403231 -7.495090322016129 -0.00495
    endloop
  endfacet
  facet normal 0 0 -1
    outer loop
      vertex -8.223879532511287 -7.68268343236509 -0.00495
      vertex -8.280785280403231 -7.495090322016129 -0.00495
      vertex -8.3 -7.300000000000001 -0.00495
    endloop
  endfacet
  facet normal -0.9852776423889434 -0.17096188876028862 -1.471406909311094e-17
    outer loop
      vertex -8.280785280403231 -7.495090322016129 -0.00495
      vertex -8.289176509964781 -7.446730474455363 0.005050000000000001
      vertex -8.289176509964781 -7.446730474455363 -0.00495
    endloop
  endfacet
  facet normal -0.9852776423889434 -0.17096188876028862 0
    outer loop
      vertex -8.280785280403231 -7.495090322016129 -0.00495
      vertex -8.280785280403231 -7.495090322016129 0.005050000000000001
      vertex -8.289176509964781 -7.446730474455363 0.005050000000000001
    endloop
  endfacet
  facet normal 0 0 -1
    outer loop
      vertex -8.280785280403231 -7.495090322016129 -0.00495
      vertex -8.289176509964781 -7.446730474455363 -0.00495
      vertex -8.295184726672197 -7.398017140329562 -0.00495
    endloop
  endfacet
  facet normal -0.9924795345987096 -0.12241067519921875 0
    outer loop
      vertex -8.289176509964781 -7.446730474455363 -0.00495
      vertex -8.289176509964781 -7.446730474455363 0.005050000000000001
      vertex -8.295184726672197 -7.398017140329562 -0.00495
    endloop
  endfacet
  facet normal 0 0 -1
    outer loop
      vertex -8.280785280403231 -7.495090322016129 -0.00495
      vertex -8.295184726672197 -7.398017140329562 -0.00495
      vertex -8.3 -7.300000000000001 -0.00495
    endloop
  endfacet
  facet normal -0.9924795345987096 -0.12241067519921875 -6.899163172176291e-18
    outer loop
      vertex -8.289176509964781 -7.446730474455363 0.005050000000000001
      vertex -8.295184726672197 -7.398017140329562 0.005050000000000001
      vertex -8.295184726672197 -7.398017140329562 -0.00495
    endloop
  endfacet
  facet normal -0.9972904566786889 -0.07356456359968419 -5.316206543072558e-18
    outer loop
      vertex -8.295184726672197 -7.398017140329562 -0.00495
      vertex -8.298795456205173 -7.349067674327419 0.005050000000000001
      vertex -8.298795456205173 -7.349067674327419 -0.00495
    endloop
  endfacet
  facet normal -0.9972904566786889 -0.07356456359968419 0
    outer loop
      vertex -8.295184726672197 -7.398017140329562 -0.00495
      vertex -8.295184726672197 -7.398017140329562 0.005050000000000001
      vertex -8.298795456205173 -7.349067674327419 0.005050000000000001
    endloop
  endfacet
  facet normal 0 0 -1
    outer loop
      vertex -8.295184726672197 -7.398017140329562 -0.00495
      vertex -8.298795456205173 -7.349067674327419 -0.00495
      vertex -8.3 -7.300000000000001 -0.00495
    endloop
  endfacet
  facet normal -0.9996988186962044 -0.024541228522907587 0
    outer loop
      vertex -8.298795456205173 -7.349067674327419 -0.00495
      vertex -8.298795456205173 -7.349067674327419 0.005050000000000001
      vertex -8.3 -7.300000000000001 -0.00495
    endloop
  endfacet
  facet normal -0.9996988186962044 -0.024541228522907587 1.1764332665181406e-18
    outer loop
      vertex -8.298795456205173 -7.349067674327419 0.005050000000000001
      vertex -8.3 -7.300000000000001 0.005050000000000001
      vertex -8.3 -7.300000000000001 -0.00495
    endloop
  endfacet
  facet normal -0.4496113296546005 -0.8932243011955183 0
    outer loop
      vertex -7.771396736825999 -8.181921264348356 -0.00495
      vertex -7.727555093430283 -8.203989293123444 0.005050000000000001
      vertex -7.771396736825999 -8.181921264348356 0.005050000000000001
    endloop
  endfacet
  facet normal 0 0 -1
    outer loop
      vertex -7.771396736825999 -8.181921264348356 -0.00495
      vertex -7.68268343236509 -8.223879532511287 -0.00495
      vertex -7.727555093430283 -8.203989293123444 -0.00495
    endloop
  endfacet
  facet normal -0.4496113296546005 -0.8932243011955183 6.462560192373798e-17
    outer loop
      vertex -7.771396736825999 -8.181921264348356 -0.00495
      vertex -7.727555093430283 -8.203989293123444 -0.00495
      vertex -7.727555093430283 -8.203989293123444 0.005050000000000001
    endloop
  endfacet
  facet normal -0.35989503653499316 -0.932992798834737 3.5145105410712124e-17
    outer loop
      vertex -7.68268343236509 -8.223879532511287 -0.00495
      vertex -7.636889853392221 -8.241544065183021 -0.00495
      vertex -7.636889853392221 -8.241544065183021 0.005050000000000001
    endloop
  endfacet
  facet normal -0.4052413140049827 -0.914209755703534 0
    outer loop
      vertex -7.727555093430283 -8.203989293123444 -0.00495
      vertex -7.68268343236509 -8.223879532511287 -0.00495
      vertex -7.727555093430283 -8.203989293123444 0.005050000000000001
    endloop
  endfacet
  facet normal -0.4052413140049827 -0.914209755703534 1.0375808606099149e-16
    outer loop
      vertex -7.727555093430283 -8.203989293123444 0.005050000000000001
      vertex -7.68268343236509 -8.223879532511287 -0.00495
      vertex -7.68268343236509 -8.223879532511287 0.005050000000000001
    endloop
  endfacet
  facet normal -0.35989503653499316 -0.932992798834737 0
    outer loop
      vertex -7.68268343236509 -8.223879532511287 -0.00495
      vertex -7.636889853392221 -8.241544065183021 0.005050000000000001
      vertex -7.68268343236509 -8.223879532511287 0.005050000000000001
    endloop
  endfacet
  facet normal 0 0 -1
    outer loop
      vertex -8.007106781186549 -8.007106781186549 -0.00495
      vertex -7.300000000000001 -8.3 -0.00495
      vertex -7.68268343236509 -8.223879532511287 -0.00495
    endloop
  endfacet
  facet normal 0 0 -1
    outer loop
      vertex -7.68268343236509 -8.223879532511287 -0.00495
      vertex -7.542980179903265 -8.270031253194544 -0.00495
      vertex -7.636889853392221 -8.241544065183021 -0.00495
    endloop
  endfacet
  facet normal -0.3136817403989097 -0.9495281805930307 0
    outer loop
      vertex -7.636889853392221 -8.241544065183021 -0.00495
      vertex -7.590284677254463 -8.25694033573221 0.005050000000000001
      vertex -7.636889853392221 -8.241544065183021 0.005050000000000001
    endloop
  endfacet
  facet normal -0.3136817403989097 -0.9495281805930307 7.424109525557104e-17
    outer loop
      vertex -7.636889853392221 -8.241544065183021 -0.00495
      vertex -7.590284677254463 -8.25694033573221 -0.00495
      vertex -7.590284677254463 -8.25694033573221 0.005050000000000001
    endloop
  endfacet
  facet normal 0 0 -1
    outer loop
      vertex -7.636889853392221 -8.241544065183021 -0.00495
      vertex -7.542980179903265 -8.270031253194544 -0.00495
      vertex -7.590284677254463 -8.25694033573221 -0.00495
    endloop
  endfacet
  facet normal 0 0 -1
    outer loop
      vertex -7.68268343236509 -8.223879532511287 -0.00495
      vertex -7.495090322016129 -8.280785280403231 -0.00495
      vertex -7.542980179903265 -8.270031253194544 -0.00495
    endloop
  endfacet
  facet normal -0.2667127574748739 -0.9637760657954466 0
    outer loop
      vertex -7.590284677254463 -8.25694033573221 -0.00495
      vertex -7.542980179903265 -8.270031253194544 -0.00495
      vertex -7.590284677254463 -8.25694033573221 0.005050000000000001
    endloop
  endfacet
  facet normal -0.2667127574748739 -0.9637760657954466 -7.934497710735335e-17
    outer loop
      vertex -7.590284677254463 -8.25694033573221 0.005050000000000001
      vertex -7.542980179903265 -8.270031253194544 -0.00495
      vertex -7.542980179903265 -8.270031253194544 0.005050000000000001
    endloop
  endfacet
  facet normal -0.21910124015688293 -0.9757021300385256 0
    outer loop
      vertex -7.542980179903265 -8.270031253194544 -0.00495
      vertex -7.495090322016129 -8.280785280403231 -0.00495
      vertex -7.542980179903265 -8.270031253194544 0.005050000000000001
    endloop
  endfacet
  facet normal 0 0 -1
    outer loop
      vertex -7.68268343236509 -8.223879532511287 -0.00495
      vertex -7.300000000000001 -8.3 -0.00495
      vertex -7.495090322016129 -8.280785280403231 -0.00495
    endloop
  endfacet
  facet normal -0.21910124015688293 -0.9757021300385256 -9.260387099027372e-17
    outer loop
      vertex -7.542980179903265 -8.270031253194544 0.005050000000000001
      vertex -7.495090322016129 -8.280785280403231 -0.00495
      vertex -7.495090322016129 -8.280785280403231 0.005050000000000001
    endloop
  endfacet
  facet normal -0.17096188876028862 -0.9852776423889434 -1.471406909311094e-17
    outer loop
      vertex -7.495090322016129 -8.280785280403231 -0.00495
      vertex -7.446730474455363 -8.289176509964781 -0.00495
      vertex -7.446730474455363 -8.289176509964781 0.005050000000000001
    endloop
  endfacet
  facet normal -0.17096188876028862 -0.9852776423889434 0
    outer loop
      vertex -7.495090322016129 -8.280785280403231 -0.00495
      vertex -7.446730474455363 -8.289176509964781 0.005050000000000001
      vertex -7.495090322016129 -8.280785280403231 0.005050000000000001
    endloop
  endfacet
  facet normal 0 0 -1
    outer loop
      vertex -7.495090322016129 -8.280785280403231 -0.00495
      vertex -7.398017140329562 -8.295184726672197 -0.00495
      vertex -7.446730474455363 -8.289176509964781 -0.00495
    endloop
  endfacet
  facet normal -0.12241067519921875 -0.9924795345987096 0
    outer loop
      vertex -7.446730474455363 -8.289176509964781 -0.00495
      vertex -7.398017140329562 -8.295184726672197 -0.00495
      vertex -7.446730474455363 -8.289176509964781 0.005050000000000001
    endloop
  endfacet
  facet normal 0 0 -1
    outer loop
      vertex -7.495090322016129 -8.280785280403231 -0.00495
      vertex -7.300000000000001 -8.3 -0.00495
      vertex -7.398017140329562 -8.295184726672197 -0.00495
    endloop
  endfacet
  facet normal -0.12241067519921875 -0.9924795345987096 -6.899163172176291e-18
    outer loop
      vertex -7.446730474455363 -8.289176509964781 0.005050000000000001
      vertex -7.398017140329562 -8.295184726672197 -0.00495
      vertex -7.398017140329562 -8.295184726672197 0.005050000000000001
    endloop
  endfacet
  facet normal -0.07356456359968419 -0.9972904566786889 -5.316206543072558e-18
    outer loop
      vertex -7.398017140329562 -8.295184726672197 -0.00495
      vertex -7.349067674327419 -8.298795456205173 -0.00495
      vertex -7.349067674327419 -8.298795456205173 0.005050000000000001
    endloop
  endfacet
  facet normal -0.07356456359968419 -0.9972904566786889 0
    outer loop
      vertex -7.398017140329562 -8.295184726672197 -0.00495
      vertex -7.349067674327419 -8.298795456205173 0.005050000000000001
      vertex -7.398017140329562 -8.295184726672197 0.005050000000000001
    endloop
  endfacet
  facet normal 0 0 -1
    outer loop
      vertex -7.398017140329562 -8.295184726672197 -0.00495
      vertex -7.300000000000001 -8.3 -0.00495
      vertex -7.349067674327419 -8.298795456205173 -0.00495
    endloop
  endfacet
  facet normal -0.024541228522907587 -0.9996988186962044 0
    outer loop
      vertex -7.349067674327419 -8.298795456205173 -0.00495
      vertex -7.300000000000001 -8.3 -0.00495
      vertex -7.349067674327419 -8.298795456205173 0.005050000000000001
    endloop
  endfacet
  facet normal -0.024541228522907587 -0.9996988186962044 1.1764332665181406e-18
    outer loop
      vertex -7.349067674327419 -8.298795456205173 0.005050000000000001
      vertex -7.300000000000001 -8.3 -0.00495
      vertex -7.300000000000001 -8.3 0.005050000000000001
    endloop
  endfacet
  facet normal -0.6671550401249879 -0.6351844013194092 0.3891592588598265
    outer loop
      vertex -8.04095112535496 -7.971558954847019 0.005050000000000001
      vertex -8.007106781186549 -8.007106781186549 0.005050000000000001
      vertex -5.979217231624264 -5.828492363680824 7.037488689277693
    endloop
  endfacet
  facet normal -0.6351844013194092 -0.6671550401249879 0.3891592588598265
    outer loop
      vertex -7.971558954847019 -8.04095112535496 0.005050000000000001
      vertex -5.904828907717292 -5.904828907717292 7.040420042373936
      vertex -8.007106781186549 -8.007106781186549 0.005050000000000001
    endloop
  endfacet
  facet normal -0.8536907362335876 -0.37841507766338844 0.3577906592771348
    outer loop
      vertex -8.203989293123444 -7.727555093430283 0.005050000000000001
      vertex -6.384625952608007 -5.211881131944535 7.00674924003522
      vertex -8.223879532511287 -7.68268343236509 0.005050000000000001
    endloop
  endfacet
  facet normal -0.8744230179649986 -0.33730217895636266 0.34872858461025785
    outer loop
      vertex -8.223879532511287 -7.68268343236509 0.005050000000000001
      vertex -6.424432446678232 -5.114770047696081 7.000865195961325
      vertex -8.241544065183021 -7.636889853392221 0.005050000000000001
    endloop
  endfacet
  facet normal -0.893478530770086 -0.2951654371816319 0.3384870451676175
    outer loop
      vertex -8.241544065183021 -7.636889853392221 0.005050000000000001
      vertex -6.424432446678232 -5.114770047696081 7.000865195961325
      vertex -8.25694033573221 -7.590284677254463 0.005050000000000001
    endloop
  endfacet
  facet normal -0.8313581852729585 -0.4184705438483048 0.36568561868216415
    outer loop
      vertex -8.203989293123444 -7.727555093430283 0.005050000000000001
      vertex -8.181921264348356 -7.771396736825999 0.005050000000000001
      vertex -6.290804559211994 -5.400482742002689 7.017502472684244
    endloop
  endfacet
  facet normal -0.8074946719061397 -0.4574400813768562 0.37242573325849965
    outer loop
      vertex -8.157728610000273 -7.814102744193223 0.005050000000000001
      vertex -6.290804559211994 -5.400482742002689 7.017502472684244
      vertex -8.181921264348356 -7.771396736825999 0.005050000000000001
    endloop
  endfacet
  facet normal -0.7273058488569466 -0.5675950553590765 0.385826457556248
    outer loop
      vertex -8.073010453362738 -7.934393284163646 0.005050000000000001
      vertex -6.049831158205473 -5.748823089059713 7.034088360180233
      vertex -8.103207531480646 -7.895699304492434 0.005050000000000001
    endloop
  endfacet
  facet normal -0.755416524630346 -0.5320243426951955 0.38248656590154234
    outer loop
      vertex -8.131469612302546 -7.855570233019603 0.005050000000000001
      vertex -8.103207531480646 -7.895699304492434 0.005050000000000001
      vertex -6.1788710248243035 -5.58010024790537 7.0265532409669085
    endloop
  endfacet
  facet normal -0.7821623665199152 -0.49529885611567165 0.3780225860057478
    outer loop
      vertex -8.131469612302546 -7.855570233019603 0.005050000000000001
      vertex -6.1788710248243035 -5.58010024790537 7.0265532409669085
      vertex -8.157728610000273 -7.814102744193223 0.005050000000000001
    endloop
  endfacet
  facet normal -0.6978729712000237 -0.6019893649187764 0.3880491213662767
    outer loop
      vertex -8.04095112535496 -7.971558954847019 0.005050000000000001
      vertex -5.979217231624264 -5.828492363680824 7.037488689277693
      vertex -8.073010453362738 -7.934393284163646 0.005050000000000001
    endloop
  endfacet
  facet normal -0.9107737197683217 -0.25204503292429115 0.32705432692072367
    outer loop
      vertex -8.25694033573221 -7.590284677254463 0.005050000000000001
      vertex -6.489279363666745 -4.916003440848334 6.988533394334582
      vertex -8.270031253194544 -7.542980179903265 0.005050000000000001
    endloop
  endfacet
  facet normal -0.9262183392288565 -0.20798928334109312 0.31442017443446124
    outer loop
      vertex -8.270031253194544 -7.542980179903265 0.005050000000000001
      vertex -6.489279363666745 -4.916003440848334 6.988533394334582
      vertex -8.280785280403231 -7.495090322016129 0.005050000000000001
    endloop
  endfacet
  facet normal -0.9397160782499555 -0.16305620743254814 0.3005767214809513
    outer loop
      vertex -8.280785280403231 -7.495090322016129 0.005050000000000001
      vertex -6.534181302572789 -4.713137327226634 6.974739916660273
      vertex -8.289176509964781 -7.446730474455363 0.005050000000000001
    endloop
  endfacet
  facet normal -0.9511654826858322 -0.11731507290862268 0.2855195233525587
    outer loop
      vertex -8.289176509964781 -7.446730474455363 0.005050000000000001
      vertex -6.534181302572789 -4.713137327226634 6.974739916660273
      vertex -8.295184726672197 -7.398017140329562 0.005050000000000001
    endloop
  endfacet
  facet normal -0.9674956130081708 -0.023750684195776205 0.2517700216669495
    outer loop
      vertex -8.298795456205173 -7.349067674327419 0.005050000000000001
      vertex -6.55875514038723 -4.508201600720202 6.9596265352643005
      vertex -8.3 -7.300000000000001 0.005050000000000001
    endloop
  endfacet
  facet normal -0.9604612056723597 -0.07084787483580408 0.26924867878904696
    outer loop
      vertex -8.295184726672197 -7.398017140329562 0.005050000000000001
      vertex -6.549024962377097 -4.610800730166674 6.967338841341615
      vertex -8.298795456205173 -7.349067674327419 0.005050000000000001
    endloop
  endfacet
  facet normal -0.45744008137685616 -0.8074946719061395 0.37242573325849987
    outer loop
      vertex -7.814102744193223 -8.157728610000273 0.005050000000000001
      vertex -7.771396736825999 -8.181921264348356 0.005050000000000001
      vertex -5.482752040091974 -6.229778636653956 7.048770002989161
    endloop
  endfacet
  facet normal -0.5675950553590765 -0.7273058488569466 0.38582645755624806
    outer loop
      vertex -7.934393284163646 -8.073010453362738 0.005050000000000001
      vertex -7.895699304492434 -8.103207531480646 0.005050000000000001
      vertex -5.745478086147719 -6.04673469365405 7.044846263923609
    endloop
  endfacet
  facet normal -0.5320243426951956 -0.7554165246303461 0.38248656590154234
    outer loop
      vertex -7.855570233019603 -8.131469612302546 0.005050000000000001
      vertex -5.654537906251697 -6.116396352072015 7.046401660731885
      vertex -7.895699304492434 -8.103207531480646 0.005050000000000001
    endloop
  endfacet
  facet normal -0.6019893649187763 -0.6978729712000237 0.3880491213662767
    outer loop
      vertex -7.971558954847019 -8.04095112535496 0.005050000000000001
      vertex -7.934393284163646 -8.073010453362738 0.005050000000000001
      vertex -5.8268510239896845 -5.977638183317367 7.04287471918166
    endloop
  endfacet
  facet normal -0.4952988561156716 -0.7821623665199153 0.3780225860057476
    outer loop
      vertex -7.855570233019603 -8.131469612302546 0.005050000000000001
      vertex -7.814102744193223 -8.157728610000273 0.005050000000000001
      vertex -5.5732218696821825 -6.17296863468486 7.04777811112677
    endloop
  endfacet
  facet normal -0.4184705438483048 -0.8313581852729586 0.36568561868216426
    outer loop
      vertex -7.771396736825999 -8.181921264348356 0.005050000000000001
      vertex -7.727555093430283 -8.203989293123444 0.005050000000000001
      vertex -5.389743272031909 -6.28223841505392 7.049266603697154
    endloop
  endfacet
  facet normal -0.3784150776633885 -0.8536907362335876 0.3577906592771351
    outer loop
      vertex -7.727555093430283 -8.203989293123444 0.005050000000000001
      vertex -7.68268343236509 -8.223879532511287 0.005050000000000001
      vertex -5.294429956579282 -6.330215106280398 7.049266603697154
    endloop
  endfacet
  facet normal -0.33730217895636266 -0.8744230179649986 0.34872858461025796
    outer loop
      vertex -7.68268343236509 -8.223879532511287 0.005050000000000001
      vertex -7.636889853392221 -8.241544065183021 0.005050000000000001
      vertex -5.197052589013362 -6.373587655182806 7.048770002989161
    endloop
  endfacet
  facet normal -0.29516543718163185 -0.8934785307700859 0.33848704516761746
    outer loop
      vertex -7.636889853392221 -8.241544065183021 0.005050000000000001
      vertex -7.590284677254463 -8.25694033573221 0.005050000000000001
      vertex -5.097787962036124 -6.412197363678027 7.047969830979347
    endloop
  endfacet
  facet normal -0.2520450329242912 -0.9107737197683217 0.32705432692072395
    outer loop
      vertex -7.590284677254463 -8.25694033573221 0.005050000000000001
      vertex -7.542980179903265 -8.270031253194544 0.005050000000000001
      vertex -4.9968423145754315 -6.4459213957534836 7.046977082598274
    endloop
  endfacet
  facet normal -0.20798928334109315 -0.9262183392288567 0.31442017443446113
    outer loop
      vertex -7.542980179903265 -8.270031253194544 0.005050000000000001
      vertex -7.495090322016129 -8.280785280403231 0.005050000000000001
      vertex -4.894577612503623 -6.474755411572953 7.045491232685669
    endloop
  endfacet
  facet normal -0.16305620743254814 -0.9397160782499554 0.30057672148095144
    outer loop
      vertex -7.495090322016129 -8.280785280403231 0.005050000000000001
      vertex -7.446730474455363 -8.289176509964781 0.005050000000000001
      vertex -4.791252179651578 -6.49862837225034 7.043516196375102
    endloop
  endfacet
  facet normal -0.1173150729086227 -0.9511654826858322 0.2855195233525587
    outer loop
      vertex -7.446730474455363 -8.289176509964781 0.005050000000000001
      vertex -7.398017140329562 -8.295184726672197 0.005050000000000001
      vertex -4.687126930512117 -6.517482357588011 7.041057173818047
    endloop
  endfacet
  facet normal -0.0708478748358041 -0.9604612056723598 0.26924867878904696
    outer loop
      vertex -7.398017140329562 -8.295184726672197 0.005050000000000001
      vertex -7.349067674327419 -8.298795456205173 0.005050000000000001
      vertex -4.554721983647333 -6.533571585760281 7.037220070976872
    endloop
  endfacet
  facet normal -0.023750684195776205 -0.9674956130081709 0.2517700216669496
    outer loop
      vertex -7.349067674327419 -8.298795456205173 0.005050000000000001
      vertex -7.300000000000001 -8.3 0.005050000000000001
      vertex -4.477388655850993 -6.539882104864855 7.035058103602083
    endloop
  endfacet
  facet normal 0 0 -1
    outer loop
      vertex -8.007106781186549 -8.007106781186549 -0.00495
      vertex -8.3 -7.300000000000001 -0.00495
      vertex -8.298795456205173 7.349067674327419 -0.00495
    endloop
  endfacet
  facet normal -1 0 0
    outer loop
      vertex -8.3 -7.300000000000001 -0.00495
      vertex -8.3 -7.300000000000001 0.005050000000000001
      vertex -8.3 7.300000000000001 0.005050000000000001
    endloop
  endfacet
  facet normal 0 0 -1
    outer loop
      vertex -8.007106781186549 -8.007106781186549 -0.00495
      vertex -6.5 6.5 -0.00495
      vertex -6.5 -6.5 -0.00495
    endloop
  endfacet
  facet normal -0.9701425001453319 0 0.24253562503633297
    outer loop
      vertex -8.3 -7.300000000000001 0.005050000000000001
      vertex -6.598543474351949 -1.5180711976286592 6.810876102592206
      vertex -8.3 7.300000000000001 0.005050000000000001
    endloop
  endfacet
  facet normal 0 -1 0
    outer loop
      vertex -7.300000000000001 -8.3 -0.00495
      vertex 7.300000000000001 -8.3 0.005050000000000001
      vertex -7.300000000000001 -8.3 0.005050000000000001
    endloop
  endfacet
  facet normal 0 0 -1
    outer loop
      vertex -8.007106781186549 -8.007106781186549 -0.00495
      vertex 8.3 -7.300000000000001 -0.00495
      vertex -7.300000000000001 -8.3 -0.00495
    endloop
  endfacet
  facet normal 0 0 -1
    outer loop
      vertex -8.007106781186549 -8.007106781186549 -0.00495
      vertex -6.5 -6.5 -0.00495
      vertex 6.5 -6.5 -0.00495
    endloop
  endfacet
  facet normal 0 -0.9701425001453319 0.24253562503633302
    outer loop
      vertex -7.300000000000001 -8.3 0.005050000000000001
      vertex 7.300000000000001 -8.3 0.005050000000000001
      vertex -1.6351267919805288 -6.560629444955631 6.962532220177477
    endloop
  endfacet
  facet normal -0.8074946719061346 -0.4574400813768646 0.3724257332585003
    outer loop
      vertex -8.157728610000273 -7.814102744193223 0.005050000000000001
      vertex -6.237038301143357 -5.491530703518354 7.022246989069754
      vertex -6.290804559211994 -5.400482742002689 7.017502472684244
    endloop
  endfacet
  facet normal -0.7273058488569416 -0.5675950553590821 0.38582645755624945
    outer loop
      vertex -8.103207531480646 -7.895699304492434 0.005050000000000001
      vertex -6.090302868942743 -5.698556468307027 7.031744750700063
      vertex -6.11644455018159 -5.665966324596595 7.030409971214628
    endloop
  endfacet
  facet normal -0.727305848856955 -0.5675950553590663 0.385826457556247
    outer loop
      vertex -8.103207531480646 -7.895699304492434 0.005050000000000001
      vertex -6.049831158205473 -5.748823089059713 7.034088360180233
      vertex -6.090302868942743 -5.698556468307027 7.031744750700063
    endloop
  endfacet
  facet normal -0.7554165246303458 -0.5320243426951964 0.38248656590154195
    outer loop
      vertex -8.103207531480646 -7.895699304492434 0.005050000000000001
      vertex -6.11644455018159 -5.665966324596595 7.030409971214628
      vertex -6.1788710248243035 -5.58010024790537 7.0265532409669085
    endloop
  endfacet
  facet normal -0.782162366519918 -0.49529885611566776 0.3780225860057473
    outer loop
      vertex -8.157728610000273 -7.814102744193223 0.005050000000000001
      vertex -6.1788710248243035 -5.58010024790537 7.0265532409669085
      vertex -6.237038301143357 -5.491530703518354 7.022246989069754
    endloop
  endfacet
  facet normal -0.567595055359074 -0.7273058488569487 0.38582645755624767
    outer loop
      vertex -7.895699304492434 -8.103207531480646 0.005050000000000001
      vertex -5.660913733956853 -6.111942531270265 7.04632948639937
      vertex -5.745478086147719 -6.04673469365405 7.044846263923609
    endloop
  endfacet
  facet normal -0.532024342695261 -0.7554165246302998 0.38248656590154284
    outer loop
      vertex -7.895699304492434 -8.103207531480646 0.005050000000000001
      vertex -5.654537906251697 -6.116396352072015 7.046401660731885
      vertex -5.660913733956853 -6.111942531270265 7.04632948639937
    endloop
  endfacet
  facet normal -0.532024342695198 -0.7554165246303445 0.38248656590154206
    outer loop
      vertex -7.855570233019603 -8.131469612302546 0.005050000000000001
      vertex -5.5732218696821825 -6.17296863468486 7.04777811112677
      vertex -5.654537906251697 -6.116396352072015 7.046401660731885
    endloop
  endfacet
  facet normal -0.49529885611565544 -0.7821623665199268 0.37802258600574534
    outer loop
      vertex -7.814102744193223 -8.157728610000273 0.005050000000000001
      vertex -5.482752040091974 -6.229778636653956 7.048770002989161
      vertex -5.5732218696821825 -6.17296863468486 7.04777811112677
    endloop
  endfacet
  facet normal -0.6978729712000182 -0.601989364918782 0.3880491213662776
    outer loop
      vertex -8.073010453362738 -7.934393284163646 0.005050000000000001
      vertex -5.979217231624264 -5.828492363680824 7.037488689277693
      vertex -6.049831158205473 -5.748823089059713 7.034088360180233
    endloop
  endfacet
  facet normal -0.6671550401249882 -0.6351844013194092 0.3891592588598261
    outer loop
      vertex -8.007106781186549 -8.007106781186549 0.005050000000000001
      vertex -5.904828907717292 -5.904828907717292 7.040420042373936
      vertex -5.979217231624264 -5.828492363680824 7.037488689277693
    endloop
  endfacet
  facet normal -0.6351844013194063 -0.6671550401249908 0.38915925885982605
    outer loop
      vertex -7.971558954847019 -8.04095112535496 0.005050000000000001
      vertex -5.8268510239896845 -5.977638183317367 7.04287471918166
      vertex -5.904828907717292 -5.904828907717292 7.040420042373936
    endloop
  endfacet
  facet normal -0.601989364918783 -0.6978729712000179 0.3880491213662768
    outer loop
      vertex -7.934393284163646 -8.073010453362738 0.005050000000000001
      vertex -5.745478086147719 -6.04673469365405 7.044846263923609
      vertex -5.8268510239896845 -5.977638183317367 7.04287471918166
    endloop
  endfacet
  facet normal -0.8744230179650024 -0.33730217895635517 0.3487285846102556
    outer loop
      vertex -8.223879532511287 -7.68268343236509 0.005050000000000001
      vertex -6.384625952608007 -5.211881131944535 7.00674924003522
      vertex -6.414905586701812 -5.138084668012974 7.002202721585743
    endloop
  endfacet
  facet normal -0.8744230179650051 -0.33730217895634645 0.34872858461025724
    outer loop
      vertex -8.223879532511287 -7.68268343236509 0.005050000000000001
      vertex -6.414905586701812 -5.138084668012974 7.002202721585743
      vertex -6.424432446678232 -5.114770047696081 7.000865195961325
    endloop
  endfacet
  facet normal -0.9107737197683131 -0.2520450329243134 0.3270543269207306
    outer loop
      vertex -8.25694033573221 -7.590284677254463 0.005050000000000001
      vertex -6.459316891099068 -5.016025131679883 6.9948903266972
      vertex -6.489279363666745 -4.916003440848334 6.988533394334582
    endloop
  endfacet
  facet normal -0.8934785307700921 -0.29516543718161764 0.3384870451676137
    outer loop
      vertex -8.25694033573221 -7.590284677254463 0.005050000000000001
      vertex -6.424432446678232 -5.114770047696081 7.000865195961325
      vertex -6.459316891099068 -5.016025131679883 6.9948903266972
    endloop
  endfacet
  facet normal -0.9262183392288608 -0.20798928334108066 0.31442017443445763
    outer loop
      vertex -8.280785280403231 -7.495090322016129 0.005050000000000001
      vertex -6.489279363666745 -4.916003440848334 6.988533394334582
      vertex -6.514252325055882 -4.814956399710355 6.981810819495836
    endloop
  endfacet
  facet normal -0.831358185272962 -0.4184705438482994 0.36568561868216254
    outer loop
      vertex -8.203989293123444 -7.727555093430283 0.005050000000000001
      vertex -6.290804559211994 -5.400482742002689 7.017502472684244
      vertex -6.3400397581966 -5.307187421009078 7.0123320698351765
    endloop
  endfacet
  facet normal -0.8536907362335796 -0.37841507766340354 0.3577906592771382
    outer loop
      vertex -8.203989293123444 -7.727555093430283 0.005050000000000001
      vertex -6.3400397581966 -5.307187421009078 7.0123320698351765
      vertex -6.384625952608007 -5.211881131944535 7.00674924003522
    endloop
  endfacet
  facet normal -0.9604612056723604 -0.07084787483579805 0.2692486787890458
    outer loop
      vertex -8.298795456205173 -7.349067674327419 0.005050000000000001
      vertex -6.549024962377097 -4.610800730166674 6.967338841341615
      vertex -6.55875514038723 -4.508201600720202 6.9596265352643005
    endloop
  endfacet
  facet normal -0.9397160782499537 -0.16305620743255483 0.3005767214809529
    outer loop
      vertex -8.280785280403231 -7.495090322016129 0.005050000000000001
      vertex -6.514252325055882 -4.814956399710355 6.981810819495836
      vertex -6.534181302572789 -4.713137327226634 6.974739916660273
    endloop
  endfacet
  facet normal -0.9511654826858329 -0.11731507290862025 0.28551952335255776
    outer loop
      vertex -8.295184726672197 -7.398017140329562 0.005050000000000001
      vertex -6.534181302572789 -4.713137327226634 6.974739916660273
      vertex -6.549024962377097 -4.610800730166674 6.967338841341615
    endloop
  endfacet
  facet normal -0.9701425001453319 -1.2126358140821362e-14 0.24253562503633286
    outer loop
      vertex -8.3 -7.300000000000001 0.005050000000000001
      vertex -6.563356832554071 -4.4055947209234505 6.95162266978372
      vertex -6.563713280100915 -4.387642851096026 6.950196879596344
    endloop
  endfacet
  facet normal -0.9674956130081707 -0.02375068419577944 0.2517700216669496
    outer loop
      vertex -8.3 -7.300000000000001 0.005050000000000001
      vertex -6.55875514038723 -4.508201600720202 6.9596265352643005
      vertex -6.563356832554071 -4.4055947209234505 6.95162266978372
    endloop
  endfacet
  facet normal -0.9701425001453321 7.548496741909489e-16 0.24253562503633266
    outer loop
      vertex -8.3 -7.300000000000001 0.005050000000000001
      vertex -6.563713280100915 -4.387642851096026 6.950196879596344
      vertex -6.579643002011361 -3.554818195061102 6.886477991954558
    endloop
  endfacet
  facet normal -0.9701425001453322 1.2996387162102586e-15 0.24253562503633186
    outer loop
      vertex -8.3 -7.300000000000001 0.005050000000000001
      vertex -6.579643002011361 -3.554818195061102 6.886477991954558
      vertex -6.581428483754159 -3.457543063715683 6.879336064983363
    endloop
  endfacet
  facet normal -0.9701425001453318 -4.3229203499585675e-16 0.2425356250363332
    outer loop
      vertex -8.3 -7.300000000000001 0.005050000000000001
      vertex -6.581428483754159 -3.457543063715683 6.879336064983363
      vertex -6.5874447518525185 -2.805625258207052 6.855270992589927
    endloop
  endfacet
  facet normal -0.3373021789563622 -0.8744230179649989 0.34872858461025746
    outer loop
      vertex -7.636889853392221 -8.241544065183021 0.005050000000000001
      vertex -5.1362883635105305 -6.397269321787237 7.048162399462127
      vertex -5.197052589013362 -6.373587655182806 7.048770002989161
    endloop
  endfacet
  facet normal -0.457440081376867 -0.8074946719061327 0.3724257332585016
    outer loop
      vertex -7.771396736825999 -8.181921264348356 0.005050000000000001
      vertex -5.389743272031909 -6.28223841505392 7.049266603697154
      vertex -5.482752040091974 -6.229778636653956 7.048770002989161
    endloop
  endfacet
  facet normal -0.4184705438483039 -0.831358185272959 0.365685618682164
    outer loop
      vertex -7.727555093430283 -8.203989293123444 0.005050000000000001
      vertex -5.294429956579282 -6.330215106280398 7.049266603697154
      vertex -5.389743272031909 -6.28223841505392 7.049266603697154
    endloop
  endfacet
  facet normal -0.3784150776633915 -0.8536907362335859 0.3577906592771357
    outer loop
      vertex -7.68268343236509 -8.223879532511287 0.005050000000000001
      vertex -5.197052589013362 -6.373587655182806 7.048770002989161
      vertex -5.294429956579282 -6.330215106280398 7.049266603697154
    endloop
  endfacet
  facet normal -0.3373021789563589 -0.874423017965 0.3487285846102579
    outer loop
      vertex -7.636889853392221 -8.241544065183021 0.005050000000000001
      vertex -5.097787962036124 -6.412197363678027 7.047969830979347
      vertex -5.1362883635105305 -6.397269321787237 7.048162399462127
    endloop
  endfacet
  facet normal -0.2951654371816274 -0.8934785307700878 0.33848704516761674
    outer loop
      vertex -7.590284677254463 -8.25694033573221 0.005050000000000001
      vertex -4.9968423145754315 -6.4459213957534836 7.046977082598274
      vertex -5.097787962036124 -6.412197363678027 7.047969830979347
    endloop
  endfacet
  facet normal -0.2520450329243125 -0.9107737197683138 0.32705432692072905
    outer loop
      vertex -7.542980179903265 -8.270031253194544 0.005050000000000001
      vertex -4.894577612503623 -6.474755411572953 7.045491232685669
      vertex -4.9968423145754315 -6.4459213957534836 7.046977082598274
    endloop
  endfacet
  facet normal -0.20798928334107228 -0.9262183392288634 0.3144201744344553
    outer loop
      vertex -7.495090322016129 -8.280785280403231 0.005050000000000001
      vertex -4.791252179651578 -6.49862837225034 7.043516196375102
      vertex -4.894577612503623 -6.474755411572953 7.045491232685669
    endloop
  endfacet
  facet normal -0.16305620743256174 -0.9397160782499518 0.30057672148095543
    outer loop
      vertex -7.446730474455363 -8.289176509964781 0.005050000000000001
      vertex -4.687126930512117 -6.517482357588011 7.041057173818047
      vertex -4.791252179651578 -6.49862837225034 7.043516196375102
    endloop
  endfacet
  facet normal -0.11731507290861326 -0.9511654826858345 0.2855195233525553
    outer loop
      vertex -7.398017140329562 -8.295184726672197 0.005050000000000001
      vertex -4.58246462171455 -6.531272708811358 7.0381206331550965
      vertex -4.687126930512117 -6.517482357588011 7.041057173818047
    endloop
  endfacet
  facet normal -0.07084787483581029 -0.9604612056723588 0.2692486787890481
    outer loop
      vertex -7.398017140329562 -8.295184726672197 0.005050000000000001
      vertex -4.554721983647333 -6.533571585760281 7.037220070976872
      vertex -4.58246462171455 -6.531272708811358 7.0381206331550965
    endloop
  endfacet
  facet normal -0.07084787483579164 -0.9604612056723618 0.2692486787890428
    outer loop
      vertex -7.349067674327419 -8.298795456205173 0.005050000000000001
      vertex -4.477388655850993 -6.539882104864855 7.035058103602083
      vertex -4.554721983647333 -6.533571585760281 7.037220070976872
    endloop
  endfacet
  facet normal -0.023750684195779442 -0.9674956130081703 0.2517700216669512
    outer loop
      vertex -7.300000000000001 -8.3 0.005050000000000001
      vertex -4.372250424226281 -6.543350254535769 7.031648981856926
      vertex -4.477388655850993 -6.539882104864855 7.035058103602083
    endloop
  endfacet
  facet normal -9.707515348449864e-16 -0.9701425001453319 0.2425356250363333
    outer loop
      vertex -7.300000000000001 -8.3 0.005050000000000001
      vertex -3.9392985361563624 -6.547101863502841 7.0166425459886375
      vertex -4.372250424226281 -6.543350254535769 7.031648981856926
    endloop
  endfacet
  facet normal 8.749984203380126e-17 -0.9701425001453321 0.24253562503633297
    outer loop
      vertex -7.300000000000001 -8.3 0.005050000000000001
      vertex -3.341096166615888 -6.551617994909964 6.998578020360145
      vertex -3.9392985361563624 -6.547101863502841 7.0166425459886375
    endloop
  endfacet
  facet normal 9.633646800957238e-16 -0.970142500145332 0.24253562503633241
    outer loop
      vertex -7.300000000000001 -8.3 0.005050000000000001
      vertex -2.75982723568491 -6.555347929397746 6.983658282409017
      vertex -3.341096166615888 -6.551617994909964 6.998578020360145
    endloop
  endfacet
  facet normal -0.9701425001453319 2.877972330292093e-16 0.24253562503633297
    outer loop
      vertex -8.3 -7.300000000000001 0.005050000000000001
      vertex -6.5874447518525185 -2.805625258207052 6.855270992589927
      vertex -6.593397826506935 -2.1308978265069376 6.831458693972259
    endloop
  endfacet
  facet normal -0.9701425001453318 -8.902415779135333e-16 0.24253562503633364
    outer loop
      vertex -8.3 -7.300000000000001 0.005050000000000001
      vertex -6.593397826506935 -2.1308978265069376 6.831458693972259
      vertex -6.598543474351949 -1.5180711976286592 6.810876102592206
    endloop
  endfacet
  facet normal -4.626858866740131e-16 -0.9701425001453317 0.2425356250363333
    outer loop
      vertex -7.300000000000001 -8.3 0.005050000000000001
      vertex -2.192181246494176 -6.558339354397843 6.97169258240863
      vertex -2.75982723568491 -6.555347929397746 6.983658282409017
    endloop
  endfacet
  facet normal -1.1648371530737752e-16 -0.9701425001453319 0.24253562503633275
    outer loop
      vertex -7.300000000000001 -8.3 0.005050000000000001
      vertex -1.6351267919805288 -6.560629444955631 6.962532220177477
      vertex -2.192181246494176 -6.558339354397843 6.97169258240863
    endloop
  endfacet
  facet normal -1 0 0
    outer loop
      vertex -8.3 -7.300000000000001 -0.00495
      vertex -8.3 7.300000000000001 0.005050000000000001
      vertex -8.3 7.300000000000001 -0.00495
    endloop
  endfacet
  facet normal 0 0 -1
    outer loop
      vertex -8.3 -7.300000000000001 -0.00495
      vertex -8.3 7.300000000000001 -0.00495
      vertex -8.298795456205173 7.349067674327419 -0.00495
    endloop
  endfacet
  facet normal 0 0 -1
    outer loop
      vertex -8.007106781186549 -8.007106781186549 -0.00495
      vertex -8.298795456205173 7.349067674327419 -0.00495
      vertex -7.300000000000001 8.3 -0.00495
    endloop
  endfacet
  facet normal 0 0 -1
    outer loop
      vertex -8.007106781186549 -8.007106781186549 -0.00495
      vertex -7.300000000000001 8.3 -0.00495
      vertex -6.5 6.5 -0.00495
    endloop
  endfacet
  facet normal -0.9996988186962044 0.024541228522907587 0
    outer loop
      vertex -8.3 7.300000000000001 -0.00495
      vertex -8.3 7.300000000000001 0.005050000000000001
      vertex -8.298795456205173 7.349067674327419 -0.00495
    endloop
  endfacet
  facet normal -0.9996988186962044 0.024541228522907587 -1.1764332665181406e-18
    outer loop
      vertex -8.3 7.300000000000001 0.005050000000000001
      vertex -8.298795456205173 7.349067674327419 0.005050000000000001
      vertex -8.298795456205173 7.349067674327419 -0.00495
    endloop
  endfacet
  facet normal -0.9972904566786889 0.07356456359968419 5.316206543072558e-18
    outer loop
      vertex -8.298795456205173 7.349067674327419 -0.00495
      vertex -8.295184726672197 7.398017140329562 0.005050000000000001
      vertex -8.295184726672197 7.398017140329562 -0.00495
    endloop
  endfacet
  facet normal -0.9972904566786889 0.07356456359968419 0
    outer loop
      vertex -8.298795456205173 7.349067674327419 -0.00495
      vertex -8.298795456205173 7.349067674327419 0.005050000000000001
      vertex -8.295184726672197 7.398017140329562 0.005050000000000001
    endloop
  endfacet
  facet normal 0 0 -1
    outer loop
      vertex -8.298795456205173 7.349067674327419 -0.00495
      vertex -8.295184726672197 7.398017140329562 -0.00495
      vertex -8.280785280403231 7.495090322016129 -0.00495
    endloop
  endfacet
  facet normal -0.9924795345987096 0.12241067519921875 0
    outer loop
      vertex -8.295184726672197 7.398017140329562 -0.00495
      vertex -8.295184726672197 7.398017140329562 0.005050000000000001
      vertex -8.289176509964781 7.446730474455363 0.005050000000000001
    endloop
  endfacet
  facet normal -0.9924795345987096 0.12241067519921875 6.899163172176291e-18
    outer loop
      vertex -8.295184726672197 7.398017140329562 -0.00495
      vertex -8.289176509964781 7.446730474455363 0.005050000000000001
      vertex -8.289176509964781 7.446730474455363 -0.00495
    endloop
  endfacet
  facet normal 0 0 -1
    outer loop
      vertex -8.295184726672197 7.398017140329562 -0.00495
      vertex -8.289176509964781 7.446730474455363 -0.00495
      vertex -8.280785280403231 7.495090322016129 -0.00495
    endloop
  endfacet
  facet normal -0.9852776423889434 0.17096188876028862 1.471406909311094e-17
    outer loop
      vertex -8.289176509964781 7.446730474455363 -0.00495
      vertex -8.280785280403231 7.495090322016129 0.005050000000000001
      vertex -8.280785280403231 7.495090322016129 -0.00495
    endloop
  endfacet
  facet normal -0.9852776423889434 0.17096188876028862 0
    outer loop
      vertex -8.289176509964781 7.446730474455363 -0.00495
      vertex -8.289176509964781 7.446730474455363 0.005050000000000001
      vertex -8.280785280403231 7.495090322016129 0.005050000000000001
    endloop
  endfacet
  facet normal 0 0 -1
    outer loop
      vertex -8.298795456205173 7.349067674327419 -0.00495
      vertex -8.280785280403231 7.495090322016129 -0.00495
      vertex -8.241544065183021 7.636889853392221 -0.00495
    endloop
  endfacet
  facet normal -0.9757021300385256 0.21910124015688293 0
    outer loop
      vertex -8.280785280403231 7.495090322016129 -0.00495
      vertex -8.280785280403231 7.495090322016129 0.005050000000000001
      vertex -8.270031253194544 7.542980179903265 0.005050000000000001
    endloop
  endfacet
  facet normal -0.9757021300385256 0.21910124015688293 9.260387099027372e-17
    outer loop
      vertex -8.280785280403231 7.495090322016129 -0.00495
      vertex -8.270031253194544 7.542980179903265 0.005050000000000001
      vertex -8.270031253194544 7.542980179903265 -0.00495
    endloop
  endfacet
  facet normal 0 0 -1
    outer loop
      vertex -8.280785280403231 7.495090322016129 -0.00495
      vertex -8.270031253194544 7.542980179903265 -0.00495
      vertex -8.25694033573221 7.590284677254463 -0.00495
    endloop
  endfacet
  facet normal -0.9637760657954466 0.2667127574748739 0
    outer loop
      vertex -8.270031253194544 7.542980179903265 -0.00495
      vertex -8.270031253194544 7.542980179903265 0.005050000000000001
      vertex -8.25694033573221 7.590284677254463 -0.00495
    endloop
  endfacet
  facet normal 0 0 -1
    outer loop
      vertex -8.280785280403231 7.495090322016129 -0.00495
      vertex -8.25694033573221 7.590284677254463 -0.00495
      vertex -8.241544065183021 7.636889853392221 -0.00495
    endloop
  endfacet
  facet normal -0.9637760657954466 0.2667127574748739 7.934497710735335e-17
    outer loop
      vertex -8.270031253194544 7.542980179903265 0.005050000000000001
      vertex -8.25694033573221 7.590284677254463 0.005050000000000001
      vertex -8.25694033573221 7.590284677254463 -0.00495
    endloop
  endfacet
  facet normal -0.9495281805930307 0.3136817403989097 0
    outer loop
      vertex -8.25694033573221 7.590284677254463 -0.00495
      vertex -8.25694033573221 7.590284677254463 0.005050000000000001
      vertex -8.241544065183021 7.636889853392221 -0.00495
    endloop
  endfacet
  facet normal -0.9495281805930307 0.3136817403989097 -7.424109525557104e-17
    outer loop
      vertex -8.25694033573221 7.590284677254463 0.005050000000000001
      vertex -8.241544065183021 7.636889853392221 0.005050000000000001
      vertex -8.241544065183021 7.636889853392221 -0.00495
    endloop
  endfacet
  facet normal 0 0 -1
    outer loop
      vertex -8.298795456205173 7.349067674327419 -0.00495
      vertex -8.241544065183021 7.636889853392221 -0.00495
      vertex -8.103207531480646 7.895699304492434 -0.00495
    endloop
  endfacet
  facet normal -0.932992798834737 0.35989503653499316 0
    outer loop
      vertex -8.241544065183021 7.636889853392221 -0.00495
      vertex -8.241544065183021 7.636889853392221 0.005050000000000001
      vertex -8.223879532511287 7.68268343236509 -0.00495
    endloop
  endfacet
  facet normal -0.932992798834737 0.35989503653499316 -3.5145105410712124e-17
    outer loop
      vertex -8.241544065183021 7.636889853392221 0.005050000000000001
      vertex -8.223879532511287 7.68268343236509 0.005050000000000001
      vertex -8.223879532511287 7.68268343236509 -0.00495
    endloop
  endfacet
  facet normal 0 0 -1
    outer loop
      vertex -8.241544065183021 7.636889853392221 -0.00495
      vertex -8.223879532511287 7.68268343236509 -0.00495
      vertex -8.181921264348356 7.771396736825999 -0.00495
    endloop
  endfacet
  facet normal -0.914209755703534 0.4052413140049827 -1.0375808606099149e-16
    outer loop
      vertex -8.223879532511287 7.68268343236509 -0.00495
      vertex -8.203989293123444 7.727555093430283 0.005050000000000001
      vertex -8.203989293123444 7.727555093430283 -0.00495
    endloop
  endfacet
  facet normal -0.914209755703534 0.4052413140049827 0
    outer loop
      vertex -8.223879532511287 7.68268343236509 -0.00495
      vertex -8.223879532511287 7.68268343236509 0.005050000000000001
      vertex -8.203989293123444 7.727555093430283 0.005050000000000001
    endloop
  endfacet
  facet normal 0 0 -1
    outer loop
      vertex -8.223879532511287 7.68268343236509 -0.00495
      vertex -8.203989293123444 7.727555093430283 -0.00495
      vertex -8.181921264348356 7.771396736825999 -0.00495
    endloop
  endfacet
  facet normal -0.8932243011955183 0.4496113296546005 0
    outer loop
      vertex -8.203989293123444 7.727555093430283 -0.00495
      vertex -8.203989293123444 7.727555093430283 0.005050000000000001
      vertex -8.181921264348356 7.771396736825999 -0.00495
    endloop
  endfacet
  facet normal 0 0 -1
    outer loop
      vertex -8.241544065183021 7.636889853392221 -0.00495
      vertex -8.181921264348356 7.771396736825999 -0.00495
      vertex -8.103207531480646 7.895699304492434 -0.00495
    endloop
  endfacet
  facet normal -0.8932243011955183 0.4496113296546005 -6.462560192373798e-17
    outer loop
      vertex -8.203989293123444 7.727555093430283 0.005050000000000001
      vertex -8.181921264348356 7.771396736825999 0.005050000000000001
      vertex -8.181921264348356 7.771396736825999 -0.00495
    endloop
  endfacet
  facet normal -0.8700869911087146 0.49289819222977843 0
    outer loop
      vertex -8.181921264348356 7.771396736825999 -0.00495
      vertex -8.181921264348356 7.771396736825999 0.005050000000000001
      vertex -8.157728610000273 7.814102744193223 0.005050000000000001
    endloop
  endfacet
  facet normal -0.8700869911087146 0.49289819222977843 -1.0638569812861197e-16
    outer loop
      vertex -8.181921264348356 7.771396736825999 -0.00495
      vertex -8.157728610000273 7.814102744193223 0.005050000000000001
      vertex -8.157728610000273 7.814102744193223 -0.00495
    endloop
  endfacet
  facet normal 0 0 -1
    outer loop
      vertex -8.181921264348356 7.771396736825999 -0.00495
      vertex -8.157728610000273 7.814102744193223 -0.00495
      vertex -8.103207531480646 7.895699304492434 -0.00495
    endloop
  endfacet
  facet normal -0.8448535652496996 0.5349976198871089 4.369913759878488e-17
    outer loop
      vertex -8.157728610000273 7.814102744193223 -0.00495
      vertex -8.131469612302546 7.855570233019603 0.005050000000000001
      vertex -8.131469612302546 7.855570233019603 -0.00495
    endloop
  endfacet
  facet normal -0.8448535652496996 0.5349976198871089 0
    outer loop
      vertex -8.157728610000273 7.814102744193223 -0.00495
      vertex -8.157728610000273 7.814102744193223 0.005050000000000001
      vertex -8.131469612302546 7.855570233019603 0.005050000000000001
    endloop
  endfacet
  facet normal 0 0 -1
    outer loop
      vertex -8.157728610000273 7.814102744193223 -0.00495
      vertex -8.131469612302546 7.855570233019603 -0.00495
      vertex -8.103207531480646 7.895699304492434 -0.00495
    endloop
  endfacet
  facet normal -0.8175848131515888 0.575808191417838 0
    outer loop
      vertex -8.131469612302546 7.855570233019603 -0.00495
      vertex -8.131469612302546 7.855570233019603 0.005050000000000001
      vertex -8.103207531480646 7.895699304492434 -0.00495
    endloop
  endfacet
  facet normal -0.8175848131515888 0.575808191417838 -7.808484056361628e-18
    outer loop
      vertex -8.131469612302546 7.855570233019603 0.005050000000000001
      vertex -8.103207531480646 7.895699304492434 0.005050000000000001
      vertex -8.103207531480646 7.895699304492434 -0.00495
    endloop
  endfacet
  facet normal -0.7883464276266051 0.6152315905806282 0
    outer loop
      vertex -8.103207531480646 7.895699304492434 -0.00495
      vertex -8.103207531480646 7.895699304492434 0.005050000000000001
      vertex -8.073010453362738 7.934393284163646 0.005050000000000001
    endloop
  endfacet
  facet normal -0.7883464276266051 0.6152315905806282 -1.2258921321545644e-16
    outer loop
      vertex -8.103207531480646 7.895699304492434 -0.00495
      vertex -8.073010453362738 7.934393284163646 0.005050000000000001
      vertex -8.073010453362738 7.934393284163646 -0.00495
    endloop
  endfacet
  facet normal 0 0 -1
    outer loop
      vertex -8.103207531480646 7.895699304492434 -0.00495
      vertex -8.073010453362738 7.934393284163646 -0.00495
      vertex -8.007106781186549 8.007106781186549 -0.00495
    endloop
  endfacet
  facet normal -0.7572088465064851 0.6531728429537761 -5.195272149007608e-17
    outer loop
      vertex -8.073010453362738 7.934393284163646 -0.00495
      vertex -8.04095112535496 7.971558954847019 0.005050000000000001
      vertex -8.04095112535496 7.971558954847019 -0.00495
    endloop
  endfacet
  facet normal -0.7572088465064851 0.6531728429537761 0
    outer loop
      vertex -8.073010453362738 7.934393284163646 -0.00495
      vertex -8.073010453362738 7.934393284163646 0.005050000000000001
      vertex -8.04095112535496 7.971558954847019 0.005050000000000001
    endloop
  endfacet
  facet normal 0 0 -1
    outer loop
      vertex -8.073010453362738 7.934393284163646 -0.00495
      vertex -8.04095112535496 7.971558954847019 -0.00495
      vertex -8.007106781186549 8.007106781186549 -0.00495
    endloop
  endfacet
  facet normal -0.7242470829514729 0.6895405447370607 0
    outer loop
      vertex -8.04095112535496 7.971558954847019 -0.00495
      vertex -8.04095112535496 7.971558954847019 0.005050000000000001
      vertex -8.007106781186549 8.007106781186549 -0.00495
    endloop
  endfacet
  facet normal 0 0 -1
    outer loop
      vertex -8.103207531480646 7.895699304492434 -0.00495
      vertex -8.007106781186549 8.007106781186549 -0.00495
      vertex -7.934393284163646 8.073010453362738 -0.00495
    endloop
  endfacet
  facet normal -0.7242470829514729 0.6895405447370607 -1.8613048138239457e-16
    outer loop
      vertex -8.04095112535496 7.971558954847019 0.005050000000000001
      vertex -8.007106781186549 8.007106781186549 0.005050000000000001
      vertex -8.007106781186549 8.007106781186549 -0.00495
    endloop
  endfacet
  facet normal -0.6895405447370607 0.7242470829514729 -1.8613048138239457e-16
    outer loop
      vertex -8.007106781186549 8.007106781186549 -0.00495
      vertex -7.971558954847019 8.04095112535496 0.005050000000000001
      vertex -7.971558954847019 8.04095112535496 -0.00495
    endloop
  endfacet
  facet normal -0.6895405447370607 0.7242470829514729 0
    outer loop
      vertex -8.007106781186549 8.007106781186549 -0.00495
      vertex -8.007106781186549 8.007106781186549 0.005050000000000001
      vertex -7.971558954847019 8.04095112535496 0.005050000000000001
    endloop
  endfacet
  facet normal 0 0 -1
    outer loop
      vertex -8.007106781186549 8.007106781186549 -0.00495
      vertex -7.971558954847019 8.04095112535496 -0.00495
      vertex -7.934393284163646 8.073010453362738 -0.00495
    endloop
  endfacet
  facet normal 0 0 -1
    outer loop
      vertex -8.298795456205173 7.349067674327419 -0.00495
      vertex -8.103207531480646 7.895699304492434 -0.00495
      vertex -7.300000000000001 8.3 -0.00495
    endloop
  endfacet
  facet normal -0.6531728429537761 0.7572088465064851 0
    outer loop
      vertex -7.971558954847019 8.04095112535496 -0.00495
      vertex -7.971558954847019 8.04095112535496 0.005050000000000001
      vertex -7.934393284163646 8.073010453362738 -0.00495
    endloop
  endfacet
  facet normal -0.6531728429537761 0.7572088465064851 -5.195272149007608e-17
    outer loop
      vertex -7.971558954847019 8.04095112535496 0.005050000000000001
      vertex -7.934393284163646 8.073010453362738 0.005050000000000001
      vertex -7.934393284163646 8.073010453362738 -0.00495
    endloop
  endfacet
  facet normal 0 0 -1
    outer loop
      vertex -8.103207531480646 7.895699304492434 -0.00495
      vertex -7.934393284163646 8.073010453362738 -0.00495
      vertex -7.727555093430283 8.203989293123444 -0.00495
    endloop
  endfacet
  facet normal -0.6152315905806282 0.7883464276266051 0
    outer loop
      vertex -7.934393284163646 8.073010453362738 -0.00495
      vertex -7.934393284163646 8.073010453362738 0.005050000000000001
      vertex -7.895699304492434 8.103207531480646 0.005050000000000001
    endloop
  endfacet
  facet normal -0.6152315905806282 0.7883464276266051 -1.2258921321545644e-16
    outer loop
      vertex -7.934393284163646 8.073010453362738 -0.00495
      vertex -7.895699304492434 8.103207531480646 0.005050000000000001
      vertex -7.895699304492434 8.103207531480646 -0.00495
    endloop
  endfacet
  facet normal -0.575808191417838 0.8175848131515888 0
    outer loop
      vertex -7.895699304492434 8.103207531480646 -0.00495
      vertex -7.895699304492434 8.103207531480646 0.005050000000000001
      vertex -7.855570233019603 8.131469612302546 0.005050000000000001
    endloop
  endfacet
  facet normal -0.575808191417838 0.8175848131515888 -7.808484056361628e-18
    outer loop
      vertex -7.895699304492434 8.103207531480646 -0.00495
      vertex -7.855570233019603 8.131469612302546 0.005050000000000001
      vertex -7.855570233019603 8.131469612302546 -0.00495
    endloop
  endfacet
  facet normal 0 0 -1
    outer loop
      vertex -7.934393284163646 8.073010453362738 -0.00495
      vertex -7.895699304492434 8.103207531480646 -0.00495
      vertex -7.727555093430283 8.203989293123444 -0.00495
    endloop
  endfacet
  facet normal 0 0 -1
    outer loop
      vertex -7.895699304492434 8.103207531480646 -0.00495
      vertex -7.855570233019603 8.131469612302546 -0.00495
      vertex -7.814102744193223 8.157728610000273 -0.00495
    endloop
  endfacet
  facet normal -0.5349976198871089 0.8448535652496996 0
    outer loop
      vertex -7.855570233019603 8.131469612302546 -0.00495
      vertex -7.855570233019603 8.131469612302546 0.005050000000000001
      vertex -7.814102744193223 8.157728610000273 -0.00495
    endloop
  endfacet
  facet normal -0.5349976198871089 0.8448535652496996 4.369913759878488e-17
    outer loop
      vertex -7.855570233019603 8.131469612302546 0.005050000000000001
      vertex -7.814102744193223 8.157728610000273 0.005050000000000001
      vertex -7.814102744193223 8.157728610000273 -0.00495
    endloop
  endfacet
  facet normal 0 0 -1
    outer loop
      vertex -7.895699304492434 8.103207531480646 -0.00495
      vertex -7.814102744193223 8.157728610000273 -0.00495
      vertex -7.727555093430283 8.203989293123444 -0.00495
    endloop
  endfacet
  facet normal -0.49289819222977843 0.8700869911087146 0
    outer loop
      vertex -7.814102744193223 8.157728610000273 -0.00495
      vertex -7.814102744193223 8.157728610000273 0.005050000000000001
      vertex -7.771396736825999 8.181921264348356 0.005050000000000001
    endloop
  endfacet
  facet normal -0.49289819222977843 0.8700869911087146 -1.0638569812861197e-16
    outer loop
      vertex -7.814102744193223 8.157728610000273 -0.00495
      vertex -7.771396736825999 8.181921264348356 0.005050000000000001
      vertex -7.771396736825999 8.181921264348356 -0.00495
    endloop
  endfacet
  facet normal 0 0 -1
    outer loop
      vertex -8.103207531480646 7.895699304492434 -0.00495
      vertex -7.727555093430283 8.203989293123444 -0.00495
      vertex -7.300000000000001 8.3 -0.00495
    endloop
  endfacet
  facet normal 0 0 -1
    outer loop
      vertex -7.814102744193223 8.157728610000273 -0.00495
      vertex -7.771396736825999 8.181921264348356 -0.00495
      vertex -7.727555093430283 8.203989293123444 -0.00495
    endloop
  endfacet
  facet normal -0.4496113296546005 0.8932243011955183 0
    outer loop
      vertex -7.771396736825999 8.181921264348356 -0.00495
      vertex -7.771396736825999 8.181921264348356 0.005050000000000001
      vertex -7.727555093430283 8.203989293123444 -0.00495
    endloop
  endfacet
  facet normal -0.4496113296546005 0.8932243011955183 -6.462560192373798e-17
    outer loop
      vertex -7.771396736825999 8.181921264348356 0.005050000000000001
      vertex -7.727555093430283 8.203989293123444 0.005050000000000001
      vertex -7.727555093430283 8.203989293123444 -0.00495
    endloop
  endfacet
  facet normal -0.4052413140049827 0.914209755703534 -1.0375808606099149e-16
    outer loop
      vertex -7.727555093430283 8.203989293123444 -0.00495
      vertex -7.68268343236509 8.223879532511287 0.005050000000000001
      vertex -7.68268343236509 8.223879532511287 -0.00495
    endloop
  endfacet
  facet normal -0.4052413140049827 0.914209755703534 0
    outer loop
      vertex -7.727555093430283 8.203989293123444 -0.00495
      vertex -7.727555093430283 8.203989293123444 0.005050000000000001
      vertex -7.68268343236509 8.223879532511287 0.005050000000000001
    endloop
  endfacet
  facet normal 0 0 -1
    outer loop
      vertex -7.727555093430283 8.203989293123444 -0.00495
      vertex -7.68268343236509 8.223879532511287 -0.00495
      vertex -7.636889853392221 8.241544065183021 -0.00495
    endloop
  endfacet
  facet normal 0 0 -1
    outer loop
      vertex -7.727555093430283 8.203989293123444 -0.00495
      vertex -7.636889853392221 8.241544065183021 -0.00495
      vertex -7.590284677254463 8.25694033573221 -0.00495
    endloop
  endfacet
  facet normal -0.35989503653499316 0.932992798834737 0
    outer loop
      vertex -7.68268343236509 8.223879532511287 -0.00495
      vertex -7.68268343236509 8.223879532511287 0.005050000000000001
      vertex -7.636889853392221 8.241544065183021 0.005050000000000001
    endloop
  endfacet
  facet normal -0.35989503653499316 0.932992798834737 -3.5145105410712124e-17
    outer loop
      vertex -7.68268343236509 8.223879532511287 -0.00495
      vertex -7.636889853392221 8.241544065183021 0.005050000000000001
      vertex -7.636889853392221 8.241544065183021 -0.00495
    endloop
  endfacet
  facet normal -0.3136817403989097 0.9495281805930307 0
    outer loop
      vertex -7.636889853392221 8.241544065183021 -0.00495
      vertex -7.636889853392221 8.241544065183021 0.005050000000000001
      vertex -7.590284677254463 8.25694033573221 0.005050000000000001
    endloop
  endfacet
  facet normal -0.3136817403989097 0.9495281805930307 -7.424109525557104e-17
    outer loop
      vertex -7.636889853392221 8.241544065183021 -0.00495
      vertex -7.590284677254463 8.25694033573221 0.005050000000000001
      vertex -7.590284677254463 8.25694033573221 -0.00495
    endloop
  endfacet
  facet normal 0 0 -1
    outer loop
      vertex -7.727555093430283 8.203989293123444 -0.00495
      vertex -7.590284677254463 8.25694033573221 -0.00495
      vertex -7.446730474455363 8.289176509964781 -0.00495
    endloop
  endfacet
  facet normal -0.2667127574748739 0.9637760657954466 7.934497710735335e-17
    outer loop
      vertex -7.590284677254463 8.25694033573221 -0.00495
      vertex -7.542980179903265 8.270031253194544 0.005050000000000001
      vertex -7.542980179903265 8.270031253194544 -0.00495
    endloop
  endfacet
  facet normal -0.2667127574748739 0.9637760657954466 0
    outer loop
      vertex -7.590284677254463 8.25694033573221 -0.00495
      vertex -7.590284677254463 8.25694033573221 0.005050000000000001
      vertex -7.542980179903265 8.270031253194544 0.005050000000000001
    endloop
  endfacet
  facet normal 0 0 -1
    outer loop
      vertex -7.590284677254463 8.25694033573221 -0.00495
      vertex -7.542980179903265 8.270031253194544 -0.00495
      vertex -7.495090322016129 8.280785280403231 -0.00495
    endloop
  endfacet
  facet normal -0.21910124015688293 0.9757021300385256 0
    outer loop
      vertex -7.542980179903265 8.270031253194544 -0.00495
      vertex -7.542980179903265 8.270031253194544 0.005050000000000001
      vertex -7.495090322016129 8.280785280403231 -0.00495
    endloop
  endfacet
  facet normal 0 0 -1
    outer loop
      vertex -7.727555093430283 8.203989293123444 -0.00495
      vertex -7.446730474455363 8.289176509964781 -0.00495
      vertex -7.300000000000001 8.3 -0.00495
    endloop
  endfacet
  facet normal 0 0 -1
    outer loop
      vertex -7.590284677254463 8.25694033573221 -0.00495
      vertex -7.495090322016129 8.280785280403231 -0.00495
      vertex -7.446730474455363 8.289176509964781 -0.00495
    endloop
  endfacet
  facet normal -0.21910124015688293 0.9757021300385256 9.260387099027372e-17
    outer loop
      vertex -7.542980179903265 8.270031253194544 0.005050000000000001
      vertex -7.495090322016129 8.280785280403231 0.005050000000000001
      vertex -7.495090322016129 8.280785280403231 -0.00495
    endloop
  endfacet
  facet normal -0.17096188876028862 0.9852776423889434 0
    outer loop
      vertex -7.495090322016129 8.280785280403231 -0.00495
      vertex -7.495090322016129 8.280785280403231 0.005050000000000001
      vertex -7.446730474455363 8.289176509964781 -0.00495
    endloop
  endfacet
  facet normal -0.17096188876028862 0.9852776423889434 1.471406909311094e-17
    outer loop
      vertex -7.495090322016129 8.280785280403231 0.005050000000000001
      vertex -7.446730474455363 8.289176509964781 0.005050000000000001
      vertex -7.446730474455363 8.289176509964781 -0.00495
    endloop
  endfacet
  facet normal -0.12241067519921875 0.9924795345987096 0
    outer loop
      vertex -7.446730474455363 8.289176509964781 -0.00495
      vertex -7.446730474455363 8.289176509964781 0.005050000000000001
      vertex -7.398017140329562 8.295184726672197 -0.00495
    endloop
  endfacet
  facet normal -0.12241067519921875 0.9924795345987096 6.899163172176291e-18
    outer loop
      vertex -7.446730474455363 8.289176509964781 0.005050000000000001
      vertex -7.398017140329562 8.295184726672197 0.005050000000000001
      vertex -7.398017140329562 8.295184726672197 -0.00495
    endloop
  endfacet
  facet normal 0 0 -1
    outer loop
      vertex -7.446730474455363 8.289176509964781 -0.00495
      vertex -7.398017140329562 8.295184726672197 -0.00495
      vertex -7.300000000000001 8.3 -0.00495
    endloop
  endfacet
  facet normal -0.07356456359968419 0.9972904566786889 5.316206543072558e-18
    outer loop
      vertex -7.398017140329562 8.295184726672197 -0.00495
      vertex -7.349067674327419 8.298795456205173 0.005050000000000001
      vertex -7.349067674327419 8.298795456205173 -0.00495
    endloop
  endfacet
  facet normal -0.07356456359968419 0.9972904566786889 0
    outer loop
      vertex -7.398017140329562 8.295184726672197 -0.00495
      vertex -7.398017140329562 8.295184726672197 0.005050000000000001
      vertex -7.349067674327419 8.298795456205173 0.005050000000000001
    endloop
  endfacet
  facet normal 0 0 -1
    outer loop
      vertex -7.398017140329562 8.295184726672197 -0.00495
      vertex -7.349067674327419 8.298795456205173 -0.00495
      vertex -7.300000000000001 8.3 -0.00495
    endloop
  endfacet
  facet normal -0.024541228522907587 0.9996988186962044 0
    outer loop
      vertex -7.349067674327419 8.298795456205173 -0.00495
      vertex -7.349067674327419 8.298795456205173 0.005050000000000001
      vertex -7.300000000000001 8.3 -0.00495
    endloop
  endfacet
  facet normal -0.024541228522907587 0.9996988186962044 -1.1764332665181406e-18
    outer loop
      vertex -7.349067674327419 8.298795456205173 0.005050000000000001
      vertex -7.300000000000001 8.3 0.005050000000000001
      vertex -7.300000000000001 8.3 -0.00495
    endloop
  endfacet
  facet normal -0.9674956130081709 0.02375068419577621 0.2517700216669496
    outer loop
      vertex -8.3 7.300000000000001 0.005050000000000001
      vertex -6.623970340384036 4.614674794168797 6.698975046033051
      vertex -8.298795456205173 7.349067674327419 0.005050000000000001
    endloop
  endfacet
  facet normal -0.9604612056723597 0.0708478748358041 0.26924867878904696
    outer loop
      vertex -8.298795456205173 7.349067674327419 0.005050000000000001
      vertex -6.616393289808888 4.718333907589827 6.69872782193266
      vertex -8.295184726672197 7.398017140329562 0.005050000000000001
    endloop
  endfacet
  facet normal -0.9511654826858323 0.1173150729086227 0.2855195233525587
    outer loop
      vertex -8.295184726672197 7.398017140329562 0.005050000000000001
      vertex -6.603785834197242 4.8215538458947504 6.69831636850841
      vertex -8.289176509964781 7.446730474455363 0.005050000000000001
    endloop
  endfacet
  facet normal -0.9397160782499554 0.16305620743254814 0.30057672148095127
    outer loop
      vertex -8.289176509964781 7.446730474455363 0.005050000000000001
      vertex -6.586158731157586 4.924050768791275 6.697823025640905
      vertex -8.280785280403231 7.495090322016129 0.005050000000000001
    endloop
  endfacet
  facet normal -0.9262183392288568 0.20798928334109315 0.31442017443446124
    outer loop
      vertex -8.280785280403231 7.495090322016129 0.005050000000000001
      vertex -6.56359729600923 5.0256377367356375 6.697084569000109
      vertex -8.270031253194544 7.542980179903265 0.005050000000000001
    endloop
  endfacet
  facet normal -0.9107737197683216 0.25204503292429115 0.32705432692072395
    outer loop
      vertex -8.270031253194544 7.542980179903265 0.005050000000000001
      vertex -6.541428548758484 5.106774477727839 6.696291428114226
      vertex -8.25694033573221 7.590284677254463 0.005050000000000001
    endloop
  endfacet
  facet normal -0.893478530770086 0.29516543718163185 0.3384870451676174
    outer loop
      vertex -8.25694033573221 7.590284677254463 0.005050000000000001
      vertex -6.503834799271418 5.224979153209881 6.69516895847671
      vertex -8.241544065183021 7.636889853392221 0.005050000000000001
    endloop
  endfacet
  facet normal -0.8744230179649986 0.3373021789563626 0.34872858461025796
    outer loop
      vertex -8.241544065183021 7.636889853392221 0.005050000000000001
      vertex -6.4667947824541665 5.322264461369635 6.693947655862853
      vertex -8.223879532511287 7.68268343236509 0.005050000000000001
    endloop
  endfacet
  facet normal -0.8536907362335875 0.3784150776633884 0.35779065927713494
    outer loop
      vertex -8.223879532511287 7.68268343236509 0.005050000000000001
      vertex -6.425974993160508 5.415703346507187 6.69251886786113
      vertex -8.203989293123444 7.727555093430283 0.005050000000000001
    endloop
  endfacet
  facet normal -0.8313581852729586 0.41847054384830484 0.3656856186821642
    outer loop
      vertex -8.203989293123444 7.727555093430283 0.005050000000000001
      vertex -6.378845856897617 5.510861093713244 6.691036414837561
      vertex -8.181921264348356 7.771396736825999 0.005050000000000001
    endloop
  endfacet
  facet normal -0.8074946719061397 0.4574400813768562 0.37242573325849976
    outer loop
      vertex -8.181921264348356 7.771396736825999 0.005050000000000001
      vertex -6.328157407416178 5.601715405146013 6.6893454717163925
      vertex -8.157728610000273 7.814102744193223 0.005050000000000001
    endloop
  endfacet
  facet normal -0.7821623665199153 0.4952988561156717 0.3780225860057477
    outer loop
      vertex -8.157728610000273 7.814102744193223 0.005050000000000001
      vertex -6.273178591550892 5.69000201616008 6.6874252247607515
      vertex -8.131469612302546 7.855570233019603 0.005050000000000001
    endloop
  endfacet
  facet normal -0.755416524630346 0.5320243426951954 0.38248656590154223
    outer loop
      vertex -8.131469612302546 7.855570233019603 0.005050000000000001
      vertex -6.213996106720206 5.775447890793335 6.685459513164538
      vertex -8.103207531480646 7.895699304492434 0.005050000000000001
    endloop
  endfacet
  facet normal -0.7273058488569465 0.5675950553590765 0.38582645755624806
    outer loop
      vertex -8.103207531480646 7.895699304492434 0.005050000000000001
      vertex -6.150794296863236 5.85789005469283 6.683316791744206
      vertex -8.073010453362738 7.934393284163646 0.005050000000000001
    endloop
  endfacet
  facet normal -0.6978729712000237 0.6019893649187764 0.38804912136627684
    outer loop
      vertex -8.073010453362738 7.934393284163646 0.005050000000000001
      vertex -6.0837438721933585 5.937142443097778 6.680955194129
      vertex -8.04095112535496 7.971558954847019 0.005050000000000001
    endloop
  endfacet
  facet normal -0.6671550401249879 0.6351844013194092 0.3891592588598265
    outer loop
      vertex -8.04095112535496 7.971558954847019 0.005050000000000001
      vertex -6.046516666995776 5.977073579661834 6.679600176914058
      vertex -8.007106781186549 8.007106781186549 0.005050000000000001
    endloop
  endfacet
  facet normal -0.6351844013194092 0.6671550401249878 0.38915925885982655
    outer loop
      vertex -8.007106781186549 8.007106781186549 0.005050000000000001
      vertex -5.938679813441119 6.085222896950288 6.6759103379743525
      vertex -7.971558954847019 8.04095112535496 0.005050000000000001
    endloop
  endfacet
  facet normal -0.5320243426951956 0.755416524630346 0.38248656590154234
    outer loop
      vertex -7.895699304492434 8.103207531480646 0.005050000000000001
      vertex -5.696561543156112 6.278807372959025 6.667184245814359
      vertex -7.855570233019603 8.131469612302546 0.005050000000000001
    endloop
  endfacet
  facet normal -0.4952988561156716 0.7821623665199152 0.3780225860057478
    outer loop
      vertex -7.855570233019603 8.131469612302546 0.005050000000000001
      vertex -5.610098578965845 6.335090015073221 6.664017352262115
      vertex -7.814102744193223 8.157728610000273 0.005050000000000001
    endloop
  endfacet
  facet normal -0.45744008137685616 0.8074946719061397 0.37242573325849976
    outer loop
      vertex -7.814102744193223 8.157728610000273 0.005050000000000001
      vertex -5.610098578965845 6.335090015073221 6.664017352262115
      vertex -7.771396736825999 8.181921264348356 0.005050000000000001
    endloop
  endfacet
  facet normal -0.41847054384830473 0.8313581852729585 0.36568561868216415
    outer loop
      vertex -7.771396736825999 8.181921264348356 0.005050000000000001
      vertex -5.521129126658396 6.3870359678311495 6.6606666531452134
      vertex -7.727555093430283 8.203989293123444 0.005050000000000001
    endloop
  endfacet
  facet normal -0.37841507766338844 0.8536907362335877 0.3577906592771348
    outer loop
      vertex -7.727555093430283 8.203989293123444 0.005050000000000001
      vertex -5.336473523886275 6.477371941580315 6.653682361384441
      vertex -7.68268343236509 8.223879532511287 0.005050000000000001
    endloop
  endfacet
  facet normal -0.3373021789563626 0.8744230179649986 0.34872858461025774
    outer loop
      vertex -7.68268343236509 8.223879532511287 0.005050000000000001
      vertex -5.336473523886275 6.477371941580315 6.653682361384441
      vertex -7.636889853392221 8.241544065183021 0.005050000000000001
    endloop
  endfacet
  facet normal -0.29516543718163185 0.8934785307700859 0.3384870451676175
    outer loop
      vertex -7.636889853392221 8.241544065183021 0.005050000000000001
      vertex -5.241266003207596 6.515568985844497 6.649992756913628
      vertex -7.590284677254463 8.25694033573221 0.005050000000000001
    endloop
  endfacet
  facet normal -0.6019893649187764 0.6978729712000237 0.3880491213662767
    outer loop
      vertex -7.971558954847019 8.04095112535496 0.005050000000000001
      vertex -5.861056905542421 6.1537258462978395 6.673131844972597
      vertex -7.934393284163646 8.073010453362738 0.005050000000000001
    endloop
  endfacet
  facet normal -0.5675950553590765 0.7273058488569465 0.3858264575562481
    outer loop
      vertex -7.934393284163646 8.073010453362738 0.005050000000000001
      vertex -5.861056905542421 6.1537258462978395 6.673131844972597
      vertex -7.895699304492434 8.103207531480646 0.005050000000000001
    endloop
  endfacet
  facet normal -0.25204503292429115 0.9107737197683217 0.3270543269207235
    outer loop
      vertex -7.590284677254463 8.25694033573221 0.005050000000000001
      vertex -5.046281686198653 6.577591234922755 6.642205256166785
      vertex -7.542980179903265 8.270031253194544 0.005050000000000001
    endloop
  endfacet
  facet normal -0.20798928334109315 0.9262183392288568 0.31442017443446113
    outer loop
      vertex -7.542980179903265 8.270031253194544 0.005050000000000001
      vertex -5.046281686198653 6.577591234922755 6.642205256166785
      vertex -7.495090322016129 8.280785280403231 0.005050000000000001
    endloop
  endfacet
  facet normal -0.16305620743254814 0.9397160782499555 0.3005767214809512
    outer loop
      vertex -7.495090322016129 8.280785280403231 0.005050000000000001
      vertex -4.846746248469379 6.619959618443805 6.634084705366135
      vertex -7.446730474455363 8.289176509964781 0.005050000000000001
    endloop
  endfacet
  facet normal -0.11731507290862267 0.9511654826858322 0.28551952335255865
    outer loop
      vertex -7.446730474455363 8.289176509964781 0.005050000000000001
      vertex -4.745916622741338 6.633673550936789 6.629827958537391
      vertex -7.398017140329562 8.295184726672197 0.005050000000000001
    endloop
  endfacet
  facet normal -0.07084787483580408 0.9604612056723596 0.26924867878904685
    outer loop
      vertex -7.398017140329562 8.295184726672197 0.005050000000000001
      vertex -4.745916622741338 6.633673550936789 6.629827958537391
      vertex -7.349067674327419 8.298795456205173 0.005050000000000001
    endloop
  endfacet
  facet normal -0.023750684195776202 0.9674956130081708 0.2517700216669495
    outer loop
      vertex -7.349067674327419 8.298795456205173 0.005050000000000001
      vertex -4.543334228968321 6.646000537380992 6.621047850476032
      vertex -7.300000000000001 8.3 0.005050000000000001
    endloop
  endfacet
  facet normal 0 1 0
    outer loop
      vertex -7.300000000000001 8.3 -0.00495
      vertex -7.300000000000001 8.3 0.005050000000000001
      vertex 7.300000000000001 8.3 0.005050000000000001
    endloop
  endfacet
  facet normal 0 0 -1
    outer loop
      vertex -7.300000000000001 8.3 -0.00495
      vertex 8.007106781186549 8.007106781186549 -0.00495
      vertex -6.5 6.5 -0.00495
    endloop
  endfacet
  facet normal -2.334125014873438e-16 0.9701425001453318 0.24253562503633339
    outer loop
      vertex -7.300000000000001 8.3 0.005050000000000001
      vertex -0.9208400025963783 7.509406463135496 3.1674241474580143
      vertex -0.656360000371933 7.509406463135496 3.1674241474580143
    endloop
  endfacet
  facet normal -6.717325297483213e-16 0.9701425001453317 0.24253562503633447
    outer loop
      vertex -7.300000000000001 8.3 0.005050000000000001
      vertex -0.656360000371933 7.509406463135496 3.1674241474580143
      vertex 0.6524199992418289 7.509406463135497 3.1674241474580143
    endloop
  endfacet
  facet normal 9.651229420073331e-17 0.9701425001453319 0.242535625036333
    outer loop
      vertex -7.300000000000001 8.3 0.005050000000000001
      vertex -2.63553838161382 6.665721154367148 6.542165382531408
      vertex -0.9208400025963783 7.509406463135496 3.1674241474580143
    endloop
  endfacet
  facet normal -6.513170181301369e-17 0.9701425001453319 0.2425356250363327
    outer loop
      vertex -7.300000000000001 8.3 0.005050000000000001
      vertex 0.6524199992418289 7.509406463135497 3.1674241474580143
      vertex 0.9209600016474724 7.509406463135497 3.1674241474580143
    endloop
  endfacet
  facet normal -6.574583182094179e-16 0.9701425001453321 0.2425356250363323
    outer loop
      vertex -0.43800000101327896 7.373882406671371 3.709520373314517
      vertex 0.6524199992418289 7.509406463135497 3.1674241474580143
      vertex -0.656360000371933 7.509406463135496 3.1674241474580143
    endloop
  endfacet
  facet normal -0.9701425001453317 8.087142887149769e-16 0.2425356250363341
    outer loop
      vertex -8.3 7.300000000000001 0.005050000000000001
      vertex -6.598543474351949 -1.5180711976286592 6.810876102592206
      vertex -6.603008671053467 -0.9564491719913213 6.793015315786133
    endloop
  endfacet
  facet normal -0.9701425001453319 4.677569665839838e-16 0.24253562503633322
    outer loop
      vertex -8.3 7.300000000000001 0.005050000000000001
      vertex -6.603008671053467 -0.9564491719913213 6.793015315786133
      vertex -6.606893412425512 -0.437506108486495 6.7774763502979525
    endloop
  endfacet
  facet normal -0.9701425001453325 -2.3291290949879862e-15 0.24253562503633042
    outer loop
      vertex -8.3 7.300000000000001 0.005050000000000001
      vertex -6.606893412425512 -0.437506108486495 6.7774763502979525
      vertex -6.610277317093613 0.045653905995550914 6.763940731625554
    endloop
  endfacet
  facet normal -0.9701425001453313 2.2379475303014155e-15 0.2425356250363351
    outer loop
      vertex -8.3 7.300000000000001 0.005050000000000001
      vertex -6.610277317093613 0.045653905995550914 6.763940731625554
      vertex -6.613224356630964 0.4986858633719165 6.752152573476145
    endloop
  endfacet
  facet normal -0.9701425001453322 -1.2454608057665915e-15 0.24253562503633205
    outer loop
      vertex -8.3 7.300000000000001 0.005050000000000001
      vertex -6.613224356630964 0.4986858633719165 6.752152573476145
      vertex -6.615786300994649 0.9262885490476624 6.741904796021407
    endloop
  endfacet
  facet normal -0.9701425001453319 -2.0668213326835649e-16 0.24253562503633302
    outer loop
      vertex -8.3 7.300000000000001 0.005050000000000001
      vertex -6.615786300994649 0.9262885490476624 6.741904796021407
      vertex -6.618005264587458 1.3324166231868158 6.73302894165017
    endloop
  endfacet
  facet normal -0.9701425001453317 1.179932158443106e-15 0.24253562503633383
    outer loop
      vertex -8.3 7.300000000000001 0.005050000000000001
      vertex -6.618005264587458 1.3324166231868158 6.73302894165017
      vertex -6.619915610872579 1.7204411722112027 6.725387556509684
    endloop
  endfacet
  facet normal -0.9701425001453319 -2.988185071821097e-16 0.2425356250363331
    outer loop
      vertex -8.3 7.300000000000001 0.005050000000000001
      vertex -6.619915610872579 1.7204411722112027 6.725387556509684
      vertex -6.621545391417215 2.0932731750070976 6.718868434331139
    endloop
  endfacet
  facet normal -0.9701425001453318 7.018833923661648e-17 0.2425356250363329
    outer loop
      vertex -8.3 7.300000000000001 0.005050000000000001
      vertex -6.621545391417215 2.0932731750070976 6.718868434331139
      vertex -6.622917441246642 2.453459958392603 6.713380235013432
    endloop
  endfacet
  facet normal -0.9701425001453321 -5.574620361699073e-16 0.24253562503633241
    outer loop
      vertex -8.3 7.300000000000001 0.005050000000000001
      vertex -6.622917441246642 2.453459958392603 6.713380235013432
      vertex -6.624050216136926 2.803261797205299 6.708849135452298
    endloop
  endfacet
  facet normal -0.9701425001453319 7.440893318161074e-16 0.24253562503633333
    outer loop
      vertex -8.3 7.300000000000001 0.005050000000000001
      vertex -6.624050216136926 2.803261797205299 6.708849135452298
      vertex -6.624958432657997 3.144713834368167 6.705216269368012
    endloop
  endfacet
  facet normal -0.970142500145332 3.549833511088628e-16 0.24253562503633302
    outer loop
      vertex -8.3 7.300000000000001 0.005050000000000001
      vertex -6.624958432657997 3.144713834368167 6.705216269368012
      vertex -6.625653554458161 3.4796771369124846 6.702435782167356
    endloop
  endfacet
  facet normal -0.9701425001453319 -6.767811550366055e-16 0.24253562503633258
    outer loop
      vertex -8.3 7.300000000000001 0.005050000000000001
      vertex -6.625653554458161 3.4796771369124846 6.702435782167356
      vertex -6.626144155938851 3.8098817632347073 6.700473376244596
    endloop
  endfacet
  facet normal -0.9701425001453317 5.861107003021592e-16 0.24253562503633336
    outer loop
      vertex -8.3 7.300000000000001 0.005050000000000001
      vertex -6.626144155938851 3.8098817632347073 6.700473376244596
      vertex -6.626436185460596 4.136964065009914 6.699305258157615
    endloop
  endfacet
  facet normal -0.9701425001453319 5.15710106801169e-17 0.24253562503633305
    outer loop
      vertex -8.3 7.300000000000001 0.005050000000000001
      vertex -6.626436185460596 4.136964065009914 6.699305258157615
      vertex -6.6265331434476265 4.462499999999998 6.698917426209494
    endloop
  endfacet
  facet normal -0.970142500145333 -7.017171524422928e-15 0.2425356250363284
    outer loop
      vertex -8.3 7.300000000000001 0.005050000000000001
      vertex -6.6265331434476265 4.462499999999998 6.698917426209494
      vertex -6.626518738491738 4.510864564152896 6.69897504603305
    endloop
  endfacet
  facet normal -0.9674956130081699 0.02375068419578384 0.2517700216669525
    outer loop
      vertex -8.3 7.300000000000001 0.005050000000000001
      vertex -6.626518738491738 4.510864564152896 6.69897504603305
      vertex -6.623970340384036 4.614674794168797 6.698975046033051
    endloop
  endfacet
  facet normal -0.9604612056723615 0.0708478748357936 0.26924867878904346
    outer loop
      vertex -8.298795456205173 7.349067674327419 0.005050000000000001
      vertex -6.623970340384036 4.614674794168797 6.698975046033051
      vertex -6.616393289808888 4.718333907589827 6.69872782193266
    endloop
  endfacet
  facet normal -0.9511654826858371 0.11731507290860077 0.28551952335255126
    outer loop
      vertex -8.295184726672197 7.398017140329562 0.005050000000000001
      vertex -6.616393289808888 4.718333907589827 6.69872782193266
      vertex -6.608006801111471 4.7871305573938185 6.6983987886791665
    endloop
  endfacet
  facet normal -0.9511654826858252 0.11731507290865076 0.28551952335257025
    outer loop
      vertex -8.295184726672197 7.398017140329562 0.005050000000000001
      vertex -6.608006801111471 4.7871305573938185 6.6983987886791665
      vertex -6.603785834197242 4.8215538458947504 6.69831636850841
    endloop
  endfacet
  facet normal -0.9397160782499552 0.16305620743255053 0.3005767214809514
    outer loop
      vertex -8.289176509964781 7.446730474455363 0.005050000000000001
      vertex -6.603785834197242 4.8215538458947504 6.69831636850841
      vertex -6.586158731157586 4.924050768791275 6.697823025640905
    endloop
  endfacet
  facet normal -0.9262183392288604 0.20798928334108294 0.31442017443445724
    outer loop
      vertex -8.280785280403231 7.495090322016129 0.005050000000000001
      vertex -6.586158731157586 4.924050768791275 6.697823025640905
      vertex -6.56359729600923 5.0256377367356375 6.697084569000109
    endloop
  endfacet
  facet normal -0.9107737197683115 0.252045032924318 0.3270543269207316
    outer loop
      vertex -8.270031253194544 7.542980179903265 0.005050000000000001
      vertex -6.56359729600923 5.0256377367356375 6.697084569000109
      vertex -6.541428548758484 5.106774477727839 6.696291428114226
    endloop
  endfacet
  facet normal -0.9107737197683136 0.25204503292431074 0.32705432692073105
    outer loop
      vertex -8.25694033573221 7.590284677254463 0.005050000000000001
      vertex -6.541428548758484 5.106774477727839 6.696291428114226
      vertex -6.536145987750054 5.126047080949706 6.696149720238113
    endloop
  endfacet
  facet normal -0.8934785307700942 0.29516543718161226 0.33848704516761263
    outer loop
      vertex -8.25694033573221 7.590284677254463 0.005050000000000001
      vertex -6.536145987750054 5.126047080949706 6.696149720238113
      vertex -6.503834799271418 5.224979153209881 6.69516895847671
    endloop
  endfacet
  facet normal -0.8744230179649951 0.3373021789563703 0.348728584610259
    outer loop
      vertex -8.241544065183021 7.636889853392221 0.005050000000000001
      vertex -6.503834799271418 5.224979153209881 6.69516895847671
      vertex -6.4667947824541665 5.322264461369635 6.693947655862853
    endloop
  endfacet
  facet normal -0.8536907362335889 0.37841507766338595 0.3577906592771344
    outer loop
      vertex -8.223879532511287 7.68268343236509 0.005050000000000001
      vertex -6.4667947824541665 5.322264461369635 6.693947655862853
      vertex -6.425974993160508 5.415703346507187 6.69251886786113
    endloop
  endfacet
  facet normal -0.8536907362336521 0.378415077663261 0.35779065927711556
    outer loop
      vertex -8.203989293123444 7.727555093430283 0.005050000000000001
      vertex -6.425974993160508 5.415703346507187 6.69251886786113
      vertex -6.4251173099510455 5.417661954818431 6.692493795362903
    endloop
  endfacet
  facet normal -0.831358185272956 0.41847054384830834 0.36568561868216565
    outer loop
      vertex -8.203989293123444 7.727555093430283 0.005050000000000001
      vertex -6.4251173099510455 5.417661954818431 6.692493795362903
      vertex -6.378845856897617 5.510861093713244 6.691036414837561
    endloop
  endfacet
  facet normal -0.8074946719061361 0.45744008137686215 0.3724257332585001
    outer loop
      vertex -8.181921264348356 7.771396736825999 0.005050000000000001
      vertex -6.378845856897617 5.510861093713244 6.691036414837561
      vertex -6.328157407416178 5.601715405146013 6.6893454717163925
    endloop
  endfacet
  facet normal -0.7821623665199214 0.4952988561156628 0.37802258600574673
    outer loop
      vertex -8.157728610000273 7.814102744193223 0.005050000000000001
      vertex -6.328157407416178 5.601715405146013 6.6893454717163925
      vertex -6.273178591550892 5.69000201616008 6.6874252247607515
    endloop
  endfacet
  facet normal -0.7554165246303383 0.532024342695206 0.38248656590154306
    outer loop
      vertex -8.131469612302546 7.855570233019603 0.005050000000000001
      vertex -6.273178591550892 5.69000201616008 6.6874252247607515
      vertex -6.260830698044147 5.707856655911195 6.686977365427778
    endloop
  endfacet
  facet normal -0.7554165246303446 0.5320243426951976 0.38248656590154245
    outer loop
      vertex -8.131469612302546 7.855570233019603 0.005050000000000001
      vertex -6.260830698044147 5.707856655911195 6.686977365427778
      vertex -6.213996106720206 5.775447890793335 6.685459513164538
    endloop
  endfacet
  facet normal -0.7273058488569477 0.5675950553590753 0.3858264575562475
    outer loop
      vertex -8.103207531480646 7.895699304492434 0.005050000000000001
      vertex -6.213996106720206 5.775447890793335 6.685459513164538
      vertex -6.150794296863236 5.85789005469283 6.683316791744206
    endloop
  endfacet
  facet normal -0.697872971200016 0.601989364918785 0.3880491213662767
    outer loop
      vertex -8.073010453362738 7.934393284163646 0.005050000000000001
      vertex -6.150794296863236 5.85789005469283 6.683316791744206
      vertex -6.0837438721933585 5.937142443097778 6.680955194129
    endloop
  endfacet
  facet normal -0.6671550401249952 0.635184401319401 0.38915925885982733
    outer loop
      vertex -8.04095112535496 7.971558954847019 0.005050000000000001
      vertex -6.0837438721933585 5.937142443097778 6.680955194129
      vertex -6.046516666995776 5.977073579661834 6.679600176914058
    endloop
  endfacet
  facet normal -0.6671550401249842 0.6351844013194132 0.3891592588598264
    outer loop
      vertex -8.007106781186549 8.007106781186549 0.005050000000000001
      vertex -6.046516666995776 5.977073579661834 6.679600176914058
      vertex -6.012981459167927 6.012981459167927 6.678482531598326
    endloop
  endfacet
  facet normal -0.6351844013194081 0.6671550401249892 0.389159258859826
    outer loop
      vertex -8.007106781186549 8.007106781186549 0.005050000000000001
      vertex -6.012981459167927 6.012981459167927 6.678482531598326
      vertex -5.938679813441119 6.085222896950288 6.6759103379743525
    endloop
  endfacet
  facet normal -0.6019893649187819 0.6978729712000185 0.3880491213662775
    outer loop
      vertex -7.971558954847019 8.04095112535496 0.005050000000000001
      vertex -5.938679813441119 6.085222896950288 6.6759103379743525
      vertex -5.861056905542421 6.1537258462978395 6.673131844972597
    endloop
  endfacet
  facet normal -0.5675950553590705 0.7273058488569513 0.3858264575562481
    outer loop
      vertex -7.895699304492434 8.103207531480646 0.005050000000000001
      vertex -5.861056905542421 6.1537258462978395 6.673131844972597
      vertex -5.782469938446421 6.216593078886872 6.670233826959059
    endloop
  endfacet
  facet normal -0.5675950553591297 0.7273058488569107 0.38582645755623735
    outer loop
      vertex -7.895699304492434 8.103207531480646 0.005050000000000001
      vertex -5.782469938446421 6.216593078886872 6.670233826959059
      vertex -5.780303886589229 6.2183229533747655 6.670159421721996
    endloop
  endfacet
  facet normal -0.5320243426952016 0.7554165246303415 0.3824865659015432
    outer loop
      vertex -7.895699304492434 8.103207531480646 0.005050000000000001
      vertex -5.780303886589229 6.2183229533747655 6.670159421721996
      vertex -5.696561543156112 6.278807372959025 6.667184245814359
    endloop
  endfacet
  facet normal -0.4952988561156644 0.7821623665199203 0.37802258600574684
    outer loop
      vertex -7.855570233019603 8.131469612302546 0.005050000000000001
      vertex -5.696561543156112 6.278807372959025 6.667184245814359
      vertex -5.610098578965845 6.335090015073221 6.664017352262115
    endloop
  endfacet
  facet normal -0.4574400813768627 0.8074946719061353 0.37242573325850103
    outer loop
      vertex -7.771396736825999 8.181921264348356 0.005050000000000001
      vertex -5.610098578965845 6.335090015073221 6.664017352262115
      vertex -5.521129126658396 6.3870359678311495 6.6606666531452134
    endloop
  endfacet
  facet normal -0.4184705438483039 0.8313581852729585 0.3656856186821652
    outer loop
      vertex -7.727555093430283 8.203989293123444 0.005050000000000001
      vertex -5.521129126658396 6.3870359678311495 6.6606666531452134
      vertex -5.463103678906047 6.417229752447007 6.658424537883066
    endloop
  endfacet
  facet normal -0.4184705438482963 0.8313581852729643 0.36568561868216093
    outer loop
      vertex -7.727555093430283 8.203989293123444 0.005050000000000001
      vertex -5.463103678906047 6.417229752447007 6.658424537883066
      vertex -5.429850815279324 6.434504074220889 6.657205444616629
    endloop
  endfacet
  facet normal -0.378415077663398 0.8536907362335823 0.35779065927713716
    outer loop
      vertex -7.727555093430283 8.203989293123444 0.005050000000000001
      vertex -5.429850815279324 6.434504074220889 6.657205444616629
      vertex -5.336473523886275 6.477371941580315 6.653682361384441
    endloop
  endfacet
  facet normal -0.3373021789563533 0.8744230179650029 0.348728584610256
    outer loop
      vertex -7.636889853392221 8.241544065183021 0.005050000000000001
      vertex -5.336473523886275 6.477371941580315 6.653682361384441
      vertex -5.241266003207596 6.515568985844497 6.649992756913628
    endloop
  endfacet
  facet normal -0.29516543718162314 0.8934785307700895 0.3384870451676156
    outer loop
      vertex -7.590284677254463 8.25694033573221 0.005050000000000001
      vertex -5.241266003207596 6.515568985844497 6.649992756913628
      vertex -5.1444628172722355 6.549005825220782 6.646145804893089
    endloop
  endfacet
  facet normal -0.25204503292431013 0.9107737197683148 0.32705432692072867
    outer loop
      vertex -7.590284677254463 8.25694033573221 0.005050000000000001
      vertex -5.1444628172722355 6.549005825220782 6.646145804893089
      vertex -5.081533857093403 6.56734024126615 6.6435848466903975
    endloop
  endfacet
  facet normal -0.2520450329243292 0.910773719768307 0.327054326920735
    outer loop
      vertex -7.590284677254463 8.25694033573221 0.005050000000000001
      vertex -5.081533857093403 6.56734024126615 6.6435848466903975
      vertex -5.046281686198653 6.577591234922755 6.642205256166785
    endloop
  endfacet
  facet normal -0.20798928334107372 0.9262183392288625 0.3144201744344566
    outer loop
      vertex -7.495090322016129 8.280785280403231 0.005050000000000001
      vertex -5.046281686198653 6.577591234922755 6.642205256166785
      vertex -4.946949720295594 6.601251914426755 6.638213874645413
    endloop
  endfacet
  facet normal -0.16305620743255783 0.9397160782499531 0.30057672148095377
    outer loop
      vertex -7.495090322016129 8.280785280403231 0.005050000000000001
      vertex -4.946949720295594 6.601251914426755 6.638213874645413
      vertex -4.846746248469379 6.619959618443805 6.634084705366135
    endloop
  endfacet
  facet normal -0.11731507290862003 0.9511654826858329 0.2855195233525577
    outer loop
      vertex -7.446730474455363 8.289176509964781 0.005050000000000001
      vertex -4.846746248469379 6.619959618443805 6.634084705366135
      vertex -4.745916622741338 6.633673550936789 6.629827958537391
    endloop
  endfacet
  facet normal -0.07084787483578768 0.9604612056723625 0.26924867878904146
    outer loop
      vertex -7.349067674327419 8.298795456205173 0.005050000000000001
      vertex -4.745916622741338 6.633673550936789 6.629827958537391
      vertex -4.644707255381168 6.642365326961636 6.625454139157429
    endloop
  endfacet
  facet normal -0.02375068419579069 0.9674956130081696 0.2517700216669532
    outer loop
      vertex -7.349067674327419 8.298795456205173 0.005050000000000001
      vertex -4.644707255381168 6.642365326961636 6.625454139157429
      vertex -4.611471466835446 6.64356356884104 6.623984857622442
    endloop
  endfacet
  facet normal -0.023750684195777385 0.9674956130081707 0.2517700216669503
    outer loop
      vertex -7.349067674327419 8.298795456205173 0.005050000000000001
      vertex -4.611471466835446 6.64356356884104 6.623984857622442
      vertex -4.543334228968321 6.646000537380992 6.621047850476032
    endloop
  endfacet
  facet normal -1.5101973548042296e-15 0.9701425001453317 0.24253562503633375
    outer loop
      vertex -7.300000000000001 8.3 0.005050000000000001
      vertex -4.543334228968321 6.646000537380992 6.621047850476032
      vertex -4.094212105173657 6.650901963159852 6.601442147360596
    endloop
  endfacet
  facet normal -5.050382658511218e-16 0.9701425001453319 0.24253562503633333
    outer loop
      vertex -7.300000000000001 8.3 0.005050000000000001
      vertex -4.094212105173657 6.650901963159852 6.601442147360596
      vertex -3.6588457514145976 6.655527747298015 6.582939010807944
    endloop
  endfacet
  facet normal 9.35200918723415e-16 0.9701425001453321 0.2425356250363321
    outer loop
      vertex -7.300000000000001 8.3 0.005050000000000001
      vertex -3.6588457514145976 6.655527747298015 6.582939010807944
      vertex -3.2878237245625686 6.659353577996971 6.567635688012119
    endloop
  endfacet
  facet normal -2.6625722407107124e-16 0.9701425001453319 0.2425356250363331
    outer loop
      vertex -7.300000000000001 8.3 0.005050000000000001
      vertex -3.2878237245625686 6.659353577996971 6.567635688012119
      vertex -2.966436211181644 6.66255903650401 6.554813853983961
    endloop
  endfacet
  facet normal 2.600251973392156e-15 0.9701425001453322 0.24253562503633147
    outer loop
      vertex -7.300000000000001 8.3 0.005050000000000001
      vertex -2.966436211181644 6.66255903650401 6.554813853983961
      vertex -2.6840868150152737 6.665273121825882 6.543957512696472
    endloop
  endfacet
  facet normal -2.7016619688118318e-15 0.9701425001453312 0.242535625036336
    outer loop
      vertex -7.300000000000001 8.3 0.005050000000000001
      vertex -2.6840868150152737 6.665273121825882 6.543957512696472
      vertex -2.63553838161382 6.665721154367148 6.542165382531408
    endloop
  endfacet
  facet normal 0 0.9701425001453317 0.2425356250363336
    outer loop
      vertex -0.36069999635219574 7.324870808420996 3.90556676631602
      vertex -0.11522000283002853 7.1719132917508395 4.517396832996643
      vertex 0.3540399968624115 7.324870808420996 3.90556676631602
    endloop
  endfacet
  facet normal -1.211729563535884e-16 0.970142500145332 0.2425356250363329
    outer loop
      vertex -2.63553838161382 6.665721154367148 6.542165382531408
      vertex -0.15320000052452087 7.045930586017557 5.021327655929771
      vertex -0.9208400025963783 7.509406463135496 3.1674241474580143
    endloop
  endfacet
  facet normal 4.852776124663977e-16 0.9701425001453415 0.2425356250362951
    outer loop
      vertex -0.11522000283002853 7.1719132917508395 4.517396832996643
      vertex -0.11075183749198914 7.169222638524625 4.528159445901504
      vertex 0.10992000252008438 7.172572988253102 4.514758046987591
    endloop
  endfacet
  facet normal 2.0485167988263037e-15 0.9701425001453321 0.24253562503633222
    outer loop
      vertex -0.11075183749198914 7.169222638524625 4.528159445901504
      vertex -0.10628380626440048 7.1664910343568575 4.5390858625725725
      vertex 0.10221383720636368 7.167595452085031 4.534668191659876
    endloop
  endfacet
  facet normal 2.865151484797245e-15 0.970142500145323 0.24253562503636844
    outer loop
      vertex -0.10628380626440048 7.1664910343568575 4.5390858625725725
      vertex -0.10181591659784317 7.163718473826444 4.550176104694224
      vertex 0.10221383720636368 7.167595452085031 4.534668191659876
    endloop
  endfacet
  facet normal 3.9005915174693876e-16 0.9701425001453364 0.2425356250363148
    outer loop
      vertex -0.10181591659784317 7.163718473826444 4.550176104694224
      vertex -0.0973481684923172 7.160904960547448 4.561430157810209
      vertex 0.09473300725221634 7.162724933727018 4.554150265091928
    endloop
  endfacet
  facet normal -3.038926898020334e-16 0.9701425001453409 0.2425356250362976
    outer loop
      vertex -0.0973481684923172 7.160904960547448 4.561430157810209
      vertex -0.09288055449724197 7.158050490905807 4.572848036376776
      vertex 0.09473300725221634 7.162724933727018 4.554150265091928
    endloop
  endfacet
  facet normal 1.0850221090597346e-15 0.9701425001453189 0.2425356250363851
    outer loop
      vertex -0.09288055449724197 7.158050490905807 4.572848036376776
      vertex -0.08841308206319809 7.155155070322612 4.5844297187095515
      vertex 0.08747750520706177 7.1579614331790635 4.5732042672837485
    endloop
  endfacet
  facet normal 1.6343343389078022e-15 0.9701425001453406 0.24253562503629786
    outer loop
      vertex -0.08841308206319809 7.155155070322612 4.5844297187095515
      vertex -0.08394574373960495 7.152218693376773 4.596175226492909
      vertex 0.08044733852148056 7.153304950441166 4.5918301982353364
    endloop
  endfacet
  facet normal 3.5416694015178188e-15 0.9701425001453235 0.24253562503636572
    outer loop
      vertex -0.08394574373960495 7.152218693376773 4.596175226492909
      vertex -0.07947854697704315 7.14924136368235 4.608084545270601
      vertex 0.08044733852148056 7.153304950441166 4.5918301982353364
    endloop
  endfacet
  facet normal -2.8269169397896877e-15 0.9701425001453317 0.24253562503633394
    outer loop
      vertex -0.07947854697704315 7.14924136368235 4.608084545270601
      vertex -0.0750114843249321 7.146223077625281 4.620157689498876
      vertex 0.07364249229431152 7.148755485513328 4.610028057946692
    endloop
  endfacet
  facet normal -5.8033278646442945e-16 0.970142500145336 0.2425356250363166
    outer loop
      vertex -0.0750114843249321 7.146223077625281 4.620157689498876
      vertex -0.07054457068443298 7.143163840626661 4.632394637493357
      vertex 0.06706297397613525 7.144313038395547 4.627797846417815
    endloop
  endfacet
  facet normal 5.732445003363723e-16 0.9701425001453279 0.24253562503634912
    outer loop
      vertex -0.07054457068443298 7.143163840626661 4.632394637493357
      vertex -0.06607778370380402 7.140063647265395 4.644795410938422
      vertex 0.06706297397613525 7.144313038395547 4.627797846417815
    endloop
  endfacet
  facet normal -1.3714428566328807e-15 0.9701425001453279 0.24253562503634912
    outer loop
      vertex -0.057144634425640106 7.1337403986830505 4.6700884052678004
      vertex -0.052678272128105164 7.130517343461972 4.682980626152114
      vertex 0.04867640137672424 7.1316278039025525 4.678538784389793
    endloop
  endfacet
  facet normal -4.436228910299213e-15 0.9701425001453275 0.2425356250363499
    outer loop
      vertex -0.052678272128105164 7.130517343461972 4.682980626152114
      vertex -0.048212043941020966 7.12725333549231 4.696036658030761
      vertex 0.04299820214509964 7.127613429832035 4.694596280671862
    endloop
  endfacet
  facet normal -4.69841907682652e-15 0.9701425001453314 0.24253562503633447
    outer loop
      vertex -0.048212043941020966 7.12725333549231 4.696036658030761
      vertex -0.04374594986438751 7.123948371160003 4.70925651535999
      vertex 0.04299820214509964 7.127613429832035 4.694596280671862
    endloop
  endfacet
  facet normal 5.780012761426401e-16 0.9701425001453433 0.24253562503628734
    outer loop
      vertex -0.04374594986438751 7.123948371160003 4.70925651535999
      vertex -0.0392799973487854 7.120602454079113 4.722640183683552
      vertex 0.037545330822467804 7.123706071764544 4.710225712941825
    endloop
  endfacet
  facet normal -1.7473207871048923e-15 0.9701425001453277 0.2425356250363497
    outer loop
      vertex -0.06607778370380402 7.140063647265395 4.644795410938422
      vertex -0.06161113828420639 7.136922499348514 4.6573600026059445
      vertex 0.06070879101753235 7.139977609087824 4.645139563648707
    endloop
  endfacet
  facet normal -1.680498182320953e-15 0.9701425001453438 0.24253562503628576
    outer loop
      vertex -0.06161113828420639 7.136922499348514 4.6573600026059445
      vertex -0.057144634425640106 7.1337403986830505 4.6700884052678004
      vertex 0.054579928517341614 7.135749197590159 4.662053209639366
    endloop
  endfacet
  facet normal 1.6153501764172437e-14 0.9701425001453344 0.2425356250363229
    outer loop
      vertex -0.0392799973487854 7.120602454079113 4.722640183683552
      vertex 0.013660900294780731 7.105774548577962 4.781951805688155
      vertex 0.017987124621868134 7.109146817595162 4.768462729619353
    endloop
  endfacet
  facet normal 1.677372316344424e-14 0.9701425001453344 0.24253562503632237
    outer loop
      vertex -0.0392799973487854 7.120602454079113 4.722640183683552
      vertex 0.0095599964261055 7.10250929737082 4.795012810516724
      vertex 0.013660900294780731 7.105774548577962 4.781951805688155
    endloop
  endfacet
  facet normal -5.876063557454204e-15 0.970142500145331 0.24253562503633666
    outer loop
      vertex -0.0392799973487854 7.120602454079113 4.722640183683552
      vertex -0.002659998834133148 7.093297793084076 4.831858827663697
      vertex 0.0095599964261055 7.10250929737082 4.795012810516724
    endloop
  endfacet
  facet normal 0 0.9701425001453319 0.2425356250363331
    outer loop
      vertex -2.63553838161382 6.665721154367148 6.542165382531408
      vertex 2.6355383816138205 6.665721154367148 6.542165382531408
      vertex -0.15320000052452087 7.045930586017557 5.021327655929771
    endloop
  endfacet
  facet normal 0 -1 0
    outer loop
      vertex -7.300000000000001 -8.3 -0.00495
      vertex 7.300000000000001 -8.3 -0.00495
      vertex 7.300000000000001 -8.3 0.005050000000000001
    endloop
  endfacet
  facet normal 0 0 -1
    outer loop
      vertex -7.300000000000001 -8.3 -0.00495
      vertex 7.349067674327419 -8.298795456205173 -0.00495
      vertex 7.300000000000001 -8.3 -0.00495
    endloop
  endfacet
  facet normal 0 0 -1
    outer loop
      vertex -8.007106781186549 -8.007106781186549 -0.00495
      vertex 6.5 -6.5 -0.00495
      vertex 8.3 -7.300000000000001 -0.00495
    endloop
  endfacet
  facet normal 0 0 -1
    outer loop
      vertex -7.300000000000001 -8.3 -0.00495
      vertex 8.3 -7.300000000000001 -0.00495
      vertex 7.349067674327419 -8.298795456205173 -0.00495
    endloop
  endfacet
  facet normal 0.024541228522907587 -0.9996988186962044 0
    outer loop
      vertex 7.300000000000001 -8.3 -0.00495
      vertex 7.349067674327419 -8.298795456205173 -0.00495
      vertex 7.300000000000001 -8.3 0.005050000000000001
    endloop
  endfacet
  facet normal 0.024541228522907587 -0.9996988186962044 -1.1764332665181406e-18
    outer loop
      vertex 7.300000000000001 -8.3 0.005050000000000001
      vertex 7.349067674327419 -8.298795456205173 -0.00495
      vertex 7.349067674327419 -8.298795456205173 0.005050000000000001
    endloop
  endfacet
  facet normal 0.07356456359968419 -0.9972904566786889 0
    outer loop
      vertex 7.349067674327419 -8.298795456205173 -0.00495
      vertex 7.398017140329562 -8.295184726672197 -0.00495
      vertex 7.349067674327419 -8.298795456205173 0.005050000000000001
    endloop
  endfacet
  facet normal 0.07356456359968419 -0.9972904566786889 5.316206543072558e-18
    outer loop
      vertex 7.349067674327419 -8.298795456205173 0.005050000000000001
      vertex 7.398017140329562 -8.295184726672197 -0.00495
      vertex 7.398017140329562 -8.295184726672197 0.005050000000000001
    endloop
  endfacet
  facet normal 0.12241067519921875 -0.9924795345987096 0
    outer loop
      vertex 7.398017140329562 -8.295184726672197 -0.00495
      vertex 7.446730474455363 -8.289176509964781 -0.00495
      vertex 7.398017140329562 -8.295184726672197 0.005050000000000001
    endloop
  endfacet
  facet normal 0 0 -1
    outer loop
      vertex 7.349067674327419 -8.298795456205173 -0.00495
      vertex 7.542980179903265 -8.270031253194544 -0.00495
      vertex 7.398017140329562 -8.295184726672197 -0.00495
    endloop
  endfacet
  facet normal 0.12241067519921875 -0.9924795345987096 6.899163172176291e-18
    outer loop
      vertex 7.398017140329562 -8.295184726672197 0.005050000000000001
      vertex 7.446730474455363 -8.289176509964781 -0.00495
      vertex 7.446730474455363 -8.289176509964781 0.005050000000000001
    endloop
  endfacet
  facet normal 0 0 -1
    outer loop
      vertex 7.398017140329562 -8.295184726672197 -0.00495
      vertex 7.542980179903265 -8.270031253194544 -0.00495
      vertex 7.446730474455363 -8.289176509964781 -0.00495
    endloop
  endfacet
  facet normal 0.17096188876028862 -0.9852776423889434 1.471406909311094e-17
    outer loop
      vertex 7.446730474455363 -8.289176509964781 -0.00495
      vertex 7.495090322016129 -8.280785280403231 -0.00495
      vertex 7.495090322016129 -8.280785280403231 0.005050000000000001
    endloop
  endfacet
  facet normal 0.17096188876028862 -0.9852776423889434 0
    outer loop
      vertex 7.446730474455363 -8.289176509964781 -0.00495
      vertex 7.495090322016129 -8.280785280403231 0.005050000000000001
      vertex 7.446730474455363 -8.289176509964781 0.005050000000000001
    endloop
  endfacet
  facet normal 0 0 -1
    outer loop
      vertex 7.446730474455363 -8.289176509964781 -0.00495
      vertex 7.542980179903265 -8.270031253194544 -0.00495
      vertex 7.495090322016129 -8.280785280403231 -0.00495
    endloop
  endfacet
  facet normal 0.21910124015688293 -0.9757021300385256 0
    outer loop
      vertex 7.495090322016129 -8.280785280403231 -0.00495
      vertex 7.542980179903265 -8.270031253194544 -0.00495
      vertex 7.495090322016129 -8.280785280403231 0.005050000000000001
    endloop
  endfacet
  facet normal 0.21910124015688293 -0.9757021300385256 9.260387099027372e-17
    outer loop
      vertex 7.495090322016129 -8.280785280403231 0.005050000000000001
      vertex 7.542980179903265 -8.270031253194544 -0.00495
      vertex 7.542980179903265 -8.270031253194544 0.005050000000000001
    endloop
  endfacet
  facet normal 0 0 -1
    outer loop
      vertex 7.349067674327419 -8.298795456205173 -0.00495
      vertex 7.727555093430283 -8.203989293123444 -0.00495
      vertex 7.542980179903265 -8.270031253194544 -0.00495
    endloop
  endfacet
  facet normal 0.2667127574748739 -0.9637760657954466 7.934497710735335e-17
    outer loop
      vertex 7.542980179903265 -8.270031253194544 -0.00495
      vertex 7.590284677254463 -8.25694033573221 -0.00495
      vertex 7.590284677254463 -8.25694033573221 0.005050000000000001
    endloop
  endfacet
  facet normal 0.2667127574748739 -0.9637760657954466 0
    outer loop
      vertex 7.542980179903265 -8.270031253194544 -0.00495
      vertex 7.590284677254463 -8.25694033573221 0.005050000000000001
      vertex 7.542980179903265 -8.270031253194544 0.005050000000000001
    endloop
  endfacet
  facet normal 0 0 -1
    outer loop
      vertex 7.542980179903265 -8.270031253194544 -0.00495
      vertex 7.636889853392221 -8.241544065183021 -0.00495
      vertex 7.590284677254463 -8.25694033573221 -0.00495
    endloop
  endfacet
  facet normal 0.3136817403989097 -0.9495281805930307 0
    outer loop
      vertex 7.590284677254463 -8.25694033573221 -0.00495
      vertex 7.636889853392221 -8.241544065183021 -0.00495
      vertex 7.590284677254463 -8.25694033573221 0.005050000000000001
    endloop
  endfacet
  facet normal 0 0 -1
    outer loop
      vertex 7.542980179903265 -8.270031253194544 -0.00495
      vertex 7.727555093430283 -8.203989293123444 -0.00495
      vertex 7.636889853392221 -8.241544065183021 -0.00495
    endloop
  endfacet
  facet normal 0.3136817403989097 -0.9495281805930307 -7.424109525557104e-17
    outer loop
      vertex 7.590284677254463 -8.25694033573221 0.005050000000000001
      vertex 7.636889853392221 -8.241544065183021 -0.00495
      vertex 7.636889853392221 -8.241544065183021 0.005050000000000001
    endloop
  endfacet
  facet normal 0.35989503653499316 -0.932992798834737 0
    outer loop
      vertex 7.636889853392221 -8.241544065183021 -0.00495
      vertex 7.68268343236509 -8.223879532511287 0.005050000000000001
      vertex 7.636889853392221 -8.241544065183021 0.005050000000000001
    endloop
  endfacet
  facet normal 0.35989503653499316 -0.932992798834737 -3.5145105410712124e-17
    outer loop
      vertex 7.636889853392221 -8.241544065183021 -0.00495
      vertex 7.68268343236509 -8.223879532511287 -0.00495
      vertex 7.68268343236509 -8.223879532511287 0.005050000000000001
    endloop
  endfacet
  facet normal 0 0 -1
    outer loop
      vertex 7.636889853392221 -8.241544065183021 -0.00495
      vertex 7.727555093430283 -8.203989293123444 -0.00495
      vertex 7.68268343236509 -8.223879532511287 -0.00495
    endloop
  endfacet
  facet normal 0.4052413140049827 -0.914209755703534 0
    outer loop
      vertex 7.68268343236509 -8.223879532511287 -0.00495
      vertex 7.727555093430283 -8.203989293123444 -0.00495
      vertex 7.68268343236509 -8.223879532511287 0.005050000000000001
    endloop
  endfacet
  facet normal 0.4052413140049827 -0.914209755703534 -1.0375808606099149e-16
    outer loop
      vertex 7.68268343236509 -8.223879532511287 0.005050000000000001
      vertex 7.727555093430283 -8.203989293123444 -0.00495
      vertex 7.727555093430283 -8.203989293123444 0.005050000000000001
    endloop
  endfacet
  facet normal 0.4496113296546005 -0.8932243011955183 0
    outer loop
      vertex 7.727555093430283 -8.203989293123444 -0.00495
      vertex 7.771396736825999 -8.181921264348356 0.005050000000000001
      vertex 7.727555093430283 -8.203989293123444 0.005050000000000001
    endloop
  endfacet
  facet normal 0.4496113296546005 -0.8932243011955183 -6.462560192373798e-17
    outer loop
      vertex 7.727555093430283 -8.203989293123444 -0.00495
      vertex 7.771396736825999 -8.181921264348356 -0.00495
      vertex 7.771396736825999 -8.181921264348356 0.005050000000000001
    endloop
  endfacet
  facet normal 0 0 -1
    outer loop
      vertex 7.727555093430283 -8.203989293123444 -0.00495
      vertex 7.814102744193223 -8.157728610000273 -0.00495
      vertex 7.771396736825999 -8.181921264348356 -0.00495
    endloop
  endfacet
  facet normal 0 0 -1
    outer loop
      vertex 7.349067674327419 -8.298795456205173 -0.00495
      vertex 8.007106781186549 -8.007106781186549 -0.00495
      vertex 7.727555093430283 -8.203989293123444 -0.00495
    endloop
  endfacet
  facet normal 0.49289819222977843 -0.8700869911087146 0
    outer loop
      vertex 7.771396736825999 -8.181921264348356 -0.00495
      vertex 7.814102744193223 -8.157728610000273 -0.00495
      vertex 7.771396736825999 -8.181921264348356 0.005050000000000001
    endloop
  endfacet
  facet normal 0 0 -1
    outer loop
      vertex 7.727555093430283 -8.203989293123444 -0.00495
      vertex 7.855570233019603 -8.131469612302546 -0.00495
      vertex 7.814102744193223 -8.157728610000273 -0.00495
    endloop
  endfacet
  facet normal 0.49289819222977843 -0.8700869911087146 -1.0638569812861197e-16
    outer loop
      vertex 7.771396736825999 -8.181921264348356 0.005050000000000001
      vertex 7.814102744193223 -8.157728610000273 -0.00495
      vertex 7.814102744193223 -8.157728610000273 0.005050000000000001
    endloop
  endfacet
  facet normal 0.5349976198871089 -0.8448535652496996 0
    outer loop
      vertex 7.814102744193223 -8.157728610000273 -0.00495
      vertex 7.855570233019603 -8.131469612302546 -0.00495
      vertex 7.814102744193223 -8.157728610000273 0.005050000000000001
    endloop
  endfacet
  facet normal 0.5349976198871089 -0.8448535652496996 4.369913759878488e-17
    outer loop
      vertex 7.814102744193223 -8.157728610000273 0.005050000000000001
      vertex 7.855570233019603 -8.131469612302546 -0.00495
      vertex 7.855570233019603 -8.131469612302546 0.005050000000000001
    endloop
  endfacet
  facet normal 0 0 -1
    outer loop
      vertex 7.727555093430283 -8.203989293123444 -0.00495
      vertex 8.007106781186549 -8.007106781186549 -0.00495
      vertex 7.855570233019603 -8.131469612302546 -0.00495
    endloop
  endfacet
  facet normal 0.575808191417838 -0.8175848131515888 0
    outer loop
      vertex 7.855570233019603 -8.131469612302546 -0.00495
      vertex 7.895699304492434 -8.103207531480646 0.005050000000000001
      vertex 7.855570233019603 -8.131469612302546 0.005050000000000001
    endloop
  endfacet
  facet normal 0.575808191417838 -0.8175848131515888 -7.808484056361628e-18
    outer loop
      vertex 7.855570233019603 -8.131469612302546 -0.00495
      vertex 7.895699304492434 -8.103207531480646 -0.00495
      vertex 7.895699304492434 -8.103207531480646 0.005050000000000001
    endloop
  endfacet
  facet normal 0.6152315905806282 -0.7883464276266051 0
    outer loop
      vertex 7.895699304492434 -8.103207531480646 -0.00495
      vertex 7.934393284163646 -8.073010453362738 -0.00495
      vertex 7.895699304492434 -8.103207531480646 0.005050000000000001
    endloop
  endfacet
  facet normal 0 0 -1
    outer loop
      vertex 7.855570233019603 -8.131469612302546 -0.00495
      vertex 7.934393284163646 -8.073010453362738 -0.00495
      vertex 7.895699304492434 -8.103207531480646 -0.00495
    endloop
  endfacet
  facet normal 0.6152315905806282 -0.7883464276266051 -1.2258921321545644e-16
    outer loop
      vertex 7.895699304492434 -8.103207531480646 0.005050000000000001
      vertex 7.934393284163646 -8.073010453362738 -0.00495
      vertex 7.934393284163646 -8.073010453362738 0.005050000000000001
    endloop
  endfacet
  facet normal 0 0 -1
    outer loop
      vertex 7.855570233019603 -8.131469612302546 -0.00495
      vertex 8.007106781186549 -8.007106781186549 -0.00495
      vertex 7.934393284163646 -8.073010453362738 -0.00495
    endloop
  endfacet
  facet normal 0.6531728429537761 -0.7572088465064851 -5.195272149007608e-17
    outer loop
      vertex 7.934393284163646 -8.073010453362738 -0.00495
      vertex 7.971558954847019 -8.04095112535496 -0.00495
      vertex 7.971558954847019 -8.04095112535496 0.005050000000000001
    endloop
  endfacet
  facet normal 0.6531728429537761 -0.7572088465064851 0
    outer loop
      vertex 7.934393284163646 -8.073010453362738 -0.00495
      vertex 7.971558954847019 -8.04095112535496 0.005050000000000001
      vertex 7.934393284163646 -8.073010453362738 0.005050000000000001
    endloop
  endfacet
  facet normal 0 0 -1
    outer loop
      vertex 7.349067674327419 -8.298795456205173 -0.00495
      vertex 8.3 -7.300000000000001 -0.00495
      vertex 8.007106781186549 -8.007106781186549 -0.00495
    endloop
  endfacet
  facet normal 0 0 -1
    outer loop
      vertex 7.934393284163646 -8.073010453362738 -0.00495
      vertex 8.007106781186549 -8.007106781186549 -0.00495
      vertex 7.971558954847019 -8.04095112535496 -0.00495
    endloop
  endfacet
  facet normal 0.6895405447370607 -0.7242470829514729 0
    outer loop
      vertex 7.971558954847019 -8.04095112535496 -0.00495
      vertex 8.007106781186549 -8.007106781186549 -0.00495
      vertex 7.971558954847019 -8.04095112535496 0.005050000000000001
    endloop
  endfacet
  facet normal 0.6895405447370607 -0.7242470829514729 -1.8613048138239457e-16
    outer loop
      vertex 7.971558954847019 -8.04095112535496 0.005050000000000001
      vertex 8.007106781186549 -8.007106781186549 -0.00495
      vertex 8.007106781186549 -8.007106781186549 0.005050000000000001
    endloop
  endfacet
  facet normal 0.7242470829514729 -0.6895405447370607 -1.8613048138239457e-16
    outer loop
      vertex 8.007106781186549 -8.007106781186549 -0.00495
      vertex 8.04095112535496 -7.971558954847019 -0.00495
      vertex 8.04095112535496 -7.971558954847019 0.005050000000000001
    endloop
  endfacet
  facet normal 0.7242470829514729 -0.6895405447370607 0
    outer loop
      vertex 8.007106781186549 -8.007106781186549 -0.00495
      vertex 8.04095112535496 -7.971558954847019 0.005050000000000001
      vertex 8.007106781186549 -8.007106781186549 0.005050000000000001
    endloop
  endfacet
  facet normal 0 0 -1
    outer loop
      vertex 8.007106781186549 -8.007106781186549 -0.00495
      vertex 8.073010453362738 -7.934393284163646 -0.00495
      vertex 8.04095112535496 -7.971558954847019 -0.00495
    endloop
  endfacet
  facet normal 0.7572088465064851 -0.6531728429537761 0
    outer loop
      vertex 8.04095112535496 -7.971558954847019 -0.00495
      vertex 8.073010453362738 -7.934393284163646 -0.00495
      vertex 8.04095112535496 -7.971558954847019 0.005050000000000001
    endloop
  endfacet
  facet normal 0.7572088465064851 -0.6531728429537761 -5.195272149007608e-17
    outer loop
      vertex 8.04095112535496 -7.971558954847019 0.005050000000000001
      vertex 8.073010453362738 -7.934393284163646 -0.00495
      vertex 8.073010453362738 -7.934393284163646 0.005050000000000001
    endloop
  endfacet
  facet normal 0.7883464276266051 -0.6152315905806282 0
    outer loop
      vertex 8.073010453362738 -7.934393284163646 -0.00495
      vertex 8.103207531480646 -7.895699304492434 0.005050000000000001
      vertex 8.073010453362738 -7.934393284163646 0.005050000000000001
    endloop
  endfacet
  facet normal 0.7883464276266051 -0.6152315905806282 -1.2258921321545644e-16
    outer loop
      vertex 8.073010453362738 -7.934393284163646 -0.00495
      vertex 8.103207531480646 -7.895699304492434 -0.00495
      vertex 8.103207531480646 -7.895699304492434 0.005050000000000001
    endloop
  endfacet
  facet normal 0 0 -1
    outer loop
      vertex 8.073010453362738 -7.934393284163646 -0.00495
      vertex 8.131469612302546 -7.855570233019603 -0.00495
      vertex 8.103207531480646 -7.895699304492434 -0.00495
    endloop
  endfacet
  facet normal 0 0 -1
    outer loop
      vertex 8.007106781186549 -8.007106781186549 -0.00495
      vertex 8.223879532511287 -7.68268343236509 -0.00495
      vertex 8.073010453362738 -7.934393284163646 -0.00495
    endloop
  endfacet
  facet normal 0.8175848131515888 -0.575808191417838 0
    outer loop
      vertex 8.103207531480646 -7.895699304492434 -0.00495
      vertex 8.131469612302546 -7.855570233019603 -0.00495
      vertex 8.103207531480646 -7.895699304492434 0.005050000000000001
    endloop
  endfacet
  facet normal 0 0 -1
    outer loop
      vertex 8.073010453362738 -7.934393284163646 -0.00495
      vertex 8.157728610000273 -7.814102744193223 -0.00495
      vertex 8.131469612302546 -7.855570233019603 -0.00495
    endloop
  endfacet
  facet normal 0.8175848131515888 -0.575808191417838 -7.808484056361628e-18
    outer loop
      vertex 8.103207531480646 -7.895699304492434 0.005050000000000001
      vertex 8.131469612302546 -7.855570233019603 -0.00495
      vertex 8.131469612302546 -7.855570233019603 0.005050000000000001
    endloop
  endfacet
  facet normal 0.8448535652496996 -0.5349976198871089 4.369913759878488e-17
    outer loop
      vertex 8.131469612302546 -7.855570233019603 -0.00495
      vertex 8.157728610000273 -7.814102744193223 -0.00495
      vertex 8.157728610000273 -7.814102744193223 0.005050000000000001
    endloop
  endfacet
  facet normal 0.8448535652496996 -0.5349976198871089 0
    outer loop
      vertex 8.131469612302546 -7.855570233019603 -0.00495
      vertex 8.157728610000273 -7.814102744193223 0.005050000000000001
      vertex 8.131469612302546 -7.855570233019603 0.005050000000000001
    endloop
  endfacet
  facet normal 0 0 -1
    outer loop
      vertex 8.073010453362738 -7.934393284163646 -0.00495
      vertex 8.223879532511287 -7.68268343236509 -0.00495
      vertex 8.157728610000273 -7.814102744193223 -0.00495
    endloop
  endfacet
  facet normal 0.8700869911087146 -0.49289819222977843 0
    outer loop
      vertex 8.157728610000273 -7.814102744193223 -0.00495
      vertex 8.181921264348356 -7.771396736825999 0.005050000000000001
      vertex 8.157728610000273 -7.814102744193223 0.005050000000000001
    endloop
  endfacet
  facet normal 0.8700869911087146 -0.49289819222977843 -1.0638569812861197e-16
    outer loop
      vertex 8.157728610000273 -7.814102744193223 -0.00495
      vertex 8.181921264348356 -7.771396736825999 -0.00495
      vertex 8.181921264348356 -7.771396736825999 0.005050000000000001
    endloop
  endfacet
  facet normal 0 0 -1
    outer loop
      vertex 8.157728610000273 -7.814102744193223 -0.00495
      vertex 8.223879532511287 -7.68268343236509 -0.00495
      vertex 8.181921264348356 -7.771396736825999 -0.00495
    endloop
  endfacet
  facet normal 0.8932243011955183 -0.4496113296546005 0
    outer loop
      vertex 8.181921264348356 -7.771396736825999 -0.00495
      vertex 8.203989293123444 -7.727555093430283 0.005050000000000001
      vertex 8.181921264348356 -7.771396736825999 0.005050000000000001
    endloop
  endfacet
  facet normal 0.8932243011955183 -0.4496113296546005 -6.462560192373798e-17
    outer loop
      vertex 8.181921264348356 -7.771396736825999 -0.00495
      vertex 8.203989293123444 -7.727555093430283 -0.00495
      vertex 8.203989293123444 -7.727555093430283 0.005050000000000001
    endloop
  endfacet
  facet normal 0 0 -1
    outer loop
      vertex 8.181921264348356 -7.771396736825999 -0.00495
      vertex 8.223879532511287 -7.68268343236509 -0.00495
      vertex 8.203989293123444 -7.727555093430283 -0.00495
    endloop
  endfacet
  facet normal 0 0 -1
    outer loop
      vertex 8.007106781186549 -8.007106781186549 -0.00495
      vertex 8.3 -7.300000000000001 -0.00495
      vertex 8.223879532511287 -7.68268343236509 -0.00495
    endloop
  endfacet
  facet normal 0.914209755703534 -0.4052413140049827 0
    outer loop
      vertex 8.203989293123444 -7.727555093430283 -0.00495
      vertex 8.223879532511287 -7.68268343236509 -0.00495
      vertex 8.203989293123444 -7.727555093430283 0.005050000000000001
    endloop
  endfacet
  facet normal 0.914209755703534 -0.4052413140049827 -1.0375808606099149e-16
    outer loop
      vertex 8.203989293123444 -7.727555093430283 0.005050000000000001
      vertex 8.223879532511287 -7.68268343236509 -0.00495
      vertex 8.223879532511287 -7.68268343236509 0.005050000000000001
    endloop
  endfacet
  facet normal 0.932992798834737 -0.35989503653499316 0
    outer loop
      vertex 8.223879532511287 -7.68268343236509 -0.00495
      vertex 8.241544065183021 -7.636889853392221 0.005050000000000001
      vertex 8.223879532511287 -7.68268343236509 0.005050000000000001
    endloop
  endfacet
  facet normal 0.932992798834737 -0.35989503653499316 -3.5145105410712124e-17
    outer loop
      vertex 8.223879532511287 -7.68268343236509 -0.00495
      vertex 8.241544065183021 -7.636889853392221 -0.00495
      vertex 8.241544065183021 -7.636889853392221 0.005050000000000001
    endloop
  endfacet
  facet normal 0.9495281805930307 -0.3136817403989097 0
    outer loop
      vertex 8.241544065183021 -7.636889853392221 -0.00495
      vertex 8.25694033573221 -7.590284677254463 0.005050000000000001
      vertex 8.241544065183021 -7.636889853392221 0.005050000000000001
    endloop
  endfacet
  facet normal 0 0 -1
    outer loop
      vertex 8.223879532511287 -7.68268343236509 -0.00495
      vertex 8.280785280403231 -7.495090322016129 -0.00495
      vertex 8.241544065183021 -7.636889853392221 -0.00495
    endloop
  endfacet
  facet normal 0.9495281805930307 -0.3136817403989097 -7.424109525557104e-17
    outer loop
      vertex 8.241544065183021 -7.636889853392221 -0.00495
      vertex 8.25694033573221 -7.590284677254463 -0.00495
      vertex 8.25694033573221 -7.590284677254463 0.005050000000000001
    endloop
  endfacet
  facet normal 0 0 -1
    outer loop
      vertex 8.241544065183021 -7.636889853392221 -0.00495
      vertex 8.280785280403231 -7.495090322016129 -0.00495
      vertex 8.25694033573221 -7.590284677254463 -0.00495
    endloop
  endfacet
  facet normal 0.9637760657954466 -0.2667127574748739 7.934497710735335e-17
    outer loop
      vertex 8.25694033573221 -7.590284677254463 -0.00495
      vertex 8.270031253194544 -7.542980179903265 -0.00495
      vertex 8.270031253194544 -7.542980179903265 0.005050000000000001
    endloop
  endfacet
  facet normal 0.9637760657954466 -0.2667127574748739 0
    outer loop
      vertex 8.25694033573221 -7.590284677254463 -0.00495
      vertex 8.270031253194544 -7.542980179903265 0.005050000000000001
      vertex 8.25694033573221 -7.590284677254463 0.005050000000000001
    endloop
  endfacet
  facet normal 0 0 -1
    outer loop
      vertex 8.25694033573221 -7.590284677254463 -0.00495
      vertex 8.280785280403231 -7.495090322016129 -0.00495
      vertex 8.270031253194544 -7.542980179903265 -0.00495
    endloop
  endfacet
  facet normal 0.9757021300385256 -0.21910124015688293 0
    outer loop
      vertex 8.270031253194544 -7.542980179903265 -0.00495
      vertex 8.280785280403231 -7.495090322016129 -0.00495
      vertex 8.270031253194544 -7.542980179903265 0.005050000000000001
    endloop
  endfacet
  facet normal 0 0 -1
    outer loop
      vertex 8.223879532511287 -7.68268343236509 -0.00495
      vertex 8.3 -7.300000000000001 -0.00495
      vertex 8.280785280403231 -7.495090322016129 -0.00495
    endloop
  endfacet
  facet normal 0.9757021300385256 -0.21910124015688293 9.260387099027372e-17
    outer loop
      vertex 8.270031253194544 -7.542980179903265 0.005050000000000001
      vertex 8.280785280403231 -7.495090322016129 -0.00495
      vertex 8.280785280403231 -7.495090322016129 0.005050000000000001
    endloop
  endfacet
  facet normal 0.9852776423889434 -0.17096188876028862 1.471406909311094e-17
    outer loop
      vertex 8.280785280403231 -7.495090322016129 -0.00495
      vertex 8.289176509964781 -7.446730474455363 -0.00495
      vertex 8.289176509964781 -7.446730474455363 0.005050000000000001
    endloop
  endfacet
  facet normal 0.9852776423889434 -0.17096188876028862 0
    outer loop
      vertex 8.280785280403231 -7.495090322016129 -0.00495
      vertex 8.289176509964781 -7.446730474455363 0.005050000000000001
      vertex 8.280785280403231 -7.495090322016129 0.005050000000000001
    endloop
  endfacet
  facet normal 0 0 -1
    outer loop
      vertex 8.280785280403231 -7.495090322016129 -0.00495
      vertex 8.295184726672197 -7.398017140329562 -0.00495
      vertex 8.289176509964781 -7.446730474455363 -0.00495
    endloop
  endfacet
  facet normal 0.9924795345987096 -0.12241067519921875 0
    outer loop
      vertex 8.289176509964781 -7.446730474455363 -0.00495
      vertex 8.295184726672197 -7.398017140329562 -0.00495
      vertex 8.289176509964781 -7.446730474455363 0.005050000000000001
    endloop
  endfacet
  facet normal 0 0 -1
    outer loop
      vertex 8.280785280403231 -7.495090322016129 -0.00495
      vertex 8.3 -7.300000000000001 -0.00495
      vertex 8.295184726672197 -7.398017140329562 -0.00495
    endloop
  endfacet
  facet normal 0.9924795345987096 -0.12241067519921875 6.899163172176291e-18
    outer loop
      vertex 8.289176509964781 -7.446730474455363 0.005050000000000001
      vertex 8.295184726672197 -7.398017140329562 -0.00495
      vertex 8.295184726672197 -7.398017140329562 0.005050000000000001
    endloop
  endfacet
  facet normal 0.9972904566786889 -0.07356456359968419 5.316206543072558e-18
    outer loop
      vertex 8.295184726672197 -7.398017140329562 -0.00495
      vertex 8.298795456205173 -7.349067674327419 -0.00495
      vertex 8.298795456205173 -7.349067674327419 0.005050000000000001
    endloop
  endfacet
  facet normal 0.9972904566786889 -0.07356456359968419 0
    outer loop
      vertex 8.295184726672197 -7.398017140329562 -0.00495
      vertex 8.298795456205173 -7.349067674327419 0.005050000000000001
      vertex 8.295184726672197 -7.398017140329562 0.005050000000000001
    endloop
  endfacet
  facet normal 0 0 -1
    outer loop
      vertex 8.295184726672197 -7.398017140329562 -0.00495
      vertex 8.3 -7.300000000000001 -0.00495
      vertex 8.298795456205173 -7.349067674327419 -0.00495
    endloop
  endfacet
  facet normal 0.9996988186962044 -0.024541228522907587 0
    outer loop
      vertex 8.298795456205173 -7.349067674327419 -0.00495
      vertex 8.3 -7.300000000000001 -0.00495
      vertex 8.298795456205173 -7.349067674327419 0.005050000000000001
    endloop
  endfacet
  facet normal 0.9996988186962044 -0.024541228522907587 -1.1764332665181406e-18
    outer loop
      vertex 8.298795456205173 -7.349067674327419 0.005050000000000001
      vertex 8.3 -7.300000000000001 -0.00495
      vertex 8.3 -7.300000000000001 0.005050000000000001
    endloop
  endfacet
  facet normal 0.023750684195776202 -0.9674956130081709 0.2517700216669495
    outer loop
      vertex 7.300000000000001 -8.3 0.005050000000000001
      vertex 7.349067674327419 -8.298795456205173 0.005050000000000001
      vertex 4.372250424226281 -6.543350254535769 7.031648981856926
    endloop
  endfacet
  facet normal 0.07084787483580408 -0.9604612056723597 0.26924867878904696
    outer loop
      vertex 7.349067674327419 -8.298795456205173 0.005050000000000001
      vertex 7.398017140329562 -8.295184726672197 0.005050000000000001
      vertex 4.58246462171455 -6.531272708811358 7.0381206331550965
    endloop
  endfacet
  facet normal 0.1173150729086227 -0.9511654826858322 0.28551952335255865
    outer loop
      vertex 7.398017140329562 -8.295184726672197 0.005050000000000001
      vertex 7.446730474455363 -8.289176509964781 0.005050000000000001
      vertex 4.687126930512117 -6.517482357588011 7.041057173818047
    endloop
  endfacet
  facet normal 0.16305620743254814 -0.9397160782499555 0.30057672148095127
    outer loop
      vertex 7.446730474455363 -8.289176509964781 0.005050000000000001
      vertex 7.495090322016129 -8.280785280403231 0.005050000000000001
      vertex 4.687126930512117 -6.517482357588011 7.041057173818047
    endloop
  endfacet
  facet normal 0.20798928334109315 -0.9262183392288567 0.31442017443446113
    outer loop
      vertex 7.495090322016129 -8.280785280403231 0.005050000000000001
      vertex 7.542980179903265 -8.270031253194544 0.005050000000000001
      vertex 4.894577612503623 -6.474755411572953 7.045491232685669
    endloop
  endfacet
  facet normal 0.2520450329242912 -0.9107737197683217 0.32705432692072356
    outer loop
      vertex 7.542980179903265 -8.270031253194544 0.005050000000000001
      vertex 7.590284677254463 -8.25694033573221 0.005050000000000001
      vertex 4.894577612503623 -6.474755411572953 7.045491232685669
    endloop
  endfacet
  facet normal 0.29516543718163185 -0.8934785307700859 0.33848704516761746
    outer loop
      vertex 7.590284677254463 -8.25694033573221 0.005050000000000001
      vertex 7.636889853392221 -8.241544065183021 0.005050000000000001
      vertex 5.097787962036124 -6.412197363678027 7.047969830979347
    endloop
  endfacet
  facet normal 0.3373021789563626 -0.8744230179649984 0.3487285846102579
    outer loop
      vertex 7.636889853392221 -8.241544065183021 0.005050000000000001
      vertex 7.68268343236509 -8.223879532511287 0.005050000000000001
      vertex 5.097787962036124 -6.412197363678027 7.047969830979347
    endloop
  endfacet
  facet normal 0.3784150776633885 -0.8536907362335876 0.3577906592771351
    outer loop
      vertex 7.68268343236509 -8.223879532511287 0.005050000000000001
      vertex 7.727555093430283 -8.203989293123444 0.005050000000000001
      vertex 5.294429956579282 -6.330215106280398 7.049266603697154
    endloop
  endfacet
  facet normal 0.4184705438483048 -0.8313581852729586 0.36568561868216426
    outer loop
      vertex 7.727555093430283 -8.203989293123444 0.005050000000000001
      vertex 7.771396736825999 -8.181921264348356 0.005050000000000001
      vertex 5.294429956579282 -6.330215106280398 7.049266603697154
    endloop
  endfacet
  facet normal 0.4574400813768562 -0.8074946719061395 0.37242573325849965
    outer loop
      vertex 7.771396736825999 -8.181921264348356 0.005050000000000001
      vertex 7.814102744193223 -8.157728610000273 0.005050000000000001
      vertex 5.389743272031909 -6.28223841505392 7.049266603697154
    endloop
  endfacet
  facet normal 0.4952988561156716 -0.7821623665199153 0.3780225860057476
    outer loop
      vertex 7.814102744193223 -8.157728610000273 0.005050000000000001
      vertex 7.855570233019603 -8.131469612302546 0.005050000000000001
      vertex 5.5732218696821825 -6.17296863468486 7.04777811112677
    endloop
  endfacet
  facet normal 0.5320243426951955 -0.7554165246303461 0.38248656590154234
    outer loop
      vertex 7.855570233019603 -8.131469612302546 0.005050000000000001
      vertex 7.895699304492434 -8.103207531480646 0.005050000000000001
      vertex 5.660913733956853 -6.111942531270265 7.04632948639937
    endloop
  endfacet
  facet normal 0.5675950553590765 -0.7273058488569466 0.38582645755624806
    outer loop
      vertex 7.895699304492434 -8.103207531480646 0.005050000000000001
      vertex 7.934393284163646 -8.073010453362738 0.005050000000000001
      vertex 5.745478086147719 -6.04673469365405 7.044846263923609
    endloop
  endfacet
  facet normal 0.6019893649187763 -0.6978729712000237 0.38804912136627656
    outer loop
      vertex 7.934393284163646 -8.073010453362738 0.005050000000000001
      vertex 7.971558954847019 -8.04095112535496 0.005050000000000001
      vertex 5.745478086147719 -6.04673469365405 7.044846263923609
    endloop
  endfacet
  facet normal 0.6351844013194091 -0.6671550401249878 0.38915925885982655
    outer loop
      vertex 7.971558954847019 -8.04095112535496 0.005050000000000001
      vertex 8.007106781186549 -8.007106781186549 0.005050000000000001
      vertex 5.8268510239896845 -5.977638183317367 7.04287471918166
    endloop
  endfacet
  facet normal 0.6671550401249879 -0.6351844013194092 0.3891592588598265
    outer loop
      vertex 8.007106781186549 -8.007106781186549 0.005050000000000001
      vertex 8.04095112535496 -7.971558954847019 0.005050000000000001
      vertex 5.904828907717292 -5.904828907717292 7.040420042373936
    endloop
  endfacet
  facet normal 0.6978729712000237 -0.6019893649187764 0.3880491213662767
    outer loop
      vertex 8.04095112535496 -7.971558954847019 0.005050000000000001
      vertex 8.073010453362738 -7.934393284163646 0.005050000000000001
      vertex 5.979217231624264 -5.828492363680824 7.037488689277693
    endloop
  endfacet
  facet normal 0.7273058488569466 -0.5675950553590765 0.385826457556248
    outer loop
      vertex 8.073010453362738 -7.934393284163646 0.005050000000000001
      vertex 8.103207531480646 -7.895699304492434 0.005050000000000001
      vertex 6.049831158205473 -5.748823089059713 7.034088360180233
    endloop
  endfacet
  facet normal 0.7554165246303461 -0.5320243426951956 0.3824865659015424
    outer loop
      vertex 8.103207531480646 -7.895699304492434 0.005050000000000001
      vertex 8.131469612302546 -7.855570233019603 0.005050000000000001
      vertex 6.11644455018159 -5.665966324596595 7.030409971214628
    endloop
  endfacet
  facet normal 0.7821623665199152 -0.49529885611567165 0.3780225860057478
    outer loop
      vertex 8.131469612302546 -7.855570233019603 0.005050000000000001
      vertex 8.157728610000273 -7.814102744193223 0.005050000000000001
      vertex 6.1788710248243035 -5.58010024790537 7.0265532409669085
    endloop
  endfacet
  facet normal 0.8074946719061395 -0.45744008137685616 0.3724257332584997
    outer loop
      vertex 8.157728610000273 -7.814102744193223 0.005050000000000001
      vertex 8.181921264348356 -7.771396736825999 0.005050000000000001
      vertex 6.237038301143357 -5.491530703518354 7.022246989069754
    endloop
  endfacet
  facet normal 0.8536907362335876 -0.37841507766338844 0.35779065927713505
    outer loop
      vertex 8.203989293123444 -7.727555093430283 0.005050000000000001
      vertex 8.223879532511287 -7.68268343236509 0.005050000000000001
      vertex 6.3400397581966 -5.307187421009078 7.0123320698351765
    endloop
  endfacet
  facet normal 0.8744230179649986 -0.33730217895636266 0.34872858461025774
    outer loop
      vertex 8.223879532511287 -7.68268343236509 0.005050000000000001
      vertex 8.241544065183021 -7.636889853392221 0.005050000000000001
      vertex 6.384625952608007 -5.211881131944535 7.00674924003522
    endloop
  endfacet
  facet normal 0.893478530770086 -0.2951654371816319 0.3384870451676175
    outer loop
      vertex 8.241544065183021 -7.636889853392221 0.005050000000000001
      vertex 8.25694033573221 -7.590284677254463 0.005050000000000001
      vertex 6.424432446678232 -5.114770047696081 7.000865195961325
    endloop
  endfacet
  facet normal 0.8313581852729585 -0.4184705438483048 0.36568561868216415
    outer loop
      vertex 8.181921264348356 -7.771396736825999 0.005050000000000001
      vertex 8.203989293123444 -7.727555093430283 0.005050000000000001
      vertex 6.290804559211994 -5.400482742002689 7.017502472684244
    endloop
  endfacet
  facet normal 0.9107737197683216 -0.25204503292429115 0.327054326920724
    outer loop
      vertex 8.25694033573221 -7.590284677254463 0.005050000000000001
      vertex 8.270031253194544 -7.542980179903265 0.005050000000000001
      vertex 6.459316891099068 -5.016025131679883 6.9948903266972
    endloop
  endfacet
  facet normal 0.9262183392288565 -0.20798928334109312 0.31442017443446124
    outer loop
      vertex 8.270031253194544 -7.542980179903265 0.005050000000000001
      vertex 8.280785280403231 -7.495090322016129 0.005050000000000001
      vertex 6.489279363666745 -4.916003440848334 6.988533394334582
    endloop
  endfacet
  facet normal 0.9397160782499555 -0.16305620743254817 0.30057672148095144
    outer loop
      vertex 8.280785280403231 -7.495090322016129 0.005050000000000001
      vertex 8.289176509964781 -7.446730474455363 0.005050000000000001
      vertex 6.514252325055882 -4.814956399710355 6.981810819495836
    endloop
  endfacet
  facet normal 0.9511654826858322 -0.11731507290862268 0.2855195233525587
    outer loop
      vertex 8.289176509964781 -7.446730474455363 0.005050000000000001
      vertex 8.295184726672197 -7.398017140329562 0.005050000000000001
      vertex 6.534181302572789 -4.713137327226634 6.974739916660273
    endloop
  endfacet
  facet normal 0.9604612056723597 -0.07084787483580408 0.26924867878904696
    outer loop
      vertex 8.295184726672197 -7.398017140329562 0.005050000000000001
      vertex 8.298795456205173 -7.349067674327419 0.005050000000000001
      vertex 6.549024962377097 -4.610800730166674 6.967338841341615
    endloop
  endfacet
  facet normal 0.9674956130081708 -0.023750684195776205 0.2517700216669495
    outer loop
      vertex 8.298795456205173 -7.349067674327419 0.005050000000000001
      vertex 8.3 -7.300000000000001 0.005050000000000001
      vertex 6.55875514038723 -4.508201600720202 6.9596265352643005
    endloop
  endfacet
  facet normal 0 0 -1
    outer loop
      vertex 6.5 -6.5 -0.00495
      vertex 6.5 6.5 -0.00495
      vertex 8.3 -7.300000000000001 -0.00495
    endloop
  endfacet
  facet normal 1 0 0
    outer loop
      vertex 8.3 -7.300000000000001 -0.00495
      vertex 8.3 7.300000000000001 0.005050000000000001
      vertex 8.3 -7.300000000000001 0.005050000000000001
    endloop
  endfacet
  facet normal 0.9701425001453319 0 0.24253562503633297
    outer loop
      vertex 8.3 -7.300000000000001 0.005050000000000001
      vertex 8.3 7.300000000000001 0.005050000000000001
      vertex 6.598543474351949 -1.5180711976286592 6.810876102592206
    endloop
  endfacet
  facet normal -2.242014674236206e-16 -0.9701425001453321 0.24253562503633214
    outer loop
      vertex 7.300000000000001 -8.3 0.005050000000000001
      vertex -1.0858427075073858 -6.562246023465023 6.95606590613991
      vertex -1.6351267919805288 -6.560629444955631 6.962532220177477
    endloop
  endfacet
  facet normal -3.084226153504852e-16 -0.970142500145332 0.2425356250363326
    outer loop
      vertex 7.300000000000001 -8.3 0.005050000000000001
      vertex -0.5416583201662378 -6.563208399948801 6.9522164002048
      vertex -1.0858427075073858 -6.562246023465023 6.95606590613991
    endloop
  endfacet
  facet normal 1.6327914391183785e-15 -0.9701425001453314 0.24253562503633447
    outer loop
      vertex 7.300000000000001 -8.3 0.005050000000000001
      vertex 0 -6.563527941129961 6.950938235480154
      vertex -0.5416583201662378 -6.563208399948801 6.9522164002048
    endloop
  endfacet
  facet normal -2.032451136930664e-16 -0.9701425001453319 0.24253562503633305
    outer loop
      vertex 7.300000000000001 -8.3 0.005050000000000001
      vertex 0.5416583201662378 -6.5632083999488 6.9522164002048
      vertex 0 -6.563527941129961 6.950938235480154
    endloop
  endfacet
  facet normal -1.490467262958611e-16 -0.9701425001453319 0.2425356250363331
    outer loop
      vertex 7.300000000000001 -8.3 0.005050000000000001
      vertex 1.0858427075073858 -6.562246023465022 6.956065906139911
      vertex 0.5416583201662378 -6.5632083999488 6.9522164002048
    endloop
  endfacet
  facet normal -7.825058814537755e-16 -0.9701425001453321 0.24253562503633255
    outer loop
      vertex 7.300000000000001 -8.3 0.005050000000000001
      vertex 1.6351267919805288 -6.560629444955631 6.962532220177477
      vertex 1.0858427075073858 -6.562246023465022 6.956065906139911
    endloop
  endfacet
  facet normal -2.082638494028497e-15 -0.9701425001453323 0.24253562503633175
    outer loop
      vertex 7.300000000000001 -8.3 0.005050000000000001
      vertex 2.192181246494176 -6.558339354397844 6.971692582408631
      vertex 1.6351267919805288 -6.560629444955631 6.962532220177477
    endloop
  endfacet
  facet normal 2.429821176794715e-15 -0.9701425001453314 0.2425356250363344
    outer loop
      vertex 7.300000000000001 -8.3 0.005050000000000001
      vertex 2.7598272356849094 -6.555347929397746 6.983658282409017
      vertex 2.192181246494176 -6.558339354397844 6.971692582408631
    endloop
  endfacet
  facet normal -9.682088272864623e-16 -0.970142500145332 0.2425356250363323
    outer loop
      vertex 7.300000000000001 -8.3 0.005050000000000001
      vertex 3.341096166615888 -6.551617994909964 6.998578020360145
      vertex 2.7598272356849094 -6.555347929397746 6.983658282409017
    endloop
  endfacet
  facet normal 8.749984203380126e-17 -0.9701425001453319 0.24253562503633302
    outer loop
      vertex 7.300000000000001 -8.3 0.005050000000000001
      vertex 3.9392985361563624 -6.547101863502841 7.0166425459886375
      vertex 3.341096166615888 -6.551617994909964 6.998578020360145
    endloop
  endfacet
  facet normal 1.1249069076399007e-15 -0.9701425001453318 0.24253562503633358
    outer loop
      vertex 7.300000000000001 -8.3 0.005050000000000001
      vertex 4.372250424226281 -6.543350254535769 7.031648981856926
      vertex 3.9392985361563624 -6.547101863502841 7.0166425459886375
    endloop
  endfacet
  facet normal 0.02375068419577998 -0.9674956130081702 0.2517700216669519
    outer loop
      vertex 7.349067674327419 -8.298795456205173 0.005050000000000001
      vertex 4.477388655850993 -6.539882104864855 7.035058103602083
      vertex 4.372250424226281 -6.543350254535769 7.031648981856926
    endloop
  endfacet
  facet normal 0.07084787483579008 -0.9604612056723622 0.2692486787890421
    outer loop
      vertex 7.349067674327419 -8.298795456205173 0.005050000000000001
      vertex 4.554721983647334 -6.533571585760281 7.037220070976872
      vertex 4.477388655850993 -6.539882104864855 7.035058103602083
    endloop
  endfacet
  facet normal 0.070847874835813 -0.9604612056723585 0.2692486787890487
    outer loop
      vertex 7.349067674327419 -8.298795456205173 0.005050000000000001
      vertex 4.58246462171455 -6.531272708811358 7.0381206331550965
      vertex 4.554721983647334 -6.533571585760281 7.037220070976872
    endloop
  endfacet
  facet normal 0.11731507290861438 -0.9511654826858341 0.28551952335255604
    outer loop
      vertex 7.398017140329562 -8.295184726672197 0.005050000000000001
      vertex 4.687126930512117 -6.517482357588011 7.041057173818047
      vertex 4.58246462171455 -6.531272708811358 7.0381206331550965
    endloop
  endfacet
  facet normal 0.16305620743256063 -0.9397160782499518 0.3005767214809559
    outer loop
      vertex 7.495090322016129 -8.280785280403231 0.005050000000000001
      vertex 4.791252179651578 -6.49862837225034 7.043516196375102
      vertex 4.687126930512117 -6.517482357588011 7.041057173818047
    endloop
  endfacet
  facet normal 0.20798928334107208 -0.9262183392288635 0.3144201744344549
    outer loop
      vertex 7.495090322016129 -8.280785280403231 0.005050000000000001
      vertex 4.894577612503623 -6.474755411572953 7.045491232685669
      vertex 4.791252179651578 -6.49862837225034 7.043516196375102
    endloop
  endfacet
  facet normal 0.2520450329243129 -0.9107737197683132 0.32705432692073055
    outer loop
      vertex 7.590284677254463 -8.25694033573221 0.005050000000000001
      vertex 4.9968423145754315 -6.4459213957534836 7.046977082598274
      vertex 4.894577612503623 -6.474755411572953 7.045491232685669
    endloop
  endfacet
  facet normal 0.2951654371816281 -0.8934785307700872 0.3384870451676173
    outer loop
      vertex 7.590284677254463 -8.25694033573221 0.005050000000000001
      vertex 5.097787962036124 -6.412197363678027 7.047969830979347
      vertex 4.9968423145754315 -6.4459213957534836 7.046977082598274
    endloop
  endfacet
  facet normal 0.33730217895634323 -0.8744230179650085 0.3487285846102512
    outer loop
      vertex 7.68268343236509 -8.223879532511287 0.005050000000000001
      vertex 5.136288363510531 -6.397269321787238 7.048162399462126
      vertex 5.097787962036124 -6.412197363678027 7.047969830979347
    endloop
  endfacet
  facet normal 0.33730217895637193 -0.8744230179649939 0.3487285846102606
    outer loop
      vertex 7.68268343236509 -8.223879532511287 0.005050000000000001
      vertex 5.197052589013362 -6.373587655182806 7.048770002989161
      vertex 5.136288363510531 -6.397269321787238 7.048162399462126
    endloop
  endfacet
  facet normal 0.37841507766339333 -0.853690736233585 0.3577906592771359
    outer loop
      vertex 7.68268343236509 -8.223879532511287 0.005050000000000001
      vertex 5.294429956579282 -6.330215106280398 7.049266603697154
      vertex 5.197052589013362 -6.373587655182806 7.048770002989161
    endloop
  endfacet
  facet normal 0.41847054384830307 -0.8313581852729597 0.36568561868216387
    outer loop
      vertex 7.771396736825999 -8.181921264348356 0.005050000000000001
      vertex 5.389743272031909 -6.28223841505392 7.049266603697154
      vertex 5.294429956579282 -6.330215106280398 7.049266603697154
    endloop
  endfacet
  facet normal 0.4574400813768675 -0.8074946719061322 0.37242573325850137
    outer loop
      vertex 7.814102744193223 -8.157728610000273 0.005050000000000001
      vertex 5.482752040091974 -6.229778636653956 7.048770002989161
      vertex 5.389743272031909 -6.28223841505392 7.049266603697154
    endloop
  endfacet
  facet normal 0.4952988561156544 -0.7821623665199269 0.37802258600574623
    outer loop
      vertex 7.814102744193223 -8.157728610000273 0.005050000000000001
      vertex 5.5732218696821825 -6.17296863468486 7.04777811112677
      vertex 5.482752040091974 -6.229778636653956 7.048770002989161
    endloop
  endfacet
  facet normal 0.532024342695203 -0.7554165246303401 0.38248656590154345
    outer loop
      vertex 7.855570233019603 -8.131469612302546 0.005050000000000001
      vertex 5.654537906251697 -6.116396352072014 7.046401660731885
      vertex 5.5732218696821825 -6.17296863468486 7.04777811112677
    endloop
  endfacet
  facet normal 0.532024342695188 -0.7554165246303527 0.3824865659015398
    outer loop
      vertex 7.855570233019603 -8.131469612302546 0.005050000000000001
      vertex 5.660913733956853 -6.111942531270265 7.04632948639937
      vertex 5.654537906251697 -6.116396352072014 7.046401660731885
    endloop
  endfacet
  facet normal 0.567595055359073 -0.7273058488569498 0.3858264575562474
    outer loop
      vertex 7.895699304492434 -8.103207531480646 0.005050000000000001
      vertex 5.745478086147719 -6.04673469365405 7.044846263923609
      vertex 5.660913733956853 -6.111942531270265 7.04632948639937
    endloop
  endfacet
  facet normal 0.6019893649187833 -0.6978729712000172 0.38804912136627717
    outer loop
      vertex 7.971558954847019 -8.04095112535496 0.005050000000000001
      vertex 5.8268510239896845 -5.977638183317367 7.04287471918166
      vertex 5.745478086147719 -6.04673469365405 7.044846263923609
    endloop
  endfacet
  facet normal 0.6351844013194058 -0.6671550401249909 0.38915925885982666
    outer loop
      vertex 8.007106781186549 -8.007106781186549 0.005050000000000001
      vertex 5.904828907717292 -5.904828907717292 7.040420042373936
      vertex 5.8268510239896845 -5.977638183317367 7.04287471918166
    endloop
  endfacet
  facet normal 0.6671550401249875 -0.6351844013194098 0.3891592588598264
    outer loop
      vertex 8.04095112535496 -7.971558954847019 0.005050000000000001
      vertex 5.979217231624264 -5.828492363680824 7.037488689277693
      vertex 5.904828907717292 -5.904828907717292 7.040420042373936
    endloop
  endfacet
  facet normal 0.6978729712000193 -0.6019893649187812 0.388049121366277
    outer loop
      vertex 8.073010453362738 -7.934393284163646 0.005050000000000001
      vertex 6.049831158205473 -5.748823089059713 7.034088360180233
      vertex 5.979217231624264 -5.828492363680824 7.037488689277693
    endloop
  endfacet
  facet normal 0.7273058488569563 -0.5675950553590648 0.3858264575562471
    outer loop
      vertex 8.103207531480646 -7.895699304492434 0.005050000000000001
      vertex 6.090302868942743 -5.698556468307027 7.031744750700063
      vertex 6.049831158205473 -5.748823089059713 7.034088360180233
    endloop
  endfacet
  facet normal 0.7273058488569415 -0.5675950553590817 0.38582645755624967
    outer loop
      vertex 8.103207531480646 -7.895699304492434 0.005050000000000001
      vertex 6.11644455018159 -5.665966324596595 7.030409971214628
      vertex 6.090302868942743 -5.698556468307027 7.031744750700063
    endloop
  endfacet
  facet normal 0.7554165246303454 -0.5320243426951966 0.38248656590154223
    outer loop
      vertex 8.131469612302546 -7.855570233019603 0.005050000000000001
      vertex 6.1788710248243035 -5.58010024790537 7.0265532409669085
      vertex 6.11644455018159 -5.665966324596595 7.030409971214628
    endloop
  endfacet
  facet normal 0.7821623665199187 -0.49529885611566665 0.3780225860057474
    outer loop
      vertex 8.157728610000273 -7.814102744193223 0.005050000000000001
      vertex 6.237038301143357 -5.491530703518354 7.022246989069754
      vertex 6.1788710248243035 -5.58010024790537 7.0265532409669085
    endloop
  endfacet
  facet normal 0.8074946719061337 -0.45744008137686515 0.37242573325850153
    outer loop
      vertex 8.181921264348356 -7.771396736825999 0.005050000000000001
      vertex 6.290804559211994 -5.400482742002689 7.017502472684244
      vertex 6.237038301143357 -5.491530703518354 7.022246989069754
    endloop
  endfacet
  facet normal 0.8313581852729623 -0.41847054384829846 0.36568561868216254
    outer loop
      vertex 8.203989293123444 -7.727555093430283 0.005050000000000001
      vertex 6.3400397581966 -5.307187421009078 7.0123320698351765
      vertex 6.290804559211994 -5.400482742002689 7.017502472684244
    endloop
  endfacet
  facet normal 0.8536907362335797 -0.37841507766340304 0.3577906592771386
    outer loop
      vertex 8.223879532511287 -7.68268343236509 0.005050000000000001
      vertex 6.384625952608007 -5.211881131944535 7.00674924003522
      vertex 6.3400397581966 -5.307187421009078 7.0123320698351765
    endloop
  endfacet
  facet normal 0.8744230179650053 -0.33730217895634945 0.348728584610254
    outer loop
      vertex 8.241544065183021 -7.636889853392221 0.005050000000000001
      vertex 6.414905586701812 -5.138084668012974 7.002202721585742
      vertex 6.384625952608007 -5.211881131944535 7.00674924003522
    endloop
  endfacet
  facet normal 0.8744230179649989 -0.3373021789563616 0.3487285846102579
    outer loop
      vertex 8.241544065183021 -7.636889853392221 0.005050000000000001
      vertex 6.424432446678232 -5.114770047696081 7.000865195961325
      vertex 6.414905586701812 -5.138084668012974 7.002202721585742
    endloop
  endfacet
  facet normal 0.8934785307700926 -0.29516543718161625 0.33848704516761313
    outer loop
      vertex 8.25694033573221 -7.590284677254463 0.005050000000000001
      vertex 6.459316891099068 -5.016025131679883 6.9948903266972
      vertex 6.424432446678232 -5.114770047696081 7.000865195961325
    endloop
  endfacet
  facet normal 0.9107737197683131 -0.2520450329243143 0.32705432692073
    outer loop
      vertex 8.270031253194544 -7.542980179903265 0.005050000000000001
      vertex 6.489279363666745 -4.916003440848334 6.988533394334582
      vertex 6.459316891099068 -5.016025131679883 6.9948903266972
    endloop
  endfacet
  facet normal 0.9262183392288604 -0.20798928334108185 0.3144201744344577
    outer loop
      vertex 8.280785280403231 -7.495090322016129 0.005050000000000001
      vertex 6.514252325055882 -4.814956399710355 6.981810819495836
      vertex 6.489279363666745 -4.916003440848334 6.988533394334582
    endloop
  endfacet
  facet normal 0.939716078249954 -0.1630562074325538 0.30057672148095305
    outer loop
      vertex 8.289176509964781 -7.446730474455363 0.005050000000000001
      vertex 6.534181302572789 -4.713137327226634 6.974739916660273
      vertex 6.514252325055882 -4.814956399710355 6.981810819495836
    endloop
  endfacet
  facet normal 0.9511654826858328 -0.1173150729086204 0.285519523352558
    outer loop
      vertex 8.295184726672197 -7.398017140329562 0.005050000000000001
      vertex 6.549024962377097 -4.610800730166674 6.967338841341615
      vertex 6.534181302572789 -4.713137327226634 6.974739916660273
    endloop
  endfacet
  facet normal 0.9604612056723607 -0.07084787483579746 0.26924867878904485
    outer loop
      vertex 8.298795456205173 -7.349067674327419 0.005050000000000001
      vertex 6.55875514038723 -4.508201600720202 6.9596265352643005
      vertex 6.549024962377097 -4.610800730166674 6.967338841341615
    endloop
  endfacet
  facet normal 0.9701425001453309 -1.28654528618056e-14 0.24253562503633766
    outer loop
      vertex 8.3 -7.300000000000001 0.005050000000000001
      vertex 6.563713280100915 -4.387642851096026 6.950196879596344
      vertex 6.563356832554071 -4.4055947209234505 6.95162266978372
    endloop
  endfacet
  facet normal 0.9674956130081706 -0.023750684195779657 0.2517700216669506
    outer loop
      vertex 8.3 -7.300000000000001 0.005050000000000001
      vertex 6.563356832554071 -4.4055947209234505 6.95162266978372
      vertex 6.55875514038723 -4.508201600720202 6.9596265352643005
    endloop
  endfacet
  facet normal 0.9701425001453321 8.607353929930138e-16 0.24253562503633258
    outer loop
      vertex 8.3 -7.300000000000001 0.005050000000000001
      vertex 6.579643002011361 -3.554818195061102 6.886477991954558
      vertex 6.563713280100915 -4.387642851096026 6.950196879596344
    endloop
  endfacet
  facet normal 0.9701425001453323 3.3097216423287093e-15 0.24253562503633194
    outer loop
      vertex 8.3 -7.300000000000001 0.005050000000000001
      vertex 6.581428483754159 -3.457543063715683 6.879336064983363
      vertex 6.579643002011361 -3.554818195061102 6.886477991954558
    endloop
  endfacet
  facet normal 0.9701425001453318 -2.648295042265414e-16 0.24253562503633316
    outer loop
      vertex 8.3 -7.300000000000001 0.005050000000000001
      vertex 6.5874447518525185 -2.805625258207052 6.855270992589927
      vertex 6.581428483754159 -3.457543063715683 6.879336064983363
    endloop
  endfacet
  facet normal 0.9701425001453319 3.908201901890405e-16 0.24253562503633302
    outer loop
      vertex 8.3 -7.300000000000001 0.005050000000000001
      vertex 6.593397826506935 -2.1308978265069376 6.831458693972259
      vertex 6.5874447518525185 -2.805625258207052 6.855270992589927
    endloop
  endfacet
  facet normal 0.9701425001453318 -9.384847976498054e-16 0.24253562503633394
    outer loop
      vertex 8.3 -7.300000000000001 0.005050000000000001
      vertex 6.598543474351949 -1.5180711976286592 6.810876102592206
      vertex 6.593397826506935 -2.1308978265069376 6.831458693972259
    endloop
  endfacet
  facet normal 0 0.9701425001453319 0.24253562503633294
    outer loop
      vertex -7.300000000000001 8.3 0.005050000000000001
      vertex 0.9209600016474724 7.509406463135497 3.1674241474580143
      vertex 7.300000000000001 8.3 0.005050000000000001
    endloop
  endfacet
  facet normal 0 0 -1
    outer loop
      vertex -6.5 6.5 -0.00495
      vertex 8.007106781186549 8.007106781186549 -0.00495
      vertex 6.5 6.5 -0.00495
    endloop
  endfacet
  facet normal 0 1 0
    outer loop
      vertex -7.300000000000001 8.3 -0.00495
      vertex 7.300000000000001 8.3 0.005050000000000001
      vertex 7.300000000000001 8.3 -0.00495
    endloop
  endfacet
  facet normal 0 0 -1
    outer loop
      vertex -7.300000000000001 8.3 -0.00495
      vertex 7.300000000000001 8.3 -0.00495
      vertex 8.007106781186549 8.007106781186549 -0.00495
    endloop
  endfacet
  facet normal 2.2456357445274026e-16 0.9701425001453318 0.2425356250363333
    outer loop
      vertex 7.300000000000001 8.3 0.005050000000000001
      vertex 0.9209600016474724 7.509406463135497 3.1674241474580143
      vertex 0.14112000167369843 7.045930586017557 5.021327655929771
    endloop
  endfacet
  facet normal 0 0 -1
    outer loop
      vertex 8.3 -7.300000000000001 -0.00495
      vertex 6.5 6.5 -0.00495
      vertex 8.007106781186549 8.007106781186549 -0.00495
    endloop
  endfacet
  facet normal 1 0 0
    outer loop
      vertex 8.3 -7.300000000000001 -0.00495
      vertex 8.3 7.300000000000001 -0.00495
      vertex 8.3 7.300000000000001 0.005050000000000001
    endloop
  endfacet
  facet normal 0 0 -1
    outer loop
      vertex 8.3 -7.300000000000001 -0.00495
      vertex 8.007106781186549 8.007106781186549 -0.00495
      vertex 8.3 7.300000000000001 -0.00495
    endloop
  endfacet
  facet normal 0.024541228522907587 0.9996988186962044 0
    outer loop
      vertex 7.300000000000001 8.3 -0.00495
      vertex 7.300000000000001 8.3 0.005050000000000001
      vertex 7.349067674327419 8.298795456205173 0.005050000000000001
    endloop
  endfacet
  facet normal 0.024541228522907587 0.9996988186962044 1.1764332665181406e-18
    outer loop
      vertex 7.300000000000001 8.3 -0.00495
      vertex 7.349067674327419 8.298795456205173 0.005050000000000001
      vertex 7.349067674327419 8.298795456205173 -0.00495
    endloop
  endfacet
  facet normal 0 0 -1
    outer loop
      vertex 7.300000000000001 8.3 -0.00495
      vertex 7.349067674327419 8.298795456205173 -0.00495
      vertex 7.398017140329562 8.295184726672197 -0.00495
    endloop
  endfacet
  facet normal 0.07356456359968419 0.9972904566786889 0
    outer loop
      vertex 7.349067674327419 8.298795456205173 -0.00495
      vertex 7.349067674327419 8.298795456205173 0.005050000000000001
      vertex 7.398017140329562 8.295184726672197 -0.00495
    endloop
  endfacet
  facet normal 0.07356456359968419 0.9972904566786889 -5.316206543072558e-18
    outer loop
      vertex 7.349067674327419 8.298795456205173 0.005050000000000001
      vertex 7.398017140329562 8.295184726672197 0.005050000000000001
      vertex 7.398017140329562 8.295184726672197 -0.00495
    endloop
  endfacet
  facet normal 0 0 -1
    outer loop
      vertex 7.300000000000001 8.3 -0.00495
      vertex 7.398017140329562 8.295184726672197 -0.00495
      vertex 7.495090322016129 8.280785280403231 -0.00495
    endloop
  endfacet
  facet normal 0.12241067519921875 0.9924795345987096 0
    outer loop
      vertex 7.398017140329562 8.295184726672197 -0.00495
      vertex 7.398017140329562 8.295184726672197 0.005050000000000001
      vertex 7.446730474455363 8.289176509964781 0.005050000000000001
    endloop
  endfacet
  facet normal 0.12241067519921875 0.9924795345987096 -6.899163172176291e-18
    outer loop
      vertex 7.398017140329562 8.295184726672197 -0.00495
      vertex 7.446730474455363 8.289176509964781 0.005050000000000001
      vertex 7.446730474455363 8.289176509964781 -0.00495
    endloop
  endfacet
  facet normal 0 0 -1
    outer loop
      vertex 7.398017140329562 8.295184726672197 -0.00495
      vertex 7.446730474455363 8.289176509964781 -0.00495
      vertex 7.495090322016129 8.280785280403231 -0.00495
    endloop
  endfacet
  facet normal 0.17096188876028862 0.9852776423889434 0
    outer loop
      vertex 7.446730474455363 8.289176509964781 -0.00495
      vertex 7.446730474455363 8.289176509964781 0.005050000000000001
      vertex 7.495090322016129 8.280785280403231 -0.00495
    endloop
  endfacet
  facet normal 0.17096188876028862 0.9852776423889434 -1.471406909311094e-17
    outer loop
      vertex 7.446730474455363 8.289176509964781 0.005050000000000001
      vertex 7.495090322016129 8.280785280403231 0.005050000000000001
      vertex 7.495090322016129 8.280785280403231 -0.00495
    endloop
  endfacet
  facet normal 0 0 -1
    outer loop
      vertex 7.300000000000001 8.3 -0.00495
      vertex 7.495090322016129 8.280785280403231 -0.00495
      vertex 7.68268343236509 8.223879532511287 -0.00495
    endloop
  endfacet
  facet normal 0.21910124015688293 0.9757021300385256 0
    outer loop
      vertex 7.495090322016129 8.280785280403231 -0.00495
      vertex 7.495090322016129 8.280785280403231 0.005050000000000001
      vertex 7.542980179903265 8.270031253194544 -0.00495
    endloop
  endfacet
  facet normal 0 0 -1
    outer loop
      vertex 7.495090322016129 8.280785280403231 -0.00495
      vertex 7.542980179903265 8.270031253194544 -0.00495
      vertex 7.590284677254463 8.25694033573221 -0.00495
    endloop
  endfacet
  facet normal 0.21910124015688293 0.9757021300385256 -9.260387099027372e-17
    outer loop
      vertex 7.495090322016129 8.280785280403231 0.005050000000000001
      vertex 7.542980179903265 8.270031253194544 0.005050000000000001
      vertex 7.542980179903265 8.270031253194544 -0.00495
    endloop
  endfacet
  facet normal 0.2667127574748739 0.9637760657954466 -7.934497710735335e-17
    outer loop
      vertex 7.542980179903265 8.270031253194544 -0.00495
      vertex 7.590284677254463 8.25694033573221 0.005050000000000001
      vertex 7.590284677254463 8.25694033573221 -0.00495
    endloop
  endfacet
  facet normal 0.2667127574748739 0.9637760657954466 0
    outer loop
      vertex 7.542980179903265 8.270031253194544 -0.00495
      vertex 7.542980179903265 8.270031253194544 0.005050000000000001
      vertex 7.590284677254463 8.25694033573221 0.005050000000000001
    endloop
  endfacet
  facet normal 0 0 -1
    outer loop
      vertex 7.495090322016129 8.280785280403231 -0.00495
      vertex 7.590284677254463 8.25694033573221 -0.00495
      vertex 7.68268343236509 8.223879532511287 -0.00495
    endloop
  endfacet
  facet normal 0.3136817403989097 0.9495281805930307 0
    outer loop
      vertex 7.590284677254463 8.25694033573221 -0.00495
      vertex 7.590284677254463 8.25694033573221 0.005050000000000001
      vertex 7.636889853392221 8.241544065183021 -0.00495
    endloop
  endfacet
  facet normal 0 0 -1
    outer loop
      vertex 7.590284677254463 8.25694033573221 -0.00495
      vertex 7.636889853392221 8.241544065183021 -0.00495
      vertex 7.68268343236509 8.223879532511287 -0.00495
    endloop
  endfacet
  facet normal 0.3136817403989097 0.9495281805930307 7.424109525557104e-17
    outer loop
      vertex 7.590284677254463 8.25694033573221 0.005050000000000001
      vertex 7.636889853392221 8.241544065183021 0.005050000000000001
      vertex 7.636889853392221 8.241544065183021 -0.00495
    endloop
  endfacet
  facet normal 0 0 -1
    outer loop
      vertex 7.300000000000001 8.3 -0.00495
      vertex 7.68268343236509 8.223879532511287 -0.00495
      vertex 8.007106781186549 8.007106781186549 -0.00495
    endloop
  endfacet
  facet normal 0.35989503653499316 0.932992798834737 3.5145105410712124e-17
    outer loop
      vertex 7.636889853392221 8.241544065183021 -0.00495
      vertex 7.68268343236509 8.223879532511287 0.005050000000000001
      vertex 7.68268343236509 8.223879532511287 -0.00495
    endloop
  endfacet
  facet normal 0.4052413140049827 0.914209755703534 1.0375808606099149e-16
    outer loop
      vertex 7.68268343236509 8.223879532511287 -0.00495
      vertex 7.727555093430283 8.203989293123444 0.005050000000000001
      vertex 7.727555093430283 8.203989293123444 -0.00495
    endloop
  endfacet
  facet normal 0.4052413140049827 0.914209755703534 0
    outer loop
      vertex 7.68268343236509 8.223879532511287 -0.00495
      vertex 7.68268343236509 8.223879532511287 0.005050000000000001
      vertex 7.727555093430283 8.203989293123444 0.005050000000000001
    endloop
  endfacet
  facet normal 0.35989503653499316 0.932992798834737 0
    outer loop
      vertex 7.636889853392221 8.241544065183021 -0.00495
      vertex 7.636889853392221 8.241544065183021 0.005050000000000001
      vertex 7.68268343236509 8.223879532511287 0.005050000000000001
    endloop
  endfacet
  facet normal 0.4496113296546005 0.8932243011955183 0
    outer loop
      vertex 7.727555093430283 8.203989293123444 -0.00495
      vertex 7.727555093430283 8.203989293123444 0.005050000000000001
      vertex 7.771396736825999 8.181921264348356 -0.00495
    endloop
  endfacet
  facet normal 0 0 -1
    outer loop
      vertex 7.68268343236509 8.223879532511287 -0.00495
      vertex 7.727555093430283 8.203989293123444 -0.00495
      vertex 7.771396736825999 8.181921264348356 -0.00495
    endloop
  endfacet
  facet normal 0 0 -1
    outer loop
      vertex 7.68268343236509 8.223879532511287 -0.00495
      vertex 7.771396736825999 8.181921264348356 -0.00495
      vertex 7.855570233019603 8.131469612302546 -0.00495
    endloop
  endfacet
  facet normal 0.4496113296546005 0.8932243011955183 6.462560192373798e-17
    outer loop
      vertex 7.727555093430283 8.203989293123444 0.005050000000000001
      vertex 7.771396736825999 8.181921264348356 0.005050000000000001
      vertex 7.771396736825999 8.181921264348356 -0.00495
    endloop
  endfacet
  facet normal 0.9996988186962044 0.024541228522907587 0
    outer loop
      vertex 8.3 7.300000000000001 -0.00495
      vertex 8.298795456205173 7.349067674327419 0.005050000000000001
      vertex 8.3 7.300000000000001 0.005050000000000001
    endloop
  endfacet
  facet normal 0.9996988186962044 0.024541228522907587 1.1764332665181406e-18
    outer loop
      vertex 8.3 7.300000000000001 -0.00495
      vertex 8.298795456205173 7.349067674327419 -0.00495
      vertex 8.298795456205173 7.349067674327419 0.005050000000000001
    endloop
  endfacet
  facet normal 0 0 -1
    outer loop
      vertex 8.3 7.300000000000001 -0.00495
      vertex 8.289176509964781 7.446730474455363 -0.00495
      vertex 8.298795456205173 7.349067674327419 -0.00495
    endloop
  endfacet
  facet normal 0.9972904566786889 0.07356456359968419 -5.316206543072558e-18
    outer loop
      vertex 8.298795456205173 7.349067674327419 -0.00495
      vertex 8.295184726672197 7.398017140329562 -0.00495
      vertex 8.295184726672197 7.398017140329562 0.005050000000000001
    endloop
  endfacet
  facet normal 0.9972904566786889 0.07356456359968419 0
    outer loop
      vertex 8.298795456205173 7.349067674327419 -0.00495
      vertex 8.295184726672197 7.398017140329562 0.005050000000000001
      vertex 8.298795456205173 7.349067674327419 0.005050000000000001
    endloop
  endfacet
  facet normal 0 0 -1
    outer loop
      vertex 8.298795456205173 7.349067674327419 -0.00495
      vertex 8.289176509964781 7.446730474455363 -0.00495
      vertex 8.295184726672197 7.398017140329562 -0.00495
    endloop
  endfacet
  facet normal 0 0 -1
    outer loop
      vertex 8.3 7.300000000000001 -0.00495
      vertex 8.280785280403231 7.495090322016129 -0.00495
      vertex 8.289176509964781 7.446730474455363 -0.00495
    endloop
  endfacet
  facet normal 0.9924795345987096 0.12241067519921875 0
    outer loop
      vertex 8.295184726672197 7.398017140329562 -0.00495
      vertex 8.289176509964781 7.446730474455363 -0.00495
      vertex 8.295184726672197 7.398017140329562 0.005050000000000001
    endloop
  endfacet
  facet normal 0.9924795345987096 0.12241067519921875 -6.899163172176291e-18
    outer loop
      vertex 8.295184726672197 7.398017140329562 0.005050000000000001
      vertex 8.289176509964781 7.446730474455363 -0.00495
      vertex 8.289176509964781 7.446730474455363 0.005050000000000001
    endloop
  endfacet
  facet normal 0.9852776423889434 0.17096188876028862 -1.471406909311094e-17
    outer loop
      vertex 8.289176509964781 7.446730474455363 -0.00495
      vertex 8.280785280403231 7.495090322016129 -0.00495
      vertex 8.280785280403231 7.495090322016129 0.005050000000000001
    endloop
  endfacet
  facet normal 0.9852776423889434 0.17096188876028862 0
    outer loop
      vertex 8.289176509964781 7.446730474455363 -0.00495
      vertex 8.280785280403231 7.495090322016129 0.005050000000000001
      vertex 8.289176509964781 7.446730474455363 0.005050000000000001
    endloop
  endfacet
  facet normal 0 0 -1
    outer loop
      vertex 8.3 7.300000000000001 -0.00495
      vertex 8.223879532511287 7.68268343236509 -0.00495
      vertex 8.280785280403231 7.495090322016129 -0.00495
    endloop
  endfacet
  facet normal 0.9757021300385256 0.21910124015688293 0
    outer loop
      vertex 8.280785280403231 7.495090322016129 -0.00495
      vertex 8.270031253194544 7.542980179903265 0.005050000000000001
      vertex 8.280785280403231 7.495090322016129 0.005050000000000001
    endloop
  endfacet
  facet normal 0.9637760657954466 0.2667127574748739 0
    outer loop
      vertex 8.270031253194544 7.542980179903265 -0.00495
      vertex 8.25694033573221 7.590284677254463 -0.00495
      vertex 8.270031253194544 7.542980179903265 0.005050000000000001
    endloop
  endfacet
  facet normal 0 0 -1
    outer loop
      vertex 8.280785280403231 7.495090322016129 -0.00495
      vertex 8.241544065183021 7.636889853392221 -0.00495
      vertex 8.25694033573221 7.590284677254463 -0.00495
    endloop
  endfacet
  facet normal 0.9637760657954466 0.2667127574748739 -7.934497710735335e-17
    outer loop
      vertex 8.270031253194544 7.542980179903265 0.005050000000000001
      vertex 8.25694033573221 7.590284677254463 -0.00495
      vertex 8.25694033573221 7.590284677254463 0.005050000000000001
    endloop
  endfacet
  facet normal 0.9757021300385256 0.21910124015688293 -9.260387099027372e-17
    outer loop
      vertex 8.280785280403231 7.495090322016129 -0.00495
      vertex 8.270031253194544 7.542980179903265 -0.00495
      vertex 8.270031253194544 7.542980179903265 0.005050000000000001
    endloop
  endfacet
  facet normal 0 0 -1
    outer loop
      vertex 8.280785280403231 7.495090322016129 -0.00495
      vertex 8.25694033573221 7.590284677254463 -0.00495
      vertex 8.270031253194544 7.542980179903265 -0.00495
    endloop
  endfacet
  facet normal 0 0 -1
    outer loop
      vertex 8.280785280403231 7.495090322016129 -0.00495
      vertex 8.223879532511287 7.68268343236509 -0.00495
      vertex 8.241544065183021 7.636889853392221 -0.00495
    endloop
  endfacet
  facet normal 0.9495281805930307 0.3136817403989097 0
    outer loop
      vertex 8.25694033573221 7.590284677254463 -0.00495
      vertex 8.241544065183021 7.636889853392221 -0.00495
      vertex 8.25694033573221 7.590284677254463 0.005050000000000001
    endloop
  endfacet
  facet normal 0.9495281805930307 0.3136817403989097 7.424109525557104e-17
    outer loop
      vertex 8.25694033573221 7.590284677254463 0.005050000000000001
      vertex 8.241544065183021 7.636889853392221 -0.00495
      vertex 8.241544065183021 7.636889853392221 0.005050000000000001
    endloop
  endfacet
  facet normal 0 0 -1
    outer loop
      vertex 8.3 7.300000000000001 -0.00495
      vertex 8.007106781186549 8.007106781186549 -0.00495
      vertex 8.223879532511287 7.68268343236509 -0.00495
    endloop
  endfacet
  facet normal 0.932992798834737 0.35989503653499316 3.5145105410712124e-17
    outer loop
      vertex 8.241544065183021 7.636889853392221 -0.00495
      vertex 8.223879532511287 7.68268343236509 -0.00495
      vertex 8.223879532511287 7.68268343236509 0.005050000000000001
    endloop
  endfacet
  facet normal 0.914209755703534 0.4052413140049827 1.0375808606099149e-16
    outer loop
      vertex 8.223879532511287 7.68268343236509 -0.00495
      vertex 8.203989293123444 7.727555093430283 -0.00495
      vertex 8.203989293123444 7.727555093430283 0.005050000000000001
    endloop
  endfacet
  facet normal 0.914209755703534 0.4052413140049827 0
    outer loop
      vertex 8.223879532511287 7.68268343236509 -0.00495
      vertex 8.203989293123444 7.727555093430283 0.005050000000000001
      vertex 8.223879532511287 7.68268343236509 0.005050000000000001
    endloop
  endfacet
  facet normal 0.8932243011955183 0.4496113296546005 6.462560192373798e-17
    outer loop
      vertex 8.181921264348356 7.771396736825999 -0.00495
      vertex 8.203989293123444 7.727555093430283 0.005050000000000001
      vertex 8.203989293123444 7.727555093430283 -0.00495
    endloop
  endfacet
  facet normal 0 0 -1
    outer loop
      vertex 8.223879532511287 7.68268343236509 -0.00495
      vertex 8.131469612302546 7.855570233019603 -0.00495
      vertex 8.181921264348356 7.771396736825999 -0.00495
    endloop
  endfacet
  facet normal 0.8932243011955183 0.4496113296546005 0
    outer loop
      vertex 8.181921264348356 7.771396736825999 -0.00495
      vertex 8.181921264348356 7.771396736825999 0.005050000000000001
      vertex 8.203989293123444 7.727555093430283 0.005050000000000001
    endloop
  endfacet
  facet normal 0 0 -1
    outer loop
      vertex 8.223879532511287 7.68268343236509 -0.00495
      vertex 8.181921264348356 7.771396736825999 -0.00495
      vertex 8.203989293123444 7.727555093430283 -0.00495
    endloop
  endfacet
  facet normal 0.932992798834737 0.35989503653499316 0
    outer loop
      vertex 8.241544065183021 7.636889853392221 -0.00495
      vertex 8.223879532511287 7.68268343236509 0.005050000000000001
      vertex 8.241544065183021 7.636889853392221 0.005050000000000001
    endloop
  endfacet
  facet normal 0 0 -1
    outer loop
      vertex 8.007106781186549 8.007106781186549 -0.00495
      vertex 8.04095112535496 7.971558954847019 -0.00495
      vertex 8.073010453362738 7.934393284163646 -0.00495
    endloop
  endfacet
  facet normal 0.6895405447370607 0.7242470829514729 0
    outer loop
      vertex 8.007106781186549 8.007106781186549 -0.00495
      vertex 7.971558954847019 8.04095112535496 -0.00495
      vertex 8.007106781186549 8.007106781186549 0.005050000000000001
    endloop
  endfacet
  facet normal 0.6895405447370607 0.7242470829514729 1.8613048138239457e-16
    outer loop
      vertex 8.007106781186549 8.007106781186549 0.005050000000000001
      vertex 7.971558954847019 8.04095112535496 -0.00495
      vertex 7.971558954847019 8.04095112535496 0.005050000000000001
    endloop
  endfacet
  facet normal 0.7242470829514729 0.6895405447370607 1.8613048138239457e-16
    outer loop
      vertex 8.007106781186549 8.007106781186549 -0.00495
      vertex 8.04095112535496 7.971558954847019 0.005050000000000001
      vertex 8.04095112535496 7.971558954847019 -0.00495
    endloop
  endfacet
  facet normal 0.7242470829514729 0.6895405447370607 0
    outer loop
      vertex 8.007106781186549 8.007106781186549 -0.00495
      vertex 8.007106781186549 8.007106781186549 0.005050000000000001
      vertex 8.04095112535496 7.971558954847019 0.005050000000000001
    endloop
  endfacet
  facet normal 0.49289819222977843 0.8700869911087146 1.0638569812861197e-16
    outer loop
      vertex 7.771396736825999 8.181921264348356 -0.00495
      vertex 7.814102744193223 8.157728610000273 0.005050000000000001
      vertex 7.814102744193223 8.157728610000273 -0.00495
    endloop
  endfacet
  facet normal 0.5349976198871089 0.8448535652496996 0
    outer loop
      vertex 7.814102744193223 8.157728610000273 -0.00495
      vertex 7.814102744193223 8.157728610000273 0.005050000000000001
      vertex 7.855570233019603 8.131469612302546 -0.00495
    endloop
  endfacet
  facet normal 0 0 -1
    outer loop
      vertex 7.771396736825999 8.181921264348356 -0.00495
      vertex 7.814102744193223 8.157728610000273 -0.00495
      vertex 7.855570233019603 8.131469612302546 -0.00495
    endloop
  endfacet
  facet normal 0.5349976198871089 0.8448535652496996 -4.369913759878488e-17
    outer loop
      vertex 7.814102744193223 8.157728610000273 0.005050000000000001
      vertex 7.855570233019603 8.131469612302546 0.005050000000000001
      vertex 7.855570233019603 8.131469612302546 -0.00495
    endloop
  endfacet
  facet normal 0 0 -1
    outer loop
      vertex 7.895699304492434 8.103207531480646 -0.00495
      vertex 7.971558954847019 8.04095112535496 -0.00495
      vertex 7.855570233019603 8.131469612302546 -0.00495
    endloop
  endfacet
  facet normal 0.6152315905806282 0.7883464276266051 0
    outer loop
      vertex 7.895699304492434 8.103207531480646 -0.00495
      vertex 7.895699304492434 8.103207531480646 0.005050000000000001
      vertex 7.934393284163646 8.073010453362738 0.005050000000000001
    endloop
  endfacet
  facet normal 0 0 -1
    outer loop
      vertex 7.68268343236509 8.223879532511287 -0.00495
      vertex 7.855570233019603 8.131469612302546 -0.00495
      vertex 8.007106781186549 8.007106781186549 -0.00495
    endloop
  endfacet
  facet normal 0.575808191417838 0.8175848131515888 7.808484056361628e-18
    outer loop
      vertex 7.895699304492434 8.103207531480646 0.005050000000000001
      vertex 7.855570233019603 8.131469612302546 -0.00495
      vertex 7.855570233019603 8.131469612302546 0.005050000000000001
    endloop
  endfacet
  facet normal 0.575808191417838 0.8175848131515888 0
    outer loop
      vertex 7.895699304492434 8.103207531480646 -0.00495
      vertex 7.855570233019603 8.131469612302546 -0.00495
      vertex 7.895699304492434 8.103207531480646 0.005050000000000001
    endloop
  endfacet
  facet normal 0.49289819222977843 0.8700869911087146 0
    outer loop
      vertex 7.771396736825999 8.181921264348356 -0.00495
      vertex 7.771396736825999 8.181921264348356 0.005050000000000001
      vertex 7.814102744193223 8.157728610000273 0.005050000000000001
    endloop
  endfacet
  facet normal 0 0 -1
    outer loop
      vertex 7.895699304492434 8.103207531480646 -0.00495
      vertex 7.934393284163646 8.073010453362738 -0.00495
      vertex 7.971558954847019 8.04095112535496 -0.00495
    endloop
  endfacet
  facet normal 0.6152315905806282 0.7883464276266051 1.2258921321545644e-16
    outer loop
      vertex 7.895699304492434 8.103207531480646 -0.00495
      vertex 7.934393284163646 8.073010453362738 0.005050000000000001
      vertex 7.934393284163646 8.073010453362738 -0.00495
    endloop
  endfacet
  facet normal 0 0 -1
    outer loop
      vertex 8.007106781186549 8.007106781186549 -0.00495
      vertex 7.855570233019603 8.131469612302546 -0.00495
      vertex 7.971558954847019 8.04095112535496 -0.00495
    endloop
  endfacet
  facet normal 0.6531728429537761 0.7572088465064851 0
    outer loop
      vertex 7.934393284163646 8.073010453362738 -0.00495
      vertex 7.934393284163646 8.073010453362738 0.005050000000000001
      vertex 7.971558954847019 8.04095112535496 -0.00495
    endloop
  endfacet
  facet normal 0.6531728429537761 0.7572088465064851 5.195272149007608e-17
    outer loop
      vertex 7.934393284163646 8.073010453362738 0.005050000000000001
      vertex 7.971558954847019 8.04095112535496 0.005050000000000001
      vertex 7.971558954847019 8.04095112535496 -0.00495
    endloop
  endfacet
  facet normal 0 0 -1
    outer loop
      vertex 8.103207531480646 7.895699304492434 -0.00495
      vertex 8.131469612302546 7.855570233019603 -0.00495
      vertex 8.073010453362738 7.934393284163646 -0.00495
    endloop
  endfacet
  facet normal 0.7883464276266051 0.6152315905806282 0
    outer loop
      vertex 8.103207531480646 7.895699304492434 -0.00495
      vertex 8.073010453362738 7.934393284163646 -0.00495
      vertex 8.103207531480646 7.895699304492434 0.005050000000000001
    endloop
  endfacet
  facet normal 0.8700869911087146 0.49289819222977843 1.0638569812861197e-16
    outer loop
      vertex 8.181921264348356 7.771396736825999 -0.00495
      vertex 8.157728610000273 7.814102744193223 -0.00495
      vertex 8.157728610000273 7.814102744193223 0.005050000000000001
    endloop
  endfacet
  facet normal 0.8448535652496996 0.5349976198871089 0
    outer loop
      vertex 8.157728610000273 7.814102744193223 -0.00495
      vertex 8.131469612302546 7.855570233019603 -0.00495
      vertex 8.157728610000273 7.814102744193223 0.005050000000000001
    endloop
  endfacet
  facet normal 0 0 -1
    outer loop
      vertex 8.181921264348356 7.771396736825999 -0.00495
      vertex 8.131469612302546 7.855570233019603 -0.00495
      vertex 8.157728610000273 7.814102744193223 -0.00495
    endloop
  endfacet
  facet normal 0.8448535652496996 0.5349976198871089 -4.369913759878488e-17
    outer loop
      vertex 8.157728610000273 7.814102744193223 0.005050000000000001
      vertex 8.131469612302546 7.855570233019603 -0.00495
      vertex 8.131469612302546 7.855570233019603 0.005050000000000001
    endloop
  endfacet
  facet normal 0 0 -1
    outer loop
      vertex 8.223879532511287 7.68268343236509 -0.00495
      vertex 8.007106781186549 8.007106781186549 -0.00495
      vertex 8.131469612302546 7.855570233019603 -0.00495
    endloop
  endfacet
  facet normal 0.8175848131515888 0.575808191417838 7.808484056361628e-18
    outer loop
      vertex 8.103207531480646 7.895699304492434 0.005050000000000001
      vertex 8.131469612302546 7.855570233019603 0.005050000000000001
      vertex 8.131469612302546 7.855570233019603 -0.00495
    endloop
  endfacet
  facet normal 0.8175848131515888 0.575808191417838 0
    outer loop
      vertex 8.103207531480646 7.895699304492434 -0.00495
      vertex 8.103207531480646 7.895699304492434 0.005050000000000001
      vertex 8.131469612302546 7.855570233019603 -0.00495
    endloop
  endfacet
  facet normal 0 0 -1
    outer loop
      vertex 8.007106781186549 8.007106781186549 -0.00495
      vertex 8.073010453362738 7.934393284163646 -0.00495
      vertex 8.131469612302546 7.855570233019603 -0.00495
    endloop
  endfacet
  facet normal 0.7572088465064851 0.6531728429537761 5.195272149007608e-17
    outer loop
      vertex 8.073010453362738 7.934393284163646 -0.00495
      vertex 8.04095112535496 7.971558954847019 -0.00495
      vertex 8.04095112535496 7.971558954847019 0.005050000000000001
    endloop
  endfacet
  facet normal 0.7572088465064851 0.6531728429537761 0
    outer loop
      vertex 8.073010453362738 7.934393284163646 -0.00495
      vertex 8.04095112535496 7.971558954847019 0.005050000000000001
      vertex 8.073010453362738 7.934393284163646 0.005050000000000001
    endloop
  endfacet
  facet normal 0.7883464276266051 0.6152315905806282 1.2258921321545644e-16
    outer loop
      vertex 8.103207531480646 7.895699304492434 0.005050000000000001
      vertex 8.073010453362738 7.934393284163646 -0.00495
      vertex 8.073010453362738 7.934393284163646 0.005050000000000001
    endloop
  endfacet
  facet normal 0.8700869911087146 0.49289819222977843 0
    outer loop
      vertex 8.181921264348356 7.771396736825999 -0.00495
      vertex 8.157728610000273 7.814102744193223 0.005050000000000001
      vertex 8.181921264348356 7.771396736825999 0.005050000000000001
    endloop
  endfacet
  facet normal 0.023750684195776202 0.9674956130081709 0.2517700216669496
    outer loop
      vertex 7.300000000000001 8.3 0.005050000000000001
      vertex 4.644707255381168 6.642365326961636 6.625454139157429
      vertex 7.349067674327419 8.298795456205173 0.005050000000000001
    endloop
  endfacet
  facet normal 0.07084787483580408 0.9604612056723596 0.26924867878904685
    outer loop
      vertex 7.349067674327419 8.298795456205173 0.005050000000000001
      vertex 4.745916622741338 6.633673550936789 6.629827958537391
      vertex 7.398017140329562 8.295184726672197 0.005050000000000001
    endloop
  endfacet
  facet normal 0.11731507290862267 0.9511654826858322 0.28551952335255865
    outer loop
      vertex 7.398017140329562 8.295184726672197 0.005050000000000001
      vertex 4.846746248469379 6.619959618443805 6.634084705366135
      vertex 7.446730474455363 8.289176509964781 0.005050000000000001
    endloop
  endfacet
  facet normal 0.16305620743254812 0.9397160782499554 0.3005767214809513
    outer loop
      vertex 7.446730474455363 8.289176509964781 0.005050000000000001
      vertex 4.946949720295594 6.601251914426755 6.638213874645413
      vertex 7.495090322016129 8.280785280403231 0.005050000000000001
    endloop
  endfacet
  facet normal 0.20798928334109315 0.9262183392288568 0.31442017443446113
    outer loop
      vertex 7.495090322016129 8.280785280403231 0.005050000000000001
      vertex 5.046281686198653 6.577591234922755 6.642205256166785
      vertex 7.542980179903265 8.270031253194544 0.005050000000000001
    endloop
  endfacet
  facet normal 0.25204503292429115 0.9107737197683217 0.3270543269207238
    outer loop
      vertex 7.542980179903265 8.270031253194544 0.005050000000000001
      vertex 5.081533857093403 6.56734024126615 6.6435848466903975
      vertex 7.590284677254463 8.25694033573221 0.005050000000000001
    endloop
  endfacet
  facet normal 0.29516543718163185 0.8934785307700859 0.3384870451676175
    outer loop
      vertex 7.590284677254463 8.25694033573221 0.005050000000000001
      vertex 5.241266003207596 6.515568985844497 6.649992756913628
      vertex 7.636889853392221 8.241544065183021 0.005050000000000001
    endloop
  endfacet
  facet normal 0.3373021789563626 0.8744230179649986 0.3487285846102578
    outer loop
      vertex 7.636889853392221 8.241544065183021 0.005050000000000001
      vertex 5.336473523886275 6.477371941580315 6.653682361384441
      vertex 7.68268343236509 8.223879532511287 0.005050000000000001
    endloop
  endfacet
  facet normal 0.3784150776633884 0.8536907362335876 0.357790659277135
    outer loop
      vertex 7.68268343236509 8.223879532511287 0.005050000000000001
      vertex 5.429850815279324 6.434504074220889 6.657205444616629
      vertex 7.727555093430283 8.203989293123444 0.005050000000000001
    endloop
  endfacet
  facet normal 0.45744008137685616 0.8074946719061397 0.37242573325849976
    outer loop
      vertex 7.771396736825999 8.181921264348356 0.005050000000000001
      vertex 5.610098578965845 6.335090015073221 6.664017352262115
      vertex 7.814102744193223 8.157728610000273 0.005050000000000001
    endloop
  endfacet
  facet normal 0.41847054384830473 0.8313581852729585 0.36568561868216415
    outer loop
      vertex 7.727555093430283 8.203989293123444 0.005050000000000001
      vertex 5.521129126658396 6.3870359678311495 6.6606666531452134
      vertex 7.771396736825999 8.181921264348356 0.005050000000000001
    endloop
  endfacet
  facet normal 0.49529885611567165 0.7821623665199154 0.37802258600574773
    outer loop
      vertex 7.814102744193223 8.157728610000273 0.005050000000000001
      vertex 5.696561543156112 6.278807372959025 6.667184245814359
      vertex 7.855570233019603 8.131469612302546 0.005050000000000001
    endloop
  endfacet
  facet normal 0.5320243426951955 0.7554165246303459 0.3824865659015424
    outer loop
      vertex 7.895699304492434 8.103207531480646 0.005050000000000001
      vertex 7.855570233019603 8.131469612302546 0.005050000000000001
      vertex 5.780303886589229 6.2183229533747655 6.670159421721996
    endloop
  endfacet
  facet normal 0.5675950553590765 0.7273058488569465 0.3858264575562481
    outer loop
      vertex 7.895699304492434 8.103207531480646 0.005050000000000001
      vertex 5.861056905542421 6.1537258462978395 6.673131844972597
      vertex 7.934393284163646 8.073010453362738 0.005050000000000001
    endloop
  endfacet
  facet normal 0.9674956130081709 0.02375068419577621 0.2517700216669496
    outer loop
      vertex 8.3 7.300000000000001 0.005050000000000001
      vertex 8.298795456205173 7.349067674327419 0.005050000000000001
      vertex 6.623970340384036 4.614674794168797 6.698975046033051
    endloop
  endfacet
  facet normal 0.9604612056723597 0.0708478748358041 0.26924867878904696
    outer loop
      vertex 8.298795456205173 7.349067674327419 0.005050000000000001
      vertex 8.295184726672197 7.398017140329562 0.005050000000000001
      vertex 6.616393289808888 4.718333907589827 6.69872782193266
    endloop
  endfacet
  facet normal 0.9511654826858323 0.1173150729086227 0.2855195233525587
    outer loop
      vertex 8.295184726672197 7.398017140329562 0.005050000000000001
      vertex 8.289176509964781 7.446730474455363 0.005050000000000001
      vertex 6.603785834197242 4.8215538458947504 6.69831636850841
    endloop
  endfacet
  facet normal 0.9397160782499555 0.16305620743254814 0.30057672148095127
    outer loop
      vertex 8.289176509964781 7.446730474455363 0.005050000000000001
      vertex 8.280785280403231 7.495090322016129 0.005050000000000001
      vertex 6.603785834197242 4.8215538458947504 6.69831636850841
    endloop
  endfacet
  facet normal 0.9262183392288568 0.20798928334109315 0.31442017443446124
    outer loop
      vertex 8.280785280403231 7.495090322016129 0.005050000000000001
      vertex 8.270031253194544 7.542980179903265 0.005050000000000001
      vertex 6.56359729600923 5.0256377367356375 6.697084569000109
    endloop
  endfacet
  facet normal 0.9107737197683217 0.25204503292429115 0.3270543269207236
    outer loop
      vertex 8.270031253194544 7.542980179903265 0.005050000000000001
      vertex 8.25694033573221 7.590284677254463 0.005050000000000001
      vertex 6.56359729600923 5.0256377367356375 6.697084569000109
    endloop
  endfacet
  facet normal 0.7821623665199153 0.4952988561156717 0.3780225860057477
    outer loop
      vertex 8.157728610000273 7.814102744193223 0.005050000000000001
      vertex 8.131469612302546 7.855570233019603 0.005050000000000001
      vertex 6.273178591550892 5.69000201616008 6.6874252247607515
    endloop
  endfacet
  facet normal 0.755416524630346 0.5320243426951954 0.38248656590154223
    outer loop
      vertex 8.103207531480646 7.895699304492434 0.005050000000000001
      vertex 6.213996106720206 5.775447890793335 6.685459513164538
      vertex 8.131469612302546 7.855570233019603 0.005050000000000001
    endloop
  endfacet
  facet normal 0.7273058488569466 0.5675950553590765 0.3858264575562481
    outer loop
      vertex 8.103207531480646 7.895699304492434 0.005050000000000001
      vertex 8.073010453362738 7.934393284163646 0.005050000000000001
      vertex 6.213996106720206 5.775447890793335 6.685459513164538
    endloop
  endfacet
  facet normal 0.8744230179649986 0.3373021789563626 0.3487285846102579
    outer loop
      vertex 8.241544065183021 7.636889853392221 0.005050000000000001
      vertex 8.223879532511287 7.68268343236509 0.005050000000000001
      vertex 6.4667947824541665 5.322264461369635 6.693947655862853
    endloop
  endfacet
  facet normal 0.8536907362335877 0.37841507766338844 0.357790659277135
    outer loop
      vertex 8.223879532511287 7.68268343236509 0.005050000000000001
      vertex 8.203989293123444 7.727555093430283 0.005050000000000001
      vertex 6.4251173099510455 5.417661954818431 6.692493795362903
    endloop
  endfacet
  facet normal 0.8313581852729585 0.4184705438483048 0.36568561868216415
    outer loop
      vertex 8.181921264348356 7.771396736825999 0.005050000000000001
      vertex 6.4251173099510455 5.417661954818431 6.692493795362903
      vertex 8.203989293123444 7.727555093430283 0.005050000000000001
    endloop
  endfacet
  facet normal 0.893478530770086 0.29516543718163185 0.3384870451676174
    outer loop
      vertex 8.25694033573221 7.590284677254463 0.005050000000000001
      vertex 8.241544065183021 7.636889853392221 0.005050000000000001
      vertex 6.503834799271418 5.224979153209881 6.69516895847671
    endloop
  endfacet
  facet normal 0.8074946719061397 0.4574400813768562 0.37242573325849976
    outer loop
      vertex 8.181921264348356 7.771396736825999 0.005050000000000001
      vertex 8.157728610000273 7.814102744193223 0.005050000000000001
      vertex 6.328157407416178 5.601715405146013 6.6893454717163925
    endloop
  endfacet
  facet normal 0.667155040124988 0.6351844013194092 0.3891592588598266
    outer loop
      vertex 8.007106781186549 8.007106781186549 0.005050000000000001
      vertex 6.0837438721933585 5.937142443097778 6.680955194129
      vertex 8.04095112535496 7.971558954847019 0.005050000000000001
    endloop
  endfacet
  facet normal 0.6351844013194092 0.6671550401249879 0.3891592588598265
    outer loop
      vertex 8.007106781186549 8.007106781186549 0.005050000000000001
      vertex 7.971558954847019 8.04095112535496 0.005050000000000001
      vertex 6.012981459167927 6.012981459167927 6.678482531598326
    endloop
  endfacet
  facet normal 0.6019893649187763 0.6978729712000236 0.3880491213662768
    outer loop
      vertex 7.934393284163646 8.073010453362738 0.005050000000000001
      vertex 5.938679813441119 6.085222896950288 6.6759103379743525
      vertex 7.971558954847019 8.04095112535496 0.005050000000000001
    endloop
  endfacet
  facet normal 0.6978729712000237 0.6019893649187764 0.38804912136627684
    outer loop
      vertex 8.073010453362738 7.934393284163646 0.005050000000000001
      vertex 8.04095112535496 7.971558954847019 0.005050000000000001
      vertex 6.0837438721933585 5.937142443097778 6.680955194129
    endloop
  endfacet
  facet normal 0 0.9701425001453317 0.24253562503633352
    outer loop
      vertex -0.43800000101327896 7.373882406671371 3.709520373314517
      vertex 0.4327000007033348 7.373882406671371 3.709520373314517
      vertex 0.6524199992418289 7.509406463135497 3.1674241474580143
    endloop
  endfacet
  facet normal 9.737289730831798e-16 0.9701425001453315 0.2425356250363343
    outer loop
      vertex -0.11522000283002853 7.1719132917508395 4.517396832996643
      vertex 0.10992000252008438 7.172572988253102 4.514758046987591
      vertex 0.3540399968624115 7.324870808420996 3.90556676631602
    endloop
  endfacet
  facet normal 1.529978182904587e-19 0.9701425001453319 0.24253562503633297
    outer loop
      vertex -0.10181591659784317 7.163718473826444 4.550176104694224
      vertex 0.09473300725221634 7.162724933727018 4.554150265091928
      vertex 0.10221383720636368 7.167595452085031 4.534668191659876
    endloop
  endfacet
  facet normal 2.3263576357677808e-15 0.9701425001453342 0.24253562503632364
    outer loop
      vertex -0.11075183749198914 7.169222638524625 4.528159445901504
      vertex 0.10221383720636368 7.167595452085031 4.534668191659876
      vertex 0.10992000252008438 7.172572988253102 4.514758046987591
    endloop
  endfacet
  facet normal 1.2381214240198658e-15 0.970142500145337 0.2425356250363121
    outer loop
      vertex -0.09288055449724197 7.158050490905807 4.572848036376776
      vertex 0.08747750520706177 7.1579614331790635 4.5732042672837485
      vertex 0.09473300725221634 7.162724933727018 4.554150265091928
    endloop
  endfacet
  facet normal -9.968902673727665e-16 0.9701425001453264 0.24253562503635437
    outer loop
      vertex -0.08841308206319809 7.155155070322612 4.5844297187095515
      vertex 0.08044733852148056 7.153304950441166 4.5918301982353364
      vertex 0.08747750520706177 7.1579614331790635 4.5732042672837485
    endloop
  endfacet
  facet normal -2.5014457116549513e-15 0.9701425001453376 0.24253562503630982
    outer loop
      vertex -0.07947854697704315 7.14924136368235 4.608084545270601
      vertex 0.07364249229431152 7.148755485513328 4.610028057946692
      vertex 0.08044733852148056 7.153304950441166 4.5918301982353364
    endloop
  endfacet
  facet normal -2.1260702281422083e-15 0.9701425001453292 0.24253562503634365
    outer loop
      vertex -0.0750114843249321 7.146223077625281 4.620157689498876
      vertex 0.06706297397613525 7.144313038395547 4.627797846417815
      vertex 0.07364249229431152 7.148755485513328 4.610028057946692
    endloop
  endfacet
  facet normal -2.1587472415382298e-15 0.9701425001453321 0.24253562503633228
    outer loop
      vertex -0.052678272128105164 7.130517343461972 4.682980626152114
      vertex 0.04299820214509964 7.127613429832035 4.694596280671862
      vertex 0.04867640137672424 7.1316278039025525 4.678538784389793
    endloop
  endfacet
  facet normal -3.2726800299947335e-16 0.9701425001453254 0.24253562503635878
    outer loop
      vertex -0.04374594986438751 7.123948371160003 4.70925651535999
      vertex 0.037545330822467804 7.123706071764544 4.710225712941825
      vertex 0.04299820214509964 7.127613429832035 4.694596280671862
    endloop
  endfacet
  facet normal 4.057542709272493e-15 0.9701425001453381 0.2425356250363076
    outer loop
      vertex -0.0392799973487854 7.120602454079113 4.722640183683552
      vertex 0.032317787408828735 7.119905731507112 4.725427073971555
      vertex 0.037545330822467804 7.123706071764544 4.710225712941825
    endloop
  endfacet
  facet normal 2.4091930965276807e-15 0.9701425001453283 0.24253562503634749
    outer loop
      vertex -0.0392799973487854 7.120602454079113 4.722640183683552
      vertex 0.027315571904182434 7.116212409059737 4.740200363761053
      vertex 0.032317787408828735 7.119905731507112 4.725427073971555
    endloop
  endfacet
  facet normal 5.9521649685895025e-15 0.9701425001453314 0.24253562503633488
    outer loop
      vertex -0.0392799973487854 7.120602454079113 4.722640183683552
      vertex 0.0225386843085289 7.112626104422421 4.754545582310319
      vertex 0.027315571904182434 7.116212409059737 4.740200363761053
    endloop
  endfacet
  facet normal 5.988437338429108e-15 0.9701425001453315 0.24253562503633486
    outer loop
      vertex -0.0392799973487854 7.120602454079113 4.722640183683552
      vertex 0.017987124621868134 7.109146817595162 4.768462729619353
      vertex 0.0225386843085289 7.112626104422421 4.754545582310319
    endloop
  endfacet
  facet normal -1.6973936260818646e-15 0.9701425001453321 0.2425356250363324
    outer loop
      vertex -0.06607778370380402 7.140063647265395 4.644795410938422
      vertex 0.06070879101753235 7.139977609087824 4.645139563648707
      vertex 0.06706297397613525 7.144313038395547 4.627797846417815
    endloop
  endfacet
  facet normal -3.65481540112819e-15 0.9701425001453323 0.24253562503633175
    outer loop
      vertex -0.06161113828420639 7.136922499348514 4.6573600026059445
      vertex 0.054579928517341614 7.135749197590159 4.662053209639366
      vertex 0.06070879101753235 7.139977609087824 4.645139563648707
    endloop
  endfacet
  facet normal 1.014281405253132e-15 0.9701425001453349 0.242535625036321
    outer loop
      vertex -0.057144634425640106 7.1337403986830505 4.6700884052678004
      vertex 0.04867640137672424 7.1316278039025525 4.678538784389793
      vertex 0.054579928517341614 7.135749197590159 4.662053209639366
    endloop
  endfacet
  facet normal -4.016185910652605e-18 0.9701425001453319 0.24253562503633302
    outer loop
      vertex 7.300000000000001 8.3 0.005050000000000001
      vertex 0.14112000167369843 7.045930586017557 5.021327655929771
      vertex 2.6355383816138205 6.665721154367148 6.542165382531408
    endloop
  endfacet
  facet normal -6.938350158981628e-17 0.9701425001453318 0.24253562503633322
    outer loop
      vertex 2.6355383816138205 6.665721154367148 6.542165382531408
      vertex 0.14112000167369843 7.045930586017557 5.021327655929771
      vertex -0.15320000052452087 7.045930586017557 5.021327655929771
    endloop
  endfacet
  facet normal 0.9701425001453318 9.318402063011002e-16 0.24253562503633375
    outer loop
      vertex 8.3 7.300000000000001 0.005050000000000001
      vertex 6.603008671053467 -0.9564491719913213 6.793015315786133
      vertex 6.598543474351949 -1.5180711976286592 6.810876102592206
    endloop
  endfacet
  facet normal 0.9701425001453317 4.727227397257601e-16 0.24253562503633377
    outer loop
      vertex 8.3 7.300000000000001 0.005050000000000001
      vertex 6.606893412425512 -0.437506108486495 6.7774763502979525
      vertex 6.603008671053467 -0.9564491719913213 6.793015315786133
    endloop
  endfacet
  facet normal 0.9701425001453325 -2.1473459214486693e-15 0.24253562503633058
    outer loop
      vertex 8.3 7.300000000000001 0.005050000000000001
      vertex 6.610277317093613 0.045653905995550914 6.763940731625554
      vertex 6.606893412425512 -0.437506108486495 6.7774763502979525
    endloop
  endfacet
  facet normal 0.9701425001453313 2.522049666725986e-15 0.24253562503633547
    outer loop
      vertex 8.3 7.300000000000001 0.005050000000000001
      vertex 6.613224356630964 0.4986858633719165 6.752152573476145
      vertex 6.610277317093613 0.045653905995550914 6.763940731625554
    endloop
  endfacet
  facet normal 0.9701425001453322 -1.0088945764766848e-15 0.2425356250363319
    outer loop
      vertex 8.3 7.300000000000001 0.005050000000000001
      vertex 6.615786300994649 0.9262885490476624 6.741904796021407
      vertex 6.613224356630964 0.4986858633719165 6.752152573476145
    endloop
  endfacet
  facet normal 0.9701425001453319 2.0739570832780952e-16 0.24253562503633297
    outer loop
      vertex 8.3 7.300000000000001 0.005050000000000001
      vertex 6.618005264587458 1.3324166231868158 6.73302894165017
      vertex 6.615786300994649 0.9262885490476624 6.741904796021407
    endloop
  endfacet
  facet normal 0.9701425001453318 1.2944725484685084e-15 0.24253562503633375
    outer loop
      vertex 8.3 7.300000000000001 0.005050000000000001
      vertex 6.619915610872579 1.7204411722112027 6.725387556509684
      vertex 6.618005264587458 1.3324166231868158 6.73302894165017
    endloop
  endfacet
  facet normal 0.9701425001453319 3.0052471857724833e-16 0.24253562503633294
    outer loop
      vertex 8.3 7.300000000000001 0.005050000000000001
      vertex 6.621545391417215 2.0932731750070976 6.718868434331139
      vertex 6.619915610872579 1.7204411722112027 6.725387556509684
    endloop
  endfacet
  facet normal 0.9701425001453321 -6.870414061422733e-17 0.24253562503633244
    outer loop
      vertex 8.3 7.300000000000001 0.005050000000000001
      vertex 6.622917441246642 2.453459958392603 6.713380235013432
      vertex 6.621545391417215 2.0932731750070976 6.718868434331139
    endloop
  endfacet
  facet normal 6.9087249877437496e-15 0.9701425001453312 0.24253562503633547
    outer loop
      vertex 7.300000000000001 8.3 0.005050000000000001
      vertex 2.6355383816138205 6.665721154367148 6.542165382531408
      vertex 2.6840868150152732 6.665273121825882 6.543957512696472
    endloop
  endfacet
  facet normal -3.757872651796154e-16 0.9701425001453319 0.242535625036333
    outer loop
      vertex 7.300000000000001 8.3 0.005050000000000001
      vertex 2.6840868150152732 6.665273121825882 6.543957512696472
      vertex 2.966436211181643 6.6625590365040095 6.554813853983961
    endloop
  endfacet
  facet normal -2.2304544132191266e-15 0.9701425001453322 0.24253562503633186
    outer loop
      vertex 7.300000000000001 8.3 0.005050000000000001
      vertex 2.966436211181643 6.6625590365040095 6.554813853983961
      vertex 3.2878237245625686 6.659353577996971 6.567635688012119
    endloop
  endfacet
  facet normal -8.89115090737768e-16 0.9701425001453321 0.24253562503633258
    outer loop
      vertex 7.300000000000001 8.3 0.005050000000000001
      vertex 3.2878237245625686 6.659353577996971 6.567635688012119
      vertex 3.6588457514145976 6.655527747298015 6.582939010807944
    endloop
  endfacet
  facet normal 2.3314585451847375e-15 0.9701425001453317 0.2425356250363341
    outer loop
      vertex 7.300000000000001 8.3 0.005050000000000001
      vertex 3.6588457514145976 6.655527747298015 6.582939010807944
      vertex 4.094212105173657 6.650901963159851 6.601442147360596
    endloop
  endfacet
  facet normal -2.7662260835829474e-16 0.9701425001453319 0.24253562503633283
    outer loop
      vertex 7.300000000000001 8.3 0.005050000000000001
      vertex 4.094212105173657 6.650901963159851 6.601442147360596
      vertex 4.543334228968321 6.646000537380992 6.621047850476032
    endloop
  endfacet
  facet normal 0.023750684195778225 0.9674956130081707 0.25177002166694956
    outer loop
      vertex 7.300000000000001 8.3 0.005050000000000001
      vertex 4.543334228968321 6.646000537380992 6.621047850476032
      vertex 4.611471466835446 6.64356356884104 6.623984857622442
    endloop
  endfacet
  facet normal 0.023750684195790527 0.9674956130081688 0.25177002166695606
    outer loop
      vertex 7.300000000000001 8.3 0.005050000000000001
      vertex 4.611471466835446 6.64356356884104 6.623984857622442
      vertex 4.644707255381168 6.642365326961636 6.625454139157429
    endloop
  endfacet
  facet normal 0.07084787483578736 0.9604612056723626 0.26924867878904124
    outer loop
      vertex 7.349067674327419 8.298795456205173 0.005050000000000001
      vertex 4.644707255381168 6.642365326961636 6.625454139157429
      vertex 4.745916622741338 6.633673550936789 6.629827958537391
    endloop
  endfacet
  facet normal 0.11731507290861978 0.9511654826858327 0.2855195233525581
    outer loop
      vertex 7.398017140329562 8.295184726672197 0.005050000000000001
      vertex 4.745916622741338 6.633673550936789 6.629827958537391
      vertex 4.846746248469379 6.619959618443805 6.634084705366135
    endloop
  endfacet
  facet normal 0.1630562074325587 0.9397160782499526 0.30057672148095455
    outer loop
      vertex 7.446730474455363 8.289176509964781 0.005050000000000001
      vertex 4.846746248469379 6.619959618443805 6.634084705366135
      vertex 4.946949720295594 6.601251914426755 6.638213874645413
    endloop
  endfacet
  facet normal 0.20798928334107333 0.9262183392288628 0.3144201744344564
    outer loop
      vertex 7.495090322016129 8.280785280403231 0.005050000000000001
      vertex 4.946949720295594 6.601251914426755 6.638213874645413
      vertex 5.046281686198653 6.577591234922755 6.642205256166785
    endloop
  endfacet
  facet normal 0.252045032924311 0.9107737197683143 0.32705432692072905
    outer loop
      vertex 7.590284677254463 8.25694033573221 0.005050000000000001
      vertex 5.081533857093403 6.56734024126615 6.6435848466903975
      vertex 5.1444628172722355 6.549005825220782 6.646145804893089
    endloop
  endfacet
  facet normal 0.25204503292433067 0.9107737197683071 0.3270543269207339
    outer loop
      vertex 7.542980179903265 8.270031253194544 0.005050000000000001
      vertex 5.046281686198653 6.577591234922755 6.642205256166785
      vertex 5.081533857093403 6.56734024126615 6.6435848466903975
    endloop
  endfacet
  facet normal 0.29516543718162136 0.8934785307700907 0.3384870451676145
    outer loop
      vertex 7.590284677254463 8.25694033573221 0.005050000000000001
      vertex 5.1444628172722355 6.549005825220782 6.646145804893089
      vertex 5.241266003207596 6.515568985844497 6.649992756913628
    endloop
  endfacet
  facet normal 0.33730217895635456 0.8744230179650023 0.3487285846102561
    outer loop
      vertex 7.636889853392221 8.241544065183021 0.005050000000000001
      vertex 5.241266003207596 6.515568985844497 6.649992756913628
      vertex 5.336473523886275 6.477371941580315 6.653682361384441
    endloop
  endfacet
  facet normal 0.3784150776634002 0.8536907362335816 0.3577906592771368
    outer loop
      vertex 7.68268343236509 8.223879532511287 0.005050000000000001
      vertex 5.336473523886275 6.477371941580315 6.653682361384441
      vertex 5.429850815279324 6.434504074220889 6.657205444616629
    endloop
  endfacet
  facet normal 0.418470543848294 0.8313581852729643 0.36568561868216326
    outer loop
      vertex 7.727555093430283 8.203989293123444 0.005050000000000001
      vertex 5.429850815279324 6.434504074220889 6.657205444616629
      vertex 5.463103678906047 6.417229752447007 6.658424537883066
    endloop
  endfacet
  facet normal 0.9701425001453319 -8.04247450336211e-16 0.24253562503633283
    outer loop
      vertex 8.3 7.300000000000001 0.005050000000000001
      vertex 6.624050216136926 2.803261797205299 6.708849135452298
      vertex 6.622917441246642 2.453459958392603 6.713380235013432
    endloop
  endfacet
  facet normal 0.9701425001453317 6.502860265189179e-16 0.24253562503633339
    outer loop
      vertex 8.3 7.300000000000001 0.005050000000000001
      vertex 6.624958432657997 3.144713834368167 6.705216269368012
      vertex 6.624050216136926 2.803261797205299 6.708849135452298
    endloop
  endfacet
  facet normal 0.970142500145332 -3.541785721256131e-16 0.24253562503633302
    outer loop
      vertex 8.3 7.300000000000001 0.005050000000000001
      vertex 6.625653554458161 3.4796771369124846 6.702435782167356
      vertex 6.624958432657997 3.144713834368167 6.705216269368012
    endloop
  endfacet
  facet normal 0.970142500145332 -7.591319051801522e-16 0.2425356250363327
    outer loop
      vertex 8.3 7.300000000000001 0.005050000000000001
      vertex 6.626144155938851 3.8098817632347073 6.700473376244596
      vertex 6.625653554458161 3.4796771369124846 6.702435782167356
    endloop
  endfacet
  facet normal 0.9701425001453319 8.623311107109354e-16 0.24253562503633333
    outer loop
      vertex 8.3 7.300000000000001 0.005050000000000001
      vertex 6.626436185460596 4.136964065009914 6.699305258157615
      vertex 6.626144155938851 3.8098817632347073 6.700473376244596
    endloop
  endfacet
  facet normal 0.9701425001453319 -5.145593489942838e-17 0.24253562503633297
    outer loop
      vertex 8.3 7.300000000000001 0.005050000000000001
      vertex 6.6265331434476265 4.462499999999998 6.698917426209494
      vertex 6.626436185460596 4.136964065009914 6.699305258157615
    endloop
  endfacet
  facet normal 0.9701425001453329 -7.20678456637788e-15 0.24253562503632906
    outer loop
      vertex 8.3 7.300000000000001 0.005050000000000001
      vertex 6.626518738491738 4.510864564152896 6.69897504603305
      vertex 6.6265331434476265 4.462499999999998 6.698917426209494
    endloop
  endfacet
  facet normal 0.9674956130081702 0.023750684195782273 0.25177002166695134
    outer loop
      vertex 8.3 7.300000000000001 0.005050000000000001
      vertex 6.623970340384036 4.614674794168797 6.698975046033051
      vertex 6.626518738491738 4.510864564152896 6.69897504603305
    endloop
  endfacet
  facet normal 0.9604612056723615 0.07084787483579376 0.26924867878904296
    outer loop
      vertex 8.298795456205173 7.349067674327419 0.005050000000000001
      vertex 6.616393289808888 4.718333907589827 6.69872782193266
      vertex 6.623970340384036 4.614674794168797 6.698975046033051
    endloop
  endfacet
  facet normal 0.9511654826858368 0.11731507290860084 0.2855195233525526
    outer loop
      vertex 8.295184726672197 7.398017140329562 0.005050000000000001
      vertex 6.608006801111471 4.7871305573938185 6.6983987886791665
      vertex 6.616393289808888 4.718333907589827 6.69872782193266
    endloop
  endfacet
  facet normal 0.9511654826858259 0.11731507290865363 0.2855195233525676
    outer loop
      vertex 8.295184726672197 7.398017140329562 0.005050000000000001
      vertex 6.603785834197242 4.8215538458947504 6.69831636850841
      vertex 6.608006801111471 4.7871305573938185 6.6983987886791665
    endloop
  endfacet
  facet normal 0.9107737197683116 0.25204503292431746 0.3270543269207317
    outer loop
      vertex 8.25694033573221 7.590284677254463 0.005050000000000001
      vertex 6.541428548758484 5.106774477727839 6.696291428114226
      vertex 6.56359729600923 5.0256377367356375 6.697084569000109
    endloop
  endfacet
  facet normal 0.9107737197683121 0.25204503292431435 0.32705432692073216
    outer loop
      vertex 8.25694033573221 7.590284677254463 0.005050000000000001
      vertex 6.536145987750054 5.126047080949706 6.696149720238113
      vertex 6.541428548758484 5.106774477727839 6.696291428114226
    endloop
  endfacet
  facet normal 0.9397160782499545 0.16305620743255134 0.3005767214809524
    outer loop
      vertex 8.280785280403231 7.495090322016129 0.005050000000000001
      vertex 6.586158731157586 4.924050768791275 6.697823025640905
      vertex 6.603785834197242 4.8215538458947504 6.69831636850841
    endloop
  endfacet
  facet normal 0.9262183392288604 0.20798928334108235 0.31442017443445786
    outer loop
      vertex 8.280785280403231 7.495090322016129 0.005050000000000001
      vertex 6.56359729600923 5.0256377367356375 6.697084569000109
      vertex 6.586158731157586 4.924050768791275 6.697823025640905
    endloop
  endfacet
  facet normal 0.893478530770094 0.2951654371816132 0.3384870451676128
    outer loop
      vertex 8.25694033573221 7.590284677254463 0.005050000000000001
      vertex 6.503834799271418 5.224979153209881 6.69516895847671
      vertex 6.536145987750054 5.126047080949706 6.696149720238113
    endloop
  endfacet
  facet normal 0.8744230179649952 0.3373021789563692 0.3487285846102597
    outer loop
      vertex 8.241544065183021 7.636889853392221 0.005050000000000001
      vertex 6.4667947824541665 5.322264461369635 6.693947655862853
      vertex 6.503834799271418 5.224979153209881 6.69516895847671
    endloop
  endfacet
  facet normal 0.8536907362335894 0.37841507766338434 0.3577906592771347
    outer loop
      vertex 8.223879532511287 7.68268343236509 0.005050000000000001
      vertex 6.425974993160508 5.415703346507187 6.69251886786113
      vertex 6.4667947824541665 5.322264461369635 6.693947655862853
    endloop
  endfacet
  facet normal 0.8536907362336399 0.37841507766331006 0.357790659277093
    outer loop
      vertex 8.223879532511287 7.68268343236509 0.005050000000000001
      vertex 6.4251173099510455 5.417661954818431 6.692493795362903
      vertex 6.425974993160508 5.415703346507187 6.69251886786113
    endloop
  endfacet
  facet normal 0.6351844013194073 0.6671550401249895 0.3891592588598269
    outer loop
      vertex 7.971558954847019 8.04095112535496 0.005050000000000001
      vertex 5.938679813441119 6.085222896950288 6.6759103379743525
      vertex 6.012981459167927 6.012981459167927 6.678482531598326
    endloop
  endfacet
  facet normal 0.6671550401249825 0.635184401319415 0.38915925885982666
    outer loop
      vertex 8.007106781186549 8.007106781186549 0.005050000000000001
      vertex 6.012981459167927 6.012981459167927 6.678482531598326
      vertex 6.046516666995776 5.977073579661834 6.679600176914058
    endloop
  endfacet
  facet normal 0.6671550401249952 0.635184401319402 0.38915925885982566
    outer loop
      vertex 8.007106781186549 8.007106781186549 0.005050000000000001
      vertex 6.046516666995776 5.977073579661834 6.679600176914058
      vertex 6.0837438721933585 5.937142443097778 6.680955194129
    endloop
  endfacet
  facet normal 0.41847054384830423 0.8313581852729592 0.36568561868216304
    outer loop
      vertex 7.727555093430283 8.203989293123444 0.005050000000000001
      vertex 5.463103678906047 6.417229752447007 6.658424537883066
      vertex 5.521129126658396 6.3870359678311495 6.6606666531452134
    endloop
  endfacet
  facet normal 0.4574400813768638 0.8074946719061348 0.3724257332585008
    outer loop
      vertex 7.771396736825999 8.181921264348356 0.005050000000000001
      vertex 5.521129126658396 6.3870359678311495 6.6606666531452134
      vertex 5.610098578965845 6.335090015073221 6.664017352262115
    endloop
  endfacet
  facet normal 0.4952988561156656 0.7821623665199193 0.37802258600574706
    outer loop
      vertex 7.814102744193223 8.157728610000273 0.005050000000000001
      vertex 5.610098578965845 6.335090015073221 6.664017352262115
      vertex 5.696561543156112 6.278807372959025 6.667184245814359
    endloop
  endfacet
  facet normal 0.5320243426952016 0.7554165246303415 0.382486565901543
    outer loop
      vertex 7.855570233019603 8.131469612302546 0.005050000000000001
      vertex 5.696561543156112 6.278807372959025 6.667184245814359
      vertex 5.780303886589229 6.2183229533747655 6.670159421721996
    endloop
  endfacet
  facet normal 0.567595055359072 0.7273058488569504 0.38582645755624745
    outer loop
      vertex 7.895699304492434 8.103207531480646 0.005050000000000001
      vertex 5.782469938446421 6.216593078886872 6.670233826959059
      vertex 5.861056905542421 6.1537258462978395 6.673131844972597
    endloop
  endfacet
  facet normal 0.5675950553591133 0.7273058488569111 0.3858264575562607
    outer loop
      vertex 7.895699304492434 8.103207531480646 0.005050000000000001
      vertex 5.780303886589229 6.2183229533747655 6.670159421721996
      vertex 5.782469938446421 6.216593078886872 6.670233826959059
    endloop
  endfacet
  facet normal 0.6019893649187824 0.6978729712000185 0.3880491213662767
    outer loop
      vertex 7.934393284163646 8.073010453362738 0.005050000000000001
      vertex 5.861056905542421 6.1537258462978395 6.673131844972597
      vertex 5.938679813441119 6.085222896950288 6.6759103379743525
    endloop
  endfacet
  facet normal 0.7554165246303461 0.5320243426951953 0.3824865659015426
    outer loop
      vertex 8.131469612302546 7.855570233019603 0.005050000000000001
      vertex 6.213996106720206 5.775447890793335 6.685459513164538
      vertex 6.260830698044147 5.707856655911195 6.686977365427778
    endloop
  endfacet
  facet normal 0.8313581852729561 0.41847054384830945 0.36568561868216437
    outer loop
      vertex 8.181921264348356 7.771396736825999 0.005050000000000001
      vertex 6.378845856897617 5.510861093713244 6.691036414837561
      vertex 6.4251173099510455 5.417661954818431 6.692493795362903
    endloop
  endfacet
  facet normal 0.8074946719061358 0.4574400813768624 0.3724257332585005
    outer loop
      vertex 8.181921264348356 7.771396736825999 0.005050000000000001
      vertex 6.328157407416178 5.601715405146013 6.6893454717163925
      vertex 6.378845856897617 5.510861093713244 6.691036414837561
    endloop
  endfacet
  facet normal 0.7554165246303366 0.5320243426952087 0.3824865659015427
    outer loop
      vertex 8.131469612302546 7.855570233019603 0.005050000000000001
      vertex 6.260830698044147 5.707856655911195 6.686977365427778
      vertex 6.273178591550892 5.69000201616008 6.6874252247607515
    endloop
  endfacet
  facet normal 0.7821623665199205 0.495298856115664 0.37802258600574656
    outer loop
      vertex 8.157728610000273 7.814102744193223 0.005050000000000001
      vertex 6.273178591550892 5.69000201616008 6.6874252247607515
      vertex 6.328157407416178 5.601715405146013 6.6893454717163925
    endloop
  endfacet
  facet normal 0.6978729712000153 0.6019893649187859 0.3880491213662769
    outer loop
      vertex 8.073010453362738 7.934393284163646 0.005050000000000001
      vertex 6.0837438721933585 5.937142443097778 6.680955194129
      vertex 6.150794296863236 5.85789005469283 6.683316791744206
    endloop
  endfacet
  facet normal 0.7273058488569478 0.567595055359075 0.38582645755624795
    outer loop
      vertex 8.073010453362738 7.934393284163646 0.005050000000000001
      vertex 6.150794296863236 5.85789005469283 6.683316791744206
      vertex 6.213996106720206 5.775447890793335 6.685459513164538
    endloop
  endfacet
  facet normal 1 0 0
    outer loop
      vertex -6.5 -6.5 -0.00495
      vertex -6.5 6.5 0.005
      vertex -6.5 -6.5 0.005
    endloop
  endfacet
  facet normal 0 1 0
    outer loop
      vertex -6.5 -6.5 -0.00495
      vertex -6.5 -6.5 0.005
      vertex 6.5 -6.5 -0.00495
    endloop
  endfacet
  facet normal 0.9635179096299407 -7.923850132665638e-18 -0.26764386378609467
    outer loop
      vertex -6.5 -6.5 0.005
      vertex -5 5 5.404999999999999
      vertex -5 -5 5.404999999999999
    endloop
  endfacet
  facet normal -7.923850132665638e-18 0.9635179096299407 -0.26764386378609467
    outer loop
      vertex -6.5 -6.5 0.005
      vertex -5 -5 5.404999999999999
      vertex 5 -5 5.404999999999999
    endloop
  endfacet
  facet normal 0 0 -1
    outer loop
      vertex -5 -5 5.404999999999999
      vertex -0.7982828624497714 -2.6315859232635743 5.404999999999999
      vertex 5 -5 5.404999999999999
    endloop
  endfacet
  facet normal 0 0 -1
    outer loop
      vertex -5 -5 5.404999999999999
      vertex -2.358753677500748 -1.4137825465313598 5.404999999999999
      vertex -2.2865414338319994 -1.527818140803906 5.404999999999999
    endloop
  endfacet
  facet normal 0 0 -1
    outer loop
      vertex -5 -5 5.404999999999999
      vertex -2.2865414338319994 -1.527818140803906 5.404999999999999
      vertex -2.2088207115717737 -1.6381730873541918 5.404999999999999
    endloop
  endfacet
  facet normal 0 0 -1
    outer loop
      vertex -5 -5 5.404999999999999
      vertex -2.589246179253307 -0.9264470968286052 5.404999999999999
      vertex -2.5406687144060385 -1.0523794390039969 5.404999999999999
    endloop
  endfacet
  facet normal 0 0 -1
    outer loop
      vertex -5 -5 5.404999999999999
      vertex -2.6315859232635743 -0.7982828624497714 5.404999999999999
      vertex -2.589246179253307 -0.9264470968286052 5.404999999999999
    endloop
  endfacet
  facet normal 0 0 -1
    outer loop
      vertex -5 -5 5.404999999999999
      vertex -2.6629355133716164 -0.6849999999999999 5.404999999999999
      vertex -2.6315859232635743 -0.7982828624497714 5.404999999999999
    endloop
  endfacet
  facet normal 0 0 -1
    outer loop
      vertex -5 -5 5.404999999999999
      vertex -2.4252834769579765 -1.2963410262714936 5.404999999999999
      vertex -2.358753677500748 -1.4137825465313598 5.404999999999999
    endloop
  endfacet
  facet normal 0 0 -1
    outer loop
      vertex -5 -5 5.404999999999999
      vertex -2.485970556089469 -1.1757765069332757 5.404999999999999
      vertex -2.4252834769579765 -1.2963410262714936 5.404999999999999
    endloop
  endfacet
  facet normal 0 0 -1
    outer loop
      vertex -5 -5 5.404999999999999
      vertex -2.5406687144060385 -1.0523794390039969 5.404999999999999
      vertex -2.485970556089469 -1.1757765069332757 5.404999999999999
    endloop
  endfacet
  facet normal 0 0 -1
    outer loop
      vertex -5 -5 5.404999999999999
      vertex -1.6381730873541918 -2.2088207115717737 5.404999999999999
      vertex -1.527818140803906 -2.2865414338319994 5.404999999999999
    endloop
  endfacet
  facet normal 0 0 -1
    outer loop
      vertex -5 -5 5.404999999999999
      vertex -1.527818140803906 -2.2865414338319994 5.404999999999999
      vertex -1.4137825465313598 -2.358753677500748 5.404999999999999
    endloop
  endfacet
  facet normal 0 0 -1
    outer loop
      vertex -5 -5 5.404999999999999
      vertex -1.4137825465313598 -2.358753677500748 5.404999999999999
      vertex -1.2963410262714936 -2.4252834769579765 5.404999999999999
    endloop
  endfacet
  facet normal 0 0 -1
    outer loop
      vertex -5 -5 5.404999999999999
      vertex -1.2963410262714936 -2.4252834769579765 5.404999999999999
      vertex -1.1757765069332757 -2.485970556089469 5.404999999999999
    endloop
  endfacet
  facet normal 0 0 -1
    outer loop
      vertex -5 -5 5.404999999999999
      vertex -1.1757765069332757 -2.485970556089469 5.404999999999999
      vertex -1.0523794390039969 -2.5406687144060385 5.404999999999999
    endloop
  endfacet
  facet normal 0 0 -1
    outer loop
      vertex -5 -5 5.404999999999999
      vertex -1.0523794390039969 -2.5406687144060385 5.404999999999999
      vertex -0.9264470968286052 -2.589246179253307 5.404999999999999
    endloop
  endfacet
  facet normal 0 0 -1
    outer loop
      vertex -5 -5 5.404999999999999
      vertex -0.9264470968286052 -2.589246179253307 5.404999999999999
      vertex -0.7982828624497714 -2.6315859232635743 5.404999999999999
    endloop
  endfacet
  facet normal 0 0 -1
    outer loop
      vertex -5 -5 5.404999999999999
      vertex -2.125778746747527 -1.744581531450025 5.404999999999999
      vertex -2.0376155947261374 -1.8467871258293007 5.404999999999999
    endloop
  endfacet
  facet normal 0 0 -1
    outer loop
      vertex -5 -5 5.404999999999999
      vertex -2.0376155947261374 -1.8467871258293007 5.404999999999999
      vertex -1.9445436482630059 -1.9445436482630059 5.404999999999999
    endloop
  endfacet
  facet normal 0 0 -1
    outer loop
      vertex -5 -5 5.404999999999999
      vertex -1.9445436482630059 -1.9445436482630059 5.404999999999999
      vertex -1.8467871258293007 -2.0376155947261374 5.404999999999999
    endloop
  endfacet
  facet normal 0 0 -1
    outer loop
      vertex -5 -5 5.404999999999999
      vertex -1.8467871258293007 -2.0376155947261374 5.404999999999999
      vertex -1.744581531450025 -2.125778746747527 5.404999999999999
    endloop
  endfacet
  facet normal 0 0 -1
    outer loop
      vertex -5 -5 5.404999999999999
      vertex -2.2088207115717737 -1.6381730873541918 5.404999999999999
      vertex -2.125778746747527 -1.744581531450025 5.404999999999999
    endloop
  endfacet
  facet normal 0 0 -1
    outer loop
      vertex -5 -5 5.404999999999999
      vertex -1.744581531450025 -2.125778746747527 5.404999999999999
      vertex -1.6381730873541918 -2.2088207115717737 5.404999999999999
    endloop
  endfacet
  facet normal 0 0 -1
    outer loop
      vertex -5 -5 5.404999999999999
      vertex -2.6629355133716164 0.6849999999999999 5.404999999999999
      vertex -2.6629355133716164 -0.6849999999999999 5.404999999999999
    endloop
  endfacet
  facet normal 0 0 -1
    outer loop
      vertex -2.6629355133716164 -0.6849999999999999 5.404999999999999
      vertex -2.6629355133716164 0.6849999999999999 5.404999999999999
      vertex -0.735 -0.6849999999999999 5.404999999999999
    endloop
  endfacet
  facet normal 0 0 -1
    outer loop
      vertex -0.735 -2.05 5.404999999999999
      vertex -0.735 -0.6849999999999999 5.404999999999999
      vertex 0.735 -0.6849999999999999 5.404999999999999
    endloop
  endfacet
  facet normal 0 0 -1
    outer loop
      vertex -0.735 -0.6849999999999999 5.404999999999999
      vertex -0.735 0.6849999999999999 5.404999999999999
      vertex 0.735 -0.6849999999999999 5.404999999999999
    endloop
  endfacet
  facet normal 1 0 0
    outer loop
      vertex -6.5 -6.5 -0.00495
      vertex -6.5 6.5 -0.00495
      vertex -6.5 6.5 0.005
    endloop
  endfacet
  facet normal 0.9635179096299405 0 -0.26764386378609467
    outer loop
      vertex -6.5 -6.5 0.005
      vertex -6.5 6.5 0.005
      vertex -5 5 5.404999999999999
    endloop
  endfacet
  facet normal 0 -1 0
    outer loop
      vertex -6.5 6.5 -0.00495
      vertex 6.5 6.5 0.005
      vertex -6.5 6.5 0.005
    endloop
  endfacet
  facet normal 0 0 -1
    outer loop
      vertex -5 -5 5.404999999999999
      vertex -5 5 5.404999999999999
      vertex -2.6629355133716164 0.6849999999999999 5.404999999999999
    endloop
  endfacet
  facet normal 0 0 -1
    outer loop
      vertex -5 5 5.404999999999999
      vertex -2.6315859232635743 0.7982828624497714 5.404999999999999
      vertex -2.6629355133716164 0.6849999999999999 5.404999999999999
    endloop
  endfacet
  facet normal 0 0 -1
    outer loop
      vertex -5 5 5.404999999999999
      vertex -2.589246179253307 0.9264470968286052 5.404999999999999
      vertex -2.6315859232635743 0.7982828624497714 5.404999999999999
    endloop
  endfacet
  facet normal 0 0 -1
    outer loop
      vertex -5 5 5.404999999999999
      vertex -2.5406687144060385 1.0523794390039969 5.404999999999999
      vertex -2.589246179253307 0.9264470968286052 5.404999999999999
    endloop
  endfacet
  facet normal 0 0 -1
    outer loop
      vertex -5 5 5.404999999999999
      vertex -2.485970556089469 1.1757765069332757 5.404999999999999
      vertex -2.5406687144060385 1.0523794390039969 5.404999999999999
    endloop
  endfacet
  facet normal 0 0 -1
    outer loop
      vertex -5 5 5.404999999999999
      vertex -2.4252834769579765 1.2963410262714936 5.404999999999999
      vertex -2.485970556089469 1.1757765069332757 5.404999999999999
    endloop
  endfacet
  facet normal 0 0 -1
    outer loop
      vertex -5 5 5.404999999999999
      vertex -2.358753677500748 1.4137825465313598 5.404999999999999
      vertex -2.4252834769579765 1.2963410262714936 5.404999999999999
    endloop
  endfacet
  facet normal 0 0 -1
    outer loop
      vertex -5 5 5.404999999999999
      vertex -2.2865414338319994 1.527818140803906 5.404999999999999
      vertex -2.358753677500748 1.4137825465313598 5.404999999999999
    endloop
  endfacet
  facet normal 0 0 -1
    outer loop
      vertex -5 5 5.404999999999999
      vertex -2.2088207115717737 1.6381730873541918 5.404999999999999
      vertex -2.2865414338319994 1.527818140803906 5.404999999999999
    endloop
  endfacet
  facet normal 0 0 -1
    outer loop
      vertex -5 5 5.404999999999999
      vertex -2.125778746747527 1.744581531450025 5.404999999999999
      vertex -2.2088207115717737 1.6381730873541918 5.404999999999999
    endloop
  endfacet
  facet normal 0 0 -1
    outer loop
      vertex -5 5 5.404999999999999
      vertex -2.0376155947261374 1.8467871258293007 5.404999999999999
      vertex -2.125778746747527 1.744581531450025 5.404999999999999
    endloop
  endfacet
  facet normal 0 0 -1
    outer loop
      vertex -5 5 5.404999999999999
      vertex -1.9445436482630059 1.9445436482630059 5.404999999999999
      vertex -2.0376155947261374 1.8467871258293007 5.404999999999999
    endloop
  endfacet
  facet normal 0 0 -1
    outer loop
      vertex -5 5 5.404999999999999
      vertex -1.8467871258293007 2.0376155947261374 5.404999999999999
      vertex -1.9445436482630059 1.9445436482630059 5.404999999999999
    endloop
  endfacet
  facet normal 0 0 -1
    outer loop
      vertex -5 5 5.404999999999999
      vertex -1.744581531450025 2.125778746747527 5.404999999999999
      vertex -1.8467871258293007 2.0376155947261374 5.404999999999999
    endloop
  endfacet
  facet normal 0 0 -1
    outer loop
      vertex -5 5 5.404999999999999
      vertex -1.6381730873541918 2.2088207115717737 5.404999999999999
      vertex -1.744581531450025 2.125778746747527 5.404999999999999
    endloop
  endfacet
  facet normal 0 0 -1
    outer loop
      vertex -5 5 5.404999999999999
      vertex -1.527818140803906 2.2865414338319994 5.404999999999999
      vertex -1.6381730873541918 2.2088207115717737 5.404999999999999
    endloop
  endfacet
  facet normal 0 0 -1
    outer loop
      vertex -5 5 5.404999999999999
      vertex -1.4137825465313598 2.358753677500748 5.404999999999999
      vertex -1.527818140803906 2.2865414338319994 5.404999999999999
    endloop
  endfacet
  facet normal 0 0 -1
    outer loop
      vertex -5 5 5.404999999999999
      vertex -1.2963410262714936 2.4252834769579765 5.404999999999999
      vertex -1.4137825465313598 2.358753677500748 5.404999999999999
    endloop
  endfacet
  facet normal 0 0 -1
    outer loop
      vertex -5 5 5.404999999999999
      vertex -1.1757765069332757 2.485970556089469 5.404999999999999
      vertex -1.2963410262714936 2.4252834769579765 5.404999999999999
    endloop
  endfacet
  facet normal 0 0 -1
    outer loop
      vertex -5 5 5.404999999999999
      vertex -1.0523794390039969 2.5406687144060385 5.404999999999999
      vertex -1.1757765069332757 2.485970556089469 5.404999999999999
    endloop
  endfacet
  facet normal 0 0 -1
    outer loop
      vertex -5 5 5.404999999999999
      vertex -0.9264470968286052 2.589246179253307 5.404999999999999
      vertex -1.0523794390039969 2.5406687144060385 5.404999999999999
    endloop
  endfacet
  facet normal 0 0 -1
    outer loop
      vertex -5 5 5.404999999999999
      vertex -0.7982828624497714 2.6315859232635743 5.404999999999999
      vertex -0.9264470968286052 2.589246179253307 5.404999999999999
    endloop
  endfacet
  facet normal 0 0 -1
    outer loop
      vertex -5 5 5.404999999999999
      vertex -0.6681954947339757 2.667585946284996 5.404999999999999
      vertex -0.7982828624497714 2.6315859232635743 5.404999999999999
    endloop
  endfacet
  facet normal 0 0 -1
    outer loop
      vertex -0.735 -0.6849999999999999 5.404999999999999
      vertex -2.6629355133716164 0.6849999999999999 5.404999999999999
      vertex -0.735 0.6849999999999999 5.404999999999999
    endloop
  endfacet
  facet normal 0 0 -1
    outer loop
      vertex -0.735 0.6849999999999999 5.404999999999999
      vertex -0.735 2.05 5.404999999999999
      vertex 0.735 2.05 5.404999999999999
    endloop
  endfacet
  facet normal 0 0 -1
    outer loop
      vertex -5 5 5.404999999999999
      vertex -0.5364983855443527 2.6971595211088837 5.404999999999999
      vertex -0.6681954947339757 2.667585946284996 5.404999999999999
    endloop
  endfacet
  facet normal 0 0 -1
    outer loop
      vertex -5 5 5.404999999999999
      vertex -0.4035088047522448 2.720235402403148 5.404999999999999
      vertex -0.5364983855443527 2.6971595211088837 5.404999999999999
    endloop
  endfacet
  facet normal 0 0 -1
    outer loop
      vertex -5 5 5.404999999999999
      vertex -0.26954713590629165 2.7367579983485415 5.404999999999999
      vertex -0.4035088047522448 2.720235402403148 5.404999999999999
    endloop
  endfacet
  facet normal 0 0 -1
    outer loop
      vertex -5 5 5.404999999999999
      vertex -0.13493610440039955 2.7466875045642243 5.404999999999999
      vertex -0.26954713590629165 2.7367579983485415 5.404999999999999
    endloop
  endfacet
  facet normal 0 0 -1
    outer loop
      vertex -5 5 5.404999999999999
      vertex 0 2.75 5.404999999999999
      vertex -0.13493610440039955 2.7466875045642243 5.404999999999999
    endloop
  endfacet
  facet normal 0 0 -1
    outer loop
      vertex -5 5 5.404999999999999
      vertex 0.13493610440039955 2.7466875045642243 5.404999999999999
      vertex 0 2.75 5.404999999999999
    endloop
  endfacet
  facet normal 0 0 -1
    outer loop
      vertex -5 5 5.404999999999999
      vertex 0.26954713590629165 2.7367579983485415 5.404999999999999
      vertex 0.13493610440039955 2.7466875045642243 5.404999999999999
    endloop
  endfacet
  facet normal 0 0 -1
    outer loop
      vertex -5 5 5.404999999999999
      vertex 0.4035088047522448 2.720235402403148 5.404999999999999
      vertex 0.26954713590629165 2.7367579983485415 5.404999999999999
    endloop
  endfacet
  facet normal 0 0 -1
    outer loop
      vertex -5 5 5.404999999999999
      vertex 0.5364983855443527 2.6971595211088837 5.404999999999999
      vertex 0.4035088047522448 2.720235402403148 5.404999999999999
    endloop
  endfacet
  facet normal 0 0 -1
    outer loop
      vertex -5 5 5.404999999999999
      vertex 0.6681954947339757 2.667585946284996 5.404999999999999
      vertex 0.5364983855443527 2.6971595211088837 5.404999999999999
    endloop
  endfacet
  facet normal 0 0 -1
    outer loop
      vertex -5 5 5.404999999999999
      vertex 0.7982828624497714 2.6315859232635743 5.404999999999999
      vertex 0.6681954947339757 2.667585946284996 5.404999999999999
    endloop
  endfacet
  facet normal 7.923850132665638e-18 -0.9635179096299407 -0.26764386378609467
    outer loop
      vertex -6.5 6.5 0.005
      vertex 5 5 5.404999999999999
      vertex -5 5 5.404999999999999
    endloop
  endfacet
  facet normal 0 1 0
    outer loop
      vertex -6.5 -6.5 0.005
      vertex 6.5 -6.5 0.005
      vertex 6.5 -6.5 -0.00495
    endloop
  endfacet
  facet normal 0 0.9635179096299405 -0.26764386378609467
    outer loop
      vertex -6.5 -6.5 0.005
      vertex 5 -5 5.404999999999999
      vertex 6.5 -6.5 0.005
    endloop
  endfacet
  facet normal -1 0 0
    outer loop
      vertex 6.5 -6.5 -0.00495
      vertex 6.5 -6.5 0.005
      vertex 6.5 6.5 -0.00495
    endloop
  endfacet
  facet normal 0 0 -1
    outer loop
      vertex -0.7982828624497714 -2.6315859232635743 5.404999999999999
      vertex -0.6681954947339757 -2.667585946284996 5.404999999999999
      vertex 5 -5 5.404999999999999
    endloop
  endfacet
  facet normal 0 0 -1
    outer loop
      vertex -0.6681954947339757 -2.667585946284996 5.404999999999999
      vertex -0.5364983855443527 -2.6971595211088837 5.404999999999999
      vertex 5 -5 5.404999999999999
    endloop
  endfacet
  facet normal 0 0 -1
    outer loop
      vertex -0.5364983855443527 -2.6971595211088837 5.404999999999999
      vertex -0.4035088047522448 -2.720235402403148 5.404999999999999
      vertex 5 -5 5.404999999999999
    endloop
  endfacet
  facet normal 0 0 -1
    outer loop
      vertex -0.4035088047522448 -2.720235402403148 5.404999999999999
      vertex -0.26954713590629165 -2.7367579983485415 5.404999999999999
      vertex 5 -5 5.404999999999999
    endloop
  endfacet
  facet normal 0 0 -1
    outer loop
      vertex -0.26954713590629165 -2.7367579983485415 5.404999999999999
      vertex -0.13493610440039955 -2.7466875045642243 5.404999999999999
      vertex 5 -5 5.404999999999999
    endloop
  endfacet
  facet normal 0 0 -1
    outer loop
      vertex -0.13493610440039955 -2.7466875045642243 5.404999999999999
      vertex 0 -2.75 5.404999999999999
      vertex 5 -5 5.404999999999999
    endloop
  endfacet
  facet normal 0 0 -1
    outer loop
      vertex 0 -2.75 5.404999999999999
      vertex 0.13493610440039955 -2.7466875045642243 5.404999999999999
      vertex 5 -5 5.404999999999999
    endloop
  endfacet
  facet normal 0 0 -1
    outer loop
      vertex 0.13493610440039955 -2.7466875045642243 5.404999999999999
      vertex 0.26954713590629165 -2.7367579983485415 5.404999999999999
      vertex 5 -5 5.404999999999999
    endloop
  endfacet
  facet normal 0 0 -1
    outer loop
      vertex 0.26954713590629165 -2.7367579983485415 5.404999999999999
      vertex 0.4035088047522448 -2.720235402403148 5.404999999999999
      vertex 5 -5 5.404999999999999
    endloop
  endfacet
  facet normal 0 0 -1
    outer loop
      vertex 0.4035088047522448 -2.720235402403148 5.404999999999999
      vertex 0.5364983855443527 -2.6971595211088837 5.404999999999999
      vertex 5 -5 5.404999999999999
    endloop
  endfacet
  facet normal 0 0 -1
    outer loop
      vertex 0.5364983855443527 -2.6971595211088837 5.404999999999999
      vertex 0.6681954947339757 -2.667585946284996 5.404999999999999
      vertex 5 -5 5.404999999999999
    endloop
  endfacet
  facet normal 0 0 -1
    outer loop
      vertex -0.735 -2.05 5.404999999999999
      vertex 0.735 -0.6849999999999999 5.404999999999999
      vertex 0.735 -2.05 5.404999999999999
    endloop
  endfacet
  facet normal 0 0 -1
    outer loop
      vertex 0.735 -0.6849999999999999 5.404999999999999
      vertex 0.735 0.6849999999999999 5.404999999999999
      vertex 2.6629355133716164 -0.6849999999999999 5.404999999999999
    endloop
  endfacet
  facet normal 0 0 -1
    outer loop
      vertex 0.6681954947339757 -2.667585946284996 5.404999999999999
      vertex 0.7982828624497714 -2.6315859232635743 5.404999999999999
      vertex 5 -5 5.404999999999999
    endloop
  endfacet
  facet normal 0 0 -1
    outer loop
      vertex 0.7982828624497714 -2.6315859232635743 5.404999999999999
      vertex 0.9264470968286052 -2.589246179253307 5.404999999999999
      vertex 5 -5 5.404999999999999
    endloop
  endfacet
  facet normal 0 0 -1
    outer loop
      vertex 0.9264470968286052 -2.589246179253307 5.404999999999999
      vertex 1.0523794390039969 -2.5406687144060385 5.404999999999999
      vertex 5 -5 5.404999999999999
    endloop
  endfacet
  facet normal 0 0 -1
    outer loop
      vertex 1.0523794390039969 -2.5406687144060385 5.404999999999999
      vertex 1.1757765069332757 -2.485970556089469 5.404999999999999
      vertex 5 -5 5.404999999999999
    endloop
  endfacet
  facet normal 0 0 -1
    outer loop
      vertex 1.1757765069332757 -2.485970556089469 5.404999999999999
      vertex 1.2963410262714936 -2.4252834769579765 5.404999999999999
      vertex 5 -5 5.404999999999999
    endloop
  endfacet
  facet normal 0 0 -1
    outer loop
      vertex 1.2963410262714936 -2.4252834769579765 5.404999999999999
      vertex 1.4137825465313598 -2.358753677500748 5.404999999999999
      vertex 5 -5 5.404999999999999
    endloop
  endfacet
  facet normal 0 0 -1
    outer loop
      vertex 1.4137825465313598 -2.358753677500748 5.404999999999999
      vertex 1.527818140803906 -2.2865414338319994 5.404999999999999
      vertex 5 -5 5.404999999999999
    endloop
  endfacet
  facet normal 0 0 -1
    outer loop
      vertex 1.527818140803906 -2.2865414338319994 5.404999999999999
      vertex 1.6381730873541918 -2.2088207115717737 5.404999999999999
      vertex 5 -5 5.404999999999999
    endloop
  endfacet
  facet normal 0 0 -1
    outer loop
      vertex 1.6381730873541918 -2.2088207115717737 5.404999999999999
      vertex 1.744581531450025 -2.125778746747527 5.404999999999999
      vertex 5 -5 5.404999999999999
    endloop
  endfacet
  facet normal 0 0 -1
    outer loop
      vertex 1.744581531450025 -2.125778746747527 5.404999999999999
      vertex 1.8467871258293007 -2.0376155947261374 5.404999999999999
      vertex 5 -5 5.404999999999999
    endloop
  endfacet
  facet normal 0 0 -1
    outer loop
      vertex 1.8467871258293007 -2.0376155947261374 5.404999999999999
      vertex 1.9445436482630059 -1.9445436482630059 5.404999999999999
      vertex 5 -5 5.404999999999999
    endloop
  endfacet
  facet normal 0 0 -1
    outer loop
      vertex 1.9445436482630059 -1.9445436482630059 5.404999999999999
      vertex 2.0376155947261374 -1.8467871258293007 5.404999999999999
      vertex 5 -5 5.404999999999999
    endloop
  endfacet
  facet normal 0 0 -1
    outer loop
      vertex 2.0376155947261374 -1.8467871258293007 5.404999999999999
      vertex 2.125778746747527 -1.744581531450025 5.404999999999999
      vertex 5 -5 5.404999999999999
    endloop
  endfacet
  facet normal 0 0 -1
    outer loop
      vertex 2.125778746747527 -1.744581531450025 5.404999999999999
      vertex 2.2088207115717737 -1.6381730873541918 5.404999999999999
      vertex 5 -5 5.404999999999999
    endloop
  endfacet
  facet normal 0 0 -1
    outer loop
      vertex 2.2088207115717737 -1.6381730873541918 5.404999999999999
      vertex 2.2865414338319994 -1.527818140803906 5.404999999999999
      vertex 5 -5 5.404999999999999
    endloop
  endfacet
  facet normal 0 0 -1
    outer loop
      vertex 2.2865414338319994 -1.527818140803906 5.404999999999999
      vertex 2.358753677500748 -1.4137825465313598 5.404999999999999
      vertex 5 -5 5.404999999999999
    endloop
  endfacet
  facet normal 0 0 -1
    outer loop
      vertex 2.358753677500748 -1.4137825465313598 5.404999999999999
      vertex 2.4252834769579765 -1.2963410262714936 5.404999999999999
      vertex 5 -5 5.404999999999999
    endloop
  endfacet
  facet normal 0 0 -1
    outer loop
      vertex 2.4252834769579765 -1.2963410262714936 5.404999999999999
      vertex 2.485970556089469 -1.1757765069332757 5.404999999999999
      vertex 5 -5 5.404999999999999
    endloop
  endfacet
  facet normal 0 0 -1
    outer loop
      vertex 2.485970556089469 -1.1757765069332757 5.404999999999999
      vertex 2.5406687144060385 -1.0523794390039969 5.404999999999999
      vertex 5 -5 5.404999999999999
    endloop
  endfacet
  facet normal 0 0 -1
    outer loop
      vertex 2.5406687144060385 -1.0523794390039969 5.404999999999999
      vertex 2.589246179253307 -0.9264470968286052 5.404999999999999
      vertex 5 -5 5.404999999999999
    endloop
  endfacet
  facet normal 0 0 -1
    outer loop
      vertex 2.589246179253307 -0.9264470968286052 5.404999999999999
      vertex 2.6315859232635743 -0.7982828624497714 5.404999999999999
      vertex 5 -5 5.404999999999999
    endloop
  endfacet
  facet normal 0 0 -1
    outer loop
      vertex 2.6315859232635743 -0.7982828624497714 5.404999999999999
      vertex 2.6629355133716164 -0.6849999999999999 5.404999999999999
      vertex 5 -5 5.404999999999999
    endloop
  endfacet
  facet normal -0.9635179096299407 7.923850132665638e-18 -0.26764386378609467
    outer loop
      vertex 6.5 -6.5 0.005
      vertex 5 -5 5.404999999999999
      vertex 5 5 5.404999999999999
    endloop
  endfacet
  facet normal 0 0 -1
    outer loop
      vertex 2.6629355133716164 -0.6849999999999999 5.404999999999999
      vertex 5 5 5.404999999999999
      vertex 5 -5 5.404999999999999
    endloop
  endfacet
  facet normal 0 -1 0
    outer loop
      vertex -6.5 6.5 -0.00495
      vertex 6.5 6.5 -0.00495
      vertex 6.5 6.5 0.005
    endloop
  endfacet
  facet normal 0 -0.9635179096299405 -0.26764386378609467
    outer loop
      vertex -6.5 6.5 0.005
      vertex 6.5 6.5 0.005
      vertex 5 5 5.404999999999999
    endloop
  endfacet
  facet normal -1 0 0
    outer loop
      vertex 6.5 -6.5 0.005
      vertex 6.5 6.5 0.005
      vertex 6.5 6.5 -0.00495
    endloop
  endfacet
  facet normal -0.9635179096299405 0 -0.26764386378609467
    outer loop
      vertex 6.5 -6.5 0.005
      vertex 5 5 5.404999999999999
      vertex 6.5 6.5 0.005
    endloop
  endfacet
  facet normal 0 0 -1
    outer loop
      vertex -0.735 0.6849999999999999 5.404999999999999
      vertex 0.735 0.6849999999999999 5.404999999999999
      vertex 0.735 -0.6849999999999999 5.404999999999999
    endloop
  endfacet
  facet normal 0 0 -1
    outer loop
      vertex -0.735 0.6849999999999999 5.404999999999999
      vertex 0.735 2.05 5.404999999999999
      vertex 0.735 0.6849999999999999 5.404999999999999
    endloop
  endfacet
  facet normal 0 0 -1
    outer loop
      vertex 2.6629355133716164 -0.6849999999999999 5.404999999999999
      vertex 0.735 0.6849999999999999 5.404999999999999
      vertex 2.6629355133716164 0.6849999999999999 5.404999999999999
    endloop
  endfacet
  facet normal 0 0 -1
    outer loop
      vertex 2.6629355133716164 -0.6849999999999999 5.404999999999999
      vertex 2.6629355133716164 0.6849999999999999 5.404999999999999
      vertex 5 5 5.404999999999999
    endloop
  endfacet
  facet normal 0 0 -1
    outer loop
      vertex 1.6381730873541918 2.2088207115717737 5.404999999999999
      vertex 5 5 5.404999999999999
      vertex 1.744581531450025 2.125778746747527 5.404999999999999
    endloop
  endfacet
  facet normal 0 0 -1
    outer loop
      vertex 2.125778746747527 1.744581531450025 5.404999999999999
      vertex 5 5 5.404999999999999
      vertex 2.2088207115717737 1.6381730873541918 5.404999999999999
    endloop
  endfacet
  facet normal 0 0 -1
    outer loop
      vertex 1.8467871258293007 2.0376155947261374 5.404999999999999
      vertex 1.744581531450025 2.125778746747527 5.404999999999999
      vertex 5 5 5.404999999999999
    endloop
  endfacet
  facet normal 0 0 -1
    outer loop
      vertex 1.9445436482630059 1.9445436482630059 5.404999999999999
      vertex 1.8467871258293007 2.0376155947261374 5.404999999999999
      vertex 5 5 5.404999999999999
    endloop
  endfacet
  facet normal 0 0 -1
    outer loop
      vertex 1.9445436482630059 1.9445436482630059 5.404999999999999
      vertex 5 5 5.404999999999999
      vertex 2.0376155947261374 1.8467871258293007 5.404999999999999
    endloop
  endfacet
  facet normal 0 0 -1
    outer loop
      vertex 2.0376155947261374 1.8467871258293007 5.404999999999999
      vertex 5 5 5.404999999999999
      vertex 2.125778746747527 1.744581531450025 5.404999999999999
    endloop
  endfacet
  facet normal 0 0 -1
    outer loop
      vertex 0.9264470968286052 2.589246179253307 5.404999999999999
      vertex 0.7982828624497714 2.6315859232635743 5.404999999999999
      vertex 5 5 5.404999999999999
    endloop
  endfacet
  facet normal 0 0 -1
    outer loop
      vertex 0.9264470968286052 2.589246179253307 5.404999999999999
      vertex 5 5 5.404999999999999
      vertex 1.0523794390039969 2.5406687144060385 5.404999999999999
    endloop
  endfacet
  facet normal 0 0 -1
    outer loop
      vertex 1.0523794390039969 2.5406687144060385 5.404999999999999
      vertex 5 5 5.404999999999999
      vertex 1.1757765069332757 2.485970556089469 5.404999999999999
    endloop
  endfacet
  facet normal 0 0 -1
    outer loop
      vertex 1.2963410262714936 2.4252834769579765 5.404999999999999
      vertex 1.1757765069332757 2.485970556089469 5.404999999999999
      vertex 5 5 5.404999999999999
    endloop
  endfacet
  facet normal 0 0 -1
    outer loop
      vertex 1.2963410262714936 2.4252834769579765 5.404999999999999
      vertex 5 5 5.404999999999999
      vertex 1.4137825465313598 2.358753677500748 5.404999999999999
    endloop
  endfacet
  facet normal 0 0 -1
    outer loop
      vertex 1.527818140803906 2.2865414338319994 5.404999999999999
      vertex 1.4137825465313598 2.358753677500748 5.404999999999999
      vertex 5 5 5.404999999999999
    endloop
  endfacet
  facet normal 0 0 -1
    outer loop
      vertex 1.527818140803906 2.2865414338319994 5.404999999999999
      vertex 5 5 5.404999999999999
      vertex 1.6381730873541918 2.2088207115717737 5.404999999999999
    endloop
  endfacet
  facet normal 0 0 -1
    outer loop
      vertex 2.5406687144060385 1.0523794390039969 5.404999999999999
      vertex 2.485970556089469 1.1757765069332757 5.404999999999999
      vertex 5 5 5.404999999999999
    endloop
  endfacet
  facet normal 0 0 -1
    outer loop
      vertex 2.4252834769579765 1.2963410262714936 5.404999999999999
      vertex 5 5 5.404999999999999
      vertex 2.485970556089469 1.1757765069332757 5.404999999999999
    endloop
  endfacet
  facet normal 0 0 -1
    outer loop
      vertex 2.4252834769579765 1.2963410262714936 5.404999999999999
      vertex 2.358753677500748 1.4137825465313598 5.404999999999999
      vertex 5 5 5.404999999999999
    endloop
  endfacet
  facet normal 0 0 -1
    outer loop
      vertex 2.6629355133716164 0.6849999999999999 5.404999999999999
      vertex 2.6315859232635743 0.7982828624497714 5.404999999999999
      vertex 5 5 5.404999999999999
    endloop
  endfacet
  facet normal 0 0 -1
    outer loop
      vertex 2.589246179253307 0.9264470968286052 5.404999999999999
      vertex 5 5 5.404999999999999
      vertex 2.6315859232635743 0.7982828624497714 5.404999999999999
    endloop
  endfacet
  facet normal 0 0 -1
    outer loop
      vertex 2.589246179253307 0.9264470968286052 5.404999999999999
      vertex 2.5406687144060385 1.0523794390039969 5.404999999999999
      vertex 5 5 5.404999999999999
    endloop
  endfacet
  facet normal 0 0 -1
    outer loop
      vertex 2.2865414338319994 1.527818140803906 5.404999999999999
      vertex 2.2088207115717737 1.6381730873541918 5.404999999999999
      vertex 5 5 5.404999999999999
    endloop
  endfacet
  facet normal 0 0 -1
    outer loop
      vertex 2.2865414338319994 1.527818140803906 5.404999999999999
      vertex 5 5 5.404999999999999
      vertex 2.358753677500748 1.4137825465313598 5.404999999999999
    endloop
  endfacet
  facet normal 0 0 -1
    outer loop
      vertex -5 5 5.404999999999999
      vertex 5 5 5.404999999999999
      vertex 0.7982828624497714 2.6315859232635743 5.404999999999999
    endloop
  endfacet
  facet normal 0 0 -1
    outer loop
      vertex -0.7982828624497714 -2.6315859232635743 -0.3
      vertex -0.735 -2.05 -0.3
      vertex 0.735 -2.05 -0.3
    endloop
  endfacet
  facet normal 0 0 -1
    outer loop
      vertex -0.6681954947339757 -2.667585946284996 -0.3
      vertex 0.735 -2.05 -0.3
      vertex -0.5364983855443527 -2.6971595211088837 -0.3
    endloop
  endfacet
  facet normal 0 0 -1
    outer loop
      vertex -0.7982828624497714 -2.6315859232635743 -0.3
      vertex 0.735 -2.05 -0.3
      vertex -0.6681954947339757 -2.667585946284996 -0.3
    endloop
  endfacet
  facet normal 0 0 -1
    outer loop
      vertex -0.5364983855443527 -2.6971595211088837 -0.3
      vertex 0.735 -2.05 -0.3
      vertex -0.4035088047522448 -2.720235402403148 -0.3
    endloop
  endfacet
  facet normal 0 0 -1
    outer loop
      vertex -2.485970556089469 -1.1757765069332757 -0.3
      vertex -0.735 -0.6849999999999999 -0.3
      vertex -2.4252834769579765 -1.2963410262714936 -0.3
    endloop
  endfacet
  facet normal 0 0 -1
    outer loop
      vertex -2.358753677500748 -1.4137825465313598 -0.3
      vertex -2.4252834769579765 -1.2963410262714936 -0.3
      vertex -0.735 -0.6849999999999999 -0.3
    endloop
  endfacet
  facet normal 0 0 -1
    outer loop
      vertex -2.2088207115717737 -1.6381730873541918 -0.3
      vertex -0.735 -0.6849999999999999 -0.3
      vertex -2.125778746747527 -1.744581531450025 -0.3
    endloop
  endfacet
  facet normal 0 0 -1
    outer loop
      vertex -2.0376155947261374 -1.8467871258293007 -0.3
      vertex -0.735 -0.6849999999999999 -0.3
      vertex -1.9445436482630059 -1.9445436482630059 -0.3
    endloop
  endfacet
  facet normal 0 0 -1
    outer loop
      vertex -2.125778746747527 -1.744581531450025 -0.3
      vertex -0.735 -0.6849999999999999 -0.3
      vertex -2.0376155947261374 -1.8467871258293007 -0.3
    endloop
  endfacet
  facet normal 0 0 -1
    outer loop
      vertex -2.358753677500748 -1.4137825465313598 -0.3
      vertex -0.735 -0.6849999999999999 -0.3
      vertex -2.2865414338319994 -1.527818140803906 -0.3
    endloop
  endfacet
  facet normal 0 0 -1
    outer loop
      vertex -2.2088207115717737 -1.6381730873541918 -0.3
      vertex -2.2865414338319994 -1.527818140803906 -0.3
      vertex -0.735 -0.6849999999999999 -0.3
    endloop
  endfacet
  facet normal 0 0 -1
    outer loop
      vertex -1.744581531450025 -2.125778746747527 -0.3
      vertex -1.8467871258293007 -2.0376155947261374 -0.3
      vertex -0.735 -0.6849999999999999 -0.3
    endloop
  endfacet
  facet normal 0 0 -1
    outer loop
      vertex -1.6381730873541918 -2.2088207115717737 -0.3
      vertex -0.735 -0.6849999999999999 -0.3
      vertex -1.527818140803906 -2.2865414338319994 -0.3
    endloop
  endfacet
  facet normal 0 0 -1
    outer loop
      vertex -1.744581531450025 -2.125778746747527 -0.3
      vertex -0.735 -0.6849999999999999 -0.3
      vertex -1.6381730873541918 -2.2088207115717737 -0.3
    endloop
  endfacet
  facet normal 0 0 -1
    outer loop
      vertex -1.4137825465313598 -2.358753677500748 -0.3
      vertex -0.735 -0.6849999999999999 -0.3
      vertex -1.2963410262714936 -2.4252834769579765 -0.3
    endloop
  endfacet
  facet normal 0 0 -1
    outer loop
      vertex -1.1757765069332757 -2.485970556089469 -0.3
      vertex -1.2963410262714936 -2.4252834769579765 -0.3
      vertex -0.735 -0.6849999999999999 -0.3
    endloop
  endfacet
  facet normal 0 0 -1
    outer loop
      vertex -1.4137825465313598 -2.358753677500748 -0.3
      vertex -1.527818140803906 -2.2865414338319994 -0.3
      vertex -0.735 -0.6849999999999999 -0.3
    endloop
  endfacet
  facet normal 0 0 -1
    outer loop
      vertex -1.8467871258293007 -2.0376155947261374 -0.3
      vertex -1.9445436482630059 -1.9445436482630059 -0.3
      vertex -0.735 -0.6849999999999999 -0.3
    endloop
  endfacet
  facet normal 0 0 -1
    outer loop
      vertex -2.5406687144060385 -1.0523794390039969 -0.3
      vertex -2.589246179253307 -0.9264470968286052 -0.3
      vertex -0.735 -0.6849999999999999 -0.3
    endloop
  endfacet
  facet normal 0 0 -1
    outer loop
      vertex -2.6315859232635743 -0.7982828624497714 -0.3
      vertex -0.735 -0.6849999999999999 -0.3
      vertex -2.589246179253307 -0.9264470968286052 -0.3
    endloop
  endfacet
  facet normal 0 0 -1
    outer loop
      vertex -2.485970556089469 -1.1757765069332757 -0.3
      vertex -2.5406687144060385 -1.0523794390039969 -0.3
      vertex -0.735 -0.6849999999999999 -0.3
    endloop
  endfacet
  facet normal 0 0 -1
    outer loop
      vertex -2.6315859232635743 -0.7982828624497714 -0.3
      vertex -2.6629355133716164 -0.6849999999999999 -0.3
      vertex -0.735 -0.6849999999999999 -0.3
    endloop
  endfacet
  facet normal 0 0 -1
    outer loop
      vertex -1.1757765069332757 -2.485970556089469 -0.3
      vertex -0.735 -0.6849999999999999 -0.3
      vertex -1.0523794390039969 -2.5406687144060385 -0.3
    endloop
  endfacet
  facet normal 0 0 -1
    outer loop
      vertex -0.7982828624497714 -2.6315859232635743 -0.3
      vertex -0.9264470968286052 -2.589246179253307 -0.3
      vertex -0.735 -0.6849999999999999 -0.3
    endloop
  endfacet
  facet normal 0 0 -1
    outer loop
      vertex -1.0523794390039969 -2.5406687144060385 -0.3
      vertex -0.735 -0.6849999999999999 -0.3
      vertex -0.9264470968286052 -2.589246179253307 -0.3
    endloop
  endfacet
  facet normal 0 0 -1
    outer loop
      vertex -0.7982828624497714 -2.6315859232635743 -0.3
      vertex -0.735 -0.6849999999999999 -0.3
      vertex -0.735 -2.05 -0.3
    endloop
  endfacet
  facet normal -0.817584813151585 -0.5758081914178433 8.89366559866544e-19
    outer loop
      vertex -2.2088207115717737 -1.6381730873541918 -0.3
      vertex -2.2865414338319994 -1.527818140803906 5.404999999999999
      vertex -2.2865414338319994 -1.527818140803906 -0.3
    endloop
  endfacet
  facet normal -0.7572088465064839 -0.6531728429537773 0
    outer loop
      vertex -2.125778746747527 -1.744581531450025 -0.3
      vertex -2.0376155947261374 -1.8467871258293007 -0.3
      vertex -2.125778746747527 -1.744581531450025 5.404999999999999
    endloop
  endfacet
  facet normal -0.7883464276266059 -0.6152315905806274 0
    outer loop
      vertex -2.2088207115717737 -1.6381730873541918 -0.3
      vertex -2.125778746747527 -1.744581531450025 -0.3
      vertex -2.2088207115717737 -1.6381730873541918 5.404999999999999
    endloop
  endfacet
  facet normal -0.844853565249707 -0.5349976198870973 0
    outer loop
      vertex -2.358753677500748 -1.4137825465313598 -0.3
      vertex -2.2865414338319994 -1.527818140803906 -0.3
      vertex -2.358753677500748 -1.4137825465313598 5.404999999999999
    endloop
  endfacet
  facet normal -0.8700869911087104 -0.492898192229786 6.893183887666575e-19
    outer loop
      vertex -2.358753677500748 -1.4137825465313598 -0.3
      vertex -2.4252834769579765 -1.2963410262714936 5.404999999999999
      vertex -2.4252834769579765 -1.2963410262714936 -0.3
    endloop
  endfacet
  facet normal -0.8932243011955161 -0.44961132965460504 0
    outer loop
      vertex -2.485970556089469 -1.1757765069332757 -0.3
      vertex -2.4252834769579765 -1.2963410262714936 -0.3
      vertex -2.485970556089469 -1.1757765069332757 5.404999999999999
    endloop
  endfacet
  facet normal -0.9142097557035308 -0.40524131400498936 5.511702449831115e-19
    outer loop
      vertex -2.485970556089469 -1.1757765069332757 -0.3
      vertex -2.5406687144060385 -1.0523794390039969 5.404999999999999
      vertex -2.5406687144060385 -1.0523794390039969 -0.3
    endloop
  endfacet
  facet normal -0.9495281805930367 -0.3136817403988917 0
    outer loop
      vertex -2.6315859232635743 -0.7982828624497714 -0.3
      vertex -2.589246179253307 -0.9264470968286052 -0.3
      vertex -2.6315859232635743 -0.7982828624497714 5.404999999999999
    endloop
  endfacet
  facet normal -0.9637760657954394 -0.26671275747490036 -3.930916543903381e-20
    outer loop
      vertex -2.6315859232635743 -0.7982828624497714 -0.3
      vertex -2.6629355133716164 -0.6849999999999999 5.404999999999999
      vertex -2.6629355133716164 -0.6849999999999999 -0.3
    endloop
  endfacet
  facet normal -0.932992798834739 -0.35989503653498806 -2.621646733919818e-19
    outer loop
      vertex -2.5406687144060385 -1.0523794390039969 -0.3
      vertex -2.589246179253307 -0.9264470968286052 5.404999999999999
      vertex -2.589246179253307 -0.9264470968286052 -0.3
    endloop
  endfacet
  facet normal -0.6152315905806274 -0.7883464276266059 0
    outer loop
      vertex -1.744581531450025 -2.125778746747527 -0.3
      vertex -1.6381730873541918 -2.2088207115717737 -0.3
      vertex -1.744581531450025 -2.125778746747527 5.404999999999999
    endloop
  endfacet
  facet normal -0.5758081914178433 -0.817584813151585 0
    outer loop
      vertex -1.6381730873541918 -2.2088207115717737 -0.3
      vertex -1.527818140803906 -2.2865414338319994 -0.3
      vertex -1.6381730873541918 -2.2088207115717737 5.404999999999999
    endloop
  endfacet
  facet normal -0.492898192229786 -0.8700869911087104 0
    outer loop
      vertex -1.4137825465313598 -2.358753677500748 -0.3
      vertex -1.2963410262714936 -2.4252834769579765 -0.3
      vertex -1.4137825465313598 -2.358753677500748 5.404999999999999
    endloop
  endfacet
  facet normal -0.5349976198870973 -0.844853565249707 -4.658893456851306e-19
    outer loop
      vertex -1.4137825465313598 -2.358753677500748 -0.3
      vertex -1.527818140803906 -2.2865414338319994 5.404999999999999
      vertex -1.527818140803906 -2.2865414338319994 -0.3
    endloop
  endfacet
  facet normal -0.44961132965460504 -0.8932243011955161 3.0682033098684176e-19
    outer loop
      vertex -1.1757765069332757 -2.485970556089469 -0.3
      vertex -1.2963410262714936 -2.4252834769579765 5.404999999999999
      vertex -1.2963410262714936 -2.4252834769579765 -0.3
    endloop
  endfacet
  facet normal -0.40524131400498936 -0.9142097557035308 0
    outer loop
      vertex -1.1757765069332757 -2.485970556089469 -0.3
      vertex -1.0523794390039969 -2.5406687144060385 -0.3
      vertex -1.1757765069332757 -2.485970556089469 5.404999999999999
    endloop
  endfacet
  facet normal -0.3136817403988917 -0.9495281805930367 -1.768400595657261e-19
    outer loop
      vertex -0.7982828624497714 -2.6315859232635743 -0.3
      vertex -0.9264470968286052 -2.589246179253307 5.404999999999999
      vertex -0.9264470968286052 -2.589246179253307 -0.3
    endloop
  endfacet
  facet normal -0.2667127574748991 -0.9637760657954396 0
    outer loop
      vertex -0.7982828624497714 -2.6315859232635743 -0.3
      vertex -0.6681954947339757 -2.667585946284996 -0.3
      vertex -0.7982828624497714 -2.6315859232635743 5.404999999999999
    endloop
  endfacet
  facet normal -0.2191012401568692 -0.9757021300385286 0
    outer loop
      vertex -0.6681954947339757 -2.667585946284996 -0.3
      vertex -0.5364983855443527 -2.6971595211088837 -0.3
      vertex -0.6681954947339757 -2.667585946284996 5.404999999999999
    endloop
  endfacet
  facet normal -0.35989503653498806 -0.932992798834739 0
    outer loop
      vertex -1.0523794390039969 -2.5406687144060385 -0.3
      vertex -0.9264470968286052 -2.589246179253307 -0.3
      vertex -1.0523794390039969 -2.5406687144060385 5.404999999999999
    endloop
  endfacet
  facet normal -0.17096188876030302 -0.9852776423889409 0
    outer loop
      vertex -0.5364983855443527 -2.6971595211088837 -0.3
      vertex -0.4035088047522448 -2.720235402403148 -0.3
      vertex -0.5364983855443527 -2.6971595211088837 5.404999999999999
    endloop
  endfacet
  facet normal -0.12241067519921521 -0.9924795345987102 0
    outer loop
      vertex -0.4035088047522448 -2.720235402403148 -0.3
      vertex -0.26954713590629165 -2.7367579983485415 -0.3
      vertex -0.4035088047522448 -2.720235402403148 5.404999999999999
    endloop
  endfacet
  facet normal -0.07356456359966845 -0.9972904566786902 0
    outer loop
      vertex -0.26954713590629165 -2.7367579983485415 -0.3
      vertex -0.13493610440039955 -2.7466875045642243 -0.3
      vertex -0.26954713590629165 -2.7367579983485415 5.404999999999999
    endloop
  endfacet
  facet normal -0.024541228522910803 -0.9996988186962044 0
    outer loop
      vertex -0.13493610440039955 -2.7466875045642243 -0.3
      vertex 0 -2.75 -0.3
      vertex -0.13493610440039955 -2.7466875045642243 5.404999999999999
    endloop
  endfacet
  facet normal -0.7242470829514681 -0.6895405447370658 0
    outer loop
      vertex -2.0376155947261374 -1.8467871258293007 -0.3
      vertex -1.9445436482630059 -1.9445436482630059 -0.3
      vertex -2.0376155947261374 -1.8467871258293007 5.404999999999999
    endloop
  endfacet
  facet normal -0.6895405447370658 -0.7242470829514681 -1.7149034641046605e-19
    outer loop
      vertex -1.8467871258293007 -2.0376155947261374 -0.3
      vertex -1.9445436482630059 -1.9445436482630059 5.404999999999999
      vertex -1.9445436482630059 -1.9445436482630059 -0.3
    endloop
  endfacet
  facet normal -0.6531728429537773 -0.7572088465064839 7.160988608422316e-19
    outer loop
      vertex -1.744581531450025 -2.125778746747527 -0.3
      vertex -1.8467871258293007 -2.0376155947261374 5.404999999999999
      vertex -1.8467871258293007 -2.0376155947261374 -0.3
    endloop
  endfacet
  facet normal -0.817584813151585 -0.5758081914178433 0
    outer loop
      vertex -2.2088207115717737 -1.6381730873541918 -0.3
      vertex -2.2088207115717737 -1.6381730873541918 5.404999999999999
      vertex -2.2865414338319994 -1.527818140803906 5.404999999999999
    endloop
  endfacet
  facet normal -0.7883464276266059 -0.6152315905806274 0
    outer loop
      vertex -2.125778746747527 -1.744581531450025 -0.3
      vertex -2.125778746747527 -1.744581531450025 5.404999999999999
      vertex -2.2088207115717737 -1.6381730873541918 5.404999999999999
    endloop
  endfacet
  facet normal -0.8700869911087104 -0.492898192229786 0
    outer loop
      vertex -2.358753677500748 -1.4137825465313598 -0.3
      vertex -2.358753677500748 -1.4137825465313598 5.404999999999999
      vertex -2.4252834769579765 -1.2963410262714936 5.404999999999999
    endloop
  endfacet
  facet normal -0.9142097557035308 -0.40524131400498936 0
    outer loop
      vertex -2.485970556089469 -1.1757765069332757 -0.3
      vertex -2.485970556089469 -1.1757765069332757 5.404999999999999
      vertex -2.5406687144060385 -1.0523794390039969 5.404999999999999
    endloop
  endfacet
  facet normal -0.8932243011955161 -0.44961132965460504 0
    outer loop
      vertex -2.4252834769579765 -1.2963410262714936 -0.3
      vertex -2.4252834769579765 -1.2963410262714936 5.404999999999999
      vertex -2.485970556089469 -1.1757765069332757 5.404999999999999
    endloop
  endfacet
  facet normal -0.844853565249707 -0.5349976198870973 0
    outer loop
      vertex -2.2865414338319994 -1.527818140803906 -0.3
      vertex -2.2865414338319994 -1.527818140803906 5.404999999999999
      vertex -2.358753677500748 -1.4137825465313598 5.404999999999999
    endloop
  endfacet
  facet normal -0.9495281805930367 -0.3136817403988917 0
    outer loop
      vertex -2.589246179253307 -0.9264470968286052 -0.3
      vertex -2.589246179253307 -0.9264470968286052 5.404999999999999
      vertex -2.6315859232635743 -0.7982828624497714 5.404999999999999
    endloop
  endfacet
  facet normal -0.9637760657954394 -0.26671275747490036 0
    outer loop
      vertex -2.6315859232635743 -0.7982828624497714 -0.3
      vertex -2.6315859232635743 -0.7982828624497714 5.404999999999999
      vertex -2.6629355133716164 -0.6849999999999999 5.404999999999999
    endloop
  endfacet
  facet normal -0.932992798834739 -0.35989503653498806 0
    outer loop
      vertex -2.5406687144060385 -1.0523794390039969 -0.3
      vertex -2.5406687144060385 -1.0523794390039969 5.404999999999999
      vertex -2.589246179253307 -0.9264470968286052 5.404999999999999
    endloop
  endfacet
  facet normal -0.6531728429537773 -0.7572088465064839 0
    outer loop
      vertex -1.744581531450025 -2.125778746747527 -0.3
      vertex -1.744581531450025 -2.125778746747527 5.404999999999999
      vertex -1.8467871258293007 -2.0376155947261374 5.404999999999999
    endloop
  endfacet
  facet normal -0.5758081914178433 -0.817584813151585 0
    outer loop
      vertex -1.527818140803906 -2.2865414338319994 -0.3
      vertex -1.527818140803906 -2.2865414338319994 5.404999999999999
      vertex -1.6381730873541918 -2.2088207115717737 5.404999999999999
    endloop
  endfacet
  facet normal -0.6152315905806274 -0.7883464276266059 0
    outer loop
      vertex -1.6381730873541918 -2.2088207115717737 -0.3
      vertex -1.6381730873541918 -2.2088207115717737 5.404999999999999
      vertex -1.744581531450025 -2.125778746747527 5.404999999999999
    endloop
  endfacet
  facet normal -0.5349976198870973 -0.844853565249707 0
    outer loop
      vertex -1.4137825465313598 -2.358753677500748 -0.3
      vertex -1.4137825465313598 -2.358753677500748 5.404999999999999
      vertex -1.527818140803906 -2.2865414338319994 5.404999999999999
    endloop
  endfacet
  facet normal -0.492898192229786 -0.8700869911087104 0
    outer loop
      vertex -1.2963410262714936 -2.4252834769579765 -0.3
      vertex -1.2963410262714936 -2.4252834769579765 5.404999999999999
      vertex -1.4137825465313598 -2.358753677500748 5.404999999999999
    endloop
  endfacet
  facet normal -0.44961132965460504 -0.8932243011955161 0
    outer loop
      vertex -1.1757765069332757 -2.485970556089469 -0.3
      vertex -1.1757765069332757 -2.485970556089469 5.404999999999999
      vertex -1.2963410262714936 -2.4252834769579765 5.404999999999999
    endloop
  endfacet
  facet normal -0.40524131400498936 -0.9142097557035308 0
    outer loop
      vertex -1.0523794390039969 -2.5406687144060385 -0.3
      vertex -1.0523794390039969 -2.5406687144060385 5.404999999999999
      vertex -1.1757765069332757 -2.485970556089469 5.404999999999999
    endloop
  endfacet
  facet normal -0.3136817403988917 -0.9495281805930367 0
    outer loop
      vertex -0.7982828624497714 -2.6315859232635743 -0.3
      vertex -0.7982828624497714 -2.6315859232635743 5.404999999999999
      vertex -0.9264470968286052 -2.589246179253307 5.404999999999999
    endloop
  endfacet
  facet normal -0.2667127574748991 -0.9637760657954396 0
    outer loop
      vertex -0.6681954947339757 -2.667585946284996 -0.3
      vertex -0.6681954947339757 -2.667585946284996 5.404999999999999
      vertex -0.7982828624497714 -2.6315859232635743 5.404999999999999
    endloop
  endfacet
  facet normal -0.2191012401568692 -0.9757021300385286 0
    outer loop
      vertex -0.5364983855443527 -2.6971595211088837 -0.3
      vertex -0.5364983855443527 -2.6971595211088837 5.404999999999999
      vertex -0.6681954947339757 -2.667585946284996 5.404999999999999
    endloop
  endfacet
  facet normal -0.35989503653498806 -0.932992798834739 0
    outer loop
      vertex -0.9264470968286052 -2.589246179253307 -0.3
      vertex -0.9264470968286052 -2.589246179253307 5.404999999999999
      vertex -1.0523794390039969 -2.5406687144060385 5.404999999999999
    endloop
  endfacet
  facet normal -0.17096188876030302 -0.9852776423889409 0
    outer loop
      vertex -0.4035088047522448 -2.720235402403148 -0.3
      vertex -0.4035088047522448 -2.720235402403148 5.404999999999999
      vertex -0.5364983855443527 -2.6971595211088837 5.404999999999999
    endloop
  endfacet
  facet normal -0.12241067519921521 -0.9924795345987102 0
    outer loop
      vertex -0.26954713590629165 -2.7367579983485415 -0.3
      vertex -0.26954713590629165 -2.7367579983485415 5.404999999999999
      vertex -0.4035088047522448 -2.720235402403148 5.404999999999999
    endloop
  endfacet
  facet normal -0.07356456359966845 -0.9972904566786902 0
    outer loop
      vertex -0.13493610440039955 -2.7466875045642243 -0.3
      vertex -0.13493610440039955 -2.7466875045642243 5.404999999999999
      vertex -0.26954713590629165 -2.7367579983485415 5.404999999999999
    endloop
  endfacet
  facet normal -0.024541228522910803 -0.9996988186962044 -5.8726443113421e-21
    outer loop
      vertex -0.13493610440039955 -2.7466875045642243 5.404999999999999
      vertex 0 -2.75 -0.3
      vertex 0 -2.75 5.404999999999999
    endloop
  endfacet
  facet normal -0.7242470829514681 -0.6895405447370658 0
    outer loop
      vertex -1.9445436482630059 -1.9445436482630059 -0.3
      vertex -1.9445436482630059 -1.9445436482630059 5.404999999999999
      vertex -2.0376155947261374 -1.8467871258293007 5.404999999999999
    endloop
  endfacet
  facet normal -0.6895405447370658 -0.7242470829514681 0
    outer loop
      vertex -1.8467871258293007 -2.0376155947261374 -0.3
      vertex -1.8467871258293007 -2.0376155947261374 5.404999999999999
      vertex -1.9445436482630059 -1.9445436482630059 5.404999999999999
    endloop
  endfacet
  facet normal -0.7572088465064839 -0.6531728429537773 0
    outer loop
      vertex -2.0376155947261374 -1.8467871258293007 -0.3
      vertex -2.0376155947261374 -1.8467871258293007 5.404999999999999
      vertex -2.125778746747527 -1.744581531450025 5.404999999999999
    endloop
  endfacet
  facet normal 0 0 -1
    outer loop
      vertex -2.6629355133716164 0.6849999999999999 -0.3
      vertex -2.6315859232635743 0.7982828624497714 -0.3
      vertex -2.589246179253307 0.9264470968286052 -0.3
    endloop
  endfacet
  facet normal 0 0 -1
    outer loop
      vertex -2.6629355133716164 0.6849999999999999 -0.3
      vertex -2.589246179253307 0.9264470968286052 -0.3
      vertex -2.5406687144060385 1.0523794390039969 -0.3
    endloop
  endfacet
  facet normal 0 0 -1
    outer loop
      vertex -2.6629355133716164 0.6849999999999999 -0.3
      vertex -2.5406687144060385 1.0523794390039969 -0.3
      vertex -2.485970556089469 1.1757765069332757 -0.3
    endloop
  endfacet
  facet normal 0 0 -1
    outer loop
      vertex -2.6629355133716164 0.6849999999999999 -0.3
      vertex -2.485970556089469 1.1757765069332757 -0.3
      vertex -2.4252834769579765 1.2963410262714936 -0.3
    endloop
  endfacet
  facet normal 0 0 -1
    outer loop
      vertex -2.6629355133716164 0.6849999999999999 -0.3
      vertex -2.4252834769579765 1.2963410262714936 -0.3
      vertex -2.358753677500748 1.4137825465313598 -0.3
    endloop
  endfacet
  facet normal 0 0 -1
    outer loop
      vertex -2.6629355133716164 0.6849999999999999 -0.3
      vertex -2.358753677500748 1.4137825465313598 -0.3
      vertex -2.2865414338319994 1.527818140803906 -0.3
    endloop
  endfacet
  facet normal 0 0 -1
    outer loop
      vertex -2.6629355133716164 0.6849999999999999 -0.3
      vertex -2.2865414338319994 1.527818140803906 -0.3
      vertex -2.2088207115717737 1.6381730873541918 -0.3
    endloop
  endfacet
  facet normal 0 0 -1
    outer loop
      vertex -2.6629355133716164 0.6849999999999999 -0.3
      vertex -2.2088207115717737 1.6381730873541918 -0.3
      vertex -2.125778746747527 1.744581531450025 -0.3
    endloop
  endfacet
  facet normal 0 0 -1
    outer loop
      vertex -2.6629355133716164 0.6849999999999999 -0.3
      vertex -2.125778746747527 1.744581531450025 -0.3
      vertex -2.0376155947261374 1.8467871258293007 -0.3
    endloop
  endfacet
  facet normal 0 0 -1
    outer loop
      vertex -2.6629355133716164 0.6849999999999999 -0.3
      vertex -2.0376155947261374 1.8467871258293007 -0.3
      vertex -1.9445436482630059 1.9445436482630059 -0.3
    endloop
  endfacet
  facet normal 0 0 -1
    outer loop
      vertex -2.6629355133716164 0.6849999999999999 -0.3
      vertex -1.9445436482630059 1.9445436482630059 -0.3
      vertex -1.8467871258293007 2.0376155947261374 -0.3
    endloop
  endfacet
  facet normal 0 0 -1
    outer loop
      vertex -2.6629355133716164 0.6849999999999999 -0.3
      vertex -1.8467871258293007 2.0376155947261374 -0.3
      vertex -1.744581531450025 2.125778746747527 -0.3
    endloop
  endfacet
  facet normal 0 0 -1
    outer loop
      vertex -2.6629355133716164 0.6849999999999999 -0.3
      vertex -1.744581531450025 2.125778746747527 -0.3
      vertex -1.6381730873541918 2.2088207115717737 -0.3
    endloop
  endfacet
  facet normal 0 0 -1
    outer loop
      vertex -2.6629355133716164 0.6849999999999999 -0.3
      vertex -1.6381730873541918 2.2088207115717737 -0.3
      vertex -1.527818140803906 2.2865414338319994 -0.3
    endloop
  endfacet
  facet normal 0 0 -1
    outer loop
      vertex -2.6629355133716164 0.6849999999999999 -0.3
      vertex -1.527818140803906 2.2865414338319994 -0.3
      vertex -1.4137825465313598 2.358753677500748 -0.3
    endloop
  endfacet
  facet normal 0 0 -1
    outer loop
      vertex -2.6629355133716164 0.6849999999999999 -0.3
      vertex -1.4137825465313598 2.358753677500748 -0.3
      vertex -1.2963410262714936 2.4252834769579765 -0.3
    endloop
  endfacet
  facet normal 0 0 -1
    outer loop
      vertex -2.6629355133716164 0.6849999999999999 -0.3
      vertex -1.2963410262714936 2.4252834769579765 -0.3
      vertex -1.1757765069332757 2.485970556089469 -0.3
    endloop
  endfacet
  facet normal 0 0 -1
    outer loop
      vertex -2.6629355133716164 0.6849999999999999 -0.3
      vertex -1.1757765069332757 2.485970556089469 -0.3
      vertex -1.0523794390039969 2.5406687144060385 -0.3
    endloop
  endfacet
  facet normal 0 0 -1
    outer loop
      vertex -2.6629355133716164 0.6849999999999999 -0.3
      vertex -0.735 2.05 -0.3
      vertex -0.735 0.6849999999999999 -0.3
    endloop
  endfacet
  facet normal 0 0 -1
    outer loop
      vertex -2.6629355133716164 0.6849999999999999 -0.3
      vertex -0.7982828624497714 2.6315859232635743 -0.3
      vertex -0.735 2.05 -0.3
    endloop
  endfacet
  facet normal 0 0 -1
    outer loop
      vertex -2.6629355133716164 0.6849999999999999 -0.3
      vertex -1.0523794390039969 2.5406687144060385 -0.3
      vertex -0.9264470968286052 2.589246179253307 -0.3
    endloop
  endfacet
  facet normal 0 0 -1
    outer loop
      vertex -2.6629355133716164 0.6849999999999999 -0.3
      vertex -0.9264470968286052 2.589246179253307 -0.3
      vertex -0.7982828624497714 2.6315859232635743 -0.3
    endloop
  endfacet
  facet normal 0 0 -1
    outer loop
      vertex -0.735 2.05 -0.3
      vertex -0.7982828624497714 2.6315859232635743 -0.3
      vertex -0.6681954947339757 2.667585946284996 -0.3
    endloop
  endfacet
  facet normal 0 0 -1
    outer loop
      vertex -0.735 2.05 -0.3
      vertex -0.6681954947339757 2.667585946284996 -0.3
      vertex -0.5364983855443527 2.6971595211088837 -0.3
    endloop
  endfacet
  facet normal 0 0 -1
    outer loop
      vertex -0.735 2.05 -0.3
      vertex -0.5364983855443527 2.6971595211088837 -0.3
      vertex -0.4035088047522448 2.720235402403148 -0.3
    endloop
  endfacet
  facet normal 0 0 -1
    outer loop
      vertex -0.735 2.05 -0.3
      vertex -0.4035088047522448 2.720235402403148 -0.3
      vertex -0.26954713590629165 2.7367579983485415 -0.3
    endloop
  endfacet
  facet normal 0 0 -1
    outer loop
      vertex -0.735 2.05 -0.3
      vertex -0.26954713590629165 2.7367579983485415 -0.3
      vertex -0.13493610440039955 2.7466875045642243 -0.3
    endloop
  endfacet
  facet normal 0 0 -1
    outer loop
      vertex -0.735 2.05 -0.3
      vertex -0.13493610440039955 2.7466875045642243 -0.3
      vertex 0 2.75 -0.3
    endloop
  endfacet
  facet normal 0 0 -1
    outer loop
      vertex -0.735 2.05 -0.3
      vertex 0 2.75 -0.3
      vertex 0.13493610440039955 2.7466875045642243 -0.3
    endloop
  endfacet
  facet normal 0 0 -1
    outer loop
      vertex -0.735 2.05 -0.3
      vertex 0.13493610440039955 2.7466875045642243 -0.3
      vertex 0.26954713590629165 2.7367579983485415 -0.3
    endloop
  endfacet
  facet normal 0 0 -1
    outer loop
      vertex -0.735 2.05 -0.3
      vertex 0.26954713590629165 2.7367579983485415 -0.3
      vertex 0.4035088047522448 2.720235402403148 -0.3
    endloop
  endfacet
  facet normal -0.9637760657954394 0.26671275747490036 3.930916543903381e-20
    outer loop
      vertex -2.6629355133716164 0.6849999999999999 -0.3
      vertex -2.6315859232635743 0.7982828624497714 5.404999999999999
      vertex -2.6315859232635743 0.7982828624497714 -0.3
    endloop
  endfacet
  facet normal -0.9495281805930367 0.3136817403988917 1.768400595657261e-19
    outer loop
      vertex -2.6315859232635743 0.7982828624497714 -0.3
      vertex -2.589246179253307 0.9264470968286052 5.404999999999999
      vertex -2.589246179253307 0.9264470968286052 -0.3
    endloop
  endfacet
  facet normal -0.932992798834739 0.35989503653498806 2.621646733919818e-19
    outer loop
      vertex -2.589246179253307 0.9264470968286052 -0.3
      vertex -2.5406687144060385 1.0523794390039969 5.404999999999999
      vertex -2.5406687144060385 1.0523794390039969 -0.3
    endloop
  endfacet
  facet normal -0.9142097557035308 0.40524131400498936 -5.511702449831115e-19
    outer loop
      vertex -2.5406687144060385 1.0523794390039969 -0.3
      vertex -2.485970556089469 1.1757765069332757 5.404999999999999
      vertex -2.485970556089469 1.1757765069332757 -0.3
    endloop
  endfacet
  facet normal -0.8932243011955161 0.44961132965460504 -3.0682033098684176e-19
    outer loop
      vertex -2.485970556089469 1.1757765069332757 -0.3
      vertex -2.4252834769579765 1.2963410262714936 5.404999999999999
      vertex -2.4252834769579765 1.2963410262714936 -0.3
    endloop
  endfacet
  facet normal -0.8700869911087104 0.492898192229786 -6.893183887666575e-19
    outer loop
      vertex -2.4252834769579765 1.2963410262714936 -0.3
      vertex -2.358753677500748 1.4137825465313598 5.404999999999999
      vertex -2.358753677500748 1.4137825465313598 -0.3
    endloop
  endfacet
  facet normal -0.844853565249707 0.5349976198870973 4.658893456851306e-19
    outer loop
      vertex -2.358753677500748 1.4137825465313598 -0.3
      vertex -2.2865414338319994 1.527818140803906 5.404999999999999
      vertex -2.2865414338319994 1.527818140803906 -0.3
    endloop
  endfacet
  facet normal -0.817584813151585 0.5758081914178433 -8.89366559866544e-19
    outer loop
      vertex -2.2865414338319994 1.527818140803906 -0.3
      vertex -2.2088207115717737 1.6381730873541918 5.404999999999999
      vertex -2.2088207115717737 1.6381730873541918 -0.3
    endloop
  endfacet
  facet normal -0.7883464276266059 0.6152315905806274 4.397106166118348e-19
    outer loop
      vertex -2.2088207115717737 1.6381730873541918 -0.3
      vertex -2.125778746747527 1.744581531450025 5.404999999999999
      vertex -2.125778746747527 1.744581531450025 -0.3
    endloop
  endfacet
  facet normal -0.7572088465064839 0.6531728429537773 -7.160988608422316e-19
    outer loop
      vertex -2.125778746747527 1.744581531450025 -0.3
      vertex -2.0376155947261374 1.8467871258293007 5.404999999999999
      vertex -2.0376155947261374 1.8467871258293007 -0.3
    endloop
  endfacet
  facet normal -0.7242470829514681 0.6895405447370658 1.7149034641046605e-19
    outer loop
      vertex -2.0376155947261374 1.8467871258293007 -0.3
      vertex -1.9445436482630059 1.9445436482630059 5.404999999999999
      vertex -1.9445436482630059 1.9445436482630059 -0.3
    endloop
  endfacet
  facet normal -0.6895405447370658 0.7242470829514681 1.7149034641046605e-19
    outer loop
      vertex -1.9445436482630059 1.9445436482630059 -0.3
      vertex -1.8467871258293007 2.0376155947261374 5.404999999999999
      vertex -1.8467871258293007 2.0376155947261374 -0.3
    endloop
  endfacet
  facet normal -0.6531728429537773 0.7572088465064839 -7.160988608422316e-19
    outer loop
      vertex -1.8467871258293007 2.0376155947261374 -0.3
      vertex -1.744581531450025 2.125778746747527 5.404999999999999
      vertex -1.744581531450025 2.125778746747527 -0.3
    endloop
  endfacet
  facet normal -0.6152315905806274 0.7883464276266059 4.397106166118348e-19
    outer loop
      vertex -1.744581531450025 2.125778746747527 -0.3
      vertex -1.6381730873541918 2.2088207115717737 5.404999999999999
      vertex -1.6381730873541918 2.2088207115717737 -0.3
    endloop
  endfacet
  facet normal -0.5758081914178433 0.817584813151585 -8.89366559866544e-19
    outer loop
      vertex -1.6381730873541918 2.2088207115717737 -0.3
      vertex -1.527818140803906 2.2865414338319994 5.404999999999999
      vertex -1.527818140803906 2.2865414338319994 -0.3
    endloop
  endfacet
  facet normal -0.5349976198870973 0.844853565249707 4.658893456851306e-19
    outer loop
      vertex -1.527818140803906 2.2865414338319994 -0.3
      vertex -1.4137825465313598 2.358753677500748 5.404999999999999
      vertex -1.4137825465313598 2.358753677500748 -0.3
    endloop
  endfacet
  facet normal -0.492898192229786 0.8700869911087104 -6.893183887666575e-19
    outer loop
      vertex -1.4137825465313598 2.358753677500748 -0.3
      vertex -1.2963410262714936 2.4252834769579765 5.404999999999999
      vertex -1.2963410262714936 2.4252834769579765 -0.3
    endloop
  endfacet
  facet normal -0.44961132965460504 0.8932243011955161 -3.0682033098684176e-19
    outer loop
      vertex -1.2963410262714936 2.4252834769579765 -0.3
      vertex -1.1757765069332757 2.485970556089469 5.404999999999999
      vertex -1.1757765069332757 2.485970556089469 -0.3
    endloop
  endfacet
  facet normal -0.40524131400498936 0.9142097557035308 -5.511702449831115e-19
    outer loop
      vertex -1.1757765069332757 2.485970556089469 -0.3
      vertex -1.0523794390039969 2.5406687144060385 5.404999999999999
      vertex -1.0523794390039969 2.5406687144060385 -0.3
    endloop
  endfacet
  facet normal -0.35989503653498806 0.932992798834739 2.621646733919818e-19
    outer loop
      vertex -1.0523794390039969 2.5406687144060385 -0.3
      vertex -0.9264470968286052 2.589246179253307 5.404999999999999
      vertex -0.9264470968286052 2.589246179253307 -0.3
    endloop
  endfacet
  facet normal -0.3136817403988917 0.9495281805930367 1.768400595657261e-19
    outer loop
      vertex -0.9264470968286052 2.589246179253307 -0.3
      vertex -0.7982828624497714 2.6315859232635743 5.404999999999999
      vertex -0.7982828624497714 2.6315859232635743 -0.3
    endloop
  endfacet
  facet normal -0.2667127574748991 0.9637760657954396 2.800852051993347e-20
    outer loop
      vertex -0.7982828624497714 2.6315859232635743 -0.3
      vertex -0.6681954947339757 2.667585946284996 5.404999999999999
      vertex -0.6681954947339757 2.667585946284996 -0.3
    endloop
  endfacet
  facet normal -0.2191012401568692 0.9757021300385286 -2.0812277941075905e-19
    outer loop
      vertex -0.6681954947339757 2.667585946284996 -0.3
      vertex -0.5364983855443527 2.6971595211088837 5.404999999999999
      vertex -0.5364983855443527 2.6971595211088837 -0.3
    endloop
  endfacet
  facet normal -0.17096188876030302 0.9852776423889409 -1.5035922380659942e-19
    outer loop
      vertex -0.5364983855443527 2.6971595211088837 -0.3
      vertex -0.4035088047522448 2.720235402403148 5.404999999999999
      vertex -0.4035088047522448 2.720235402403148 -0.3
    endloop
  endfacet
  facet normal -0.12241067519921521 0.9924795345987102 7.558059902188401e-22
    outer loop
      vertex -0.4035088047522448 2.720235402403148 -0.3
      vertex -0.26954713590629165 2.7367579983485415 5.404999999999999
      vertex -0.26954713590629165 2.7367579983485415 -0.3
    endloop
  endfacet
  facet normal -0.07356456359966845 0.9972904566786902 8.251153571796293e-20
    outer loop
      vertex -0.26954713590629165 2.7367579983485415 -0.3
      vertex -0.13493610440039955 2.7466875045642243 5.404999999999999
      vertex -0.13493610440039955 2.7466875045642243 -0.3
    endloop
  endfacet
  facet normal -0.024541228522910803 0.9996988186962044 5.8726443113421e-21
    outer loop
      vertex -0.13493610440039955 2.7466875045642243 -0.3
      vertex 0 2.75 5.404999999999999
      vertex 0 2.75 -0.3
    endloop
  endfacet
  facet normal -0.9637760657954394 0.26671275747490036 0
    outer loop
      vertex -2.6629355133716164 0.6849999999999999 -0.3
      vertex -2.6629355133716164 0.6849999999999999 5.404999999999999
      vertex -2.6315859232635743 0.7982828624497714 5.404999999999999
    endloop
  endfacet
  facet normal -0.9495281805930367 0.3136817403988917 0
    outer loop
      vertex -2.6315859232635743 0.7982828624497714 -0.3
      vertex -2.6315859232635743 0.7982828624497714 5.404999999999999
      vertex -2.589246179253307 0.9264470968286052 5.404999999999999
    endloop
  endfacet
  facet normal -0.932992798834739 0.35989503653498806 0
    outer loop
      vertex -2.589246179253307 0.9264470968286052 -0.3
      vertex -2.589246179253307 0.9264470968286052 5.404999999999999
      vertex -2.5406687144060385 1.0523794390039969 5.404999999999999
    endloop
  endfacet
  facet normal -0.9142097557035308 0.40524131400498936 0
    outer loop
      vertex -2.5406687144060385 1.0523794390039969 -0.3
      vertex -2.5406687144060385 1.0523794390039969 5.404999999999999
      vertex -2.485970556089469 1.1757765069332757 5.404999999999999
    endloop
  endfacet
  facet normal -0.8932243011955161 0.44961132965460504 0
    outer loop
      vertex -2.485970556089469 1.1757765069332757 -0.3
      vertex -2.485970556089469 1.1757765069332757 5.404999999999999
      vertex -2.4252834769579765 1.2963410262714936 5.404999999999999
    endloop
  endfacet
  facet normal -0.8700869911087104 0.492898192229786 0
    outer loop
      vertex -2.4252834769579765 1.2963410262714936 -0.3
      vertex -2.4252834769579765 1.2963410262714936 5.404999999999999
      vertex -2.358753677500748 1.4137825465313598 5.404999999999999
    endloop
  endfacet
  facet normal -0.844853565249707 0.5349976198870973 0
    outer loop
      vertex -2.358753677500748 1.4137825465313598 -0.3
      vertex -2.358753677500748 1.4137825465313598 5.404999999999999
      vertex -2.2865414338319994 1.527818140803906 5.404999999999999
    endloop
  endfacet
  facet normal -0.817584813151585 0.5758081914178433 0
    outer loop
      vertex -2.2865414338319994 1.527818140803906 -0.3
      vertex -2.2865414338319994 1.527818140803906 5.404999999999999
      vertex -2.2088207115717737 1.6381730873541918 5.404999999999999
    endloop
  endfacet
  facet normal -0.7883464276266059 0.6152315905806274 0
    outer loop
      vertex -2.2088207115717737 1.6381730873541918 -0.3
      vertex -2.2088207115717737 1.6381730873541918 5.404999999999999
      vertex -2.125778746747527 1.744581531450025 5.404999999999999
    endloop
  endfacet
  facet normal -0.7572088465064839 0.6531728429537773 0
    outer loop
      vertex -2.125778746747527 1.744581531450025 -0.3
      vertex -2.125778746747527 1.744581531450025 5.404999999999999
      vertex -2.0376155947261374 1.8467871258293007 5.404999999999999
    endloop
  endfacet
  facet normal -0.7242470829514681 0.6895405447370658 0
    outer loop
      vertex -2.0376155947261374 1.8467871258293007 -0.3
      vertex -2.0376155947261374 1.8467871258293007 5.404999999999999
      vertex -1.9445436482630059 1.9445436482630059 5.404999999999999
    endloop
  endfacet
  facet normal -0.6895405447370658 0.7242470829514681 0
    outer loop
      vertex -1.9445436482630059 1.9445436482630059 -0.3
      vertex -1.9445436482630059 1.9445436482630059 5.404999999999999
      vertex -1.8467871258293007 2.0376155947261374 5.404999999999999
    endloop
  endfacet
  facet normal -0.6531728429537773 0.7572088465064839 0
    outer loop
      vertex -1.8467871258293007 2.0376155947261374 -0.3
      vertex -1.8467871258293007 2.0376155947261374 5.404999999999999
      vertex -1.744581531450025 2.125778746747527 5.404999999999999
    endloop
  endfacet
  facet normal -0.6152315905806274 0.7883464276266059 0
    outer loop
      vertex -1.744581531450025 2.125778746747527 -0.3
      vertex -1.744581531450025 2.125778746747527 5.404999999999999
      vertex -1.6381730873541918 2.2088207115717737 5.404999999999999
    endloop
  endfacet
  facet normal -0.5758081914178433 0.817584813151585 0
    outer loop
      vertex -1.6381730873541918 2.2088207115717737 -0.3
      vertex -1.6381730873541918 2.2088207115717737 5.404999999999999
      vertex -1.527818140803906 2.2865414338319994 5.404999999999999
    endloop
  endfacet
  facet normal -0.5349976198870973 0.844853565249707 0
    outer loop
      vertex -1.527818140803906 2.2865414338319994 -0.3
      vertex -1.527818140803906 2.2865414338319994 5.404999999999999
      vertex -1.4137825465313598 2.358753677500748 5.404999999999999
    endloop
  endfacet
  facet normal -0.492898192229786 0.8700869911087104 0
    outer loop
      vertex -1.4137825465313598 2.358753677500748 -0.3
      vertex -1.4137825465313598 2.358753677500748 5.404999999999999
      vertex -1.2963410262714936 2.4252834769579765 5.404999999999999
    endloop
  endfacet
  facet normal -0.44961132965460504 0.8932243011955161 0
    outer loop
      vertex -1.2963410262714936 2.4252834769579765 -0.3
      vertex -1.2963410262714936 2.4252834769579765 5.404999999999999
      vertex -1.1757765069332757 2.485970556089469 5.404999999999999
    endloop
  endfacet
  facet normal -0.40524131400498936 0.9142097557035308 0
    outer loop
      vertex -1.1757765069332757 2.485970556089469 -0.3
      vertex -1.1757765069332757 2.485970556089469 5.404999999999999
      vertex -1.0523794390039969 2.5406687144060385 5.404999999999999
    endloop
  endfacet
  facet normal -0.35989503653498806 0.932992798834739 0
    outer loop
      vertex -1.0523794390039969 2.5406687144060385 -0.3
      vertex -1.0523794390039969 2.5406687144060385 5.404999999999999
      vertex -0.9264470968286052 2.589246179253307 5.404999999999999
    endloop
  endfacet
  facet normal -0.3136817403988917 0.9495281805930367 0
    outer loop
      vertex -0.9264470968286052 2.589246179253307 -0.3
      vertex -0.9264470968286052 2.589246179253307 5.404999999999999
      vertex -0.7982828624497714 2.6315859232635743 5.404999999999999
    endloop
  endfacet
  facet normal -0.2667127574748991 0.9637760657954396 0
    outer loop
      vertex -0.7982828624497714 2.6315859232635743 -0.3
      vertex -0.7982828624497714 2.6315859232635743 5.404999999999999
      vertex -0.6681954947339757 2.667585946284996 5.404999999999999
    endloop
  endfacet
  facet normal -0.2191012401568692 0.9757021300385286 0
    outer loop
      vertex -0.6681954947339757 2.667585946284996 -0.3
      vertex -0.6681954947339757 2.667585946284996 5.404999999999999
      vertex -0.5364983855443527 2.6971595211088837 5.404999999999999
    endloop
  endfacet
  facet normal -0.17096188876030302 0.9852776423889409 0
    outer loop
      vertex -0.5364983855443527 2.6971595211088837 -0.3
      vertex -0.5364983855443527 2.6971595211088837 5.404999999999999
      vertex -0.4035088047522448 2.720235402403148 5.404999999999999
    endloop
  endfacet
  facet normal -0.12241067519921521 0.9924795345987102 0
    outer loop
      vertex -0.4035088047522448 2.720235402403148 -0.3
      vertex -0.4035088047522448 2.720235402403148 5.404999999999999
      vertex -0.26954713590629165 2.7367579983485415 5.404999999999999
    endloop
  endfacet
  facet normal -0.07356456359966845 0.9972904566786902 0
    outer loop
      vertex -0.26954713590629165 2.7367579983485415 -0.3
      vertex -0.26954713590629165 2.7367579983485415 5.404999999999999
      vertex -0.13493610440039955 2.7466875045642243 5.404999999999999
    endloop
  endfacet
  facet normal -0.024541228522910803 0.9996988186962044 0
    outer loop
      vertex -0.13493610440039955 2.7466875045642243 -0.3
      vertex -0.13493610440039955 2.7466875045642243 5.404999999999999
      vertex 0 2.75 5.404999999999999
    endloop
  endfacet
  facet normal 0 0 -1
    outer loop
      vertex -0.4035088047522448 -2.720235402403148 -0.3
      vertex 0.735 -2.05 -0.3
      vertex -0.26954713590629165 -2.7367579983485415 -0.3
    endloop
  endfacet
  facet normal 0 0 -1
    outer loop
      vertex -0.26954713590629165 -2.7367579983485415 -0.3
      vertex 0.735 -2.05 -0.3
      vertex -0.13493610440039955 -2.7466875045642243 -0.3
    endloop
  endfacet
  facet normal 0 0 -1
    outer loop
      vertex -0.13493610440039955 -2.7466875045642243 -0.3
      vertex 0.735 -2.05 -0.3
      vertex 0 -2.75 -0.3
    endloop
  endfacet
  facet normal 0 0 -1
    outer loop
      vertex 0 -2.75 -0.3
      vertex 0.735 -2.05 -0.3
      vertex 0.13493610440039955 -2.7466875045642243 -0.3
    endloop
  endfacet
  facet normal 0 0 -1
    outer loop
      vertex 0.13493610440039955 -2.7466875045642243 -0.3
      vertex 0.735 -2.05 -0.3
      vertex 0.26954713590629165 -2.7367579983485415 -0.3
    endloop
  endfacet
  facet normal 0 0 -1
    outer loop
      vertex 0.26954713590629165 -2.7367579983485415 -0.3
      vertex 0.735 -2.05 -0.3
      vertex 0.4035088047522448 -2.720235402403148 -0.3
    endloop
  endfacet
  facet normal 0 0 -1
    outer loop
      vertex 0.4035088047522448 -2.720235402403148 -0.3
      vertex 0.735 -2.05 -0.3
      vertex 0.5364983855443527 -2.6971595211088837 -0.3
    endloop
  endfacet
  facet normal 0 0 -1
    outer loop
      vertex 0.5364983855443527 -2.6971595211088837 -0.3
      vertex 0.735 -2.05 -0.3
      vertex 0.6681954947339757 -2.667585946284996 -0.3
    endloop
  endfacet
  facet normal 0 0 -1
    outer loop
      vertex 0.6681954947339757 -2.667585946284996 -0.3
      vertex 0.735 -2.05 -0.3
      vertex 0.7982828624497714 -2.6315859232635743 -0.3
    endloop
  endfacet
  facet normal 0 0 -1
    outer loop
      vertex 0.7982828624497714 -2.6315859232635743 -0.3
      vertex 2.6629355133716164 -0.6849999999999999 -0.3
      vertex 0.9264470968286052 -2.589246179253307 -0.3
    endloop
  endfacet
  facet normal 0 0 -1
    outer loop
      vertex 0.9264470968286052 -2.589246179253307 -0.3
      vertex 2.6629355133716164 -0.6849999999999999 -0.3
      vertex 1.0523794390039969 -2.5406687144060385 -0.3
    endloop
  endfacet
  facet normal 0 0 -1
    outer loop
      vertex 0.7982828624497714 -2.6315859232635743 -0.3
      vertex 0.735 -2.05 -0.3
      vertex 2.6629355133716164 -0.6849999999999999 -0.3
    endloop
  endfacet
  facet normal 0 0 -1
    outer loop
      vertex 0.735 -2.05 -0.3
      vertex 0.735 -0.6849999999999999 -0.3
      vertex 2.6629355133716164 -0.6849999999999999 -0.3
    endloop
  endfacet
  facet normal 0 0 -1
    outer loop
      vertex 1.0523794390039969 -2.5406687144060385 -0.3
      vertex 2.6629355133716164 -0.6849999999999999 -0.3
      vertex 1.1757765069332757 -2.485970556089469 -0.3
    endloop
  endfacet
  facet normal 0 0 -1
    outer loop
      vertex 1.1757765069332757 -2.485970556089469 -0.3
      vertex 2.6629355133716164 -0.6849999999999999 -0.3
      vertex 1.2963410262714936 -2.4252834769579765 -0.3
    endloop
  endfacet
  facet normal 0 0 -1
    outer loop
      vertex 1.2963410262714936 -2.4252834769579765 -0.3
      vertex 2.6629355133716164 -0.6849999999999999 -0.3
      vertex 1.4137825465313598 -2.358753677500748 -0.3
    endloop
  endfacet
  facet normal 0 0 -1
    outer loop
      vertex 1.4137825465313598 -2.358753677500748 -0.3
      vertex 2.6629355133716164 -0.6849999999999999 -0.3
      vertex 1.527818140803906 -2.2865414338319994 -0.3
    endloop
  endfacet
  facet normal 0 0 -1
    outer loop
      vertex 1.527818140803906 -2.2865414338319994 -0.3
      vertex 2.6629355133716164 -0.6849999999999999 -0.3
      vertex 1.6381730873541918 -2.2088207115717737 -0.3
    endloop
  endfacet
  facet normal 0 0 -1
    outer loop
      vertex 1.6381730873541918 -2.2088207115717737 -0.3
      vertex 2.6629355133716164 -0.6849999999999999 -0.3
      vertex 1.744581531450025 -2.125778746747527 -0.3
    endloop
  endfacet
  facet normal 0 0 -1
    outer loop
      vertex 1.744581531450025 -2.125778746747527 -0.3
      vertex 2.6629355133716164 -0.6849999999999999 -0.3
      vertex 1.8467871258293007 -2.0376155947261374 -0.3
    endloop
  endfacet
  facet normal 0 0 -1
    outer loop
      vertex 1.8467871258293007 -2.0376155947261374 -0.3
      vertex 2.6629355133716164 -0.6849999999999999 -0.3
      vertex 1.9445436482630059 -1.9445436482630059 -0.3
    endloop
  endfacet
  facet normal 0 0 -1
    outer loop
      vertex 1.9445436482630059 -1.9445436482630059 -0.3
      vertex 2.6629355133716164 -0.6849999999999999 -0.3
      vertex 2.0376155947261374 -1.8467871258293007 -0.3
    endloop
  endfacet
  facet normal 0 0 -1
    outer loop
      vertex 2.0376155947261374 -1.8467871258293007 -0.3
      vertex 2.6629355133716164 -0.6849999999999999 -0.3
      vertex 2.125778746747527 -1.744581531450025 -0.3
    endloop
  endfacet
  facet normal 0 0 -1
    outer loop
      vertex 2.125778746747527 -1.744581531450025 -0.3
      vertex 2.6629355133716164 -0.6849999999999999 -0.3
      vertex 2.2088207115717737 -1.6381730873541918 -0.3
    endloop
  endfacet
  facet normal 0 0 -1
    outer loop
      vertex 2.2088207115717737 -1.6381730873541918 -0.3
      vertex 2.6629355133716164 -0.6849999999999999 -0.3
      vertex 2.2865414338319994 -1.527818140803906 -0.3
    endloop
  endfacet
  facet normal 0 0 -1
    outer loop
      vertex 2.2865414338319994 -1.527818140803906 -0.3
      vertex 2.6629355133716164 -0.6849999999999999 -0.3
      vertex 2.358753677500748 -1.4137825465313598 -0.3
    endloop
  endfacet
  facet normal 0 0 -1
    outer loop
      vertex 2.358753677500748 -1.4137825465313598 -0.3
      vertex 2.6629355133716164 -0.6849999999999999 -0.3
      vertex 2.4252834769579765 -1.2963410262714936 -0.3
    endloop
  endfacet
  facet normal 0 0 -1
    outer loop
      vertex 2.4252834769579765 -1.2963410262714936 -0.3
      vertex 2.6629355133716164 -0.6849999999999999 -0.3
      vertex 2.485970556089469 -1.1757765069332757 -0.3
    endloop
  endfacet
  facet normal 0 0 -1
    outer loop
      vertex 2.485970556089469 -1.1757765069332757 -0.3
      vertex 2.6629355133716164 -0.6849999999999999 -0.3
      vertex 2.5406687144060385 -1.0523794390039969 -0.3
    endloop
  endfacet
  facet normal 0 0 -1
    outer loop
      vertex 2.5406687144060385 -1.0523794390039969 -0.3
      vertex 2.6629355133716164 -0.6849999999999999 -0.3
      vertex 2.589246179253307 -0.9264470968286052 -0.3
    endloop
  endfacet
  facet normal 0 0 -1
    outer loop
      vertex 2.589246179253307 -0.9264470968286052 -0.3
      vertex 2.6629355133716164 -0.6849999999999999 -0.3
      vertex 2.6315859232635743 -0.7982828624497714 -0.3
    endloop
  endfacet
  facet normal 0.024541228522910803 -0.9996988186962044 0
    outer loop
      vertex 0 -2.75 -0.3
      vertex 0.13493610440039955 -2.7466875045642243 -0.3
      vertex 0 -2.75 5.404999999999999
    endloop
  endfacet
  facet normal 0.07356456359966845 -0.9972904566786902 0
    outer loop
      vertex 0.13493610440039955 -2.7466875045642243 -0.3
      vertex 0.26954713590629165 -2.7367579983485415 -0.3
      vertex 0.13493610440039955 -2.7466875045642243 5.404999999999999
    endloop
  endfacet
  facet normal 0.12241067519921521 -0.9924795345987102 0
    outer loop
      vertex 0.26954713590629165 -2.7367579983485415 -0.3
      vertex 0.4035088047522448 -2.720235402403148 -0.3
      vertex 0.26954713590629165 -2.7367579983485415 5.404999999999999
    endloop
  endfacet
  facet normal 0.17096188876030302 -0.9852776423889409 0
    outer loop
      vertex 0.4035088047522448 -2.720235402403148 -0.3
      vertex 0.5364983855443527 -2.6971595211088837 -0.3
      vertex 0.4035088047522448 -2.720235402403148 5.404999999999999
    endloop
  endfacet
  facet normal 0.2191012401568692 -0.9757021300385286 0
    outer loop
      vertex 0.5364983855443527 -2.6971595211088837 -0.3
      vertex 0.6681954947339757 -2.667585946284996 -0.3
      vertex 0.5364983855443527 -2.6971595211088837 5.404999999999999
    endloop
  endfacet
  facet normal 0.2667127574748991 -0.9637760657954396 0
    outer loop
      vertex 0.6681954947339757 -2.667585946284996 -0.3
      vertex 0.7982828624497714 -2.6315859232635743 -0.3
      vertex 0.6681954947339757 -2.667585946284996 5.404999999999999
    endloop
  endfacet
  facet normal 0.3136817403988917 -0.9495281805930367 0
    outer loop
      vertex 0.7982828624497714 -2.6315859232635743 -0.3
      vertex 0.9264470968286052 -2.589246179253307 -0.3
      vertex 0.7982828624497714 -2.6315859232635743 5.404999999999999
    endloop
  endfacet
  facet normal 0.35989503653498806 -0.932992798834739 0
    outer loop
      vertex 0.9264470968286052 -2.589246179253307 -0.3
      vertex 1.0523794390039969 -2.5406687144060385 -0.3
      vertex 0.9264470968286052 -2.589246179253307 5.404999999999999
    endloop
  endfacet
  facet normal 0.40524131400498936 -0.9142097557035308 0
    outer loop
      vertex 1.0523794390039969 -2.5406687144060385 -0.3
      vertex 1.1757765069332757 -2.485970556089469 -0.3
      vertex 1.0523794390039969 -2.5406687144060385 5.404999999999999
    endloop
  endfacet
  facet normal 0.44961132965460504 -0.8932243011955161 0
    outer loop
      vertex 1.1757765069332757 -2.485970556089469 -0.3
      vertex 1.2963410262714936 -2.4252834769579765 -0.3
      vertex 1.1757765069332757 -2.485970556089469 5.404999999999999
    endloop
  endfacet
  facet normal 0.492898192229786 -0.8700869911087104 0
    outer loop
      vertex 1.2963410262714936 -2.4252834769579765 -0.3
      vertex 1.4137825465313598 -2.358753677500748 -0.3
      vertex 1.2963410262714936 -2.4252834769579765 5.404999999999999
    endloop
  endfacet
  facet normal 0.5349976198870973 -0.844853565249707 0
    outer loop
      vertex 1.4137825465313598 -2.358753677500748 -0.3
      vertex 1.527818140803906 -2.2865414338319994 -0.3
      vertex 1.4137825465313598 -2.358753677500748 5.404999999999999
    endloop
  endfacet
  facet normal 0.5758081914178433 -0.817584813151585 0
    outer loop
      vertex 1.527818140803906 -2.2865414338319994 -0.3
      vertex 1.6381730873541918 -2.2088207115717737 -0.3
      vertex 1.527818140803906 -2.2865414338319994 5.404999999999999
    endloop
  endfacet
  facet normal 0.6152315905806274 -0.7883464276266059 0
    outer loop
      vertex 1.6381730873541918 -2.2088207115717737 -0.3
      vertex 1.744581531450025 -2.125778746747527 -0.3
      vertex 1.6381730873541918 -2.2088207115717737 5.404999999999999
    endloop
  endfacet
  facet normal 0.6531728429537773 -0.7572088465064839 0
    outer loop
      vertex 1.744581531450025 -2.125778746747527 -0.3
      vertex 1.8467871258293007 -2.0376155947261374 -0.3
      vertex 1.744581531450025 -2.125778746747527 5.404999999999999
    endloop
  endfacet
  facet normal 0.6895405447370658 -0.7242470829514681 0
    outer loop
      vertex 1.8467871258293007 -2.0376155947261374 -0.3
      vertex 1.9445436482630059 -1.9445436482630059 -0.3
      vertex 1.8467871258293007 -2.0376155947261374 5.404999999999999
    endloop
  endfacet
  facet normal 0.7242470829514681 -0.6895405447370658 0
    outer loop
      vertex 1.9445436482630059 -1.9445436482630059 -0.3
      vertex 2.0376155947261374 -1.8467871258293007 -0.3
      vertex 1.9445436482630059 -1.9445436482630059 5.404999999999999
    endloop
  endfacet
  facet normal 0.7572088465064839 -0.6531728429537773 0
    outer loop
      vertex 2.0376155947261374 -1.8467871258293007 -0.3
      vertex 2.125778746747527 -1.744581531450025 -0.3
      vertex 2.0376155947261374 -1.8467871258293007 5.404999999999999
    endloop
  endfacet
  facet normal 0.7883464276266059 -0.6152315905806274 0
    outer loop
      vertex 2.125778746747527 -1.744581531450025 -0.3
      vertex 2.2088207115717737 -1.6381730873541918 -0.3
      vertex 2.125778746747527 -1.744581531450025 5.404999999999999
    endloop
  endfacet
  facet normal 0.817584813151585 -0.5758081914178433 0
    outer loop
      vertex 2.2088207115717737 -1.6381730873541918 -0.3
      vertex 2.2865414338319994 -1.527818140803906 -0.3
      vertex 2.2088207115717737 -1.6381730873541918 5.404999999999999
    endloop
  endfacet
  facet normal 0.844853565249707 -0.5349976198870973 0
    outer loop
      vertex 2.2865414338319994 -1.527818140803906 -0.3
      vertex 2.358753677500748 -1.4137825465313598 -0.3
      vertex 2.2865414338319994 -1.527818140803906 5.404999999999999
    endloop
  endfacet
  facet normal 0.8700869911087104 -0.492898192229786 0
    outer loop
      vertex 2.358753677500748 -1.4137825465313598 -0.3
      vertex 2.4252834769579765 -1.2963410262714936 -0.3
      vertex 2.358753677500748 -1.4137825465313598 5.404999999999999
    endloop
  endfacet
  facet normal 0.8932243011955161 -0.44961132965460504 0
    outer loop
      vertex 2.4252834769579765 -1.2963410262714936 -0.3
      vertex 2.485970556089469 -1.1757765069332757 -0.3
      vertex 2.4252834769579765 -1.2963410262714936 5.404999999999999
    endloop
  endfacet
  facet normal 0.9142097557035308 -0.40524131400498936 0
    outer loop
      vertex 2.485970556089469 -1.1757765069332757 -0.3
      vertex 2.5406687144060385 -1.0523794390039969 -0.3
      vertex 2.485970556089469 -1.1757765069332757 5.404999999999999
    endloop
  endfacet
  facet normal 0.932992798834739 -0.35989503653498806 0
    outer loop
      vertex 2.5406687144060385 -1.0523794390039969 -0.3
      vertex 2.589246179253307 -0.9264470968286052 -0.3
      vertex 2.5406687144060385 -1.0523794390039969 5.404999999999999
    endloop
  endfacet
  facet normal 0.9495281805930367 -0.3136817403988917 0
    outer loop
      vertex 2.589246179253307 -0.9264470968286052 -0.3
      vertex 2.6315859232635743 -0.7982828624497714 -0.3
      vertex 2.589246179253307 -0.9264470968286052 5.404999999999999
    endloop
  endfacet
  facet normal 0.9637760657954394 -0.26671275747490036 0
    outer loop
      vertex 2.6315859232635743 -0.7982828624497714 -0.3
      vertex 2.6629355133716164 -0.6849999999999999 -0.3
      vertex 2.6315859232635743 -0.7982828624497714 5.404999999999999
    endloop
  endfacet
  facet normal 0.024541228522910803 -0.9996988186962044 0
    outer loop
      vertex 0.13493610440039955 -2.7466875045642243 -0.3
      vertex 0.13493610440039955 -2.7466875045642243 5.404999999999999
      vertex 0 -2.75 5.404999999999999
    endloop
  endfacet
  facet normal 0.07356456359966845 -0.9972904566786902 0
    outer loop
      vertex 0.26954713590629165 -2.7367579983485415 -0.3
      vertex 0.26954713590629165 -2.7367579983485415 5.404999999999999
      vertex 0.13493610440039955 -2.7466875045642243 5.404999999999999
    endloop
  endfacet
  facet normal 0.12241067519921521 -0.9924795345987102 0
    outer loop
      vertex 0.4035088047522448 -2.720235402403148 -0.3
      vertex 0.4035088047522448 -2.720235402403148 5.404999999999999
      vertex 0.26954713590629165 -2.7367579983485415 5.404999999999999
    endloop
  endfacet
  facet normal 0.17096188876030302 -0.9852776423889409 0
    outer loop
      vertex 0.5364983855443527 -2.6971595211088837 -0.3
      vertex 0.5364983855443527 -2.6971595211088837 5.404999999999999
      vertex 0.4035088047522448 -2.720235402403148 5.404999999999999
    endloop
  endfacet
  facet normal 0.2191012401568692 -0.9757021300385286 0
    outer loop
      vertex 0.6681954947339757 -2.667585946284996 -0.3
      vertex 0.6681954947339757 -2.667585946284996 5.404999999999999
      vertex 0.5364983855443527 -2.6971595211088837 5.404999999999999
    endloop
  endfacet
  facet normal 0.2667127574748991 -0.9637760657954396 0
    outer loop
      vertex 0.7982828624497714 -2.6315859232635743 -0.3
      vertex 0.7982828624497714 -2.6315859232635743 5.404999999999999
      vertex 0.6681954947339757 -2.667585946284996 5.404999999999999
    endloop
  endfacet
  facet normal 0.3136817403988917 -0.9495281805930367 0
    outer loop
      vertex 0.9264470968286052 -2.589246179253307 -0.3
      vertex 0.9264470968286052 -2.589246179253307 5.404999999999999
      vertex 0.7982828624497714 -2.6315859232635743 5.404999999999999
    endloop
  endfacet
  facet normal 0.35989503653498806 -0.932992798834739 0
    outer loop
      vertex 1.0523794390039969 -2.5406687144060385 -0.3
      vertex 1.0523794390039969 -2.5406687144060385 5.404999999999999
      vertex 0.9264470968286052 -2.589246179253307 5.404999999999999
    endloop
  endfacet
  facet normal 0.40524131400498936 -0.9142097557035308 0
    outer loop
      vertex 1.1757765069332757 -2.485970556089469 -0.3
      vertex 1.1757765069332757 -2.485970556089469 5.404999999999999
      vertex 1.0523794390039969 -2.5406687144060385 5.404999999999999
    endloop
  endfacet
  facet normal 0.44961132965460504 -0.8932243011955161 0
    outer loop
      vertex 1.2963410262714936 -2.4252834769579765 -0.3
      vertex 1.2963410262714936 -2.4252834769579765 5.404999999999999
      vertex 1.1757765069332757 -2.485970556089469 5.404999999999999
    endloop
  endfacet
  facet normal 0.492898192229786 -0.8700869911087104 0
    outer loop
      vertex 1.4137825465313598 -2.358753677500748 -0.3
      vertex 1.4137825465313598 -2.358753677500748 5.404999999999999
      vertex 1.2963410262714936 -2.4252834769579765 5.404999999999999
    endloop
  endfacet
  facet normal 0.5349976198870973 -0.844853565249707 0
    outer loop
      vertex 1.527818140803906 -2.2865414338319994 -0.3
      vertex 1.527818140803906 -2.2865414338319994 5.404999999999999
      vertex 1.4137825465313598 -2.358753677500748 5.404999999999999
    endloop
  endfacet
  facet normal 0.5758081914178433 -0.817584813151585 0
    outer loop
      vertex 1.6381730873541918 -2.2088207115717737 -0.3
      vertex 1.6381730873541918 -2.2088207115717737 5.404999999999999
      vertex 1.527818140803906 -2.2865414338319994 5.404999999999999
    endloop
  endfacet
  facet normal 0.6152315905806274 -0.7883464276266059 0
    outer loop
      vertex 1.744581531450025 -2.125778746747527 -0.3
      vertex 1.744581531450025 -2.125778746747527 5.404999999999999
      vertex 1.6381730873541918 -2.2088207115717737 5.404999999999999
    endloop
  endfacet
  facet normal 0.6531728429537773 -0.7572088465064839 0
    outer loop
      vertex 1.8467871258293007 -2.0376155947261374 -0.3
      vertex 1.8467871258293007 -2.0376155947261374 5.404999999999999
      vertex 1.744581531450025 -2.125778746747527 5.404999999999999
    endloop
  endfacet
  facet normal 0.6895405447370658 -0.7242470829514681 0
    outer loop
      vertex 1.9445436482630059 -1.9445436482630059 -0.3
      vertex 1.9445436482630059 -1.9445436482630059 5.404999999999999
      vertex 1.8467871258293007 -2.0376155947261374 5.404999999999999
    endloop
  endfacet
  facet normal 0.7242470829514681 -0.6895405447370658 0
    outer loop
      vertex 2.0376155947261374 -1.8467871258293007 -0.3
      vertex 2.0376155947261374 -1.8467871258293007 5.404999999999999
      vertex 1.9445436482630059 -1.9445436482630059 5.404999999999999
    endloop
  endfacet
  facet normal 0.7572088465064839 -0.6531728429537773 0
    outer loop
      vertex 2.125778746747527 -1.744581531450025 -0.3
      vertex 2.125778746747527 -1.744581531450025 5.404999999999999
      vertex 2.0376155947261374 -1.8467871258293007 5.404999999999999
    endloop
  endfacet
  facet normal 0.7883464276266059 -0.6152315905806274 0
    outer loop
      vertex 2.2088207115717737 -1.6381730873541918 -0.3
      vertex 2.2088207115717737 -1.6381730873541918 5.404999999999999
      vertex 2.125778746747527 -1.744581531450025 5.404999999999999
    endloop
  endfacet
  facet normal 0.817584813151585 -0.5758081914178433 0
    outer loop
      vertex 2.2865414338319994 -1.527818140803906 -0.3
      vertex 2.2865414338319994 -1.527818140803906 5.404999999999999
      vertex 2.2088207115717737 -1.6381730873541918 5.404999999999999
    endloop
  endfacet
  facet normal 0.844853565249707 -0.5349976198870973 0
    outer loop
      vertex 2.358753677500748 -1.4137825465313598 -0.3
      vertex 2.358753677500748 -1.4137825465313598 5.404999999999999
      vertex 2.2865414338319994 -1.527818140803906 5.404999999999999
    endloop
  endfacet
  facet normal 0.8700869911087104 -0.492898192229786 0
    outer loop
      vertex 2.4252834769579765 -1.2963410262714936 -0.3
      vertex 2.4252834769579765 -1.2963410262714936 5.404999999999999
      vertex 2.358753677500748 -1.4137825465313598 5.404999999999999
    endloop
  endfacet
  facet normal 0.8932243011955161 -0.44961132965460504 0
    outer loop
      vertex 2.485970556089469 -1.1757765069332757 -0.3
      vertex 2.485970556089469 -1.1757765069332757 5.404999999999999
      vertex 2.4252834769579765 -1.2963410262714936 5.404999999999999
    endloop
  endfacet
  facet normal 0.9142097557035308 -0.40524131400498936 0
    outer loop
      vertex 2.5406687144060385 -1.0523794390039969 -0.3
      vertex 2.5406687144060385 -1.0523794390039969 5.404999999999999
      vertex 2.485970556089469 -1.1757765069332757 5.404999999999999
    endloop
  endfacet
  facet normal 0.932992798834739 -0.35989503653498806 0
    outer loop
      vertex 2.589246179253307 -0.9264470968286052 -0.3
      vertex 2.589246179253307 -0.9264470968286052 5.404999999999999
      vertex 2.5406687144060385 -1.0523794390039969 5.404999999999999
    endloop
  endfacet
  facet normal 0.9495281805930367 -0.3136817403988917 0
    outer loop
      vertex 2.6315859232635743 -0.7982828624497714 -0.3
      vertex 2.6315859232635743 -0.7982828624497714 5.404999999999999
      vertex 2.589246179253307 -0.9264470968286052 5.404999999999999
    endloop
  endfacet
  facet normal 0.9637760657954394 -0.26671275747490036 0
    outer loop
      vertex 2.6629355133716164 -0.6849999999999999 -0.3
      vertex 2.6629355133716164 -0.6849999999999999 5.404999999999999
      vertex 2.6315859232635743 -0.7982828624497714 5.404999999999999
    endloop
  endfacet
  facet normal 0 0 -1
    outer loop
      vertex 0.735 0.6849999999999999 -0.3
      vertex 0.735 2.05 -0.3
      vertex 0.7982828624497714 2.6315859232635743 -0.3
    endloop
  endfacet
  facet normal 0 0 -1
    outer loop
      vertex 0.735 0.6849999999999999 -0.3
      vertex 0.9264470968286052 2.589246179253307 -0.3
      vertex 1.0523794390039969 2.5406687144060385 -0.3
    endloop
  endfacet
  facet normal 0 0 -1
    outer loop
      vertex 0.735 0.6849999999999999 -0.3
      vertex 0.7982828624497714 2.6315859232635743 -0.3
      vertex 0.9264470968286052 2.589246179253307 -0.3
    endloop
  endfacet
  facet normal 0 0 -1
    outer loop
      vertex 0.735 0.6849999999999999 -0.3
      vertex 1.0523794390039969 2.5406687144060385 -0.3
      vertex 1.1757765069332757 2.485970556089469 -0.3
    endloop
  endfacet
  facet normal 0 0 -1
    outer loop
      vertex 0.735 0.6849999999999999 -0.3
      vertex 2.6315859232635743 0.7982828624497714 -0.3
      vertex 2.6629355133716164 0.6849999999999999 -0.3
    endloop
  endfacet
  facet normal 0 0 -1
    outer loop
      vertex 0.735 0.6849999999999999 -0.3
      vertex 2.485970556089469 1.1757765069332757 -0.3
      vertex 2.5406687144060385 1.0523794390039969 -0.3
    endloop
  endfacet
  facet normal 0 0 -1
    outer loop
      vertex 0.735 0.6849999999999999 -0.3
      vertex 2.589246179253307 0.9264470968286052 -0.3
      vertex 2.6315859232635743 0.7982828624497714 -0.3
    endloop
  endfacet
  facet normal 0 0 -1
    outer loop
      vertex 0.735 0.6849999999999999 -0.3
      vertex 2.5406687144060385 1.0523794390039969 -0.3
      vertex 2.589246179253307 0.9264470968286052 -0.3
    endloop
  endfacet
  facet normal 0 0 -1
    outer loop
      vertex 0.735 0.6849999999999999 -0.3
      vertex 1.8467871258293007 2.0376155947261374 -0.3
      vertex 1.9445436482630059 1.9445436482630059 -0.3
    endloop
  endfacet
  facet normal 0 0 -1
    outer loop
      vertex 0.735 0.6849999999999999 -0.3
      vertex 1.4137825465313598 2.358753677500748 -0.3
      vertex 1.527818140803906 2.2865414338319994 -0.3
    endloop
  endfacet
  facet normal 0 0 -1
    outer loop
      vertex 0.735 0.6849999999999999 -0.3
      vertex 1.1757765069332757 2.485970556089469 -0.3
      vertex 1.2963410262714936 2.4252834769579765 -0.3
    endloop
  endfacet
  facet normal 0 0 -1
    outer loop
      vertex 0.735 0.6849999999999999 -0.3
      vertex 1.2963410262714936 2.4252834769579765 -0.3
      vertex 1.4137825465313598 2.358753677500748 -0.3
    endloop
  endfacet
  facet normal 0 0 -1
    outer loop
      vertex 0.735 0.6849999999999999 -0.3
      vertex 1.6381730873541918 2.2088207115717737 -0.3
      vertex 1.744581531450025 2.125778746747527 -0.3
    endloop
  endfacet
  facet normal 0 0 -1
    outer loop
      vertex 0.735 0.6849999999999999 -0.3
      vertex 1.527818140803906 2.2865414338319994 -0.3
      vertex 1.6381730873541918 2.2088207115717737 -0.3
    endloop
  endfacet
  facet normal 0 0 -1
    outer loop
      vertex 0.735 0.6849999999999999 -0.3
      vertex 1.744581531450025 2.125778746747527 -0.3
      vertex 1.8467871258293007 2.0376155947261374 -0.3
    endloop
  endfacet
  facet normal 0 0 -1
    outer loop
      vertex 0.735 0.6849999999999999 -0.3
      vertex 2.2088207115717737 1.6381730873541918 -0.3
      vertex 2.2865414338319994 1.527818140803906 -0.3
    endloop
  endfacet
  facet normal 0 0 -1
    outer loop
      vertex 0.735 0.6849999999999999 -0.3
      vertex 2.2865414338319994 1.527818140803906 -0.3
      vertex 2.358753677500748 1.4137825465313598 -0.3
    endloop
  endfacet
  facet normal 0 0 -1
    outer loop
      vertex 0.735 0.6849999999999999 -0.3
      vertex 2.0376155947261374 1.8467871258293007 -0.3
      vertex 2.125778746747527 1.744581531450025 -0.3
    endloop
  endfacet
  facet normal 0 0 -1
    outer loop
      vertex 0.735 0.6849999999999999 -0.3
      vertex 1.9445436482630059 1.9445436482630059 -0.3
      vertex 2.0376155947261374 1.8467871258293007 -0.3
    endloop
  endfacet
  facet normal 0 0 -1
    outer loop
      vertex 0.735 0.6849999999999999 -0.3
      vertex 2.125778746747527 1.744581531450025 -0.3
      vertex 2.2088207115717737 1.6381730873541918 -0.3
    endloop
  endfacet
  facet normal 0 0 -1
    outer loop
      vertex 0.735 0.6849999999999999 -0.3
      vertex 2.358753677500748 1.4137825465313598 -0.3
      vertex 2.4252834769579765 1.2963410262714936 -0.3
    endloop
  endfacet
  facet normal 0 0 -1
    outer loop
      vertex 0.735 0.6849999999999999 -0.3
      vertex 2.4252834769579765 1.2963410262714936 -0.3
      vertex 2.485970556089469 1.1757765069332757 -0.3
    endloop
  endfacet
  facet normal 0 0 -1
    outer loop
      vertex -0.735 2.05 -0.3
      vertex 0.4035088047522448 2.720235402403148 -0.3
      vertex 0.5364983855443527 2.6971595211088837 -0.3
    endloop
  endfacet
  facet normal 0 0 -1
    outer loop
      vertex -0.735 2.05 -0.3
      vertex 0.6681954947339757 2.667585946284996 -0.3
      vertex 0.7982828624497714 2.6315859232635743 -0.3
    endloop
  endfacet
  facet normal 0 0 -1
    outer loop
      vertex -0.735 2.05 -0.3
      vertex 0.5364983855443527 2.6971595211088837 -0.3
      vertex 0.6681954947339757 2.667585946284996 -0.3
    endloop
  endfacet
  facet normal 0 0 -1
    outer loop
      vertex -0.735 2.05 -0.3
      vertex 0.7982828624497714 2.6315859232635743 -0.3
      vertex 0.735 2.05 -0.3
    endloop
  endfacet
  facet normal 0.6531728429537773 0.7572088465064839 0
    outer loop
      vertex 1.8467871258293007 2.0376155947261374 -0.3
      vertex 1.744581531450025 2.125778746747527 -0.3
      vertex 1.8467871258293007 2.0376155947261374 5.404999999999999
    endloop
  endfacet
  facet normal 0.6895405447370658 0.7242470829514681 0
    outer loop
      vertex 1.9445436482630059 1.9445436482630059 -0.3
      vertex 1.8467871258293007 2.0376155947261374 -0.3
      vertex 1.9445436482630059 1.9445436482630059 5.404999999999999
    endloop
  endfacet
  facet normal 0.7242470829514681 0.6895405447370658 -1.7149034641046605e-19
    outer loop
      vertex 1.9445436482630059 1.9445436482630059 -0.3
      vertex 2.0376155947261374 1.8467871258293007 5.404999999999999
      vertex 2.0376155947261374 1.8467871258293007 -0.3
    endloop
  endfacet
  facet normal 0.024541228522910803 0.9996988186962044 -5.8726443113421e-21
    outer loop
      vertex 0 2.75 -0.3
      vertex 0.13493610440039955 2.7466875045642243 5.404999999999999
      vertex 0.13493610440039955 2.7466875045642243 -0.3
    endloop
  endfacet
  facet normal 0.07356456359966845 0.9972904566786902 -8.251153571796293e-20
    outer loop
      vertex 0.13493610440039955 2.7466875045642243 -0.3
      vertex 0.26954713590629165 2.7367579983485415 5.404999999999999
      vertex 0.26954713590629165 2.7367579983485415 -0.3
    endloop
  endfacet
  facet normal 0.12241067519921521 0.9924795345987102 -7.558059902188401e-22
    outer loop
      vertex 0.26954713590629165 2.7367579983485415 -0.3
      vertex 0.4035088047522448 2.720235402403148 5.404999999999999
      vertex 0.4035088047522448 2.720235402403148 -0.3
    endloop
  endfacet
  facet normal 0.17096188876030302 0.9852776423889409 1.5035922380659942e-19
    outer loop
      vertex 0.4035088047522448 2.720235402403148 -0.3
      vertex 0.5364983855443527 2.6971595211088837 5.404999999999999
      vertex 0.5364983855443527 2.6971595211088837 -0.3
    endloop
  endfacet
  facet normal 0.35989503653498806 0.932992798834739 -2.621646733919818e-19
    outer loop
      vertex 0.9264470968286052 2.589246179253307 -0.3
      vertex 1.0523794390039969 2.5406687144060385 5.404999999999999
      vertex 1.0523794390039969 2.5406687144060385 -0.3
    endloop
  endfacet
  facet normal 0.2191012401568692 0.9757021300385286 2.0812277941075905e-19
    outer loop
      vertex 0.5364983855443527 2.6971595211088837 -0.3
      vertex 0.6681954947339757 2.667585946284996 5.404999999999999
      vertex 0.6681954947339757 2.667585946284996 -0.3
    endloop
  endfacet
  facet normal 0.2667127574748991 0.9637760657954396 -2.800852051993347e-20
    outer loop
      vertex 0.6681954947339757 2.667585946284996 -0.3
      vertex 0.7982828624497714 2.6315859232635743 5.404999999999999
      vertex 0.7982828624497714 2.6315859232635743 -0.3
    endloop
  endfacet
  facet normal 0.3136817403988917 0.9495281805930367 0
    outer loop
      vertex 0.9264470968286052 2.589246179253307 -0.3
      vertex 0.7982828624497714 2.6315859232635743 -0.3
      vertex 0.9264470968286052 2.589246179253307 5.404999999999999
    endloop
  endfacet
  facet normal 0.40524131400498936 0.9142097557035308 5.511702449831115e-19
    outer loop
      vertex 1.0523794390039969 2.5406687144060385 -0.3
      vertex 1.1757765069332757 2.485970556089469 5.404999999999999
      vertex 1.1757765069332757 2.485970556089469 -0.3
    endloop
  endfacet
  facet normal 0.44961132965460504 0.8932243011955161 0
    outer loop
      vertex 1.2963410262714936 2.4252834769579765 -0.3
      vertex 1.1757765069332757 2.485970556089469 -0.3
      vertex 1.2963410262714936 2.4252834769579765 5.404999999999999
    endloop
  endfacet
  facet normal 0.5349976198870973 0.844853565249707 0
    outer loop
      vertex 1.527818140803906 2.2865414338319994 -0.3
      vertex 1.4137825465313598 2.358753677500748 -0.3
      vertex 1.527818140803906 2.2865414338319994 5.404999999999999
    endloop
  endfacet
  facet normal 0.492898192229786 0.8700869911087104 6.893183887666575e-19
    outer loop
      vertex 1.2963410262714936 2.4252834769579765 -0.3
      vertex 1.4137825465313598 2.358753677500748 5.404999999999999
      vertex 1.4137825465313598 2.358753677500748 -0.3
    endloop
  endfacet
  facet normal 0.5758081914178433 0.817584813151585 8.89366559866544e-19
    outer loop
      vertex 1.527818140803906 2.2865414338319994 -0.3
      vertex 1.6381730873541918 2.2088207115717737 5.404999999999999
      vertex 1.6381730873541918 2.2088207115717737 -0.3
    endloop
  endfacet
  facet normal 0.6152315905806274 0.7883464276266059 -4.397106166118348e-19
    outer loop
      vertex 1.6381730873541918 2.2088207115717737 -0.3
      vertex 1.744581531450025 2.125778746747527 5.404999999999999
      vertex 1.744581531450025 2.125778746747527 -0.3
    endloop
  endfacet
  facet normal 0.932992798834739 0.35989503653498806 0
    outer loop
      vertex 2.589246179253307 0.9264470968286052 -0.3
      vertex 2.5406687144060385 1.0523794390039969 -0.3
      vertex 2.589246179253307 0.9264470968286052 5.404999999999999
    endloop
  endfacet
  facet normal 0.9637760657954394 0.26671275747490036 0
    outer loop
      vertex 2.6629355133716164 0.6849999999999999 -0.3
      vertex 2.6315859232635743 0.7982828624497714 -0.3
      vertex 2.6629355133716164 0.6849999999999999 5.404999999999999
    endloop
  endfacet
  facet normal 0.9495281805930367 0.3136817403988917 -1.768400595657261e-19
    outer loop
      vertex 2.589246179253307 0.9264470968286052 -0.3
      vertex 2.6315859232635743 0.7982828624497714 5.404999999999999
      vertex 2.6315859232635743 0.7982828624497714 -0.3
    endloop
  endfacet
  facet normal 0.9142097557035308 0.40524131400498936 0
    outer loop
      vertex 2.5406687144060385 1.0523794390039969 -0.3
      vertex 2.485970556089469 1.1757765069332757 -0.3
      vertex 2.5406687144060385 1.0523794390039969 5.404999999999999
    endloop
  endfacet
  facet normal 0.8932243011955161 0.44961132965460504 3.0682033098684176e-19
    outer loop
      vertex 2.4252834769579765 1.2963410262714936 -0.3
      vertex 2.485970556089469 1.1757765069332757 5.404999999999999
      vertex 2.485970556089469 1.1757765069332757 -0.3
    endloop
  endfacet
  facet normal 0.8700869911087104 0.492898192229786 0
    outer loop
      vertex 2.4252834769579765 1.2963410262714936 -0.3
      vertex 2.358753677500748 1.4137825465313598 -0.3
      vertex 2.4252834769579765 1.2963410262714936 5.404999999999999
    endloop
  endfacet
  facet normal 0.844853565249707 0.5349976198870973 -4.658893456851306e-19
    outer loop
      vertex 2.2865414338319994 1.527818140803906 -0.3
      vertex 2.358753677500748 1.4137825465313598 5.404999999999999
      vertex 2.358753677500748 1.4137825465313598 -0.3
    endloop
  endfacet
  facet normal 0.7883464276266059 0.6152315905806274 -4.397106166118348e-19
    outer loop
      vertex 2.125778746747527 1.744581531450025 -0.3
      vertex 2.2088207115717737 1.6381730873541918 5.404999999999999
      vertex 2.2088207115717737 1.6381730873541918 -0.3
    endloop
  endfacet
  facet normal 0.7572088465064839 0.6531728429537773 7.160988608422316e-19
    outer loop
      vertex 2.0376155947261374 1.8467871258293007 -0.3
      vertex 2.125778746747527 1.744581531450025 5.404999999999999
      vertex 2.125778746747527 1.744581531450025 -0.3
    endloop
  endfacet
  facet normal 0.817584813151585 0.5758081914178433 0
    outer loop
      vertex 2.2865414338319994 1.527818140803906 -0.3
      vertex 2.2088207115717737 1.6381730873541918 -0.3
      vertex 2.2865414338319994 1.527818140803906 5.404999999999999
    endloop
  endfacet
  facet normal 0.7572088465064839 0.6531728429537773 0
    outer loop
      vertex 2.0376155947261374 1.8467871258293007 -0.3
      vertex 2.0376155947261374 1.8467871258293007 5.404999999999999
      vertex 2.125778746747527 1.744581531450025 5.404999999999999
    endloop
  endfacet
  facet normal 0.6895405447370658 0.7242470829514681 0
    outer loop
      vertex 1.8467871258293007 2.0376155947261374 -0.3
      vertex 1.8467871258293007 2.0376155947261374 5.404999999999999
      vertex 1.9445436482630059 1.9445436482630059 5.404999999999999
    endloop
  endfacet
  facet normal 0.7242470829514681 0.6895405447370658 0
    outer loop
      vertex 1.9445436482630059 1.9445436482630059 -0.3
      vertex 1.9445436482630059 1.9445436482630059 5.404999999999999
      vertex 2.0376155947261374 1.8467871258293007 5.404999999999999
    endloop
  endfacet
  facet normal 0.024541228522910803 0.9996988186962044 0
    outer loop
      vertex 0 2.75 -0.3
      vertex 0 2.75 5.404999999999999
      vertex 0.13493610440039955 2.7466875045642243 5.404999999999999
    endloop
  endfacet
  facet normal 0.07356456359966845 0.9972904566786902 0
    outer loop
      vertex 0.13493610440039955 2.7466875045642243 -0.3
      vertex 0.13493610440039955 2.7466875045642243 5.404999999999999
      vertex 0.26954713590629165 2.7367579983485415 5.404999999999999
    endloop
  endfacet
  facet normal 0.12241067519921521 0.9924795345987102 0
    outer loop
      vertex 0.26954713590629165 2.7367579983485415 -0.3
      vertex 0.26954713590629165 2.7367579983485415 5.404999999999999
      vertex 0.4035088047522448 2.720235402403148 5.404999999999999
    endloop
  endfacet
  facet normal 0.17096188876030302 0.9852776423889409 0
    outer loop
      vertex 0.4035088047522448 2.720235402403148 -0.3
      vertex 0.4035088047522448 2.720235402403148 5.404999999999999
      vertex 0.5364983855443527 2.6971595211088837 5.404999999999999
    endloop
  endfacet
  facet normal 0.35989503653498806 0.932992798834739 0
    outer loop
      vertex 0.9264470968286052 2.589246179253307 -0.3
      vertex 0.9264470968286052 2.589246179253307 5.404999999999999
      vertex 1.0523794390039969 2.5406687144060385 5.404999999999999
    endloop
  endfacet
  facet normal 0.2191012401568692 0.9757021300385286 0
    outer loop
      vertex 0.5364983855443527 2.6971595211088837 -0.3
      vertex 0.5364983855443527 2.6971595211088837 5.404999999999999
      vertex 0.6681954947339757 2.667585946284996 5.404999999999999
    endloop
  endfacet
  facet normal 0.2667127574748991 0.9637760657954396 0
    outer loop
      vertex 0.6681954947339757 2.667585946284996 -0.3
      vertex 0.6681954947339757 2.667585946284996 5.404999999999999
      vertex 0.7982828624497714 2.6315859232635743 5.404999999999999
    endloop
  endfacet
  facet normal 0.3136817403988917 0.9495281805930367 0
    outer loop
      vertex 0.7982828624497714 2.6315859232635743 -0.3
      vertex 0.7982828624497714 2.6315859232635743 5.404999999999999
      vertex 0.9264470968286052 2.589246179253307 5.404999999999999
    endloop
  endfacet
  facet normal 0.40524131400498936 0.9142097557035308 0
    outer loop
      vertex 1.0523794390039969 2.5406687144060385 -0.3
      vertex 1.0523794390039969 2.5406687144060385 5.404999999999999
      vertex 1.1757765069332757 2.485970556089469 5.404999999999999
    endloop
  endfacet
  facet normal 0.44961132965460504 0.8932243011955161 0
    outer loop
      vertex 1.1757765069332757 2.485970556089469 -0.3
      vertex 1.1757765069332757 2.485970556089469 5.404999999999999
      vertex 1.2963410262714936 2.4252834769579765 5.404999999999999
    endloop
  endfacet
  facet normal 0.492898192229786 0.8700869911087104 0
    outer loop
      vertex 1.2963410262714936 2.4252834769579765 -0.3
      vertex 1.2963410262714936 2.4252834769579765 5.404999999999999
      vertex 1.4137825465313598 2.358753677500748 5.404999999999999
    endloop
  endfacet
  facet normal 0.5349976198870973 0.844853565249707 0
    outer loop
      vertex 1.4137825465313598 2.358753677500748 -0.3
      vertex 1.4137825465313598 2.358753677500748 5.404999999999999
      vertex 1.527818140803906 2.2865414338319994 5.404999999999999
    endloop
  endfacet
  facet normal 0.6152315905806274 0.7883464276266059 0
    outer loop
      vertex 1.6381730873541918 2.2088207115717737 -0.3
      vertex 1.6381730873541918 2.2088207115717737 5.404999999999999
      vertex 1.744581531450025 2.125778746747527 5.404999999999999
    endloop
  endfacet
  facet normal 0.5758081914178433 0.817584813151585 0
    outer loop
      vertex 1.527818140803906 2.2865414338319994 -0.3
      vertex 1.527818140803906 2.2865414338319994 5.404999999999999
      vertex 1.6381730873541918 2.2088207115717737 5.404999999999999
    endloop
  endfacet
  facet normal 0.6531728429537773 0.7572088465064839 0
    outer loop
      vertex 1.744581531450025 2.125778746747527 -0.3
      vertex 1.744581531450025 2.125778746747527 5.404999999999999
      vertex 1.8467871258293007 2.0376155947261374 5.404999999999999
    endloop
  endfacet
  facet normal 0.932992798834739 0.35989503653498806 0
    outer loop
      vertex 2.5406687144060385 1.0523794390039969 -0.3
      vertex 2.5406687144060385 1.0523794390039969 5.404999999999999
      vertex 2.589246179253307 0.9264470968286052 5.404999999999999
    endloop
  endfacet
  facet normal 0.9637760657954394 0.26671275747490036 0
    outer loop
      vertex 2.6315859232635743 0.7982828624497714 -0.3
      vertex 2.6315859232635743 0.7982828624497714 5.404999999999999
      vertex 2.6629355133716164 0.6849999999999999 5.404999999999999
    endloop
  endfacet
  facet normal 0.9495281805930367 0.3136817403988917 0
    outer loop
      vertex 2.589246179253307 0.9264470968286052 -0.3
      vertex 2.589246179253307 0.9264470968286052 5.404999999999999
      vertex 2.6315859232635743 0.7982828624497714 5.404999999999999
    endloop
  endfacet
  facet normal 0.844853565249707 0.5349976198870973 0
    outer loop
      vertex 2.2865414338319994 1.527818140803906 -0.3
      vertex 2.2865414338319994 1.527818140803906 5.404999999999999
      vertex 2.358753677500748 1.4137825465313598 5.404999999999999
    endloop
  endfacet
  facet normal 0.8932243011955161 0.44961132965460504 0
    outer loop
      vertex 2.4252834769579765 1.2963410262714936 -0.3
      vertex 2.4252834769579765 1.2963410262714936 5.404999999999999
      vertex 2.485970556089469 1.1757765069332757 5.404999999999999
    endloop
  endfacet
  facet normal 0.9142097557035308 0.40524131400498936 0
    outer loop
      vertex 2.485970556089469 1.1757765069332757 -0.3
      vertex 2.485970556089469 1.1757765069332757 5.404999999999999
      vertex 2.5406687144060385 1.0523794390039969 5.404999999999999
    endloop
  endfacet
  facet normal 0.8700869911087104 0.492898192229786 0
    outer loop
      vertex 2.358753677500748 1.4137825465313598 -0.3
      vertex 2.358753677500748 1.4137825465313598 5.404999999999999
      vertex 2.4252834769579765 1.2963410262714936 5.404999999999999
    endloop
  endfacet
  facet normal 0.7883464276266059 0.6152315905806274 0
    outer loop
      vertex 2.125778746747527 1.744581531450025 -0.3
      vertex 2.125778746747527 1.744581531450025 5.404999999999999
      vertex 2.2088207115717737 1.6381730873541918 5.404999999999999
    endloop
  endfacet
  facet normal 0.817584813151585 0.5758081914178433 0
    outer loop
      vertex 2.2088207115717737 1.6381730873541918 -0.3
      vertex 2.2088207115717737 1.6381730873541918 5.404999999999999
      vertex 2.2865414338319994 1.527818140803906 5.404999999999999
    endloop
  endfacet
  facet normal 1 0 0
    outer loop
      vertex -0.735 -2.05 -0.3
      vertex -0.735 -0.6849999999999999 -0.3
      vertex -0.735 -2.05 5.404999999999999
    endloop
  endfacet
  facet normal 1 0 0
    outer loop
      vertex -0.735 -0.6849999999999999 -0.3
      vertex -0.735 -0.6849999999999999 5.404999999999999
      vertex -0.735 -2.05 5.404999999999999
    endloop
  endfacet
  facet normal 0 1 0
    outer loop
      vertex -0.735 -2.05 -0.3
      vertex -0.735 -2.05 5.404999999999999
      vertex 0.735 -2.05 5.404999999999999
    endloop
  endfacet
  facet normal 1 0 0
    outer loop
      vertex -0.735 0.6849999999999999 -0.3
      vertex -0.735 2.05 -0.3
      vertex -0.735 0.6849999999999999 5.404999999999999
    endloop
  endfacet
  facet normal 0 -1 0
    outer loop
      vertex -0.735 2.05 -0.3
      vertex 0.735 2.05 -0.3
      vertex -0.735 2.05 5.404999999999999
    endloop
  endfacet
  facet normal 1 0 0
    outer loop
      vertex -0.735 2.05 -0.3
      vertex -0.735 2.05 5.404999999999999
      vertex -0.735 0.6849999999999999 5.404999999999999
    endloop
  endfacet
  facet normal 0 1 0
    outer loop
      vertex -0.735 -2.05 -0.3
      vertex 0.735 -2.05 5.404999999999999
      vertex 0.735 -2.05 -0.3
    endloop
  endfacet
  facet normal -1 0 0
    outer loop
      vertex 0.735 -2.05 -0.3
      vertex 0.735 -0.6849999999999999 5.404999999999999
      vertex 0.735 -0.6849999999999999 -0.3
    endloop
  endfacet
  facet normal -1 0 0
    outer loop
      vertex 0.735 -2.05 -0.3
      vertex 0.735 -2.05 5.404999999999999
      vertex 0.735 -0.6849999999999999 5.404999999999999
    endloop
  endfacet
  facet normal -1 0 0
    outer loop
      vertex 0.735 0.6849999999999999 -0.3
      vertex 0.735 2.05 5.404999999999999
      vertex 0.735 2.05 -0.3
    endloop
  endfacet
  facet normal 0 -1 0
    outer loop
      vertex -0.735 2.05 5.404999999999999
      vertex 0.735 2.05 -0.3
      vertex 0.735 2.05 5.404999999999999
    endloop
  endfacet
  facet normal -1 0 0
    outer loop
      vertex 0.735 0.6849999999999999 -0.3
      vertex 0.735 0.6849999999999999 5.404999999999999
      vertex 0.735 2.05 5.404999999999999
    endloop
  endfacet
  facet normal 0 1 0
    outer loop
      vertex -2.6629355133716164 -0.6849999999999999 -0.3
      vertex -0.735 -0.6849999999999999 5.404999999999999
      vertex -0.735 -0.6849999999999999 -0.3
    endloop
  endfacet
  facet normal 0 1 0
    outer loop
      vertex -2.6629355133716164 -0.6849999999999999 -0.3
      vertex -2.6629355133716164 -0.6849999999999999 5.404999999999999
      vertex -0.735 -0.6849999999999999 5.404999999999999
    endloop
  endfacet
  facet normal 0 -1 0
    outer loop
      vertex -2.6629355133716164 0.6849999999999999 -0.3
      vertex -0.735 0.6849999999999999 -0.3
      vertex -2.6629355133716164 0.6849999999999999 5.404999999999999
    endloop
  endfacet
  facet normal 0 -1 0
    outer loop
      vertex -0.735 0.6849999999999999 -0.3
      vertex -0.735 0.6849999999999999 5.404999999999999
      vertex -2.6629355133716164 0.6849999999999999 5.404999999999999
    endloop
  endfacet
  facet normal 0 1 0
    outer loop
      vertex 0.735 -0.6849999999999999 -0.3
      vertex 2.6629355133716164 -0.6849999999999999 5.404999999999999
      vertex 2.6629355133716164 -0.6849999999999999 -0.3
    endloop
  endfacet
  facet normal 0 1 0
    outer loop
      vertex 0.735 -0.6849999999999999 -0.3
      vertex 0.735 -0.6849999999999999 5.404999999999999
      vertex 2.6629355133716164 -0.6849999999999999 5.404999999999999
    endloop
  endfacet
  facet normal 0 -1 0
    outer loop
      vertex 0.735 0.6849999999999999 -0.3
      vertex 2.6629355133716164 0.6849999999999999 -0.3
      vertex 0.735 0.6849999999999999 5.404999999999999
    endloop
  endfacet
  facet normal 0 -1 0
    outer loop
      vertex 2.6629355133716164 0.6849999999999999 -0.3
      vertex 2.6629355133716164 0.6849999999999999 5.404999999999999
      vertex 0.735 0.6849999999999999 5.404999999999999
    endloop
  endfacet
  facet normal 0 -0.24253562503633347 0.9701425001453318
    outer loop
      vertex -0.9208400025963783 7.131747639606085 3.0730094415756612
      vertex -0.656360000371933 7.131747639606085 3.0730094415756612
      vertex -0.656360000371933 7.509406463135496 3.1674241474580143
    endloop
  endfacet
  facet normal 0 0.9701425001453318 0.2425356250363335
    outer loop
      vertex -0.9208400025963783 7.131747639606085 3.0730094415756612
      vertex -0.43800000101327896 6.996223583141959 3.615105667432164
      vertex -0.656360000371933 7.131747639606085 3.0730094415756612
    endloop
  endfacet
  facet normal -2.1649789072183538e-17 -0.24253562503633347 0.9701425001453318
    outer loop
      vertex -0.9208400025963783 7.131747639606085 3.0730094415756612
      vertex -0.656360000371933 7.509406463135496 3.1674241474580143
      vertex -0.9208400025963783 7.509406463135496 3.1674241474580143
    endloop
  endfacet
  facet normal -0.9314084406429525 -0.08827707606603473 0.3531083042641381
    outer loop
      vertex -0.656360000371933 7.131747639606085 3.0730094415756612
      vertex -0.43800000101327896 7.373882406671371 3.709520373314517
      vertex -0.656360000371933 7.509406463135496 3.1674241474580143
    endloop
  endfacet
  facet normal 2.272836136629961e-15 0.9701425001453322 0.24253562503633136
    outer loop
      vertex -0.9208400025963783 7.131747639606085 3.0730094415756612
      vertex -0.36069999635219574 6.947211984891584 3.811152060433667
      vertex -0.43800000101327896 6.996223583141959 3.615105667432164
    endloop
  endfacet
  facet normal 0.9279304968985844 0.09040594492605754 -0.3616237797042294
    outer loop
      vertex -0.9208400025963783 7.131747639606085 3.0730094415756612
      vertex -0.9208400025963783 7.509406463135496 3.1674241474580143
      vertex -0.15320000052452087 6.668271762488146 4.926912950047418
    endloop
  endfacet
  facet normal -0.9314084406429526 -0.0882770760660345 0.35310830426413803
    outer loop
      vertex -0.656360000371933 7.131747639606085 3.0730094415756612
      vertex -0.43800000101327896 6.996223583141959 3.615105667432164
      vertex -0.43800000101327896 7.373882406671371 3.709520373314517
    endloop
  endfacet
  facet normal 0 0.970142500145332 0.24253562503633244
    outer loop
      vertex -0.43800000101327896 6.996223583141959 3.615105667432164
      vertex -0.36069999635219574 6.947211984891584 3.811152060433667
      vertex 0.4327000007033348 6.996223583141959 3.615105667432164
    endloop
  endfacet
  facet normal -4.834449493262419e-18 -0.24253562503633297 0.9701425001453319
    outer loop
      vertex -0.43800000101327896 6.996223583141959 3.615105667432164
      vertex 0.4327000007033348 7.373882406671371 3.709520373314517
      vertex -0.43800000101327896 7.373882406671371 3.709520373314517
    endloop
  endfacet
  facet normal 1.1344227679160706e-15 0.970142500145332 0.24253562503633241
    outer loop
      vertex -0.9208400025963783 7.131747639606085 3.0730094415756612
      vertex -0.15320000052452087 6.668271762488146 4.926912950047418
      vertex -0.36069999635219574 6.947211984891584 3.811152060433667
    endloop
  endfacet
  facet normal 0 0.24253562503633297 -0.9701425001453319
    outer loop
      vertex -0.36069999635219574 6.947211984891584 3.811152060433667
      vertex -0.36069999635219574 7.324870808420996 3.90556676631602
      vertex 0.3540399968624115 6.947211984891584 3.811152060433667
    endloop
  endfacet
  facet normal -0.9318931529895953 -0.08797564884039712 0.35190259536158847
    outer loop
      vertex -0.36069999635219574 6.947211984891584 3.811152060433667
      vertex -0.11522000283002853 7.1719132917508395 4.517396832996643
      vertex -0.36069999635219574 7.324870808420996 3.90556676631602
    endloop
  endfacet
  facet normal -0.9318931529895952 -0.08797564884039732 0.35190259536158847
    outer loop
      vertex -0.36069999635219574 6.947211984891584 3.811152060433667
      vertex -0.11522000283002853 6.794254468221428 4.42298212711429
      vertex -0.11522000283002853 7.1719132917508395 4.517396832996643
    endloop
  endfacet
  facet normal 1.0821774164283094e-13 0.9701425001453287 0.24253562503634626
    outer loop
      vertex -0.09288055449724197 6.780391667376395 4.478433330494423
      vertex -0.15320000052452087 6.668271762488146 4.926912950047418
      vertex -0.08841308206319809 6.7774962467932 4.4900150128271985
    endloop
  endfacet
  facet normal -6.562180222681785e-14 0.9701425001453345 0.24253562503632192
    outer loop
      vertex -0.08841308206319809 6.7774962467932 4.4900150128271985
      vertex -0.15320000052452087 6.668271762488146 4.926912950047418
      vertex -0.08394574373960495 6.774559869847361 4.501760520610556
    endloop
  endfacet
  facet normal 6.912081830971085e-14 0.9701425001453295 0.2425356250363426
    outer loop
      vertex -0.08394574373960495 6.774559869847361 4.501760520610556
      vertex -0.15320000052452087 6.668271762488146 4.926912950047418
      vertex -0.07947854697704315 6.771582540152938 4.513669839388248
    endloop
  endfacet
  facet normal -1.263761082451014e-13 0.9701425001453376 0.2425356250363098
    outer loop
      vertex -0.07947854697704315 6.771582540152938 4.513669839388248
      vertex -0.15320000052452087 6.668271762488146 4.926912950047418
      vertex -0.0750114843249321 6.76856425409587 4.525742983616523
    endloop
  endfacet
  facet normal 9.428070520689476e-14 0.9701425001453277 0.24253562503635032
    outer loop
      vertex -0.0750114843249321 6.76856425409587 4.525742983616523
      vertex -0.15320000052452087 6.668271762488146 4.926912950047418
      vertex -0.07054457068443298 6.765505017097249 4.537979931611004
    endloop
  endfacet
  facet normal 3.319844474527038e-14 0.9701425001453307 0.24253562503633808
    outer loop
      vertex -0.07054457068443298 6.765505017097249 4.537979931611004
      vertex -0.15320000052452087 6.668271762488146 4.926912950047418
      vertex -0.06607778370380402 6.762404823735983 4.550380705056069
    endloop
  endfacet
  facet normal -8.371049562898625e-14 0.970142500145337 0.2425356250363126
    outer loop
      vertex -0.06607778370380402 6.762404823735983 4.550380705056069
      vertex -0.15320000052452087 6.668271762488146 4.926912950047418
      vertex -0.06161113828420639 6.759263675819103 4.5629452967235915
    endloop
  endfacet
  facet normal 2.9063730657202685e-14 0.9701425001453303 0.2425356250363393
    outer loop
      vertex -0.06161113828420639 6.759263675819103 4.5629452967235915
      vertex -0.15320000052452087 6.668271762488146 4.926912950047418
      vertex -0.057144634425640106 6.7560815751536385 4.575673699385447
    endloop
  endfacet
  facet normal 2.889726455343475e-14 0.9701425001453303 0.24253562503633927
    outer loop
      vertex -0.057144634425640106 6.7560815751536385 4.575673699385447
      vertex -0.15320000052452087 6.668271762488146 4.926912950047418
      vertex -0.052678272128105164 6.75285851993256 4.588565920269761
    endloop
  endfacet
  facet normal -7.445418082766959e-14 0.9701425001453375 0.24253562503631032
    outer loop
      vertex -0.052678272128105164 6.75285851993256 4.588565920269761
      vertex -0.15320000052452087 6.668271762488146 4.926912950047418
      vertex -0.048212043941020966 6.749594511962899 4.601621952148408
    endloop
  endfacet
  facet normal 2.3761873463856177e-17 0.9701425001453319 0.24253562503633297
    outer loop
      vertex -0.048212043941020966 6.749594511962899 4.601621952148408
      vertex -0.15320000052452087 6.668271762488146 4.926912950047418
      vertex -0.04374594986438751 6.7462895476305915 4.614841809477637
    endloop
  endfacet
  facet normal 2.3509582888267876e-14 0.97014250014533 0.24253562503634074
    outer loop
      vertex -0.04374594986438751 6.7462895476305915 4.614841809477637
      vertex -0.15320000052452087 6.668271762488146 4.926912950047418
      vertex -0.0392799973487854 6.742943630549701 4.628225477801199
    endloop
  endfacet
  facet normal 0.9279304968985844 0.09040594492605754 -0.3616237797042294
    outer loop
      vertex -0.15320000052452087 6.668271762488146 4.926912950047418
      vertex -0.9208400025963783 7.509406463135496 3.1674241474580143
      vertex -0.15320000052452087 7.045930586017557 5.021327655929771
    endloop
  endfacet
  facet normal -1.4855586523550944e-15 0.9701425001453319 0.24253562503633289
    outer loop
      vertex -0.36069999635219574 6.947211984891584 3.811152060433667
      vertex -0.15320000052452087 6.668271762488146 4.926912950047418
      vertex -0.11522000283002853 6.794254468221428 4.42298212711429
    endloop
  endfacet
  facet normal -0.927591044181432 -0.09061062616375784 0.36244250465503136
    outer loop
      vertex -0.11522000283002853 6.794254468221428 4.42298212711429
      vertex -0.11075183749198914 6.791563814995213 4.433744740019151
      vertex -0.11075183749198914 7.169222638524625 4.528159445901504
    endloop
  endfacet
  facet normal -0.9295272410217708 -0.08943584891136967 0.3577433956454787
    outer loop
      vertex -0.10628380626440048 6.7888322108274455 4.4446711566902195
      vertex -0.10628380626440048 7.1664910343568575 4.5390858625725725
      vertex -0.11075183749198914 6.791563814995213 4.433744740019151
    endloop
  endfacet
  facet normal -0.9313900527077067 -0.08828848759710667 0.35315395038842584
    outer loop
      vertex -0.10628380626440048 6.7888322108274455 4.4446711566902195
      vertex -0.10181591659784317 6.786059650297033 4.455761398811871
      vertex -0.10181591659784317 7.163718473826444 4.550176104694224
    endloop
  endfacet
  facet normal -0.9331824176868544 -0.08716805112240086 0.34867220448960345
    outer loop
      vertex -0.10181591659784317 6.786059650297033 4.455761398811871
      vertex -0.0973481684923172 6.783246137018036 4.467015451927856
      vertex -0.0973481684923172 7.160904960547448 4.561430157810209
    endloop
  endfacet
  facet normal -0.9365694569045139 -0.08500437787811935 0.3400175115124774
    outer loop
      vertex -0.09288055449724197 6.780391667376395 4.478433330494423
      vertex -0.08841308206319809 6.7774962467932 4.4900150128271985
      vertex -0.08841308206319809 7.155155070322612 4.5844297187095515
    endloop
  endfacet
  facet normal -0.9349078206223489 -0.08607362338998263 0.3442944935599305
    outer loop
      vertex -0.0973481684923172 6.783246137018036 4.467015451927856
      vertex -0.09288055449724197 6.780391667376395 4.478433330494423
      vertex -0.09288055449724197 7.158050490905807 4.572848036376776
    endloop
  endfacet
  facet normal -0.9275910441814295 -0.0906106261637595 0.3624425046550372
    outer loop
      vertex -0.11522000283002853 6.794254468221428 4.42298212711429
      vertex -0.11075183749198914 7.169222638524625 4.528159445901504
      vertex -0.11522000283002853 7.1719132917508395 4.517396832996643
    endloop
  endfacet
  facet normal -0.929527241021771 -0.08943584891136963 0.3577433956454785
    outer loop
      vertex -0.11075183749198914 6.791563814995213 4.433744740019151
      vertex -0.10628380626440048 7.1664910343568575 4.5390858625725725
      vertex -0.11075183749198914 7.169222638524625 4.528159445901504
    endloop
  endfacet
  facet normal -0.9313900527077091 -0.08828848759710496 0.35315395038841985
    outer loop
      vertex -0.10628380626440048 6.7888322108274455 4.4446711566902195
      vertex -0.10181591659784317 7.163718473826444 4.550176104694224
      vertex -0.10628380626440048 7.1664910343568575 4.5390858625725725
    endloop
  endfacet
  facet normal -0.9331824176868522 -0.0871680511224024 0.3486722044896088
    outer loop
      vertex -0.10181591659784317 6.786059650297033 4.455761398811871
      vertex -0.0973481684923172 7.160904960547448 4.561430157810209
      vertex -0.10181591659784317 7.163718473826444 4.550176104694224
    endloop
  endfacet
  facet normal 8.164565338774857e-14 0.9701425001453304 0.24253562503633874
    outer loop
      vertex -0.11522000283002853 6.794254468221428 4.42298212711429
      vertex -0.15320000052452087 6.668271762488146 4.926912950047418
      vertex -0.11075183749198914 6.791563814995213 4.433744740019151
    endloop
  endfacet
  facet normal 1.7400286997671618e-15 0.970142500145332 0.2425356250363323
    outer loop
      vertex -0.10628380626440048 6.7888322108274455 4.4446711566902195
      vertex -0.11075183749198914 6.791563814995213 4.433744740019151
      vertex -0.15320000052452087 6.668271762488146 4.926912950047418
    endloop
  endfacet
  facet normal -7.584971044116307e-14 0.9701425001453339 0.2425356250363252
    outer loop
      vertex -0.10628380626440048 6.7888322108274455 4.4446711566902195
      vertex -0.15320000052452087 6.668271762488146 4.926912950047418
      vertex -0.10181591659784317 6.786059650297033 4.455761398811871
    endloop
  endfacet
  facet normal 1.1347095503505922e-13 0.970142500145329 0.24253562503634465
    outer loop
      vertex -0.10181591659784317 6.786059650297033 4.455761398811871
      vertex -0.15320000052452087 6.668271762488146 4.926912950047418
      vertex -0.0973481684923172 6.783246137018036 4.467015451927856
    endloop
  endfacet
  facet normal -7.081932240678812e-14 0.9701425001453344 0.24253562503632356
    outer loop
      vertex -0.0973481684923172 6.783246137018036 4.467015451927856
      vertex -0.15320000052452087 6.668271762488146 4.926912950047418
      vertex -0.09288055449724197 6.780391667376395 4.478433330494423
    endloop
  endfacet
  facet normal -0.9381703722045457 -0.08395949748945272 0.3358379899578109
    outer loop
      vertex -0.08841308206319809 6.7774962467932 4.4900150128271985
      vertex -0.08394574373960495 6.774559869847361 4.501760520610556
      vertex -0.08394574373960495 7.152218693376773 4.596175226492909
    endloop
  endfacet
  facet normal -0.9397134168726747 -0.08293821022107627 0.33175284088430507
    outer loop
      vertex -0.08394574373960495 6.774559869847361 4.501760520610556
      vertex -0.07947854697704315 6.771582540152938 4.513669839388248
      vertex -0.07947854697704315 7.14924136368235 4.608084545270601
    endloop
  endfacet
  facet normal -0.9412011627240638 -0.0819398528645432 0.32775941145817206
    outer loop
      vertex -0.07947854697704315 6.771582540152938 4.513669839388248
      vertex -0.0750114843249321 6.76856425409587 4.525742983616523
      vertex -0.0750114843249321 7.146223077625281 4.620157689498876
    endloop
  endfacet
  facet normal -0.9426363472148508 -0.08096357819830542 0.3238543127932217
    outer loop
      vertex -0.0750114843249321 6.76856425409587 4.525742983616523
      vertex -0.07054457068443298 6.765505017097249 4.537979931611004
      vertex -0.07054457068443298 7.143163840626661 4.632394637493357
    endloop
  endfacet
  facet normal -0.9440208556140283 -0.08000905248994454 0.32003620995977816
    outer loop
      vertex -0.07054457068443298 6.765505017097249 4.537979931611004
      vertex -0.06607778370380402 6.762404823735983 4.550380705056069
      vertex -0.06607778370380402 7.140063647265395 4.644795410938422
    endloop
  endfacet
  facet normal -0.9453575668743494 -0.0790751953200655 0.31630078128026123
    outer loop
      vertex -0.06607778370380402 6.762404823735983 4.550380705056069
      vertex -0.06161113828420639 6.759263675819103 4.5629452967235915
      vertex -0.06161113828420639 7.136922499348514 4.6573600026059445
    endloop
  endfacet
  facet normal -0.9466482730262745 -0.07816161506262741 0.31264646025050963
    outer loop
      vertex -0.06161113828420639 6.759263675819103 4.5629452967235915
      vertex -0.057144634425640106 6.7560815751536385 4.575673699385447
      vertex -0.057144634425640106 7.1337403986830505 4.6700884052678004
    endloop
  endfacet
  facet normal -0.9478951101836874 -0.07726762509381623 0.3090705003752649
    outer loop
      vertex -0.057144634425640106 6.7560815751536385 4.575673699385447
      vertex -0.052678272128105164 6.75285851993256 4.588565920269761
      vertex -0.052678272128105164 7.130517343461972 4.682980626152114
    endloop
  endfacet
  facet normal -0.9490997271565526 -0.07639283455440272 0.3055713382176101
    outer loop
      vertex -0.052678272128105164 6.75285851993256 4.588565920269761
      vertex -0.048212043941020966 6.749594511962899 4.601621952148408
      vertex -0.048212043941020966 7.12725333549231 4.696036658030761
    endloop
  endfacet
  facet normal -0.9502642595819561 -0.07553644891945983 0.3021457956778386
    outer loop
      vertex -0.048212043941020966 6.749594511962899 4.601621952148408
      vertex -0.04374594986438751 6.7462895476305915 4.614841809477637
      vertex -0.04374594986438751 7.123948371160003 4.70925651535999
    endloop
  endfacet
  facet normal -0.9513903739118439 -0.07469796297241545 0.29879185188966173
    outer loop
      vertex -0.04374594986438751 6.7462895476305915 4.614841809477637
      vertex -0.0392799973487854 6.742943630549701 4.628225477801199
      vertex -0.0392799973487854 7.120602454079113 4.722640183683552
    endloop
  endfacet
  facet normal -0.9509558289469122 -0.07502274611620878 0.3000909844648351
    outer loop
      vertex -0.0392799973487854 6.742943630549701 4.628225477801199
      vertex -0.002659998834133148 6.715638969554664 4.737444121781344
      vertex -0.002659998834133148 7.093297793084076 4.831858827663697
    endloop
  endfacet
  facet normal -0.9502642595819564 -0.07553644891945983 0.3021457956778386
    outer loop
      vertex -0.048212043941020966 6.749594511962899 4.601621952148408
      vertex -0.04374594986438751 7.123948371160003 4.70925651535999
      vertex -0.048212043941020966 7.12725333549231 4.696036658030761
    endloop
  endfacet
  facet normal -0.9513903739118424 -0.0746979629724167 0.29879185188966606
    outer loop
      vertex -0.04374594986438751 6.7462895476305915 4.614841809477637
      vertex -0.0392799973487854 7.120602454079113 4.722640183683552
      vertex -0.04374594986438751 7.123948371160003 4.70925651535999
    endloop
  endfacet
  facet normal -0.9509558289469122 -0.07502274611620877 0.30009098446483506
    outer loop
      vertex -0.0392799973487854 6.742943630549701 4.628225477801199
      vertex -0.002659998834133148 7.093297793084076 4.831858827663697
      vertex -0.0392799973487854 7.120602454079113 4.722640183683552
    endloop
  endfacet
  facet normal -0.9349078206223491 -0.08607362338998262 0.34429449355993047
    outer loop
      vertex -0.0973481684923172 6.783246137018036 4.467015451927856
      vertex -0.09288055449724197 7.158050490905807 4.572848036376776
      vertex -0.0973481684923172 7.160904960547448 4.561430157810209
    endloop
  endfacet
  facet normal -0.9365694569045139 -0.0850043778781194 0.3400175115124776
    outer loop
      vertex -0.09288055449724197 6.780391667376395 4.478433330494423
      vertex -0.08841308206319809 7.155155070322612 4.5844297187095515
      vertex -0.09288055449724197 7.158050490905807 4.572848036376776
    endloop
  endfacet
  facet normal -0.9381703722045457 -0.08395949748945274 0.33583798995781095
    outer loop
      vertex -0.08841308206319809 6.7774962467932 4.4900150128271985
      vertex -0.08394574373960495 7.152218693376773 4.596175226492909
      vertex -0.08841308206319809 7.155155070322612 4.5844297187095515
    endloop
  endfacet
  facet normal -0.9397134168726747 -0.08293821022107628 0.3317528408843051
    outer loop
      vertex -0.08394574373960495 6.774559869847361 4.501760520610556
      vertex -0.07947854697704315 7.14924136368235 4.608084545270601
      vertex -0.08394574373960495 7.152218693376773 4.596175226492909
    endloop
  endfacet
  facet normal -0.942636347214849 -0.08096357819830688 0.32385431279322674
    outer loop
      vertex -0.0750114843249321 6.76856425409587 4.525742983616523
      vertex -0.07054457068443298 7.143163840626661 4.632394637493357
      vertex -0.0750114843249321 7.146223077625281 4.620157689498876
    endloop
  endfacet
  facet normal -0.9412011627240657 -0.08193985286454177 0.32775941145816706
    outer loop
      vertex -0.07947854697704315 6.771582540152938 4.513669839388248
      vertex -0.0750114843249321 7.146223077625281 4.620157689498876
      vertex -0.07947854697704315 7.14924136368235 4.608084545270601
    endloop
  endfacet
  facet normal -0.9440208556140283 -0.08000905248994455 0.3200362099597782
    outer loop
      vertex -0.07054457068443298 6.765505017097249 4.537979931611004
      vertex -0.06607778370380402 7.140063647265395 4.644795410938422
      vertex -0.07054457068443298 7.143163840626661 4.632394637493357
    endloop
  endfacet
  facet normal -0.945357566874351 -0.0790751953200641 0.3163007812802564
    outer loop
      vertex -0.06607778370380402 6.762404823735983 4.550380705056069
      vertex -0.06161113828420639 7.136922499348514 4.6573600026059445
      vertex -0.06607778370380402 7.140063647265395 4.644795410938422
    endloop
  endfacet
  facet normal -0.946648273026273 -0.07816161506262871 0.3126464602505141
    outer loop
      vertex -0.06161113828420639 6.759263675819103 4.5629452967235915
      vertex -0.057144634425640106 7.1337403986830505 4.6700884052678004
      vertex -0.06161113828420639 7.136922499348514 4.6573600026059445
    endloop
  endfacet
  facet normal -0.9478951101836872 -0.07726762509381623 0.3090705003752649
    outer loop
      vertex -0.057144634425640106 6.7560815751536385 4.575673699385447
      vertex -0.052678272128105164 7.130517343461972 4.682980626152114
      vertex -0.057144634425640106 7.1337403986830505 4.6700884052678004
    endloop
  endfacet
  facet normal -0.9490997271565541 -0.07639283455440143 0.30557133821760574
    outer loop
      vertex -0.052678272128105164 6.75285851993256 4.588565920269761
      vertex -0.048212043941020966 7.12725333549231 4.696036658030761
      vertex -0.052678272128105164 7.130517343461972 4.682980626152114
    endloop
  endfacet
  facet normal 3.756760620561853e-15 0.9701425001453318 0.24253562503633366
    outer loop
      vertex -0.0392799973487854 6.742943630549701 4.628225477801199
      vertex -0.15320000052452087 6.668271762488146 4.926912950047418
      vertex -0.002659998834133148 6.715638969554664 4.737444121781344
    endloop
  endfacet
  facet normal -1.3158919149132775e-17 0.9701425001453324 0.24253562503633086
    outer loop
      vertex -0.002659998834133148 6.715638969554664 4.737444121781344
      vertex -0.15320000052452087 6.668271762488146 4.926912950047418
      vertex 0.14112000167369843 6.668271762488146 4.926912950047418
    endloop
  endfacet
  facet normal 0 0.24253562503633352 -0.9701425001453318
    outer loop
      vertex -0.15320000052452087 6.668271762488146 4.926912950047418
      vertex -0.15320000052452087 7.045930586017557 5.021327655929771
      vertex 0.14112000167369843 6.668271762488146 4.926912950047418
    endloop
  endfacet
  facet normal 0 -0.24253562503633297 0.9701425001453319
    outer loop
      vertex 0.6524199992418289 7.131747639606085 3.0730094415756612
      vertex 0.9209600016474724 7.131747639606085 3.0730094415756612
      vertex 0.9209600016474724 7.509406463135497 3.1674241474580143
    endloop
  endfacet
  facet normal 3.2722038415973546e-17 0.9701425001453317 0.24253562503633358
    outer loop
      vertex 0.4327000007033348 6.996223583141959 3.615105667432164
      vertex 0.9209600016474724 7.131747639606085 3.0730094415756612
      vertex 0.6524199992418289 7.131747639606085 3.0730094415756612
    endloop
  endfacet
  facet normal 0.9306384913889796 -0.08875345837346096 0.35501383349384374
    outer loop
      vertex 0.4327000007033348 6.996223583141959 3.615105667432164
      vertex 0.6524199992418289 7.131747639606085 3.0730094415756612
      vertex 0.6524199992418289 7.509406463135497 3.1674241474580143
    endloop
  endfacet
  facet normal -1.56749651611458e-17 -0.24253562503633297 0.9701425001453319
    outer loop
      vertex 0.6524199992418289 7.131747639606085 3.0730094415756612
      vertex 0.9209600016474724 7.509406463135497 3.1674241474580143
      vertex 0.6524199992418289 7.509406463135497 3.1674241474580143
    endloop
  endfacet
  facet normal 0 0.9701425001453321 0.2425356250363325
    outer loop
      vertex -0.36069999635219574 6.947211984891584 3.811152060433667
      vertex 0.3540399968624115 6.947211984891584 3.811152060433667
      vertex 0.4327000007033348 6.996223583141959 3.615105667432164
    endloop
  endfacet
  facet normal 0 -0.24253562503633297 0.9701425001453319
    outer loop
      vertex -0.43800000101327896 6.996223583141959 3.615105667432164
      vertex 0.4327000007033348 6.996223583141959 3.615105667432164
      vertex 0.4327000007033348 7.373882406671371 3.709520373314517
    endloop
  endfacet
  facet normal -0.9258719965625926 0.09163901236443638 -0.3665560494577455
    outer loop
      vertex 0.9209600016474724 7.131747639606085 3.0730094415756612
      vertex 0.14112000167369843 7.045930586017557 5.021327655929771
      vertex 0.9209600016474724 7.509406463135497 3.1674241474580143
    endloop
  endfacet
  facet normal -5.88935168319114e-18 0.24253562503633297 -0.9701425001453319
    outer loop
      vertex 0.3540399968624115 6.947211984891584 3.811152060433667
      vertex -0.36069999635219574 7.324870808420996 3.90556676631602
      vertex 0.3540399968624115 7.324870808420996 3.90556676631602
    endloop
  endfacet
  facet normal -1.5055746824724426e-15 0.970142500145332 0.24253562503633228
    outer loop
      vertex 0.4327000007033348 6.996223583141959 3.615105667432164
      vertex 0.14112000167369843 6.668271762488146 4.926912950047418
      vertex 0.9209600016474724 7.131747639606085 3.0730094415756612
    endloop
  endfacet
  facet normal 1.5148480211063963e-13 0.9701425001453171 0.24253562503639212
    outer loop
      vertex 0.4327000007033348 6.996223583141959 3.615105667432164
      vertex 0.3540399968624115 6.947211984891584 3.811152060433667
      vertex 0.054579928517341614 6.758090374060747 4.567638503757013
    endloop
  endfacet
  facet normal 0.9320442231547185 -0.08788145962666292 0.3515258385066517
    outer loop
      vertex 0.3540399968624115 6.947211984891584 3.811152060433667
      vertex 0.3540399968624115 7.324870808420996 3.90556676631602
      vertex 0.10992000252008438 6.794914164723691 4.420343341105238
    endloop
  endfacet
  facet normal -7.831191173105685e-13 0.9701425001454037 0.24253562503604537
    outer loop
      vertex 0.3540399968624115 6.947211984891584 3.811152060433667
      vertex 0.10992000252008438 6.794914164723691 4.420343341105238
      vertex 0.10221383720636368 6.78993662855562 4.440253485777523
    endloop
  endfacet
  facet normal 2.7561550087223443e-12 0.9701425001450695 0.2425356250373823
    outer loop
      vertex 0.3540399968624115 6.947211984891584 3.811152060433667
      vertex 0.10221383720636368 6.78993662855562 4.440253485777523
      vertex 0.09473300725221634 6.785066110197606 4.459735559209575
    endloop
  endfacet
  facet normal -1.2324342708469369e-12 0.9701425001454469 0.24253562503587334
    outer loop
      vertex 0.3540399968624115 6.947211984891584 3.811152060433667
      vertex 0.09473300725221634 6.785066110197606 4.459735559209575
      vertex 0.08747750520706177 6.7803026096496515 4.4787895614013955
    endloop
  endfacet
  facet normal -1.066953788537903e-12 0.9701425001454328 0.24253562503592976
    outer loop
      vertex 0.3540399968624115 6.947211984891584 3.811152060433667
      vertex 0.08747750520706177 6.7803026096496515 4.4787895614013955
      vertex 0.08044733852148056 6.775646126911755 4.497415492352983
    endloop
  endfacet
  facet normal -3.3132911343837724e-13 0.9701425001453615 0.2425356250362148
    outer loop
      vertex 0.4327000007033348 6.996223583141959 3.615105667432164
      vertex 0.054579928517341614 6.758090374060747 4.567638503757013
      vertex 0.04867640137672424 6.75396898037314 4.58412407850744
    endloop
  endfacet
  facet normal -3.698316048005682e-15 0.9701425001453323 0.24253562503633122
    outer loop
      vertex 0.4327000007033348 6.996223583141959 3.615105667432164
      vertex 0.04867640137672424 6.75396898037314 4.58412407850744
      vertex 0.04299820214509964 6.749954606302623 4.600181574789509
    endloop
  endfacet
  facet normal 9.987135735587548e-13 0.9701425001452377 0.24253562503670986
    outer loop
      vertex 0.3540399968624115 6.947211984891584 3.811152060433667
      vertex 0.08044733852148056 6.775646126911755 4.497415492352983
      vertex 0.07364249229431152 6.771096661983916 4.515613352064339
    endloop
  endfacet
  facet normal -5.726782887531294e-13 0.9701425001453894 0.24253562503610274
    outer loop
      vertex 0.4327000007033348 6.996223583141959 3.615105667432164
      vertex 0.04299820214509964 6.749954606302623 4.600181574789509
      vertex 0.037545330822467804 6.746047248235133 4.615811007059472
    endloop
  endfacet
  facet normal 4.0655395604986115e-13 0.9701425001452915 0.24253562503649462
    outer loop
      vertex 0.3540399968624115 6.947211984891584 3.811152060433667
      vertex 0.07364249229431152 6.771096661983916 4.515613352064339
      vertex 0.06706297397613525 6.766654214866135 4.533383140535462
    endloop
  endfacet
  facet normal 5.61486665109281e-13 0.9701425001452793 0.24253562503654302
    outer loop
      vertex 0.4327000007033348 6.996223583141959 3.615105667432164
      vertex 0.037545330822467804 6.746047248235133 4.615811007059472
      vertex 0.032317787408828735 6.7422469079777 4.631012368089202
    endloop
  endfacet
  facet normal 0.9320442231547185 -0.08788145962666309 0.35152583850665153
    outer loop
      vertex 0.10992000252008438 6.794914164723691 4.420343341105238
      vertex 0.3540399968624115 7.324870808420996 3.90556676631602
      vertex 0.10992000252008438 7.172572988253102 4.514758046987591
    endloop
  endfacet
  facet normal 0.9306384913889796 -0.08875345837346094 0.35501383349384374
    outer loop
      vertex 0.4327000007033348 6.996223583141959 3.615105667432164
      vertex 0.6524199992418289 7.509406463135497 3.1674241474580143
      vertex 0.4327000007033348 7.373882406671371 3.709520373314517
    endloop
  endfacet
  facet normal 2.0340668005798833e-14 0.970142500145332 0.24253562503633294
    outer loop
      vertex 0.4327000007033348 6.996223583141959 3.615105667432164
      vertex 0.027315571904182434 6.738553585530325 4.6457856578787
      vertex 0.0225386843085289 6.734967280893009 4.660130876427966
    endloop
  endfacet
  facet normal 1.460042295234022e-14 0.970142500145334 0.24253562503632425
    outer loop
      vertex 0.3540399968624115 6.947211984891584 3.811152060433667
      vertex 0.06706297397613525 6.766654214866135 4.533383140535462
      vertex 0.06070879101753235 6.762318785558412 4.550724857766354
    endloop
  endfacet
  facet normal -1.2822785566765507e-14 0.9701425001453333 0.24253562503632728
    outer loop
      vertex 0.3540399968624115 6.947211984891584 3.811152060433667
      vertex 0.06070879101753235 6.762318785558412 4.550724857766354
      vertex 0.054579928517341614 6.758090374060747 4.567638503757013
    endloop
  endfacet
  facet normal 1.3959857476813772e-14 0.9701425001453339 0.24253562503632492
    outer loop
      vertex 0.4327000007033348 6.996223583141959 3.615105667432164
      vertex 0.0225386843085289 6.734967280893009 4.660130876427966
      vertex 0.017987124621868134 6.73148799406575 4.674048023737
    endloop
  endfacet
  facet normal 2.8517421669466767e-13 0.970142500145308 0.24253562503642848
    outer loop
      vertex 0.4327000007033348 6.996223583141959 3.615105667432164
      vertex 0.032317787408828735 6.7422469079777 4.631012368089202
      vertex 0.027315571904182434 6.738553585530325 4.6457856578787
    endloop
  endfacet
  facet normal -2.944193605656235e-15 0.9701425001453321 0.24253562503633191
    outer loop
      vertex 0.4327000007033348 6.996223583141959 3.615105667432164
      vertex 0.017987124621868134 6.73148799406575 4.674048023737
      vertex 0.14112000167369843 6.668271762488146 4.926912950047418
    endloop
  endfacet
  facet normal 0.9361779941567108 -0.08525765905105412 0.34103063620421564
    outer loop
      vertex 0.10992000252008438 6.794914164723691 4.420343341105238
      vertex 0.10992000252008438 7.172572988253102 4.514758046987591
      vertex 0.10221383720636368 6.78993662855562 4.440253485777523
    endloop
  endfacet
  facet normal 0.9370908680108515 -0.08466567645769667 0.33866270583078584
    outer loop
      vertex 0.10221383720636368 6.78993662855562 4.440253485777523
      vertex 0.10221383720636368 7.167595452085031 4.534668191659876
      vertex 0.09473300725221634 6.785066110197606 4.459735559209575
    endloop
  endfacet
  facet normal 0.9390268635020013 -0.0833943677113516 0.3335774708454064
    outer loop
      vertex 0.08044733852148056 6.775646126911755 4.497415492352983
      vertex 0.08747750520706177 6.7803026096496515 4.4787895614013955
      vertex 0.08747750520706177 7.1579614331790635 4.5732042672837485
    endloop
  endfacet
  facet normal 0.9380397214602604 -0.08404532424365439 0.33618129697461757
    outer loop
      vertex 0.09473300725221634 6.785066110197606 4.459735559209575
      vertex 0.09473300725221634 7.162724933727018 4.554150265091928
      vertex 0.08747750520706177 6.7803026096496515 4.4787895614013955
    endloop
  endfacet
  facet normal 0.9370908680108503 -0.08466567645769725 0.338662705830789
    outer loop
      vertex 0.09473300725221634 6.785066110197606 4.459735559209575
      vertex 0.10221383720636368 7.167595452085031 4.534668191659876
      vertex 0.09473300725221634 7.162724933727018 4.554150265091928
    endloop
  endfacet
  facet normal 0.9361779941567108 -0.08525765905105413 0.3410306362042157
    outer loop
      vertex 0.10221383720636368 6.78993662855562 4.440253485777523
      vertex 0.10992000252008438 7.172572988253102 4.514758046987591
      vertex 0.10221383720636368 7.167595452085031 4.534668191659876
    endloop
  endfacet
  facet normal -0.9258719965625927 0.09163901236443651 -0.36655604945774556
    outer loop
      vertex 0.9209600016474724 7.131747639606085 3.0730094415756612
      vertex 0.14112000167369843 6.668271762488146 4.926912950047418
      vertex 0.14112000167369843 7.045930586017557 5.021327655929771
    endloop
  endfacet
  facet normal 0.9400541708136091 -0.08271074897636752 0.3308429959054693
    outer loop
      vertex 0.08044733852148056 6.775646126911755 4.497415492352983
      vertex 0.08044733852148056 7.153304950441166 4.5918301982353364
      vertex 0.07364249229431152 6.771096661983916 4.515613352064339
    endloop
  endfacet
  facet normal 0.9411243879006981 -0.08199170922884114 0.32796683691536455
    outer loop
      vertex 0.06706297397613525 6.766654214866135 4.533383140535462
      vertex 0.07364249229431152 6.771096661983916 4.515613352064339
      vertex 0.07364249229431152 7.148755485513328 4.610028057946692
    endloop
  endfacet
  facet normal 0.9422400868123761 -0.08123445328322133 0.32493781313288533
    outer loop
      vertex 0.06706297397613525 6.766654214866135 4.533383140535462
      vertex 0.06706297397613525 7.144313038395547 4.627797846417815
      vertex 0.06070879101753235 6.762318785558412 4.550724857766354
    endloop
  endfacet
  facet normal 0.9434036486338289 -0.08043614776527046 0.32174459106108183
    outer loop
      vertex 0.054579928517341614 6.758090374060747 4.567638503757013
      vertex 0.06070879101753235 6.762318785558412 4.550724857766354
      vertex 0.06070879101753235 7.139977609087824 4.645139563648707
    endloop
  endfacet
  facet normal 0.9446185269362612 -0.07959302310865311 0.31837209243461245
    outer loop
      vertex 0.054579928517341614 6.758090374060747 4.567638503757013
      vertex 0.054579928517341614 7.135749197590159 4.662053209639366
      vertex 0.04867640137672424 6.75396898037314 4.58412407850744
    endloop
  endfacet
  facet normal 0.9458874656392565 -0.07870155927394107 0.3148062370957643
    outer loop
      vertex 0.04299820214509964 6.749954606302623 4.600181574789509
      vertex 0.04867640137672424 6.75396898037314 4.58412407850744
      vertex 0.04867640137672424 7.1316278039025525 4.678538784389793
    endloop
  endfacet
  facet normal 0.9472141194660996 -0.07775731926360664 0.31102927705442657
    outer loop
      vertex 0.04299820214509964 6.749954606302623 4.600181574789509
      vertex 0.04299820214509964 7.127613429832035 4.694596280671862
      vertex 0.037545330822467804 6.746047248235133 4.615811007059472
    endloop
  endfacet
  facet normal 0.9486019870325982 -0.07675563600605827 0.30702254402423235
    outer loop
      vertex 0.037545330822467804 6.746047248235133 4.615811007059472
      vertex 0.037545330822467804 7.123706071764544 4.710225712941825
      vertex 0.032317787408828735 6.7422469079777 4.631012368089202
    endloop
  endfacet
  facet normal 0.9500549956020415 -0.07569113139891183 0.3027645255956473
    outer loop
      vertex 0.027315571904182434 6.738553585530325 4.6457856578787
      vertex 0.032317787408828735 6.7422469079777 4.631012368089202
      vertex 0.032317787408828735 7.119905731507112 4.725427073971555
    endloop
  endfacet
  facet normal 0.9515772840176586 -0.07455778356872578 0.2982311342749031
    outer loop
      vertex 0.027315571904182434 6.738553585530325 4.6457856578787
      vertex 0.027315571904182434 7.116212409059737 4.740200363761053
      vertex 0.0225386843085289 6.734967280893009 4.660130876427966
    endloop
  endfacet
  facet normal 0.9531732495531802 -0.07334878656369528 0.29339514625478114
    outer loop
      vertex 0.0225386843085289 6.734967280893009 4.660130876427966
      vertex 0.0225386843085289 7.112626104422421 4.754545582310319
      vertex 0.017987124621868134 6.73148799406575 4.674048023737
    endloop
  endfacet
  facet normal 0.956605046720406 -0.07067189498331247 0.2826875799332499
    outer loop
      vertex 0.013660900294780731 6.72811572504855 4.687537099805802
      vertex 0.013660900294780731 7.105774548577962 4.781951805688155
      vertex 0.0095599964261055 6.724850473841408 4.700598104634371
    endloop
  endfacet
  facet normal 0.9548476872625468 -0.0720563072837794 0.2882252291351176
    outer loop
      vertex 0.017987124621868134 6.73148799406575 4.674048023737
      vertex 0.017987124621868134 7.109146817595162 4.768462729619353
      vertex 0.013660900294780731 6.72811572504855 4.687537099805802
    endloop
  endfacet
  facet normal 0.9519399014942899 -0.07428499331590213 0.2971399732636085
    outer loop
      vertex -0.002659998834133148 6.715638969554664 4.737444121781344
      vertex 0.0095599964261055 6.724850473841408 4.700598104634371
      vertex 0.0095599964261055 7.10250929737082 4.795012810516724
    endloop
  endfacet
  facet normal 0.9458874656392565 -0.07870155927394108 0.31480623709576433
    outer loop
      vertex 0.04299820214509964 6.749954606302623 4.600181574789509
      vertex 0.04867640137672424 7.1316278039025525 4.678538784389793
      vertex 0.04299820214509964 7.127613429832035 4.694596280671862
    endloop
  endfacet
  facet normal 0.9472141194661008 -0.0777573192636059 0.3110292770544229
    outer loop
      vertex 0.037545330822467804 6.746047248235133 4.615811007059472
      vertex 0.04299820214509964 7.127613429832035 4.694596280671862
      vertex 0.037545330822467804 7.123706071764544 4.710225712941825
    endloop
  endfacet
  facet normal 0.948601987032597 -0.07675563600605903 0.3070225440242361
    outer loop
      vertex 0.032317787408828735 6.7422469079777 4.631012368089202
      vertex 0.037545330822467804 7.123706071764544 4.710225712941825
      vertex 0.032317787408828735 7.119905731507112 4.725427073971555
    endloop
  endfacet
  facet normal 0.9500549956020415 -0.07569113139891184 0.30276452559564737
    outer loop
      vertex 0.027315571904182434 6.738553585530325 4.6457856578787
      vertex 0.032317787408828735 7.119905731507112 4.725427073971555
      vertex 0.027315571904182434 7.116212409059737 4.740200363761053
    endloop
  endfacet
  facet normal 0.9515772840176585 -0.07455778356872579 0.29823113427490316
    outer loop
      vertex 0.0225386843085289 6.734967280893009 4.660130876427966
      vertex 0.027315571904182434 7.116212409059737 4.740200363761053
      vertex 0.0225386843085289 7.112626104422421 4.754545582310319
    endloop
  endfacet
  facet normal 0.9531732495531802 -0.07334878656369528 0.29339514625478114
    outer loop
      vertex 0.017987124621868134 6.73148799406575 4.674048023737
      vertex 0.0225386843085289 7.112626104422421 4.754545582310319
      vertex 0.017987124621868134 7.109146817595162 4.768462729619353
    endloop
  endfacet
  facet normal 0.954847687262547 -0.07205630728377942 0.28822522913511767
    outer loop
      vertex 0.013660900294780731 6.72811572504855 4.687537099805802
      vertex 0.017987124621868134 7.109146817595162 4.768462729619353
      vertex 0.013660900294780731 7.105774548577962 4.781951805688155
    endloop
  endfacet
  facet normal 0.9380397214602604 -0.08404532424365439 0.33618129697461757
    outer loop
      vertex 0.08747750520706177 6.7803026096496515 4.4787895614013955
      vertex 0.09473300725221634 7.162724933727018 4.554150265091928
      vertex 0.08747750520706177 7.1579614331790635 4.5732042672837485
    endloop
  endfacet
  facet normal 0.9390268635020024 -0.08339436771135095 0.33357747084540296
    outer loop
      vertex 0.08044733852148056 6.775646126911755 4.497415492352983
      vertex 0.08747750520706177 7.1579614331790635 4.5732042672837485
      vertex 0.08044733852148056 7.153304950441166 4.5918301982353364
    endloop
  endfacet
  facet normal 0.9400541708136079 -0.08271074897636815 0.3308429959054726
    outer loop
      vertex 0.07364249229431152 6.771096661983916 4.515613352064339
      vertex 0.08044733852148056 7.153304950441166 4.5918301982353364
      vertex 0.07364249229431152 7.148755485513328 4.610028057946692
    endloop
  endfacet
  facet normal 0.9422400868123761 -0.08123445328322133 0.32493781313288533
    outer loop
      vertex 0.06070879101753235 6.762318785558412 4.550724857766354
      vertex 0.06706297397613525 7.144313038395547 4.627797846417815
      vertex 0.06070879101753235 7.139977609087824 4.645139563648707
    endloop
  endfacet
  facet normal 0.9434036486338289 -0.08043614776527047 0.3217445910610819
    outer loop
      vertex 0.054579928517341614 6.758090374060747 4.567638503757013
      vertex 0.06070879101753235 7.139977609087824 4.645139563648707
      vertex 0.054579928517341614 7.135749197590159 4.662053209639366
    endloop
  endfacet
  facet normal 0.9411243879006982 -0.08199170922884118 0.3279668369153647
    outer loop
      vertex 0.06706297397613525 6.766654214866135 4.533383140535462
      vertex 0.07364249229431152 7.148755485513328 4.610028057946692
      vertex 0.06706297397613525 7.144313038395547 4.627797846417815
    endloop
  endfacet
  facet normal 0.9446185269362612 -0.07959302310865311 0.31837209243461245
    outer loop
      vertex 0.04867640137672424 6.75396898037314 4.58412407850744
      vertex 0.054579928517341614 7.135749197590159 4.662053209639366
      vertex 0.04867640137672424 7.1316278039025525 4.678538784389793
    endloop
  endfacet
  facet normal 1.660210177077862e-14 0.9701425001453344 0.24253562503632295
    outer loop
      vertex 0.017987124621868134 6.73148799406575 4.674048023737
      vertex 0.013660900294780731 6.72811572504855 4.687537099805802
      vertex 0.14112000167369843 6.668271762488146 4.926912950047418
    endloop
  endfacet
  facet normal 1.7373457283422986e-14 0.9701425001453344 0.24253562503632256
    outer loop
      vertex 0.013660900294780731 6.72811572504855 4.687537099805802
      vertex 0.0095599964261055 6.724850473841408 4.700598104634371
      vertex 0.14112000167369843 6.668271762488146 4.926912950047418
    endloop
  endfacet
  facet normal -7.447828628380682e-15 0.9701425001453312 0.24253562503633616
    outer loop
      vertex -0.002659998834133148 6.715638969554664 4.737444121781344
      vertex 0.14112000167369843 6.668271762488146 4.926912950047418
      vertex 0.0095599964261055 6.724850473841408 4.700598104634371
    endloop
  endfacet
  facet normal 0.956605046720406 -0.07067189498331249 0.28268757993324994
    outer loop
      vertex 0.0095599964261055 6.724850473841408 4.700598104634371
      vertex 0.013660900294780731 7.105774548577962 4.781951805688155
      vertex 0.0095599964261055 7.10250929737082 4.795012810516724
    endloop
  endfacet
  facet normal 0.9519399014942899 -0.07428499331590215 0.2971399732636086
    outer loop
      vertex -0.002659998834133148 6.715638969554664 4.737444121781344
      vertex 0.0095599964261055 7.10250929737082 4.795012810516724
      vertex -0.002659998834133148 7.093297793084076 4.831858827663697
    endloop
  endfacet
  facet normal -1.945479824410153e-17 0.24253562503633352 -0.9701425001453318
    outer loop
      vertex 0.14112000167369843 6.668271762488146 4.926912950047418
      vertex -0.15320000052452087 7.045930586017557 5.021327655929771
      vertex 0.14112000167369843 7.045930586017557 5.021327655929771
    endloop
  endfacet
  facet normal 0.05645591238363487 0.08016123644197996 0.995181845759369
    outer loop
      vertex -5.721839443747361 -4.100837884559 6.879336064983363
      vertex -6.514252325055882 -4.814956399710355 6.981810819495836
      vertex -6.489279363666745 -4.916003440848334 6.988533394334582
    endloop
  endfacet
  facet normal 0.05645591238363215 0.08016123644198304 0.9951818457593689
    outer loop
      vertex -5.721839443747361 -4.100837884559 6.879336064983363
      vertex -6.534181302572789 -4.713137327226634 6.974739916660273
      vertex -6.514252325055882 -4.814956399710355 6.981810819495836
    endloop
  endfacet
  facet normal 0.05645591238363887 0.08016123644197409 0.9951818457593691
    outer loop
      vertex -5.721839443747361 -4.100837884559 6.879336064983363
      vertex -6.549024962377097 -4.610800730166674 6.967338841341615
      vertex -6.534181302572789 -4.713137327226634 6.974739916660273
    endloop
  endfacet
  facet normal 0.05645591238363948 0.0801612364419772 0.995181845759369
    outer loop
      vertex -6.135130312025577 -3.8097656146675716 6.879336064983363
      vertex -6.563713280100915 -4.387642851096026 6.950196879596344
      vertex -6.563356832554071 -4.4055947209234505 6.95162266978372
    endloop
  endfacet
  facet normal 0.056455912383627446 0.08016123644198592 0.9951818457593689
    outer loop
      vertex -6.135130312025577 -3.8097656146675716 6.879336064983363
      vertex -6.563356832554071 -4.4055947209234505 6.95162266978372
      vertex -6.55875514038723 -4.508201600720202 6.9596265352643005
    endloop
  endfacet
  facet normal 0.056455912383634274 0.08016123644198155 0.9951818457593687
    outer loop
      vertex -5.721839443747361 -4.100837884559 6.879336064983363
      vertex -6.55875514038723 -4.508201600720202 6.9596265352643005
      vertex -6.549024962377097 -4.610800730166674 6.967338841341615
    endloop
  endfacet
  facet normal 0.052454583321266006 0.08283483904474123 0.995181845759369
    outer loop
      vertex -5.2947641630752145 -4.371280323426711 6.879336064983363
      vertex -6.1788710248243035 -5.58010024790537 7.0265532409669085
      vertex -6.11644455018159 -5.665966324596595 7.030409971214628
    endloop
  endfacet
  facet normal 0.04832688657320195 0.08530888526476386 0.9951818457593689
    outer loop
      vertex -5.2947641630752145 -4.371280323426711 6.879336064983363
      vertex -6.090302868942743 -5.698556468307027 7.031744750700063
      vertex -6.049831158205473 -5.748823089059713 7.034088360180233
    endloop
  endfacet
  facet normal 0.04832688657320893 0.08530888526475994 0.9951818457593689
    outer loop
      vertex -5.2947641630752145 -4.371280323426711 6.879336064983363
      vertex -6.049831158205473 -5.748823089059713 7.034088360180233
      vertex -5.979217231624264 -5.828492363680824 7.037488689277693
    endloop
  endfacet
  facet normal 0.05245458332129256 0.08283483904472472 0.9951818457593689
    outer loop
      vertex -5.2947641630752145 -4.371280323426711 6.879336064983363
      vertex -6.11644455018159 -5.665966324596595 7.030409971214628
      vertex -6.090302868942743 -5.698556468307027 7.031744750700063
    endloop
  endfacet
  facet normal 0.04832688657321751 0.08530888526475336 0.9951818457593691
    outer loop
      vertex -4.854933331767651 -4.6204414117475165 6.879336064983363
      vertex -5.979217231624264 -5.828492363680824 7.037488689277693
      vertex -5.904828907717292 -5.904828907717292 7.040420042373936
    endloop
  endfacet
  facet normal 0.048326886573209 0.08530888526476017 0.9951818457593687
    outer loop
      vertex -4.854933331767651 -4.6204414117475165 6.879336064983363
      vertex -5.904828907717292 -5.904828907717292 7.040420042373936
      vertex -5.8268510239896845 -5.977638183317367 7.04287471918166
    endloop
  endfacet
  facet normal 0.04832688657321121 0.08530888526475869 0.9951818457593689
    outer loop
      vertex -4.854933331767651 -4.6204414117475165 6.879336064983363
      vertex -5.8268510239896845 -5.977638183317367 7.04287471918166
      vertex -5.745478086147719 -6.04673469365405 7.044846263923609
    endloop
  endfacet
  facet normal 0.04832688657321344 0.08530888526475723 0.9951818457593689
    outer loop
      vertex -4.854933331767651 -4.6204414117475165 6.879336064983363
      vertex -5.745478086147719 -6.04673469365405 7.044846263923609
      vertex -5.660913733956853 -6.111942531270265 7.04632948639937
    endloop
  endfacet
  facet normal 0.04832688657323371 0.0853088852647469 0.9951818457593689
    outer loop
      vertex -4.854933331767651 -4.6204414117475165 6.879336064983363
      vertex -5.660913733956853 -6.111942531270265 7.04632948639937
      vertex -5.654537906251697 -6.116396352072015 7.046401660731885
    endloop
  endfacet
  facet normal 0.044082766122462 0.0875774149080003 0.9951818457593689
    outer loop
      vertex -4.854933331767651 -4.6204414117475165 6.879336064983363
      vertex -5.654537906251697 -6.116396352072015 7.046401660731885
      vertex -5.5732218696821825 -6.17296863468486 7.04777811112677
    endloop
  endfacet
  facet normal 0.04408276612245908 0.08757741490800167 0.9951818457593689
    outer loop
      vertex -4.854933331767651 -4.6204414117475165 6.879336064983363
      vertex -5.5732218696821825 -6.17296863468486 7.04777811112677
      vertex -5.482752040091974 -6.229778636653956 7.048770002989161
    endloop
  endfacet
  facet normal 0.05245458332127773 0.082834839044731 0.9951818457593692
    outer loop
      vertex -5.2947641630752145 -4.371280323426711 6.879336064983363
      vertex -6.3400397581966 -5.307187421009078 7.0123320698351765
      vertex -6.290804559211994 -5.400482742002689 7.017502472684244
    endloop
  endfacet
  facet normal 0.052454583321278746 0.08283483904473321 0.9951818457593689
    outer loop
      vertex -5.721839443747361 -4.100837884559 6.879336064983363
      vertex -6.414905586701812 -5.138084668012974 7.002202721585743
      vertex -6.384625952608007 -5.211881131944535 7.00674924003522
    endloop
  endfacet
  facet normal 0.052454583321272945 0.08283483904473671 0.9951818457593689
    outer loop
      vertex -5.721839443747361 -4.100837884559 6.879336064983363
      vertex -6.384625952608007 -5.211881131944535 7.00674924003522
      vertex -6.3400397581966 -5.307187421009078 7.0123320698351765
    endloop
  endfacet
  facet normal 0.05645591238364191 0.08016123644197502 0.9951818457593689
    outer loop
      vertex -5.721839443747361 -4.100837884559 6.879336064983363
      vertex -6.459316891099068 -5.016025131679883 6.9948903266972
      vertex -6.424432446678232 -5.114770047696081 7.000865195961325
    endloop
  endfacet
  facet normal 0.056455912383581795 0.08016123644201666 0.995181845759369
    outer loop
      vertex -5.721839443747361 -4.100837884559 6.879336064983363
      vertex -6.424432446678232 -5.114770047696081 7.000865195961325
      vertex -6.414905586701812 -5.138084668012974 7.002202721585743
    endloop
  endfacet
  facet normal 0.05645591238362952 0.08016123644198501 0.9951818457593689
    outer loop
      vertex -5.721839443747361 -4.100837884559 6.879336064983363
      vertex -6.489279363666745 -4.916003440848334 6.988533394334582
      vertex -6.459316891099068 -5.016025131679883 6.9948903266972
    endloop
  endfacet
  facet normal 0.05245458332127196 0.08283483904473683 0.9951818457593689
    outer loop
      vertex -5.2947641630752145 -4.371280323426711 6.879336064983363
      vertex -6.237038301143357 -5.491530703518354 7.022246989069754
      vertex -6.1788710248243035 -5.58010024790537 7.0265532409669085
    endloop
  endfacet
  facet normal 0.052454583321270454 0.08283483904473814 0.9951818457593687
    outer loop
      vertex -5.2947641630752145 -4.371280323426711 6.879336064983363
      vertex -6.290804559211994 -5.400482742002689 7.017502472684244
      vertex -6.237038301143357 -5.491530703518354 7.022246989069754
    endloop
  endfacet
  facet normal 0.05245458332127254 0.08283483904473692 0.9951818457593687
    outer loop
      vertex -5.2947641630752145 -4.371280323426711 6.879336064983363
      vertex -5.721839443747361 -4.100837884559 6.879336064983363
      vertex -6.3400397581966 -5.307187421009078 7.0123320698351765
    endloop
  endfacet
  facet normal 0.048326886573211644 0.0853088852647587 0.995181845759369
    outer loop
      vertex -5.2947641630752145 -4.371280323426711 6.879336064983363
      vertex -5.979217231624264 -5.828492363680824 7.037488689277693
      vertex -4.854933331767651 -4.6204414117475165 6.879336064983363
    endloop
  endfacet
  facet normal 0.044082766122458976 0.08757741490800201 0.9951818457593689
    outer loop
      vertex -4.403406540821923 -4.847720898635715 6.879336064983363
      vertex -5.482752040091974 -6.229778636653956 7.048770002989161
      vertex -5.389743272031909 -6.28223841505392 7.049266603697154
    endloop
  endfacet
  facet normal 0.04408276612246142 0.08757741490800058 0.9951818457593689
    outer loop
      vertex -4.403406540821923 -4.847720898635715 6.879336064983363
      vertex -5.294429956579282 -6.330215106280398 7.049266603697154
      vertex -5.197052589013362 -6.373587655182806 7.048770002989161
    endloop
  endfacet
  facet normal 0.044082766122459364 0.08757741490800182 0.9951818457593691
    outer loop
      vertex -4.403406540821923 -4.847720898635715 6.879336064983363
      vertex -5.389743272031909 -6.28223841505392 7.049266603697154
      vertex -5.294429956579282 -6.330215106280398 7.049266603697154
    endloop
  endfacet
  facet normal 0.03973244642693724 0.08963496288785013 0.9951818457593689
    outer loop
      vertex -4.403406540821923 -4.847720898635715 6.879336064983363
      vertex -5.1362883635105305 -6.397269321787237 7.048162399462127
      vertex -5.097787962036124 -6.412197363678027 7.047969830979347
    endloop
  endfacet
  facet normal 0.03973244642692313 0.08963496288785647 0.9951818457593689
    outer loop
      vertex -4.403406540821923 -4.847720898635715 6.879336064983363
      vertex -5.097787962036124 -6.412197363678027 7.047969830979347
      vertex -4.9968423145754315 -6.4459213957534836 7.046977082598274
    endloop
  endfacet
  facet normal 0.04408276612244931 0.08757741490800668 0.9951818457593687
    outer loop
      vertex -4.403406540821923 -4.847720898635715 6.879336064983363
      vertex -5.197052589013362 -6.373587655182806 7.048770002989161
      vertex -5.1362883635105305 -6.397269321787237 7.048162399462127
    endloop
  endfacet
  facet normal 0.03973244642692447 0.08963496288785607 0.995181845759369
    outer loop
      vertex -4.403406540821923 -4.847720898635715 6.879336064983363
      vertex -4.9968423145754315 -6.4459213957534836 7.046977082598274
      vertex -4.894577612503623 -6.474755411572953 7.045491232685669
    endloop
  endfacet
  facet normal 0.03973244642692339 0.08963496288785634 0.9951818457593689
    outer loop
      vertex -4.403406540821923 -4.847720898635715 6.879336064983363
      vertex -4.894577612503623 -6.474755411572953 7.045491232685669
      vertex -4.791252179651578 -6.49862837225034 7.043516196375102
    endloop
  endfacet
  facet normal 0.04408276612245994 0.08757741490800126 0.9951818457593687
    outer loop
      vertex -4.403406540821923 -4.847720898635715 6.879336064983363
      vertex -4.854933331767651 -4.6204414117475165 6.879336064983363
      vertex -5.482752040091974 -6.229778636653956 7.048770002989161
    endloop
  endfacet
  facet normal 0.03973244642692743 0.08963496288785541 0.9951818457593689
    outer loop
      vertex -4.403406540821923 -4.847720898635715 6.879336064983363
      vertex -4.791252179651578 -6.49862837225034 7.043516196375102
      vertex -4.687126930512117 -6.517482357588011 7.041057173818047
    endloop
  endfacet
  facet normal 0.039732446426929184 0.08963496288785507 0.9951818457593687
    outer loop
      vertex -4.403406540821923 -4.847720898635715 6.879336064983363
      vertex -4.687126930512117 -6.517482357588011 7.041057173818047
      vertex -4.58246462171455 -6.531272708811358 7.0381206331550965
    endloop
  endfacet
  facet normal 0.039732446426919706 0.08963496288785772 0.9951818457593689
    outer loop
      vertex -3.9412715578264943 -5.052571247900061 6.879336064983363
      vertex -4.58246462171455 -6.531272708811358 7.0381206331550965
      vertex -4.554721983647333 -6.533571585760281 7.037220070976872
    endloop
  endfacet
  facet normal 0.03528640778779317 0.09147657239101896 0.9951818457593689
    outer loop
      vertex -3.9412715578264943 -5.052571247900061 6.879336064983363
      vertex -4.554721983647333 -6.533571585760281 7.037220070976872
      vertex -4.477388655850993 -6.539882104864855 7.035058103602083
    endloop
  endfacet
  facet normal 0.03528640778779817 0.0914765723910172 0.9951818457593689
    outer loop
      vertex -3.9412715578264943 -5.052571247900061 6.879336064983363
      vertex -4.477388655850993 -6.539882104864855 7.035058103602083
      vertex -4.372250424226281 -6.543350254535769 7.031648981856926
    endloop
  endfacet
  facet normal 0.03973244642692528 0.08963496288785551 0.9951818457593689
    outer loop
      vertex -4.403406540821923 -4.847720898635715 6.879336064983363
      vertex -4.58246462171455 -6.531272708811358 7.0381206331550965
      vertex -3.9412715578264943 -5.052571247900061 6.879336064983363
    endloop
  endfacet
  facet normal 0.060321234208109434 0.0772945183993418 0.995181845759369
    outer loop
      vertex -6.135130312025577 -3.8097656146675716 6.879336064983363
      vertex -6.579643002011361 -3.554818195061102 6.886477991954558
      vertex -6.563713280100915 -4.387642851096026 6.950196879596344
    endloop
  endfacet
  facet normal 0.06404123689586277 0.07424159109167965 0.9951818457593686
    outer loop
      vertex -6.533641114008175 -3.498764732345516 6.879336064983363
      vertex -6.581428483754159 -3.457543063715683 6.879336064983363
      vertex -6.579643002011361 -3.554818195061102 6.886477991954558
    endloop
  endfacet
  facet normal 0.03205930474995108 0.037165643721087674 0.9987947316169359
    outer loop
      vertex -6.533641114008175 -3.498764732345516 6.879336064983363
      vertex -6.5874447518525185 -2.805625258207052 6.855270992589927
      vertex -6.581428483754159 -3.457543063715683 6.879336064983363
    endloop
  endfacet
  facet normal 0.06032123420811044 0.07729451839934356 0.9951818457593687
    outer loop
      vertex -6.135130312025577 -3.8097656146675716 6.879336064983363
      vertex -6.533641114008175 -3.498764732345516 6.879336064983363
      vertex -6.579643002011361 -3.554818195061102 6.886477991954558
    endloop
  endfacet
  facet normal 0.05645591238363418 0.0801612364419817 0.9951818457593687
    outer loop
      vertex -6.135130312025577 -3.8097656146675716 6.879336064983363
      vertex -6.55875514038723 -4.508201600720202 6.9596265352643005
      vertex -5.721839443747361 -4.100837884559 6.879336064983363
    endloop
  endfacet
  facet normal 0.02625897864781906 0.04146745874328883 0.9987947316169359
    outer loop
      vertex -5.2947641630752145 -4.371280323426711 6.879336064983363
      vertex -1.9088126468686362 1.6057599928476312 6.542165382531408
      vertex -5.721839443747361 -4.100837884559 6.879336064983363
    endloop
  endfacet
  facet normal 0.03554780055092871 0.03384431961562189 0.9987947316169359
    outer loop
      vertex -2.429457675008 2.0330423249919978 6.542165382531408
      vertex -6.598543474351949 -1.5180711976286592 6.810876102592206
      vertex -6.593397826506935 -2.1308978265069376 6.831458693972259
    endloop
  endfacet
  facet normal 0.03716564372108614 0.03205930474995162 0.998794731616936
    outer loop
      vertex -2.545739124830311 2.1551765511487635 6.542165382531408
      vertex -6.603008671053467 -0.9564491719913213 6.793015315786133
      vertex -6.598543474351949 -1.5180711976286592 6.810876102592206
    endloop
  endfacet
  facet normal 0.030197056211072132 0.03869395160019624 0.9987947316169359
    outer loop
      vertex -6.135130312025577 -3.8097656146675716 6.879336064983363
      vertex -2.17963067840852 1.806612333879503 6.542165382531408
      vertex -6.533641114008175 -3.498764732345516 6.879336064983363
    endloop
  endfacet
  facet normal 0.03205930474994988 0.037165643721087584 0.9987947316169359
    outer loop
      vertex -6.533641114008175 -3.498764732345516 6.879336064983363
      vertex -2.307323448851234 1.9167608751696865 6.542165382531408
      vertex -6.5874447518525185 -2.805625258207052 6.855270992589927
    endloop
  endfacet
  facet normal 0.028262060318831703 0.04012904236071051 0.9987947316169359
    outer loop
      vertex -6.135130312025577 -3.8097656146675716 6.879336064983363
      vertex -5.721839443747361 -4.100837884559 6.879336064983363
      vertex -2.0466869867484205 1.7028620586052892 6.542165382531408
    endloop
  endfacet
  facet normal 0.033844319615622454 0.03554780055092821 0.998794731616936
    outer loop
      vertex -2.307323448851234 1.9167608751696865 6.542165382531408
      vertex -6.593397826506935 -2.1308978265069376 6.831458693972259
      vertex -6.5874447518525185 -2.805625258207052 6.855270992589927
    endloop
  endfacet
  facet normal 0.03528640778779818 0.09147657239101714 0.9951818457593689
    outer loop
      vertex -3.9412715578264943 -5.052571247900061 6.879336064983363
      vertex -4.372250424226281 -6.543350254535769 7.031648981856926
      vertex -3.9392985361563624 -6.547101863502841 7.0166425459886375
    endloop
  endfacet
  facet normal 0.03528640778779694 0.09147657239101714 0.9951818457593687
    outer loop
      vertex -3.9412715578264943 -5.052571247900061 6.879336064983363
      vertex -3.9392985361563624 -6.547101863502841 7.0166425459886375
      vertex -3.469641706433645 -5.234498957106406 6.879336064983363
    endloop
  endfacet
  facet normal 0.03075536110158275 0.09309780681888778 0.9951818457593687
    outer loop
      vertex -3.469641706433645 -5.234498957106406 6.879336064983363
      vertex -3.9392985361563624 -6.547101863502841 7.0166425459886375
      vertex -3.341096166615888 -6.551617994909964 6.998578020360145
    endloop
  endfacet
  facet normal 0.030755361101583664 0.09309780681888788 0.9951818457593689
    outer loop
      vertex -3.469641706433645 -5.234498957106406 6.879336064983363
      vertex -3.341096166615888 -6.551617994909964 6.998578020360145
      vertex -2.9896531842652756 -5.393065746468287 6.879336064983363
    endloop
  endfacet
  facet normal 0.026150222056625465 0.09449476047572664 0.9951818457593689
    outer loop
      vertex -2.9896531842652756 -5.393065746468287 6.879336064983363
      vertex -3.341096166615888 -6.551617994909964 6.998578020360145
      vertex -2.75982723568491 -6.555347929397746 6.983658282409017
    endloop
  endfacet
  facet normal 0.02615022205662489 0.0944947604757265 0.9951818457593689
    outer loop
      vertex -2.9896531842652756 -5.393065746468287 6.879336064983363
      vertex -2.75982723568491 -6.555347929397746 6.983658282409017
      vertex -2.5024623257133203 -5.52788961470132 6.879336064983363
    endloop
  endfacet
  facet normal 0.021482084836242733 0.09566406797781593 0.9951818457593689
    outer loop
      vertex -2.5024623257133203 -5.52788961470132 6.879336064983363
      vertex -2.75982723568491 -6.555347929397746 6.983658282409017
      vertex -2.192181246494176 -6.558339354397843 6.97169258240863
    endloop
  endfacet
  facet normal 0.021482084836242702 0.09566406797781593 0.9951818457593689
    outer loop
      vertex -2.5024623257133203 -5.52788961470132 6.879336064983363
      vertex -2.192181246494176 -6.558339354397843 6.97169258240863
      vertex -2.009242816228909 -5.638645759297755 6.879336064983363
    endloop
  endfacet
  facet normal 0.01676219539188215 0.09660291236096394 0.9951818457593689
    outer loop
      vertex -2.009242816228909 -5.638645759297755 6.879336064983363
      vertex -2.192181246494176 -6.558339354397843 6.97169258240863
      vertex -1.6351267919805288 -6.560629444955631 6.962532220177477
    endloop
  endfacet
  facet normal 0.012001924350627807 0.09730903186681819 0.9951818457593691
    outer loop
      vertex -1.0094823415084082 -5.7869462166172285 6.879336064983363
      vertex -1.6351267919805288 -6.560629444955631 6.962532220177477
      vertex -1.0858427075073858 -6.562246023465023 6.95606590613991
    endloop
  endfacet
  facet normal 0.007212739622366123 0.09778072539164201 0.9951818457593689
    outer loop
      vertex -0.5053498868245956 -5.824133260548996 6.879336064983363
      vertex -1.0858427075073858 -6.562246023465023 6.95606590613991
      vertex -0.5416583201662378 -6.563208399948801 6.9522164002048
    endloop
  endfacet
  facet normal 0.0024061787725958806 0.09801685658441632 0.995181845759369
    outer loop
      vertex 0 -5.836538903953442 6.879336064983363
      vertex -0.5416583201662378 -6.563208399948801 6.9522164002048
      vertex 0 -6.563527941129961 6.950938235480154
    endloop
  endfacet
  facet normal 0.016762195391882166 0.09660291236096395 0.9951818457593689
    outer loop
      vertex -2.009242816228909 -5.638645759297755 6.879336064983363
      vertex -1.6351267919805288 -6.560629444955631 6.962532220177477
      vertex -1.511182864811317 -5.725067359004169 6.879336064983363
    endloop
  endfacet
  facet normal 0.012001924350627163 0.09730903186681873 0.995181845759369
    outer loop
      vertex -1.511182864811317 -5.725067359004169 6.879336064983363
      vertex -1.6351267919805288 -6.560629444955631 6.962532220177477
      vertex -1.0094823415084082 -5.7869462166172285 6.879336064983363
    endloop
  endfacet
  facet normal 0.0072127396223670434 0.09778072539164129 0.9951818457593689
    outer loop
      vertex -1.0094823415084082 -5.7869462166172285 6.879336064983363
      vertex -1.0858427075073858 -6.562246023465023 6.95606590613991
      vertex -0.5053498868245956 -5.824133260548996 6.879336064983363
    endloop
  endfacet
  facet normal 0.0024061787725956317 0.09801685658441647 0.9951818457593687
    outer loop
      vertex -0.5053498868245956 -5.824133260548996 6.879336064983363
      vertex -0.5416583201662378 -6.563208399948801 6.9522164002048
      vertex 0 -5.836538903953442 6.879336064983363
    endloop
  endfacet
  facet normal 0.02419263679722907 0.0427059763856341 0.9987947316169359
    outer loop
      vertex -5.2947641630752145 -4.371280323426711 6.879336064983363
      vertex -4.854933331767651 -4.6204414117475165 6.879336064983363
      vertex -1.7663398101303043 1.5155400639880758 6.542165382531408
    endloop
  endfacet
  facet normal 0.022068012765569717 0.04384161159026469 0.9987947316169359
    outer loop
      vertex -4.403406540821923 -4.847720898635715 6.879336064983363
      vertex -1.6196117060762731 1.4324196197375771 6.542165382531408
      vertex -4.854933331767651 -4.6204414117475165 6.879336064983363
    endloop
  endfacet
  facet normal 0.01989022495822846 0.04487162851250269 0.9987947316169359
    outer loop
      vertex -4.403406540821923 -4.847720898635715 6.879336064983363
      vertex -3.9412715578264943 -5.052571247900061 6.879336064983363
      vertex -1.4689818155610734 1.3565989045268267 6.542165382531408
    endloop
  endfacet
  facet normal 0.015396259379777285 0.04660514232746854 0.9987947316169359
    outer loop
      vertex -3.469641706433645 -5.234498957106406 6.879336064983363
      vertex -2.9896531842652756 -5.393065746468287 6.879336064983363
      vertex -1.1574767230808447 1.2275692704732304 6.542165382531408
    endloop
  endfacet
  facet normal 0.013090907965370609 0.04730446303357829 0.9987947316169359
    outer loop
      vertex -2.9896531842652756 -5.393065746468287 6.879336064983363
      vertex -2.5024623257133203 -5.52788961470132 6.879336064983363
      vertex -0.9973519641682239 1.1746711953204816 6.542165382531408
    endloop
  endfacet
  facet normal 0.01766451985678498 0.04579354575136357 0.9987947316169359
    outer loop
      vertex -3.9412715578264943 -5.052571247900061 6.879336064983363
      vertex -3.469641706433645 -5.234498957106406 6.879336064983363
      vertex -1.3148130191845764 1.288260577099877 6.542165382531408
    endloop
  endfacet
  facet normal 0.030197056211072208 0.038693951600196196 0.9987947316169358
    outer loop
      vertex -6.135130312025577 -3.8097656146675716 6.879336064983363
      vertex -2.0466869867484205 1.7028620586052892 6.542165382531408
      vertex -2.17963067840852 1.806612333879503 6.542165382531408
    endloop
  endfacet
  facet normal 0.028262060318831654 0.0401290423607107 0.998794731616936
    outer loop
      vertex -5.721839443747361 -4.100837884559 6.879336064983363
      vertex -1.9088126468686362 1.6057599928476312 6.542165382531408
      vertex -2.0466869867484205 1.7028620586052892 6.542165382531408
    endloop
  endfacet
  facet normal 0.024192636797228988 0.042705976385634004 0.9987947316169358
    outer loop
      vertex -4.854933331767651 -4.6204414117475165 6.879336064983363
      vertex -1.6196117060762731 1.4324196197375771 6.542165382531408
      vertex -1.7663398101303043 1.5155400639880758 6.542165382531408
    endloop
  endfacet
  facet normal 0.026258978647819193 0.041467458743288686 0.9987947316169358
    outer loop
      vertex -5.2947641630752145 -4.371280323426711 6.879336064983363
      vertex -1.7663398101303043 1.5155400639880758 6.542165382531408
      vertex -1.9088126468686362 1.6057599928476312 6.542165382531408
    endloop
  endfacet
  facet normal 0.022068012765569647 0.04384161159026478 0.998794731616936
    outer loop
      vertex -4.403406540821923 -4.847720898635715 6.879336064983363
      vertex -1.4689818155610734 1.3565989045268267 6.542165382531408
      vertex -1.6196117060762731 1.4324196197375771 6.542165382531408
    endloop
  endfacet
  facet normal 0.0198902249582286 0.04487162851250274 0.9987947316169358
    outer loop
      vertex -3.9412715578264943 -5.052571247900061 6.879336064983363
      vertex -1.3148130191845764 1.288260577099877 6.542165382531408
      vertex -1.4689818155610734 1.3565989045268267 6.542165382531408
    endloop
  endfacet
  facet normal 0.01075401940704716 0.04788982314485858 0.9987947316169359
    outer loop
      vertex -2.5024623257133203 -5.52788961470132 6.879336064983363
      vertex -2.009242816228909 -5.638645759297755 6.879336064983363
      vertex -0.8348244970162074 1.1296937877379962 6.542165382531408
    endloop
  endfacet
  facet normal 0.008391223474031564 0.04835981247752973 0.9987947316169359
    outer loop
      vertex -2.009242816228909 -5.638645759297755 6.879336064983363
      vertex -1.511182864811317 -5.725067359004169 6.879336064983363
      vertex -0.6702858645288889 1.092745402240198 6.542165382531408
    endloop
  endfacet
  facet normal 0.006008212348682401 0.04871329878612327 0.9987947316169359
    outer loop
      vertex -1.511182864811317 -5.725067359004169 6.879336064983363
      vertex -1.0094823415084082 -5.7869462166172285 6.879336064983363
      vertex -0.5041324546838127 1.0639150507240456 6.542165382531408
    endloop
  endfacet
  facet normal 0.0036107269135280135 0.04894943049115998 0.9987947316169359
    outer loop
      vertex -1.0094823415084082 -5.7869462166172285 6.879336064983363
      vertex -0.5053498868245956 -5.824133260548996 6.879336064983363
      vertex -0.3367645455986153 1.0432721880315832 6.542165382531408
    endloop
  endfacet
  facet normal 0.0012045429209767567 0.049067638730679757 0.9987947316169359
    outer loop
      vertex -0.5053498868245956 -5.824133260548996 6.879336064983363
      vertex 0 -5.836538903953442 6.879336064983363
      vertex -0.1685853412259803 1.0308665446271381 6.542165382531408
    endloop
  endfacet
  facet normal 0.013090907965370869 0.04730446303357823 0.9987947316169358
    outer loop
      vertex -2.5024623257133203 -5.52788961470132 6.879336064983363
      vertex -0.8348244970162074 1.1296937877379962 6.542165382531408
      vertex -0.9973519641682239 1.1746711953204816 6.542165382531408
    endloop
  endfacet
  facet normal 0.010754019407047158 0.0478898231448586 0.9987947316169358
    outer loop
      vertex -2.009242816228909 -5.638645759297755 6.879336064983363
      vertex -0.6702858645288889 1.092745402240198 6.542165382531408
      vertex -0.8348244970162074 1.1296937877379962 6.542165382531408
    endloop
  endfacet
  facet normal 0.017664519856785216 0.04579354575136349 0.9987947316169358
    outer loop
      vertex -3.469641706433645 -5.234498957106406 6.879336064983363
      vertex -1.1574767230808447 1.2275692704732304 6.542165382531408
      vertex -1.3148130191845764 1.288260577099877 6.542165382531408
    endloop
  endfacet
  facet normal 0.01539625937977707 0.04660514232746864 0.998794731616936
    outer loop
      vertex -2.9896531842652756 -5.393065746468287 6.879336064983363
      vertex -0.9973519641682239 1.1746711953204816 6.542165382531408
      vertex -1.1574767230808447 1.2275692704732304 6.542165382531408
    endloop
  endfacet
  facet normal 0.008391223474031543 0.04835981247752969 0.9987947316169358
    outer loop
      vertex -1.511182864811317 -5.725067359004169 6.879336064983363
      vertex -0.5041324546838127 1.0639150507240456 6.542165382531408
      vertex -0.6702858645288889 1.092745402240198 6.542165382531408
    endloop
  endfacet
  facet normal 0.00600821234868241 0.04871329878612324 0.9987947316169358
    outer loop
      vertex -1.0094823415084082 -5.7869462166172285 6.879336064983363
      vertex -0.3367645455986153 1.0432721880315832 6.542165382531408
      vertex -0.5041324546838127 1.0639150507240456 6.542165382531408
    endloop
  endfacet
  facet normal 0.0036107269135277954 0.04894943049115999 0.9987947316169358
    outer loop
      vertex -0.5053498868245956 -5.824133260548996 6.879336064983363
      vertex -0.1685853412259803 1.0308665446271381 6.542165382531408
      vertex -0.3367645455986153 1.0432721880315832 6.542165382531408
    endloop
  endfacet
  facet normal 0.0012045429209767329 0.049067638730679757 0.9987947316169358
    outer loop
      vertex -0.1685853412259803 1.0308665446271381 6.542165382531408
      vertex 0 -5.836538903953442 6.879336064983363
      vertex 0 1.0267280067922773 6.542165382531408
    endloop
  endfacet
  facet normal 0.03869395160019627 0.030197056211071896 0.9987947316169359
    outer loop
      vertex -2.6558876661204947 2.2828693215914777 6.542165382531408
      vertex -6.606893412425512 -0.437506108486495 6.7774763502979525
      vertex -6.603008671053467 -0.9564491719913213 6.793015315786133
    endloop
  endfacet
  facet normal 0.0401290423607114 0.028262060318830263 0.9987947316169359
    outer loop
      vertex -2.7596379413947085 2.415813013251577 6.542165382531408
      vertex -6.610277317093613 0.045653905995550914 6.763940731625554
      vertex -6.606893412425512 -0.437506108486495 6.7774763502979525
    endloop
  endfacet
  facet normal 0.041467458743288034 0.026258978647820393 0.998794731616936
    outer loop
      vertex -2.8567400071523665 2.5536873531313615 6.542165382531408
      vertex -6.613224356630964 0.4986858633719165 6.752152573476145
      vertex -6.610277317093613 0.045653905995550914 6.763940731625554
    endloop
  endfacet
  facet normal 0.04270597638563476 0.02419263679722774 0.9987947316169359
    outer loop
      vertex -2.946959936011922 2.696160189869693 6.542165382531408
      vertex -6.615786300994649 0.9262885490476624 6.741904796021407
      vertex -6.613224356630964 0.4986858633719165 6.752152573476145
    endloop
  endfacet
  facet normal 0.044871628512503314 0.019890224958227273 0.9987947316169359
    outer loop
      vertex -3.105901095473171 2.9935181844389245 6.542165382531408
      vertex -6.619915610872579 1.7204411722112027 6.725387556509684
      vertex -6.618005264587458 1.3324166231868158 6.73302894165017
    endloop
  endfacet
  facet normal 0.04384161159026462 0.022068012765569942 0.9987947316169359
    outer loop
      vertex -3.0300803802624205 2.8428882939237248 6.542165382531408
      vertex -6.618005264587458 1.3324166231868158 6.73302894165017
      vertex -6.615786300994649 0.9262885490476624 6.741904796021407
    endloop
  endfacet
  facet normal 0.04579354575136284 0.017664519856787134 0.9987947316169358
    outer loop
      vertex -3.1742394229001207 3.147686980815421 6.542165382531408
      vertex -6.621545391417215 2.0932731750070976 6.718868434331139
      vertex -6.619915610872579 1.7204411722112027 6.725387556509684
    endloop
  endfacet
  facet normal 0.0466051423274692 0.015396259379775297 0.998794731616936
    outer loop
      vertex -3.2349307295267673 3.3050232769191528 6.542165382531408
      vertex -6.622917441246642 2.453459958392603 6.713380235013432
      vertex -6.621545391417215 2.0932731750070976 6.718868434331139
    endloop
  endfacet
  facet normal 0.04730446303357805 0.013090907965371913 0.9987947316169359
    outer loop
      vertex -3.287828804679516 3.4651480358317737 6.542165382531408
      vertex -6.624050216136926 2.803261797205299 6.708849135452298
      vertex -6.622917441246642 2.453459958392603 6.713380235013432
    endloop
  endfacet
  facet normal 0.04788982314485825 0.010754019407048588 0.998794731616936
    outer loop
      vertex -3.3328062122620015 3.62767550298379 6.542165382531408
      vertex -6.624958432657997 3.144713834368167 6.705216269368012
      vertex -6.624050216136926 2.803261797205299 6.708849135452298
    endloop
  endfacet
  facet normal 0.04835981247752974 0.008391223474030875 0.9987947316169359
    outer loop
      vertex -3.3697545977598 3.7922141354711085 6.542165382531408
      vertex -6.625653554458161 3.4796771369124846 6.702435782167356
      vertex -6.624958432657997 3.144713834368167 6.705216269368012
    endloop
  endfacet
  facet normal 0.04871329878612357 0.006008212348680002 0.9987947316169359
    outer loop
      vertex -3.398584949275952 3.958367545316185 6.542165382531408
      vertex -6.626144155938851 3.8098817632347073 6.700473376244596
      vertex -6.625653554458161 3.4796771369124846 6.702435782167356
    endloop
  endfacet
  facet normal 0.04894943049116001 0.003610726913529778 0.9987947316169359
    outer loop
      vertex -3.4192278119684145 4.125735454401382 6.542165382531408
      vertex -6.626436185460596 4.136964065009914 6.699305258157615
      vertex -6.626144155938851 3.8098817632347073 6.700473376244596
    endloop
  endfacet
  facet normal 0.042705976385634156 0.02419263679722905 0.9987947316169358
    outer loop
      vertex -2.946959936011922 2.696160189869693 6.542165382531408
      vertex -3.0300803802624205 2.8428882939237248 6.542165382531408
      vertex -6.615786300994649 0.9262885490476624 6.741904796021407
    endloop
  endfacet
  facet normal 0.04384161159026471 0.022068012765569706 0.9987947316169359
    outer loop
      vertex -3.105901095473171 2.9935181844389245 6.542165382531408
      vertex -6.618005264587458 1.3324166231868158 6.73302894165017
      vertex -3.0300803802624205 2.8428882939237248 6.542165382531408
    endloop
  endfacet
  facet normal 0.04487162851250277 0.019890224958228692 0.9987947316169359
    outer loop
      vertex -3.105901095473171 2.9935181844389245 6.542165382531408
      vertex -3.1742394229001207 3.147686980815421 6.542165382531408
      vertex -6.619915610872579 1.7204411722112027 6.725387556509684
    endloop
  endfacet
  facet normal 0.0457935457513635 0.017664519856784983 0.9987947316169358
    outer loop
      vertex -3.2349307295267673 3.3050232769191528 6.542165382531408
      vertex -6.621545391417215 2.0932731750070976 6.718868434331139
      vertex -3.1742394229001207 3.147686980815421 6.542165382531408
    endloop
  endfacet
  facet normal 0.04660514232746872 0.015396259379777151 0.9987947316169359
    outer loop
      vertex -3.287828804679516 3.4651480358317737 6.542165382531408
      vertex -6.622917441246642 2.453459958392603 6.713380235013432
      vertex -3.2349307295267673 3.3050232769191528 6.542165382531408
    endloop
  endfacet
  facet normal 0.04730446303357828 0.01309090796537073 0.9987947316169359
    outer loop
      vertex -3.3328062122620015 3.62767550298379 6.542165382531408
      vertex -6.624050216136926 2.803261797205299 6.708849135452298
      vertex -3.287828804679516 3.4651480358317737 6.542165382531408
    endloop
  endfacet
  facet normal 0.04788982314485845 0.010754019407047117 0.9987947316169359
    outer loop
      vertex -3.3328062122620015 3.62767550298379 6.542165382531408
      vertex -3.3697545977598 3.7922141354711085 6.542165382531408
      vertex -6.624958432657997 3.144713834368167 6.705216269368012
    endloop
  endfacet
  facet normal 0.04835981247752968 0.008391223474031541 0.9987947316169359
    outer loop
      vertex -3.3697545977598 3.7922141354711085 6.542165382531408
      vertex -3.398584949275952 3.958367545316185 6.542165382531408
      vertex -6.625653554458161 3.4796771369124846 6.702435782167356
    endloop
  endfacet
  facet normal 0.04871329878612347 0.0060082123486824525 0.998794731616936
    outer loop
      vertex -3.4192278119684145 4.125735454401382 6.542165382531408
      vertex -6.626144155938851 3.8098817632347073 6.700473376244596
      vertex -3.398584949275952 3.958367545316185 6.542165382531408
    endloop
  endfacet
  facet normal 0.0490676387306798 0.0012045429209759729 0.9987947316169359
    outer loop
      vertex -3.4316334553728596 4.293914658774018 6.542165382531408
      vertex -6.6265331434476265 4.462499999999998 6.698917426209494
      vertex -6.626436185460596 4.136964065009914 6.699305258157615
    endloop
  endfacet
  facet normal 0.04906763873067983 -0.00120454292096491 0.9987947316169359
    outer loop
      vertex -3.4357719932077204 4.462499999999998 6.542165382531408
      vertex -6.626518738491738 4.510864564152896 6.69897504603305
      vertex -6.6265331434476265 4.462499999999998 6.698917426209494
    endloop
  endfacet
  facet normal 0.049067638730679514 -0.0012045429209855327 0.9987947316169359
    outer loop
      vertex -3.4357719932077204 4.462499999999998 6.542165382531408
      vertex -6.623970340384036 4.614674794168797 6.698975046033051
      vertex -6.626518738491738 4.510864564152896 6.69897504603305
    endloop
  endfacet
  facet normal 0.04906763873068009 -0.0012045429209737565 0.998794731616936
    outer loop
      vertex -3.4357719932077204 4.462499999999998 6.542165382531408
      vertex -6.616393289808888 4.718333907589827 6.69872782193266
      vertex -6.623970340384036 4.614674794168797 6.698975046033051
    endloop
  endfacet
  facet normal 0.049067638730680034 -0.0012045429209739114 0.9987947316169359
    outer loop
      vertex -3.4357719932077204 4.462499999999998 6.542165382531408
      vertex -6.608006801111471 4.7871305573938185 6.6983987886791665
      vertex -6.616393289808888 4.718333907589827 6.69872782193266
    endloop
  endfacet
  facet normal 0.04894943049115967 -0.003610726913535184 0.9987947316169359
    outer loop
      vertex -3.4316334553728596 4.631085341225978 6.542165382531408
      vertex -6.603785834197242 4.8215538458947504 6.69831636850841
      vertex -6.608006801111471 4.7871305573938185 6.6983987886791665
    endloop
  endfacet
  facet normal 0.048949430491160455 -0.003610726913522167 0.9987947316169359
    outer loop
      vertex -3.4316334553728596 4.631085341225978 6.542165382531408
      vertex -6.586158731157586 4.924050768791275 6.697823025640905
      vertex -6.603785834197242 4.8215538458947504 6.69831636850841
    endloop
  endfacet
  facet normal 0.04894943049116002 -0.003610726913526525 0.9987947316169359
    outer loop
      vertex -3.4316334553728596 4.631085341225978 6.542165382531408
      vertex -6.56359729600923 5.0256377367356375 6.697084569000109
      vertex -6.586158731157586 4.924050768791275 6.697823025640905
    endloop
  endfacet
  facet normal 0.04894943049115876 -0.003610726913536799 0.998794731616936
    outer loop
      vertex -3.4316334553728596 4.631085341225978 6.542165382531408
      vertex -6.541428548758484 5.106774477727839 6.696291428114226
      vertex -6.56359729600923 5.0256377367356375 6.697084569000109
    endloop
  endfacet
  facet normal 0.048713298786123606 -0.006008212348680358 0.9987947316169359
    outer loop
      vertex -3.4192278119684145 4.799264545598613 6.542165382531408
      vertex -6.536145987750054 5.126047080949706 6.696149720238113
      vertex -6.541428548758484 5.106774477727839 6.696291428114226
    endloop
  endfacet
  facet normal 0.048713298786123446 -0.006008212348681726 0.9987947316169359
    outer loop
      vertex -3.4192278119684145 4.799264545598613 6.542165382531408
      vertex -6.503834799271418 5.224979153209881 6.69516895847671
      vertex -6.536145987750054 5.126047080949706 6.696149720238113
    endloop
  endfacet
  facet normal 0.04871329878612339 -0.006008212348682249 0.998794731616936
    outer loop
      vertex -3.4192278119684145 4.799264545598613 6.542165382531408
      vertex -6.4667947824541665 5.322264461369635 6.693947655862853
      vertex -6.503834799271418 5.224979153209881 6.69516895847671
    endloop
  endfacet
  facet normal 0.048713298786122815 -0.006008212348685493 0.998794731616936
    outer loop
      vertex -3.4192278119684145 4.799264545598613 6.542165382531408
      vertex -6.425974993160508 5.415703346507187 6.69251886786113
      vertex -6.4667947824541665 5.322264461369635 6.693947655862853
    endloop
  endfacet
  facet normal 0.04835981247756907 -0.008391223473771138 0.9987947316169361
    outer loop
      vertex -3.398584949275952 4.96663245468381 6.542165382531408
      vertex -6.4251173099510455 5.417661954818431 6.692493795362903
      vertex -6.425974993160508 5.415703346507187 6.69251886786113
    endloop
  endfacet
  facet normal 0.048359812477529615 -0.008391223474032147 0.9987947316169359
    outer loop
      vertex -3.398584949275952 4.96663245468381 6.542165382531408
      vertex -6.378845856897617 5.510861093713244 6.691036414837561
      vertex -6.4251173099510455 5.417661954818431 6.692493795362903
    endloop
  endfacet
  facet normal 0.04835981247752918 -0.008391223474034603 0.998794731616936
    outer loop
      vertex -3.398584949275952 4.96663245468381 6.542165382531408
      vertex -6.328157407416178 5.601715405146013 6.6893454717163925
      vertex -6.378845856897617 5.510861093713244 6.691036414837561
    endloop
  endfacet
  facet normal 0.04835981247752924 -0.008391223474034195 0.9987947316169359
    outer loop
      vertex -3.398584949275952 4.96663245468381 6.542165382531408
      vertex -6.273178591550892 5.69000201616008 6.6874252247607515
      vertex -6.328157407416178 5.601715405146013 6.6893454717163925
    endloop
  endfacet
  facet normal 0.04835981247753261 -0.008391223474020463 0.9987947316169359
    outer loop
      vertex -3.398584949275952 4.96663245468381 6.542165382531408
      vertex -6.260830698044147 5.707856655911195 6.686977365427778
      vertex -6.273178591550892 5.69000201616008 6.6874252247607515
    endloop
  endfacet
  facet normal 0.04788982314486048 -0.01075401940703848 0.9987947316169359
    outer loop
      vertex -3.3697545977598 5.132785864528887 6.542165382531408
      vertex -6.213996106720206 5.775447890793335 6.685459513164538
      vertex -6.260830698044147 5.707856655911195 6.686977365427778
    endloop
  endfacet
  facet normal 0.04788982314485768 -0.01075401940705069 0.9987947316169359
    outer loop
      vertex -3.3697545977598 5.132785864528887 6.542165382531408
      vertex -6.150794296863236 5.85789005469283 6.683316791744206
      vertex -6.213996106720206 5.775447890793335 6.685459513164538
    endloop
  endfacet
  facet normal 0.04788982314485931 -0.01075401940704451 0.9987947316169358
    outer loop
      vertex -3.3697545977598 5.132785864528887 6.542165382531408
      vertex -6.0837438721933585 5.937142443097778 6.680955194129
      vertex -6.150794296863236 5.85789005469283 6.683316791744206
    endloop
  endfacet
  facet normal 0.048949430491160004 0.003610726913527998 0.998794731616936
    outer loop
      vertex -3.4192278119684145 4.125735454401382 6.542165382531408
      vertex -3.4316334553728596 4.293914658774018 6.542165382531408
      vertex -6.626436185460596 4.136964065009914 6.699305258157615
    endloop
  endfacet
  facet normal 0.04906763873067984 0.0012045429209767361 0.9987947316169359
    outer loop
      vertex -3.4316334553728596 4.293914658774018 6.542165382531408
      vertex -3.4357719932077204 4.462499999999998 6.542165382531408
      vertex -6.6265331434476265 4.462499999999998 6.698917426209494
    endloop
  endfacet
  facet normal 0.04906763873067978 -0.0012045429209767346 0.9987947316169359
    outer loop
      vertex -3.4316334553728596 4.631085341225978 6.542165382531408
      vertex -6.608006801111471 4.7871305573938185 6.6983987886791665
      vertex -3.4357719932077204 4.462499999999998 6.542165382531408
    endloop
  endfacet
  facet normal 0.04894943049116009 -0.0036107269135280044 0.9987947316169358
    outer loop
      vertex -3.4316334553728596 4.631085341225978 6.542165382531408
      vertex -3.4192278119684145 4.799264545598613 6.542165382531408
      vertex -6.541428548758484 5.106774477727839 6.696291428114226
    endloop
  endfacet
  facet normal 0.04871329878612344 -0.006008212348682449 0.998794731616936
    outer loop
      vertex -3.398584949275952 4.96663245468381 6.542165382531408
      vertex -6.425974993160508 5.415703346507187 6.69251886786113
      vertex -3.4192278119684145 4.799264545598613 6.542165382531408
    endloop
  endfacet
  facet normal 0.04788982314485858 -0.010754019407047174 0.998794731616936
    outer loop
      vertex -3.3697545977598 5.132785864528887 6.542165382531408
      vertex -3.3328062122620015 5.297324497016205 6.542165382531408
      vertex -6.046516666995776 5.977073579661834 6.679600176914058
    endloop
  endfacet
  facet normal 0.04788982314485705 -0.0107540194070519 0.998794731616936
    outer loop
      vertex -3.3697545977598 5.132785864528887 6.542165382531408
      vertex -6.046516666995776 5.977073579661834 6.679600176914058
      vertex -6.0837438721933585 5.937142443097778 6.680955194129
    endloop
  endfacet
  facet normal 0.04730446303357642 -0.013090907965377653 0.9987947316169359
    outer loop
      vertex -3.3328062122620015 5.297324497016205 6.542165382531408
      vertex -6.012981459167927 6.012981459167927 6.678482531598326
      vertex -6.046516666995776 5.977073579661834 6.679600176914058
    endloop
  endfacet
  facet normal 0.04730446303358011 -0.013090907965364185 0.998794731616936
    outer loop
      vertex -3.3328062122620015 5.297324497016205 6.542165382531408
      vertex -5.938679813441119 6.085222896950288 6.6759103379743525
      vertex -6.012981459167927 6.012981459167927 6.678482531598326
    endloop
  endfacet
  facet normal 0.047304463033578145 -0.013090907965370817 0.9987947316169359
    outer loop
      vertex -3.3328062122620015 5.297324497016205 6.542165382531408
      vertex -5.861056905542421 6.1537258462978395 6.673131844972597
      vertex -5.938679813441119 6.085222896950288 6.6759103379743525
    endloop
  endfacet
  facet normal 0.047304463033577535 -0.013090907965372682 0.9987947316169359
    outer loop
      vertex -3.3328062122620015 5.297324497016205 6.542165382531408
      vertex -5.782469938446421 6.216593078886872 6.670233826959059
      vertex -5.861056905542421 6.1537258462978395 6.673131844972597
    endloop
  endfacet
  facet normal 0.04660514232751061 -0.015396259379635896 0.9987947316169362
    outer loop
      vertex -3.287828804679516 5.459851964168221 6.542165382531408
      vertex -5.780303886589229 6.2183229533747655 6.670159421721996
      vertex -5.782469938446421 6.216593078886872 6.670233826959059
    endloop
  endfacet
  facet normal 0.046605142327468194 -0.015396259379777984 0.9987947316169359
    outer loop
      vertex -3.287828804679516 5.459851964168221 6.542165382531408
      vertex -5.696561543156112 6.278807372959025 6.667184245814359
      vertex -5.780303886589229 6.2183229533747655 6.670159421721996
    endloop
  endfacet
  facet normal 0.04660514232746865 -0.015396259379776511 0.9987947316169359
    outer loop
      vertex -3.287828804679516 5.459851964168221 6.542165382531408
      vertex -5.610098578965845 6.335090015073221 6.664017352262115
      vertex -5.696561543156112 6.278807372959025 6.667184245814359
    endloop
  endfacet
  facet normal 0.04660514232746771 -0.015396259379779146 0.9987947316169359
    outer loop
      vertex -3.287828804679516 5.459851964168221 6.542165382531408
      vertex -5.521129126658396 6.3870359678311495 6.6606666531452134
      vertex -5.610098578965845 6.335090015073221 6.664017352262115
    endloop
  endfacet
  facet normal 0.046605142327469685 -0.015396259379774542 0.9987947316169359
    outer loop
      vertex -3.287828804679516 5.459851964168221 6.542165382531408
      vertex -5.463103678906047 6.417229752447007 6.658424537883066
      vertex -5.521129126658396 6.3870359678311495 6.6606666531452134
    endloop
  endfacet
  facet normal 0.04579354575136473 -0.017664519856781063 0.998794731616936
    outer loop
      vertex -3.2349307295267673 5.619976723080843 6.542165382531408
      vertex -5.429850815279324 6.434504074220889 6.657205444616629
      vertex -5.463103678906047 6.417229752447007 6.658424537883066
    endloop
  endfacet
  facet normal 0.048359812477529865 -0.008391223474031572 0.9987947316169359
    outer loop
      vertex -3.398584949275952 4.96663245468381 6.542165382531408
      vertex -3.3697545977598 5.132785864528887 6.542165382531408
      vertex -6.260830698044147 5.707856655911195 6.686977365427778
    endloop
  endfacet
  facet normal 0.045793545751361846 -0.01766451985678902 0.9987947316169359
    outer loop
      vertex -3.2349307295267673 5.619976723080843 6.542165382531408
      vertex -5.336473523886275 6.477371941580315 6.653682361384441
      vertex -5.429850815279324 6.434504074220889 6.657205444616629
    endloop
  endfacet
  facet normal 0.045793545751368715 -0.01766451985677233 0.9987947316169358
    outer loop
      vertex -3.2349307295267673 5.619976723080843 6.542165382531408
      vertex -5.241266003207596 6.515568985844497 6.649992756913628
      vertex -5.336473523886275 6.477371941580315 6.653682361384441
    endloop
  endfacet
  facet normal 0.045793545751359716 -0.017664519856792342 0.998794731616936
    outer loop
      vertex -3.2349307295267673 5.619976723080843 6.542165382531408
      vertex -5.1444628172722355 6.549005825220782 6.646145804893089
      vertex -5.241266003207596 6.515568985844497 6.649992756913628
    endloop
  endfacet
  facet normal 0.045793545751364635 -0.017664519856782423 0.9987947316169358
    outer loop
      vertex -3.2349307295267673 5.619976723080843 6.542165382531408
      vertex -5.081533857093403 6.56734024126615 6.6435848466903975
      vertex -5.1444628172722355 6.549005825220782 6.646145804893089
    endloop
  endfacet
  facet normal 0.044871628512491435 -0.019890224958254585 0.9987947316169359
    outer loop
      vertex -3.1742394229001207 5.777313019184574 6.542165382531408
      vertex -5.046281686198653 6.577591234922755 6.642205256166785
      vertex -5.081533857093403 6.56734024126615 6.6435848466903975
    endloop
  endfacet
  facet normal 0.04487162851250208 -0.019890224958229927 0.9987947316169359
    outer loop
      vertex -3.1742394229001207 5.777313019184574 6.542165382531408
      vertex -4.946949720295594 6.601251914426755 6.638213874645413
      vertex -5.046281686198653 6.577591234922755 6.642205256166785
    endloop
  endfacet
  facet normal 0.04487162851250219 -0.019890224958230004 0.9987947316169359
    outer loop
      vertex -3.1742394229001207 5.777313019184574 6.542165382531408
      vertex -4.846746248469379 6.619959618443805 6.634084705366135
      vertex -4.946949720295594 6.601251914426755 6.638213874645413
    endloop
  endfacet
  facet normal 0.04487162851250435 -0.01989022495822538 0.9987947316169359
    outer loop
      vertex -3.1742394229001207 5.777313019184574 6.542165382531408
      vertex -4.745916622741338 6.633673550936789 6.629827958537391
      vertex -4.846746248469379 6.619959618443805 6.634084705366135
    endloop
  endfacet
  facet normal 0.044871628512504286 -0.01989022495822541 0.9987947316169359
    outer loop
      vertex -3.1742394229001207 5.777313019184574 6.542165382531408
      vertex -4.644707255381168 6.642365326961636 6.625454139157429
      vertex -4.745916622741338 6.633673550936789 6.629827958537391
    endloop
  endfacet
  facet normal 0.03205930474995049 0.037165643721087015 0.9987947316169358
    outer loop
      vertex -6.533641114008175 -3.498764732345516 6.879336064983363
      vertex -2.17963067840852 1.806612333879503 6.542165382531408
      vertex -2.307323448851234 1.9167608751696865 6.542165382531408
    endloop
  endfacet
  facet normal 0.0338443196156224 0.03554780055092822 0.9987947316169359
    outer loop
      vertex -2.307323448851234 1.9167608751696865 6.542165382531408
      vertex -2.429457675008 2.0330423249919978 6.542165382531408
      vertex -6.593397826506935 -2.1308978265069376 6.831458693972259
    endloop
  endfacet
  facet normal 0.03554780055092826 0.03384431961562243 0.9987947316169359
    outer loop
      vertex -2.545739124830311 2.1551765511487635 6.542165382531408
      vertex -6.598543474351949 -1.5180711976286592 6.810876102592206
      vertex -2.429457675008 2.0330423249919978 6.542165382531408
    endloop
  endfacet
  facet normal 0.03716564372108715 0.03205930474995026 0.9987947316169359
    outer loop
      vertex -2.545739124830311 2.1551765511487635 6.542165382531408
      vertex -2.6558876661204947 2.2828693215914777 6.542165382531408
      vertex -6.603008671053467 -0.9564491719913213 6.793015315786133
    endloop
  endfacet
  facet normal 0.03869395160019614 0.030197056211072087 0.9987947316169359
    outer loop
      vertex -2.7596379413947085 2.415813013251577 6.542165382531408
      vertex -6.606893412425512 -0.437506108486495 6.7774763502979525
      vertex -2.6558876661204947 2.2828693215914777 6.542165382531408
    endloop
  endfacet
  facet normal 0.04012904236071058 0.028262060318831658 0.998794731616936
    outer loop
      vertex -2.7596379413947085 2.415813013251577 6.542165382531408
      vertex -2.8567400071523665 2.5536873531313615 6.542165382531408
      vertex -6.610277317093613 0.045653905995550914 6.763940731625554
    endloop
  endfacet
  facet normal 0.04146745874328875 0.02625897864781902 0.9987947316169359
    outer loop
      vertex -2.946959936011922 2.696160189869693 6.542165382531408
      vertex -6.613224356630964 0.4986858633719165 6.752152573476145
      vertex -2.8567400071523665 2.5536873531313615 6.542165382531408
    endloop
  endfacet
  facet normal 0 0 1
    outer loop
      vertex -3.287828804679516 3.4651480358317737 6.542165382531408
      vertex -3.2349307295267673 3.3050232769191528 6.542165382531408
      vertex -3.2349307295267673 5.619976723080843 6.542165382531408
    endloop
  endfacet
  facet normal 0 0 1
    outer loop
      vertex -3.2349307295267673 3.3050232769191528 6.542165382531408
      vertex -3.1742394229001207 3.147686980815421 6.542165382531408
      vertex -3.1742394229001207 5.777313019184574 6.542165382531408
    endloop
  endfacet
  facet normal 0 0 1
    outer loop
      vertex -3.105901095473171 2.9935181844389245 6.542165382531408
      vertex -3.105901095473171 5.931481815561071 6.542165382531408
      vertex -3.1742394229001207 3.147686980815421 6.542165382531408
    endloop
  endfacet
  facet normal 0 0 1
    outer loop
      vertex -2.946959936011922 2.696160189869693 6.542165382531408
      vertex -2.8567400071523665 2.5536873531313615 6.542165382531408
      vertex -2.8567400071523665 6.371312646868634 6.542165382531408
    endloop
  endfacet
  facet normal 0 0 1
    outer loop
      vertex -3.105901095473171 2.9935181844389245 6.542165382531408
      vertex -3.0300803802624205 2.8428882939237248 6.542165382531408
      vertex -3.0300803802624205 6.082111706076271 6.542165382531408
    endloop
  endfacet
  facet normal 0 0 1
    outer loop
      vertex -2.946959936011922 2.696160189869693 6.542165382531408
      vertex -2.946959936011922 6.228839810130302 6.542165382531408
      vertex -3.0300803802624205 2.8428882939237248 6.542165382531408
    endloop
  endfacet
  facet normal 0 0 1
    outer loop
      vertex -2.7596379413947085 2.415813013251577 6.542165382531408
      vertex -2.7596379413947085 6.509186986748418 6.542165382531408
      vertex -2.8567400071523665 2.5536873531313615 6.542165382531408
    endloop
  endfacet
  facet normal 0 0 1
    outer loop
      vertex -2.545739124830311 2.1551765511487635 6.542165382531408
      vertex -2.63553838161382 6.665721154367148 6.542165382531408
      vertex -2.6558876661204947 2.2828693215914777 6.542165382531408
    endloop
  endfacet
  facet normal 0 0 1
    outer loop
      vertex -2.7596379413947085 2.415813013251577 6.542165382531408
      vertex -2.6558876661204947 2.2828693215914777 6.542165382531408
      vertex -2.6558876661204947 6.642130678408518 6.542165382531408
    endloop
  endfacet
  facet normal 0 0 1
    outer loop
      vertex -2.545739124830311 2.1551765511487635 6.542165382531408
      vertex -2.429457675008 2.0330423249919978 6.542165382531408
      vertex -2.63553838161382 6.665721154367148 6.542165382531408
    endloop
  endfacet
  facet normal 0 0 1
    outer loop
      vertex -2.307323448851234 1.9167608751696865 6.542165382531408
      vertex -2.17963067840852 1.806612333879503 6.542165382531408
      vertex -2.63553838161382 6.665721154367148 6.542165382531408
    endloop
  endfacet
  facet normal 0 0 1
    outer loop
      vertex -2.307323448851234 1.9167608751696865 6.542165382531408
      vertex -2.63553838161382 6.665721154367148 6.542165382531408
      vertex -2.429457675008 2.0330423249919978 6.542165382531408
    endloop
  endfacet
  facet normal 0 0 1
    outer loop
      vertex -2.0466869867484205 1.7028620586052892 6.542165382531408
      vertex -1.9088126468686362 1.6057599928476312 6.542165382531408
      vertex -2.63553838161382 6.665721154367148 6.542165382531408
    endloop
  endfacet
  facet normal 0 0 1
    outer loop
      vertex -1.9088126468686362 1.6057599928476312 6.542165382531408
      vertex -1.7663398101303043 1.5155400639880758 6.542165382531408
      vertex -2.63553838161382 6.665721154367148 6.542165382531408
    endloop
  endfacet
  facet normal 0 0 1
    outer loop
      vertex -2.0466869867484205 1.7028620586052892 6.542165382531408
      vertex -2.63553838161382 6.665721154367148 6.542165382531408
      vertex -2.17963067840852 1.806612333879503 6.542165382531408
    endloop
  endfacet
  facet normal 0 0 1
    outer loop
      vertex -1.4689818155610734 1.3565989045268267 6.542165382531408
      vertex -1.3148130191845764 1.288260577099877 6.542165382531408
      vertex -2.63553838161382 6.665721154367148 6.542165382531408
    endloop
  endfacet
  facet normal 0 0 1
    outer loop
      vertex -1.7663398101303043 1.5155400639880758 6.542165382531408
      vertex -1.6196117060762731 1.4324196197375771 6.542165382531408
      vertex -2.63553838161382 6.665721154367148 6.542165382531408
    endloop
  endfacet
  facet normal 0 0 1
    outer loop
      vertex -1.6196117060762731 1.4324196197375771 6.542165382531408
      vertex -1.4689818155610734 1.3565989045268267 6.542165382531408
      vertex -2.63553838161382 6.665721154367148 6.542165382531408
    endloop
  endfacet
  facet normal 0 0 1
    outer loop
      vertex -3.3697545977598 3.7922141354711085 6.542165382531408
      vertex -3.3697545977598 5.132785864528887 6.542165382531408
      vertex -3.398584949275952 3.958367545316185 6.542165382531408
    endloop
  endfacet
  facet normal 0 0 1
    outer loop
      vertex -3.4192278119684145 4.125735454401382 6.542165382531408
      vertex -3.398584949275952 3.958367545316185 6.542165382531408
      vertex -3.398584949275952 4.96663245468381 6.542165382531408
    endloop
  endfacet
  facet normal 0 0 1
    outer loop
      vertex -3.4192278119684145 4.125735454401382 6.542165382531408
      vertex -3.4192278119684145 4.799264545598613 6.542165382531408
      vertex -3.4316334553728596 4.293914658774018 6.542165382531408
    endloop
  endfacet
  facet normal 0 0 1
    outer loop
      vertex -3.4316334553728596 4.293914658774018 6.542165382531408
      vertex -3.4316334553728596 4.631085341225978 6.542165382531408
      vertex -3.4357719932077204 4.462499999999998 6.542165382531408
    endloop
  endfacet
  facet normal 0 0 1
    outer loop
      vertex -3.4316334553728596 4.293914658774018 6.542165382531408
      vertex -3.4192278119684145 4.799264545598613 6.542165382531408
      vertex -3.4316334553728596 4.631085341225978 6.542165382531408
    endloop
  endfacet
  facet normal 0 0 1
    outer loop
      vertex -3.4192278119684145 4.125735454401382 6.542165382531408
      vertex -3.398584949275952 4.96663245468381 6.542165382531408
      vertex -3.4192278119684145 4.799264545598613 6.542165382531408
    endloop
  endfacet
  facet normal 0 0 1
    outer loop
      vertex -3.3328062122620015 3.62767550298379 6.542165382531408
      vertex -3.3328062122620015 5.297324497016205 6.542165382531408
      vertex -3.3697545977598 3.7922141354711085 6.542165382531408
    endloop
  endfacet
  facet normal 0 0 1
    outer loop
      vertex -3.3328062122620015 3.62767550298379 6.542165382531408
      vertex -3.287828804679516 3.4651480358317737 6.542165382531408
      vertex -3.287828804679516 5.459851964168221 6.542165382531408
    endloop
  endfacet
  facet normal 0 0 1
    outer loop
      vertex -3.398584949275952 3.958367545316185 6.542165382531408
      vertex -3.3697545977598 5.132785864528887 6.542165382531408
      vertex -3.398584949275952 4.96663245468381 6.542165382531408
    endloop
  endfacet
  facet normal 0 0 1
    outer loop
      vertex -3.3697545977598 3.7922141354711085 6.542165382531408
      vertex -3.3328062122620015 5.297324497016205 6.542165382531408
      vertex -3.3697545977598 5.132785864528887 6.542165382531408
    endloop
  endfacet
  facet normal 0 0 1
    outer loop
      vertex -3.3328062122620015 3.62767550298379 6.542165382531408
      vertex -3.287828804679516 5.459851964168221 6.542165382531408
      vertex -3.3328062122620015 5.297324497016205 6.542165382531408
    endloop
  endfacet
  facet normal 0 0 1
    outer loop
      vertex -3.287828804679516 3.4651480358317737 6.542165382531408
      vertex -3.2349307295267673 5.619976723080843 6.542165382531408
      vertex -3.287828804679516 5.459851964168221 6.542165382531408
    endloop
  endfacet
  facet normal 0 0 1
    outer loop
      vertex -3.2349307295267673 3.3050232769191528 6.542165382531408
      vertex -3.1742394229001207 5.777313019184574 6.542165382531408
      vertex -3.2349307295267673 5.619976723080843 6.542165382531408
    endloop
  endfacet
  facet normal 0 0 1
    outer loop
      vertex -3.1742394229001207 3.147686980815421 6.542165382531408
      vertex -3.105901095473171 5.931481815561071 6.542165382531408
      vertex -3.1742394229001207 5.777313019184574 6.542165382531408
    endloop
  endfacet
  facet normal 0.047304463033578235 -0.013090907965370716 0.998794731616936
    outer loop
      vertex -3.287828804679516 5.459851964168221 6.542165382531408
      vertex -5.782469938446421 6.216593078886872 6.670233826959059
      vertex -3.3328062122620015 5.297324497016205 6.542165382531408
    endloop
  endfacet
  facet normal 0.04660514232746848 -0.015396259379777028 0.9987947316169359
    outer loop
      vertex -3.287828804679516 5.459851964168221 6.542165382531408
      vertex -3.2349307295267673 5.619976723080843 6.542165382531408
      vertex -5.463103678906047 6.417229752447007 6.658424537883066
    endloop
  endfacet
  facet normal 0.0457935457513633 -0.01766451985678491 0.998794731616936
    outer loop
      vertex -3.1742394229001207 5.777313019184574 6.542165382531408
      vertex -5.081533857093403 6.56734024126615 6.6435848466903975
      vertex -3.2349307295267673 5.619976723080843 6.542165382531408
    endloop
  endfacet
  facet normal 0.044871628512502794 -0.019890224958228703 0.9987947316169359
    outer loop
      vertex -3.1742394229001207 5.777313019184574 6.542165382531408
      vertex -3.105901095473171 5.931481815561071 6.542165382531408
      vertex -4.611471466835446 6.64356356884104 6.623984857622442
    endloop
  endfacet
  facet normal 0.043841611590264826 -0.022068012765569765 0.9987947316169359
    outer loop
      vertex -3.0300803802624205 6.082111706076271 6.542165382531408
      vertex -4.094212105173657 6.650901963159852 6.601442147360596
      vertex -3.105901095473171 5.931481815561071 6.542165382531408
    endloop
  endfacet
  facet normal 0 0 1
    outer loop
      vertex -3.105901095473171 2.9935181844389245 6.542165382531408
      vertex -3.0300803802624205 6.082111706076271 6.542165382531408
      vertex -3.105901095473171 5.931481815561071 6.542165382531408
    endloop
  endfacet
  facet normal 0 0 1
    outer loop
      vertex -3.0300803802624205 2.8428882939237248 6.542165382531408
      vertex -2.946959936011922 6.228839810130302 6.542165382531408
      vertex -3.0300803802624205 6.082111706076271 6.542165382531408
    endloop
  endfacet
  facet normal 0 0 1
    outer loop
      vertex -2.946959936011922 2.696160189869693 6.542165382531408
      vertex -2.8567400071523665 6.371312646868634 6.542165382531408
      vertex -2.946959936011922 6.228839810130302 6.542165382531408
    endloop
  endfacet
  facet normal 0 0 1
    outer loop
      vertex -2.8567400071523665 2.5536873531313615 6.542165382531408
      vertex -2.7596379413947085 6.509186986748418 6.542165382531408
      vertex -2.8567400071523665 6.371312646868634 6.542165382531408
    endloop
  endfacet
  facet normal 0 0 1
    outer loop
      vertex -2.7596379413947085 2.415813013251577 6.542165382531408
      vertex -2.6558876661204947 6.642130678408518 6.542165382531408
      vertex -2.7596379413947085 6.509186986748418 6.542165382531408
    endloop
  endfacet
  facet normal 0 0 1
    outer loop
      vertex -2.6558876661204947 2.2828693215914777 6.542165382531408
      vertex -2.63553838161382 6.665721154367148 6.542165382531408
      vertex -2.6558876661204947 6.642130678408518 6.542165382531408
    endloop
  endfacet
  facet normal 0.04384161159026395 -0.022068012765570973 0.998794731616936
    outer loop
      vertex -3.105901095473171 5.931481815561071 6.542165382531408
      vertex -4.094212105173657 6.650901963159852 6.601442147360596
      vertex -4.543334228968321 6.646000537380992 6.621047850476032
    endloop
  endfacet
  facet normal 0.042705976385634795 -0.02419263679722806 0.9987947316169358
    outer loop
      vertex -3.0300803802624205 6.082111706076271 6.542165382531408
      vertex -3.6588457514145976 6.655527747298015 6.582939010807944
      vertex -4.094212105173657 6.650901963159852 6.601442147360596
    endloop
  endfacet
  facet normal 0.04270597638563399 -0.024192636797228953 0.998794731616936
    outer loop
      vertex -3.0300803802624205 6.082111706076271 6.542165382531408
      vertex -2.946959936011922 6.228839810130302 6.542165382531408
      vertex -3.6588457514145976 6.655527747298015 6.582939010807944
    endloop
  endfacet
  facet normal 0.04146745874328758 -0.026258978647820844 0.9987947316169359
    outer loop
      vertex -2.946959936011922 6.228839810130302 6.542165382531408
      vertex -3.2878237245625686 6.659353577996971 6.567635688012119
      vertex -3.6588457514145976 6.655527747298015 6.582939010807944
    endloop
  endfacet
  facet normal 0.04487162851248903 -0.019890224958251608 0.998794731616936
    outer loop
      vertex -3.1742394229001207 5.777313019184574 6.542165382531408
      vertex -4.611471466835446 6.64356356884104 6.623984857622442
      vertex -4.644707255381168 6.642365326961636 6.625454139157429
    endloop
  endfacet
  facet normal 0.04384161159027133 -0.022068012765556325 0.9987947316169359
    outer loop
      vertex -3.105901095473171 5.931481815561071 6.542165382531408
      vertex -4.543334228968321 6.646000537380992 6.621047850476032
      vertex -4.611471466835446 6.64356356884104 6.623984857622442
    endloop
  endfacet
  facet normal 0.04146745874328939 -0.026258978647819422 0.998794731616936
    outer loop
      vertex -2.8567400071523665 6.371312646868634 6.542165382531408
      vertex -3.2878237245625686 6.659353577996971 6.567635688012119
      vertex -2.946959936011922 6.228839810130302 6.542165382531408
    endloop
  endfacet
  facet normal 0.04012904236071109 -0.02826206031883199 0.9987947316169359
    outer loop
      vertex -2.8567400071523665 6.371312646868634 6.542165382531408
      vertex -2.966436211181644 6.66255903650401 6.554813853983961
      vertex -3.2878237245625686 6.659353577996971 6.567635688012119
    endloop
  endfacet
  facet normal 0.040129042360710986 -0.028262060318832032 0.9987947316169358
    outer loop
      vertex -2.8567400071523665 6.371312646868634 6.542165382531408
      vertex -2.7596379413947085 6.509186986748418 6.542165382531408
      vertex -2.966436211181644 6.66255903650401 6.554813853983961
    endloop
  endfacet
  facet normal 0.03869395160019563 -0.030197056211073933 0.9987947316169358
    outer loop
      vertex -2.7596379413947085 6.509186986748418 6.542165382531408
      vertex -2.6840868150152737 6.665273121825882 6.543957512696472
      vertex -2.966436211181644 6.66255903650401 6.554813853983961
    endloop
  endfacet
  facet normal 0.03869395160020354 -0.030197056211077752 0.9987947316169354
    outer loop
      vertex -2.7596379413947085 6.509186986748418 6.542165382531408
      vertex -2.6558876661204947 6.642130678408518 6.542165382531408
      vertex -2.6840868150152737 6.665273121825882 6.543957512696472
    endloop
  endfacet
  facet normal 0.03716564372109415 -0.03205930474995647 0.9987947316169354
    outer loop
      vertex -2.6558876661204947 6.642130678408518 6.542165382531408
      vertex -2.63553838161382 6.665721154367148 6.542165382531408
      vertex -2.6840868150152737 6.665273121825882 6.543957512696472
    endloop
  endfacet
  facet normal 0 0 1
    outer loop
      vertex -1.3148130191845764 1.288260577099877 6.542165382531408
      vertex 2.6355383816138205 6.665721154367148 6.542165382531408
      vertex -2.63553838161382 6.665721154367148 6.542165382531408
    endloop
  endfacet
  facet normal -0.0024061787725960363 0.09801685658441657 0.9951818457593689
    outer loop
      vertex 0.5053498868245956 -5.824133260548996 6.879336064983363
      vertex 0 -6.563527941129961 6.950938235480154
      vertex 0.5416583201662378 -6.5632083999488 6.9522164002048
    endloop
  endfacet
  facet normal -0.007212739622367752 0.09778072539164245 0.995181845759369
    outer loop
      vertex 1.0094823415084082 -5.7869462166172285 6.879336064983363
      vertex 0.5416583201662378 -6.5632083999488 6.9522164002048
      vertex 1.0858427075073858 -6.562246023465022 6.956065906139911
    endloop
  endfacet
  facet normal -0.012001924350626051 0.09730903186681888 0.995181845759369
    outer loop
      vertex 1.511182864811317 -5.725067359004169 6.879336064983363
      vertex 1.0858427075073858 -6.562246023465022 6.956065906139911
      vertex 1.6351267919805288 -6.560629444955631 6.962532220177477
    endloop
  endfacet
  facet normal -0.016762195391883564 0.09660291236096454 0.9951818457593689
    outer loop
      vertex 2.009242816228909 -5.638645759297755 6.879336064983363
      vertex 1.6351267919805288 -6.560629444955631 6.962532220177477
      vertex 2.192181246494176 -6.558339354397844 6.971692582408631
    endloop
  endfacet
  facet normal -0.0024061787725956274 0.0980168565844163 0.9951818457593689
    outer loop
      vertex 0 -5.836538903953442 6.879336064983363
      vertex 0 -6.563527941129961 6.950938235480154
      vertex 0.5053498868245956 -5.824133260548996 6.879336064983363
    endloop
  endfacet
  facet normal -0.007212739622367103 0.09778072539164208 0.9951818457593689
    outer loop
      vertex 0.5053498868245956 -5.824133260548996 6.879336064983363
      vertex 0.5416583201662378 -6.5632083999488 6.9522164002048
      vertex 1.0094823415084082 -5.7869462166172285 6.879336064983363
    endloop
  endfacet
  facet normal -0.012001924350627259 0.0973090318668195 0.9951818457593689
    outer loop
      vertex 1.0094823415084082 -5.7869462166172285 6.879336064983363
      vertex 1.0858427075073858 -6.562246023465022 6.956065906139911
      vertex 1.511182864811317 -5.725067359004169 6.879336064983363
    endloop
  endfacet
  facet normal -0.016762195391882166 0.09660291236096395 0.9951818457593689
    outer loop
      vertex 1.511182864811317 -5.725067359004169 6.879336064983363
      vertex 1.6351267919805288 -6.560629444955631 6.962532220177477
      vertex 2.009242816228909 -5.638645759297755 6.879336064983363
    endloop
  endfacet
  facet normal -0.021482084836242886 0.09566406797781675 0.9951818457593687
    outer loop
      vertex 2.009242816228909 -5.638645759297755 6.879336064983363
      vertex 2.192181246494176 -6.558339354397844 6.971692582408631
      vertex 2.5024623257133203 -5.52788961470132 6.879336064983363
    endloop
  endfacet
  facet normal -0.021482084836241335 0.09566406797781629 0.9951818457593689
    outer loop
      vertex 2.5024623257133203 -5.52788961470132 6.879336064983363
      vertex 2.192181246494176 -6.558339354397844 6.971692582408631
      vertex 2.7598272356849094 -6.555347929397746 6.983658282409017
    endloop
  endfacet
  facet normal -0.026150222056624896 0.09449476047572651 0.9951818457593689
    outer loop
      vertex 2.5024623257133203 -5.52788961470132 6.879336064983363
      vertex 2.7598272356849094 -6.555347929397746 6.983658282409017
      vertex 2.9896531842652756 -5.393065746468287 6.879336064983363
    endloop
  endfacet
  facet normal -0.02615022205662547 0.09449476047572664 0.9951818457593689
    outer loop
      vertex 2.9896531842652756 -5.393065746468287 6.879336064983363
      vertex 2.7598272356849094 -6.555347929397746 6.983658282409017
      vertex 3.341096166615888 -6.551617994909964 6.998578020360145
    endloop
  endfacet
  facet normal -0.030755361101583664 0.09309780681888788 0.9951818457593689
    outer loop
      vertex 2.9896531842652756 -5.393065746468287 6.879336064983363
      vertex 3.341096166615888 -6.551617994909964 6.998578020360145
      vertex 3.469641706433645 -5.234498957106406 6.879336064983363
    endloop
  endfacet
  facet normal -0.030755361101582772 0.09309780681888778 0.9951818457593687
    outer loop
      vertex 3.469641706433645 -5.234498957106406 6.879336064983363
      vertex 3.341096166615888 -6.551617994909964 6.998578020360145
      vertex 3.9392985361563624 -6.547101863502841 7.0166425459886375
    endloop
  endfacet
  facet normal -0.035286407787798166 0.09147657239101714 0.9951818457593689
    outer loop
      vertex 3.9412715578264943 -5.052571247900061 6.879336064983363
      vertex 3.9392985361563624 -6.547101863502841 7.0166425459886375
      vertex 4.372250424226281 -6.543350254535769 7.031648981856926
    endloop
  endfacet
  facet normal -0.03528640778779694 0.09147657239101714 0.9951818457593687
    outer loop
      vertex 3.469641706433645 -5.234498957106406 6.879336064983363
      vertex 3.9392985361563624 -6.547101863502841 7.0166425459886375
      vertex 3.9412715578264943 -5.052571247900061 6.879336064983363
    endloop
  endfacet
  facet normal -0.0012045429209767567 0.049067638730679757 0.9987947316169359
    outer loop
      vertex 0 -5.836538903953442 6.879336064983363
      vertex 0.5053498868245956 -5.824133260548996 6.879336064983363
      vertex 0.1685853412259803 1.0308665446271381 6.542165382531408
    endloop
  endfacet
  facet normal -0.0036107269135280135 0.04894943049115998 0.9987947316169359
    outer loop
      vertex 0.5053498868245956 -5.824133260548996 6.879336064983363
      vertex 1.0094823415084082 -5.7869462166172285 6.879336064983363
      vertex 0.3367645455986153 1.0432721880315832 6.542165382531408
    endloop
  endfacet
  facet normal -0.006008212348682401 0.04871329878612327 0.9987947316169359
    outer loop
      vertex 1.0094823415084082 -5.7869462166172285 6.879336064983363
      vertex 1.511182864811317 -5.725067359004169 6.879336064983363
      vertex 0.5041324546838127 1.0639150507240456 6.542165382531408
    endloop
  endfacet
  facet normal -0.008391223474031564 0.04835981247752973 0.9987947316169359
    outer loop
      vertex 1.511182864811317 -5.725067359004169 6.879336064983363
      vertex 2.009242816228909 -5.638645759297755 6.879336064983363
      vertex 0.6702858645288889 1.092745402240198 6.542165382531408
    endloop
  endfacet
  facet normal -0.01075401940704716 0.04788982314485858 0.9987947316169359
    outer loop
      vertex 2.009242816228909 -5.638645759297755 6.879336064983363
      vertex 2.5024623257133203 -5.52788961470132 6.879336064983363
      vertex 0.8348244970162074 1.1296937877379962 6.542165382531408
    endloop
  endfacet
  facet normal -0.001204542920976894 0.04906763873067974 0.9987947316169358
    outer loop
      vertex 0 -5.836538903953442 6.879336064983363
      vertex 0.1685853412259803 1.0308665446271381 6.542165382531408
      vertex 0 1.0267280067922773 6.542165382531408
    endloop
  endfacet
  facet normal -0.0036107269135280565 0.04894943049115998 0.9987947316169358
    outer loop
      vertex 0.5053498868245956 -5.824133260548996 6.879336064983363
      vertex 0.3367645455986153 1.0432721880315832 6.542165382531408
      vertex 0.1685853412259803 1.0308665446271381 6.542165382531408
    endloop
  endfacet
  facet normal -0.006008212348682456 0.04871329878612325 0.9987947316169358
    outer loop
      vertex 1.0094823415084082 -5.7869462166172285 6.879336064983363
      vertex 0.5041324546838127 1.0639150507240456 6.542165382531408
      vertex 0.3367645455986153 1.0432721880315832 6.542165382531408
    endloop
  endfacet
  facet normal -0.008391223474031487 0.04835981247752975 0.9987947316169358
    outer loop
      vertex 1.511182864811317 -5.725067359004169 6.879336064983363
      vertex 0.6702858645288889 1.092745402240198 6.542165382531408
      vertex 0.5041324546838127 1.0639150507240456 6.542165382531408
    endloop
  endfacet
  facet normal -0.010754019407047068 0.0478898231448586 0.9987947316169358
    outer loop
      vertex 2.009242816228909 -5.638645759297755 6.879336064983363
      vertex 0.8348244970162074 1.1296937877379962 6.542165382531408
      vertex 0.6702858645288889 1.092745402240198 6.542165382531408
    endloop
  endfacet
  facet normal -0.013090907965370834 0.04730446303357829 0.9987947316169358
    outer loop
      vertex 2.5024623257133203 -5.52788961470132 6.879336064983363
      vertex 0.9973519641682239 1.1746711953204816 6.542165382531408
      vertex 0.8348244970162074 1.1296937877379962 6.542165382531408
    endloop
  endfacet
  facet normal -0.015396259379777177 0.04660514232746864 0.9987947316169358
    outer loop
      vertex 2.9896531842652756 -5.393065746468287 6.879336064983363
      vertex 1.1574767230808447 1.2275692704732304 6.542165382531408
      vertex 0.9973519641682239 1.1746711953204816 6.542165382531408
    endloop
  endfacet
  facet normal -0.01766451985678497 0.04579354575136353 0.9987947316169358
    outer loop
      vertex 3.469641706433645 -5.234498957106406 6.879336064983363
      vertex 1.3148130191845764 1.288260577099877 6.542165382531408
      vertex 1.1574767230808447 1.2275692704732304 6.542165382531408
    endloop
  endfacet
  facet normal -0.013090907965370609 0.04730446303357829 0.9987947316169359
    outer loop
      vertex 2.5024623257133203 -5.52788961470132 6.879336064983363
      vertex 2.9896531842652756 -5.393065746468287 6.879336064983363
      vertex 0.9973519641682239 1.1746711953204816 6.542165382531408
    endloop
  endfacet
  facet normal -0.015396259379777285 0.04660514232746854 0.9987947316169359
    outer loop
      vertex 2.9896531842652756 -5.393065746468287 6.879336064983363
      vertex 3.469641706433645 -5.234498957106406 6.879336064983363
      vertex 1.1574767230808447 1.2275692704732304 6.542165382531408
    endloop
  endfacet
  facet normal -0.01766451985678498 0.04579354575136357 0.9987947316169359
    outer loop
      vertex 3.469641706433645 -5.234498957106406 6.879336064983363
      vertex 3.9412715578264943 -5.052571247900061 6.879336064983363
      vertex 1.3148130191845764 1.288260577099877 6.542165382531408
    endloop
  endfacet
  facet normal -0.019890224958228463 0.04487162851250269 0.9987947316169359
    outer loop
      vertex 3.9412715578264943 -5.052571247900061 6.879336064983363
      vertex 4.403406540821923 -4.847720898635715 6.879336064983363
      vertex 1.4689818155610734 1.3565989045268267 6.542165382531408
    endloop
  endfacet
  facet normal -0.022068012765569717 0.04384161159026469 0.9987947316169359
    outer loop
      vertex 4.403406540821923 -4.847720898635715 6.879336064983363
      vertex 4.854933331767651 -4.6204414117475165 6.879336064983363
      vertex 1.6196117060762731 1.4324196197375771 6.542165382531408
    endloop
  endfacet
  facet normal -0.02419263679722907 0.0427059763856341 0.9987947316169359
    outer loop
      vertex 4.854933331767651 -4.6204414117475165 6.879336064983363
      vertex 5.2947641630752145 -4.371280323426711 6.879336064983363
      vertex 1.7663398101303043 1.5155400639880758 6.542165382531408
    endloop
  endfacet
  facet normal -0.01989022495822833 0.044871628512502766 0.9987947316169358
    outer loop
      vertex 3.9412715578264943 -5.052571247900061 6.879336064983363
      vertex 1.4689818155610734 1.3565989045268267 6.542165382531408
      vertex 1.3148130191845764 1.288260577099877 6.542165382531408
    endloop
  endfacet
  facet normal -0.022068012765569623 0.04384161159026463 0.9987947316169358
    outer loop
      vertex 4.403406540821923 -4.847720898635715 6.879336064983363
      vertex 1.6196117060762731 1.4324196197375771 6.542165382531408
      vertex 1.4689818155610734 1.3565989045268267 6.542165382531408
    endloop
  endfacet
  facet normal -0.024192636797229033 0.042705976385634246 0.9987947316169358
    outer loop
      vertex 4.854933331767651 -4.6204414117475165 6.879336064983363
      vertex 1.7663398101303043 1.5155400639880758 6.542165382531408
      vertex 1.6196117060762731 1.4324196197375771 6.542165382531408
    endloop
  endfacet
  facet normal -0.02625897864781923 0.041467458743288846 0.9987947316169358
    outer loop
      vertex 5.2947641630752145 -4.371280323426711 6.879336064983363
      vertex 1.9088126468686362 1.6057599928476312 6.542165382531408
      vertex 1.7663398101303043 1.5155400639880758 6.542165382531408
    endloop
  endfacet
  facet normal -0.028262060318831626 0.04012904236071054 0.9987947316169358
    outer loop
      vertex 1.9088126468686362 1.6057599928476312 6.542165382531408
      vertex 5.721839443747361 -4.100837884559 6.879336064983363
      vertex 2.0466869867484205 1.7028620586052892 6.542165382531408
    endloop
  endfacet
  facet normal -0.030197056211072156 0.03869395160019623 0.998794731616936
    outer loop
      vertex 2.0466869867484205 1.7028620586052892 6.542165382531408
      vertex 6.135130312025577 -3.8097656146675716 6.879336064983363
      vertex 2.17963067840852 1.806612333879503 6.542165382531408
    endloop
  endfacet
  facet normal -0.03528640778779824 0.09147657239101718 0.9951818457593689
    outer loop
      vertex 3.9412715578264943 -5.052571247900061 6.879336064983363
      vertex 4.372250424226281 -6.543350254535769 7.031648981856926
      vertex 4.477388655850993 -6.539882104864855 7.035058103602083
    endloop
  endfacet
  facet normal -0.035286407787792816 0.0914765723910191 0.9951818457593687
    outer loop
      vertex 3.9412715578264943 -5.052571247900061 6.879336064983363
      vertex 4.477388655850993 -6.539882104864855 7.035058103602083
      vertex 4.554721983647334 -6.533571585760281 7.037220070976872
    endloop
  endfacet
  facet normal -0.0397324464269213 0.08963496288785754 0.9951818457593689
    outer loop
      vertex 3.9412715578264943 -5.052571247900061 6.879336064983363
      vertex 4.554721983647334 -6.533571585760281 7.037220070976872
      vertex 4.58246462171455 -6.531272708811358 7.0381206331550965
    endloop
  endfacet
  facet normal -0.039732446426929253 0.08963496288785508 0.9951818457593689
    outer loop
      vertex 4.403406540821923 -4.847720898635715 6.879336064983363
      vertex 4.58246462171455 -6.531272708811358 7.0381206331550965
      vertex 4.687126930512117 -6.517482357588011 7.041057173818047
    endloop
  endfacet
  facet normal -0.03973244642692751 0.08963496288785541 0.9951818457593689
    outer loop
      vertex 4.403406540821923 -4.847720898635715 6.879336064983363
      vertex 4.687126930512117 -6.517482357588011 7.041057173818047
      vertex 4.791252179651578 -6.49862837225034 7.043516196375102
    endloop
  endfacet
  facet normal -0.03973244642692528 0.08963496288785551 0.9951818457593689
    outer loop
      vertex 3.9412715578264943 -5.052571247900061 6.879336064983363
      vertex 4.58246462171455 -6.531272708811358 7.0381206331550965
      vertex 4.403406540821923 -4.847720898635715 6.879336064983363
    endloop
  endfacet
  facet normal -0.03973244642692331 0.08963496288785636 0.9951818457593689
    outer loop
      vertex 4.403406540821923 -4.847720898635715 6.879336064983363
      vertex 4.791252179651578 -6.49862837225034 7.043516196375102
      vertex 4.894577612503623 -6.474755411572953 7.045491232685669
    endloop
  endfacet
  facet normal -0.03973244642692458 0.08963496288785602 0.995181845759369
    outer loop
      vertex 4.403406540821923 -4.847720898635715 6.879336064983363
      vertex 4.894577612503623 -6.474755411572953 7.045491232685669
      vertex 4.9968423145754315 -6.4459213957534836 7.046977082598274
    endloop
  endfacet
  facet normal -0.03973244642692326 0.08963496288785656 0.9951818457593689
    outer loop
      vertex 4.403406540821923 -4.847720898635715 6.879336064983363
      vertex 4.9968423145754315 -6.4459213957534836 7.046977082598274
      vertex 5.097787962036124 -6.412197363678027 7.047969830979347
    endloop
  endfacet
  facet normal -0.03973244642691509 0.08963496288785983 0.9951818457593689
    outer loop
      vertex 4.403406540821923 -4.847720898635715 6.879336064983363
      vertex 5.097787962036124 -6.412197363678027 7.047969830979347
      vertex 5.136288363510531 -6.397269321787238 7.048162399462126
    endloop
  endfacet
  facet normal -0.04408276612246307 0.08757741490799974 0.9951818457593689
    outer loop
      vertex 4.403406540821923 -4.847720898635715 6.879336064983363
      vertex 5.136288363510531 -6.397269321787238 7.048162399462126
      vertex 5.197052589013362 -6.373587655182806 7.048770002989161
    endloop
  endfacet
  facet normal -0.04408276612246146 0.08757741490800056 0.9951818457593689
    outer loop
      vertex 4.403406540821923 -4.847720898635715 6.879336064983363
      vertex 5.197052589013362 -6.373587655182806 7.048770002989161
      vertex 5.294429956579282 -6.330215106280398 7.049266603697154
    endloop
  endfacet
  facet normal -0.0440827661224592 0.08757741490800185 0.9951818457593689
    outer loop
      vertex 4.403406540821923 -4.847720898635715 6.879336064983363
      vertex 5.294429956579282 -6.330215106280398 7.049266603697154
      vertex 5.389743272031909 -6.28223841505392 7.049266603697154
    endloop
  endfacet
  facet normal -0.04408276612245998 0.08757741490800133 0.9951818457593689
    outer loop
      vertex 4.403406540821923 -4.847720898635715 6.879336064983363
      vertex 5.389743272031909 -6.28223841505392 7.049266603697154
      vertex 4.854933331767651 -4.6204414117475165 6.879336064983363
    endloop
  endfacet
  facet normal -0.044082766122458865 0.08757741490800178 0.995181845759369
    outer loop
      vertex 4.854933331767651 -4.6204414117475165 6.879336064983363
      vertex 5.389743272031909 -6.28223841505392 7.049266603697154
      vertex 5.482752040091974 -6.229778636653956 7.048770002989161
    endloop
  endfacet
  facet normal -0.04408276612245908 0.08757741490800158 0.9951818457593689
    outer loop
      vertex 4.854933331767651 -4.6204414117475165 6.879336064983363
      vertex 5.482752040091974 -6.229778636653956 7.048770002989161
      vertex 5.5732218696821825 -6.17296863468486 7.04777811112677
    endloop
  endfacet
  facet normal -0.04408276612246296 0.08757741490799985 0.9951818457593689
    outer loop
      vertex 4.854933331767651 -4.6204414117475165 6.879336064983363
      vertex 5.5732218696821825 -6.17296863468486 7.04777811112677
      vertex 5.654537906251697 -6.116396352072014 7.046401660731885
    endloop
  endfacet
  facet normal -0.04832688657322367 0.08530888526475065 0.995181845759369
    outer loop
      vertex 4.854933331767651 -4.6204414117475165 6.879336064983363
      vertex 5.654537906251697 -6.116396352072014 7.046401660731885
      vertex 5.660913733956853 -6.111942531270265 7.04632948639937
    endloop
  endfacet
  facet normal -0.04832688657321343 0.08530888526475727 0.9951818457593689
    outer loop
      vertex 4.854933331767651 -4.6204414117475165 6.879336064983363
      vertex 5.660913733956853 -6.111942531270265 7.04632948639937
      vertex 5.745478086147719 -6.04673469365405 7.044846263923609
    endloop
  endfacet
  facet normal -0.04832688657321122 0.08530888526475858 0.9951818457593689
    outer loop
      vertex 4.854933331767651 -4.6204414117475165 6.879336064983363
      vertex 5.745478086147719 -6.04673469365405 7.044846263923609
      vertex 5.8268510239896845 -5.977638183317367 7.04287471918166
    endloop
  endfacet
  facet normal -0.04832688657320907 0.08530888526476016 0.9951818457593687
    outer loop
      vertex 4.854933331767651 -4.6204414117475165 6.879336064983363
      vertex 5.8268510239896845 -5.977638183317367 7.04287471918166
      vertex 5.904828907717292 -5.904828907717292 7.040420042373936
    endloop
  endfacet
  facet normal -0.04832688657321934 0.08530888526475511 0.9951818457593687
    outer loop
      vertex 5.2947641630752145 -4.371280323426711 6.879336064983363
      vertex 5.904828907717292 -5.904828907717292 7.040420042373936
      vertex 5.979217231624264 -5.828492363680824 7.037488689277693
    endloop
  endfacet
  facet normal -0.04832688657320896 0.0853088852647599 0.9951818457593689
    outer loop
      vertex 5.2947641630752145 -4.371280323426711 6.879336064983363
      vertex 5.979217231624264 -5.828492363680824 7.037488689277693
      vertex 6.049831158205473 -5.748823089059713 7.034088360180233
    endloop
  endfacet
  facet normal -0.04832688657320193 0.08530888526476398 0.9951818457593689
    outer loop
      vertex 5.2947641630752145 -4.371280323426711 6.879336064983363
      vertex 6.049831158205473 -5.748823089059713 7.034088360180233
      vertex 6.090302868942743 -5.698556468307027 7.031744750700063
    endloop
  endfacet
  facet normal -0.052454583321292575 0.08283483904472431 0.9951818457593689
    outer loop
      vertex 5.2947641630752145 -4.371280323426711 6.879336064983363
      vertex 6.090302868942743 -5.698556468307027 7.031744750700063
      vertex 6.11644455018159 -5.665966324596595 7.030409971214628
    endloop
  endfacet
  facet normal -0.052454583321265964 0.08283483904474119 0.9951818457593687
    outer loop
      vertex 5.2947641630752145 -4.371280323426711 6.879336064983363
      vertex 6.11644455018159 -5.665966324596595 7.030409971214628
      vertex 6.1788710248243035 -5.58010024790537 7.0265532409669085
    endloop
  endfacet
  facet normal -0.0483268865732114 0.08530888526475826 0.995181845759369
    outer loop
      vertex 4.854933331767651 -4.6204414117475165 6.879336064983363
      vertex 5.904828907717292 -5.904828907717292 7.040420042373936
      vertex 5.2947641630752145 -4.371280323426711 6.879336064983363
    endloop
  endfacet
  facet normal -0.05245458332127201 0.08283483904473705 0.9951818457593689
    outer loop
      vertex 5.2947641630752145 -4.371280323426711 6.879336064983363
      vertex 6.1788710248243035 -5.58010024790537 7.0265532409669085
      vertex 6.237038301143357 -5.491530703518354 7.022246989069754
    endloop
  endfacet
  facet normal -0.05245458332127051 0.08283483904473805 0.9951818457593687
    outer loop
      vertex 5.2947641630752145 -4.371280323426711 6.879336064983363
      vertex 6.237038301143357 -5.491530703518354 7.022246989069754
      vertex 6.290804559211994 -5.400482742002689 7.017502472684244
    endloop
  endfacet
  facet normal -0.05245458332128087 0.08283483904473259 0.9951818457593687
    outer loop
      vertex 5.721839443747361 -4.100837884559 6.879336064983363
      vertex 6.290804559211994 -5.400482742002689 7.017502472684244
      vertex 6.3400397581966 -5.307187421009078 7.0123320698351765
    endloop
  endfacet
  facet normal -0.052454583321273056 0.08283483904473671 0.9951818457593689
    outer loop
      vertex 5.721839443747361 -4.100837884559 6.879336064983363
      vertex 6.3400397581966 -5.307187421009078 7.0123320698351765
      vertex 6.384625952608007 -5.211881131944535 7.00674924003522
    endloop
  endfacet
  facet normal -0.052454583321267005 0.08283483904474041 0.9951818457593689
    outer loop
      vertex 5.721839443747361 -4.100837884559 6.879336064983363
      vertex 6.384625952608007 -5.211881131944535 7.00674924003522
      vertex 6.414905586701812 -5.138084668012974 7.002202721585742
    endloop
  endfacet
  facet normal -0.05645591238361611 0.08016123644199295 0.995181845759369
    outer loop
      vertex 5.721839443747361 -4.100837884559 6.879336064983363
      vertex 6.414905586701812 -5.138084668012974 7.002202721585742
      vertex 6.424432446678232 -5.114770047696081 7.000865195961325
    endloop
  endfacet
  facet normal -0.05645591238364198 0.08016123644197504 0.9951818457593689
    outer loop
      vertex 5.721839443747361 -4.100837884559 6.879336064983363
      vertex 6.424432446678232 -5.114770047696081 7.000865195961325
      vertex 6.459316891099068 -5.016025131679883 6.9948903266972
    endloop
  endfacet
  facet normal -0.056455912383629465 0.08016123644198506 0.9951818457593689
    outer loop
      vertex 5.721839443747361 -4.100837884559 6.879336064983363
      vertex 6.459316891099068 -5.016025131679883 6.9948903266972
      vertex 6.489279363666745 -4.916003440848334 6.988533394334582
    endloop
  endfacet
  facet normal -0.052454583321272244 0.08283483904473643 0.9951818457593689
    outer loop
      vertex 5.2947641630752145 -4.371280323426711 6.879336064983363
      vertex 6.290804559211994 -5.400482742002689 7.017502472684244
      vertex 5.721839443747361 -4.100837884559 6.879336064983363
    endloop
  endfacet
  facet normal -0.05645591238363417 0.0801612364419817 0.9951818457593689
    outer loop
      vertex 5.721839443747361 -4.100837884559 6.879336064983363
      vertex 6.549024962377097 -4.610800730166674 6.967338841341615
      vertex 6.135130312025577 -3.8097656146675716 6.879336064983363
    endloop
  endfacet
  facet normal -0.05645591238363485 0.08016123644197988 0.995181845759369
    outer loop
      vertex 5.721839443747361 -4.100837884559 6.879336064983363
      vertex 6.489279363666745 -4.916003440848334 6.988533394334582
      vertex 6.514252325055882 -4.814956399710355 6.981810819495836
    endloop
  endfacet
  facet normal -0.05645591238363216 0.08016123644198311 0.9951818457593687
    outer loop
      vertex 5.721839443747361 -4.100837884559 6.879336064983363
      vertex 6.514252325055882 -4.814956399710355 6.981810819495836
      vertex 6.534181302572789 -4.713137327226634 6.974739916660273
    endloop
  endfacet
  facet normal -0.05645591238363885 0.08016123644197413 0.9951818457593691
    outer loop
      vertex 5.721839443747361 -4.100837884559 6.879336064983363
      vertex 6.534181302572789 -4.713137327226634 6.974739916660273
      vertex 6.549024962377097 -4.610800730166674 6.967338841341615
    endloop
  endfacet
  facet normal -0.05645591238362736 0.08016123644198576 0.9951818457593689
    outer loop
      vertex 6.135130312025577 -3.8097656146675716 6.879336064983363
      vertex 6.55875514038723 -4.508201600720202 6.9596265352643005
      vertex 6.563356832554071 -4.4055947209234505 6.95162266978372
    endloop
  endfacet
  facet normal -0.056455912383639506 0.0801612364419771 0.9951818457593689
    outer loop
      vertex 6.135130312025577 -3.8097656146675716 6.879336064983363
      vertex 6.563356832554071 -4.4055947209234505 6.95162266978372
      vertex 6.563713280100915 -4.387642851096026 6.950196879596344
    endloop
  endfacet
  facet normal -0.05645591238363441 0.08016123644198159 0.9951818457593687
    outer loop
      vertex 6.135130312025577 -3.8097656146675716 6.879336064983363
      vertex 6.549024962377097 -4.610800730166674 6.967338841341615
      vertex 6.55875514038723 -4.508201600720202 6.9596265352643005
    endloop
  endfacet
  facet normal -0.026258978647819065 0.04146745874328883 0.9987947316169359
    outer loop
      vertex 5.2947641630752145 -4.371280323426711 6.879336064983363
      vertex 5.721839443747361 -4.100837884559 6.879336064983363
      vertex 1.9088126468686362 1.6057599928476312 6.542165382531408
    endloop
  endfacet
  facet normal -0.02826206031883176 0.04012904236071052 0.9987947316169359
    outer loop
      vertex 2.0466869867484205 1.7028620586052892 6.542165382531408
      vertex 5.721839443747361 -4.100837884559 6.879336064983363
      vertex 6.135130312025577 -3.8097656146675716 6.879336064983363
    endloop
  endfacet
  facet normal -0.03019705621107213 0.03869395160019624 0.9987947316169359
    outer loop
      vertex 2.17963067840852 1.806612333879503 6.542165382531408
      vertex 6.135130312025577 -3.8097656146675716 6.879336064983363
      vertex 6.533641114008175 -3.498764732345516 6.879336064983363
    endloop
  endfacet
  facet normal -0.03205930474994997 0.03716564372108757 0.9987947316169359
    outer loop
      vertex 2.307323448851234 1.9167608751696865 6.542165382531408
      vertex 6.533641114008175 -3.498764732345516 6.879336064983363
      vertex 6.5874447518525185 -2.805625258207052 6.855270992589927
    endloop
  endfacet
  facet normal -0.03384431961562247 0.0355478005509281 0.9987947316169359
    outer loop
      vertex 2.429457675008 2.0330423249919978 6.542165382531408
      vertex 6.5874447518525185 -2.805625258207052 6.855270992589927
      vertex 6.593397826506935 -2.1308978265069376 6.831458693972259
    endloop
  endfacet
  facet normal -0.03554780055092883 0.03384431961562189 0.9987947316169359
    outer loop
      vertex 2.545739124830311 2.1551765511487635 6.542165382531408
      vertex 6.593397826506935 -2.1308978265069376 6.831458693972259
      vertex 6.598543474351949 -1.5180711976286592 6.810876102592206
    endloop
  endfacet
  facet normal -0.037165643721086 0.03205930474995166 0.998794731616936
    outer loop
      vertex 2.6558876661204947 2.2828693215914777 6.542165382531408
      vertex 6.598543474351949 -1.5180711976286592 6.810876102592206
      vertex 6.603008671053467 -0.9564491719913213 6.793015315786133
    endloop
  endfacet
  facet normal -0.0603212342081092 0.07729451839934198 0.9951818457593689
    outer loop
      vertex 6.135130312025577 -3.8097656146675716 6.879336064983363
      vertex 6.563713280100915 -4.387642851096026 6.950196879596344
      vertex 6.533641114008175 -3.498764732345516 6.879336064983363
    endloop
  endfacet
  facet normal -0.06032123420811256 0.07729451839934184 0.9951818457593686
    outer loop
      vertex 6.533641114008175 -3.498764732345516 6.879336064983363
      vertex 6.563713280100915 -4.387642851096026 6.950196879596344
      vertex 6.579643002011361 -3.554818195061102 6.886477991954558
    endloop
  endfacet
  facet normal -0.06404123689586277 0.07424159109167965 0.9951818457593686
    outer loop
      vertex 6.533641114008175 -3.498764732345516 6.879336064983363
      vertex 6.579643002011361 -3.554818195061102 6.886477991954558
      vertex 6.581428483754159 -3.457543063715683 6.879336064983363
    endloop
  endfacet
  facet normal -0.032059304749951084 0.03716564372108768 0.9987947316169359
    outer loop
      vertex 6.533641114008175 -3.498764732345516 6.879336064983363
      vertex 6.581428483754159 -3.457543063715683 6.879336064983363
      vertex 6.5874447518525185 -2.805625258207052 6.855270992589927
    endloop
  endfacet
  facet normal 0 0 1
    outer loop
      vertex -1.3148130191845764 1.288260577099877 6.542165382531408
      vertex -1.1574767230808447 1.2275692704732304 6.542165382531408
      vertex 2.6355383816138205 6.665721154367148 6.542165382531408
    endloop
  endfacet
  facet normal 0 0 1
    outer loop
      vertex -1.1574767230808447 1.2275692704732304 6.542165382531408
      vertex -0.9973519641682239 1.1746711953204816 6.542165382531408
      vertex 2.6355383816138205 6.665721154367148 6.542165382531408
    endloop
  endfacet
  facet normal 0 0 1
    outer loop
      vertex -0.8348244970162074 1.1296937877379962 6.542165382531408
      vertex -0.6702858645288889 1.092745402240198 6.542165382531408
      vertex 2.6355383816138205 6.665721154367148 6.542165382531408
    endloop
  endfacet
  facet normal 0 0 1
    outer loop
      vertex -0.9973519641682239 1.1746711953204816 6.542165382531408
      vertex -0.8348244970162074 1.1296937877379962 6.542165382531408
      vertex 2.6355383816138205 6.665721154367148 6.542165382531408
    endloop
  endfacet
  facet normal 0 0 1
    outer loop
      vertex -0.6702858645288889 1.092745402240198 6.542165382531408
      vertex -0.5041324546838127 1.0639150507240456 6.542165382531408
      vertex 2.6355383816138205 6.665721154367148 6.542165382531408
    endloop
  endfacet
  facet normal 0 0 1
    outer loop
      vertex -0.5041324546838127 1.0639150507240456 6.542165382531408
      vertex -0.3367645455986153 1.0432721880315832 6.542165382531408
      vertex 2.6355383816138205 6.665721154367148 6.542165382531408
    endloop
  endfacet
  facet normal 0 0 1
    outer loop
      vertex -0.3367645455986153 1.0432721880315832 6.542165382531408
      vertex -0.1685853412259803 1.0308665446271381 6.542165382531408
      vertex 2.6355383816138205 6.665721154367148 6.542165382531408
    endloop
  endfacet
  facet normal 0 0 1
    outer loop
      vertex -0.1685853412259803 1.0308665446271381 6.542165382531408
      vertex 0 1.0267280067922773 6.542165382531408
      vertex 2.6355383816138205 6.665721154367148 6.542165382531408
    endloop
  endfacet
  facet normal 0 0 1
    outer loop
      vertex 0 1.0267280067922773 6.542165382531408
      vertex 0.1685853412259803 1.0308665446271381 6.542165382531408
      vertex 2.6355383816138205 6.665721154367148 6.542165382531408
    endloop
  endfacet
  facet normal 0 0 1
    outer loop
      vertex 0.1685853412259803 1.0308665446271381 6.542165382531408
      vertex 0.3367645455986153 1.0432721880315832 6.542165382531408
      vertex 2.6355383816138205 6.665721154367148 6.542165382531408
    endloop
  endfacet
  facet normal 0 0 1
    outer loop
      vertex 0.3367645455986153 1.0432721880315832 6.542165382531408
      vertex 0.5041324546838127 1.0639150507240456 6.542165382531408
      vertex 2.6355383816138205 6.665721154367148 6.542165382531408
    endloop
  endfacet
  facet normal 0 0 1
    outer loop
      vertex 0.5041324546838127 1.0639150507240456 6.542165382531408
      vertex 0.6702858645288889 1.092745402240198 6.542165382531408
      vertex 2.6355383816138205 6.665721154367148 6.542165382531408
    endloop
  endfacet
  facet normal 0 0 1
    outer loop
      vertex 0.6702858645288889 1.092745402240198 6.542165382531408
      vertex 0.8348244970162074 1.1296937877379962 6.542165382531408
      vertex 2.6355383816138205 6.665721154367148 6.542165382531408
    endloop
  endfacet
  facet normal 0 0 1
    outer loop
      vertex 0.8348244970162074 1.1296937877379962 6.542165382531408
      vertex 0.9973519641682239 1.1746711953204816 6.542165382531408
      vertex 2.6355383816138205 6.665721154367148 6.542165382531408
    endloop
  endfacet
  facet normal 0 0 1
    outer loop
      vertex 0.9973519641682239 1.1746711953204816 6.542165382531408
      vertex 1.1574767230808447 1.2275692704732304 6.542165382531408
      vertex 2.6355383816138205 6.665721154367148 6.542165382531408
    endloop
  endfacet
  facet normal 0 0 1
    outer loop
      vertex 1.1574767230808447 1.2275692704732304 6.542165382531408
      vertex 1.3148130191845764 1.288260577099877 6.542165382531408
      vertex 2.6355383816138205 6.665721154367148 6.542165382531408
    endloop
  endfacet
  facet normal 0 0 1
    outer loop
      vertex 1.3148130191845764 1.288260577099877 6.542165382531408
      vertex 1.4689818155610734 1.3565989045268267 6.542165382531408
      vertex 2.6355383816138205 6.665721154367148 6.542165382531408
    endloop
  endfacet
  facet normal 0 0 1
    outer loop
      vertex 1.4689818155610734 1.3565989045268267 6.542165382531408
      vertex 1.6196117060762731 1.4324196197375771 6.542165382531408
      vertex 2.6355383816138205 6.665721154367148 6.542165382531408
    endloop
  endfacet
  facet normal 0 0 1
    outer loop
      vertex 1.6196117060762731 1.4324196197375771 6.542165382531408
      vertex 1.7663398101303043 1.5155400639880758 6.542165382531408
      vertex 2.6355383816138205 6.665721154367148 6.542165382531408
    endloop
  endfacet
  facet normal -0.03205930474995033 0.03716564372108723 0.9987947316169358
    outer loop
      vertex 2.17963067840852 1.806612333879503 6.542165382531408
      vertex 6.533641114008175 -3.498764732345516 6.879336064983363
      vertex 2.307323448851234 1.9167608751696865 6.542165382531408
    endloop
  endfacet
  facet normal -0.03384431961562239 0.03554780055092822 0.9987947316169359
    outer loop
      vertex 2.307323448851234 1.9167608751696865 6.542165382531408
      vertex 6.5874447518525185 -2.805625258207052 6.855270992589927
      vertex 2.429457675008 2.0330423249919978 6.542165382531408
    endloop
  endfacet
  facet normal -0.03554780055092822 0.033844319615622405 0.9987947316169359
    outer loop
      vertex 2.429457675008 2.0330423249919978 6.542165382531408
      vertex 6.593397826506935 -2.1308978265069376 6.831458693972259
      vertex 2.545739124830311 2.1551765511487635 6.542165382531408
    endloop
  endfacet
  facet normal -0.03716564372108725 0.03205930474995035 0.9987947316169359
    outer loop
      vertex 2.545739124830311 2.1551765511487635 6.542165382531408
      vertex 6.598543474351949 -1.5180711976286592 6.810876102592206
      vertex 2.6558876661204947 2.2828693215914777 6.542165382531408
    endloop
  endfacet
  facet normal -0.038693951600196126 0.030197056211072073 0.9987947316169359
    outer loop
      vertex 2.6558876661204947 2.2828693215914777 6.542165382531408
      vertex 6.603008671053467 -0.9564491719913213 6.793015315786133
      vertex 2.7596379413947085 2.415813013251577 6.542165382531408
    endloop
  endfacet
  facet normal -0.040129042360710465 0.028262060318831578 0.9987947316169359
    outer loop
      vertex 2.7596379413947085 2.415813013251577 6.542165382531408
      vertex 6.606893412425512 -0.437506108486495 6.7774763502979525
      vertex 2.8567400071523665 2.5536873531313615 6.542165382531408
    endloop
  endfacet
  facet normal -0.04146745874328887 0.026258978647819092 0.998794731616936
    outer loop
      vertex 2.8567400071523665 2.5536873531313615 6.542165382531408
      vertex 6.610277317093613 0.045653905995550914 6.763940731625554
      vertex 2.946959936011922 2.696160189869693 6.542165382531408
    endloop
  endfacet
  facet normal 0 0 1
    outer loop
      vertex 1.7663398101303043 1.5155400639880758 6.542165382531408
      vertex 1.9088126468686362 1.6057599928476312 6.542165382531408
      vertex 2.6355383816138205 6.665721154367148 6.542165382531408
    endloop
  endfacet
  facet normal 0 0 1
    outer loop
      vertex 1.9088126468686362 1.6057599928476312 6.542165382531408
      vertex 2.0466869867484205 1.7028620586052892 6.542165382531408
      vertex 2.6355383816138205 6.665721154367148 6.542165382531408
    endloop
  endfacet
  facet normal 0 0 1
    outer loop
      vertex 2.0466869867484205 1.7028620586052892 6.542165382531408
      vertex 2.17963067840852 1.806612333879503 6.542165382531408
      vertex 2.6355383816138205 6.665721154367148 6.542165382531408
    endloop
  endfacet
  facet normal 0 0 1
    outer loop
      vertex 2.17963067840852 1.806612333879503 6.542165382531408
      vertex 2.307323448851234 1.9167608751696865 6.542165382531408
      vertex 2.6355383816138205 6.665721154367148 6.542165382531408
    endloop
  endfacet
  facet normal 0 0 1
    outer loop
      vertex 2.307323448851234 1.9167608751696865 6.542165382531408
      vertex 2.429457675008 2.0330423249919978 6.542165382531408
      vertex 2.6355383816138205 6.665721154367148 6.542165382531408
    endloop
  endfacet
  facet normal 0 0 1
    outer loop
      vertex 2.429457675008 2.0330423249919978 6.542165382531408
      vertex 2.545739124830311 2.1551765511487635 6.542165382531408
      vertex 2.6355383816138205 6.665721154367148 6.542165382531408
    endloop
  endfacet
  facet normal 0 0 1
    outer loop
      vertex 2.545739124830311 2.1551765511487635 6.542165382531408
      vertex 2.6558876661204947 2.2828693215914777 6.542165382531408
      vertex 2.6558876661204947 6.642130678408518 6.542165382531408
    endloop
  endfacet
  facet normal 0 0 1
    outer loop
      vertex 2.6558876661204947 2.2828693215914777 6.542165382531408
      vertex 2.7596379413947085 2.415813013251577 6.542165382531408
      vertex 2.7596379413947085 6.509186986748418 6.542165382531408
    endloop
  endfacet
  facet normal 0 0 1
    outer loop
      vertex 2.7596379413947085 2.415813013251577 6.542165382531408
      vertex 2.8567400071523665 2.5536873531313615 6.542165382531408
      vertex 2.8567400071523665 6.371312646868634 6.542165382531408
    endloop
  endfacet
  facet normal 0 0 1
    outer loop
      vertex 2.8567400071523665 2.5536873531313615 6.542165382531408
      vertex 2.946959936011922 2.696160189869693 6.542165382531408
      vertex 2.946959936011922 6.228839810130302 6.542165382531408
    endloop
  endfacet
  facet normal 0 0 1
    outer loop
      vertex 2.946959936011922 2.696160189869693 6.542165382531408
      vertex 3.0300803802624205 2.8428882939237248 6.542165382531408
      vertex 3.0300803802624205 6.082111706076271 6.542165382531408
    endloop
  endfacet
  facet normal 0 0 1
    outer loop
      vertex 3.0300803802624205 2.8428882939237248 6.542165382531408
      vertex 3.105901095473171 2.9935181844389245 6.542165382531408
      vertex 3.105901095473171 5.931481815561071 6.542165382531408
    endloop
  endfacet
  facet normal 0 0 1
    outer loop
      vertex 3.105901095473171 2.9935181844389245 6.542165382531408
      vertex 3.1742394229001207 3.147686980815421 6.542165382531408
      vertex 3.1742394229001207 5.777313019184574 6.542165382531408
    endloop
  endfacet
  facet normal 0 0 1
    outer loop
      vertex 3.1742394229001207 3.147686980815421 6.542165382531408
      vertex 3.2349307295267673 3.3050232769191528 6.542165382531408
      vertex 3.2349307295267673 5.619976723080843 6.542165382531408
    endloop
  endfacet
  facet normal 0 0 1
    outer loop
      vertex 3.2349307295267673 3.3050232769191528 6.542165382531408
      vertex 3.287828804679516 3.4651480358317737 6.542165382531408
      vertex 3.287828804679516 5.459851964168221 6.542165382531408
    endloop
  endfacet
  facet normal 0 0 1
    outer loop
      vertex 3.287828804679516 3.4651480358317737 6.542165382531408
      vertex 3.3328062122620015 3.62767550298379 6.542165382531408
      vertex 3.3328062122620015 5.297324497016205 6.542165382531408
    endloop
  endfacet
  facet normal 0 0 1
    outer loop
      vertex 2.545739124830311 2.1551765511487635 6.542165382531408
      vertex 2.6558876661204947 6.642130678408518 6.542165382531408
      vertex 2.6355383816138205 6.665721154367148 6.542165382531408
    endloop
  endfacet
  facet normal 0 0 1
    outer loop
      vertex 2.6558876661204947 2.2828693215914777 6.542165382531408
      vertex 2.7596379413947085 6.509186986748418 6.542165382531408
      vertex 2.6558876661204947 6.642130678408518 6.542165382531408
    endloop
  endfacet
  facet normal 0 0 1
    outer loop
      vertex 2.7596379413947085 2.415813013251577 6.542165382531408
      vertex 2.8567400071523665 6.371312646868634 6.542165382531408
      vertex 2.7596379413947085 6.509186986748418 6.542165382531408
    endloop
  endfacet
  facet normal 0 0 1
    outer loop
      vertex 2.8567400071523665 2.5536873531313615 6.542165382531408
      vertex 2.946959936011922 6.228839810130302 6.542165382531408
      vertex 2.8567400071523665 6.371312646868634 6.542165382531408
    endloop
  endfacet
  facet normal 0 0 1
    outer loop
      vertex 2.946959936011922 2.696160189869693 6.542165382531408
      vertex 3.0300803802624205 6.082111706076271 6.542165382531408
      vertex 2.946959936011922 6.228839810130302 6.542165382531408
    endloop
  endfacet
  facet normal 0 0 1
    outer loop
      vertex 3.0300803802624205 2.8428882939237248 6.542165382531408
      vertex 3.105901095473171 5.931481815561071 6.542165382531408
      vertex 3.0300803802624205 6.082111706076271 6.542165382531408
    endloop
  endfacet
  facet normal 0 0 1
    outer loop
      vertex 3.3328062122620015 3.62767550298379 6.542165382531408
      vertex 3.3697545977598 3.7922141354711085 6.542165382531408
      vertex 3.3697545977598 5.132785864528887 6.542165382531408
    endloop
  endfacet
  facet normal 0 0 1
    outer loop
      vertex 3.3697545977598 3.7922141354711085 6.542165382531408
      vertex 3.398584949275952 3.958367545316185 6.542165382531408
      vertex 3.398584949275952 4.96663245468381 6.542165382531408
    endloop
  endfacet
  facet normal 0 0 1
    outer loop
      vertex 3.398584949275952 3.958367545316185 6.542165382531408
      vertex 3.4192278119684145 4.125735454401382 6.542165382531408
      vertex 3.4192278119684145 4.799264545598613 6.542165382531408
    endloop
  endfacet
  facet normal 0 0 1
    outer loop
      vertex 3.4192278119684145 4.125735454401382 6.542165382531408
      vertex 3.4316334553728596 4.293914658774018 6.542165382531408
      vertex 3.4316334553728596 4.631085341225978 6.542165382531408
    endloop
  endfacet
  facet normal 0 0 1
    outer loop
      vertex 3.4316334553728596 4.293914658774018 6.542165382531408
      vertex 3.4357719932077204 4.462499999999998 6.542165382531408
      vertex 3.4316334553728596 4.631085341225978 6.542165382531408
    endloop
  endfacet
  facet normal 0 0 1
    outer loop
      vertex 3.4192278119684145 4.125735454401382 6.542165382531408
      vertex 3.4316334553728596 4.631085341225978 6.542165382531408
      vertex 3.4192278119684145 4.799264545598613 6.542165382531408
    endloop
  endfacet
  facet normal 0 0 1
    outer loop
      vertex 3.398584949275952 3.958367545316185 6.542165382531408
      vertex 3.4192278119684145 4.799264545598613 6.542165382531408
      vertex 3.398584949275952 4.96663245468381 6.542165382531408
    endloop
  endfacet
  facet normal 0 0 1
    outer loop
      vertex 3.3697545977598 3.7922141354711085 6.542165382531408
      vertex 3.398584949275952 4.96663245468381 6.542165382531408
      vertex 3.3697545977598 5.132785864528887 6.542165382531408
    endloop
  endfacet
  facet normal 0 0 1
    outer loop
      vertex 3.105901095473171 2.9935181844389245 6.542165382531408
      vertex 3.1742394229001207 5.777313019184574 6.542165382531408
      vertex 3.105901095473171 5.931481815561071 6.542165382531408
    endloop
  endfacet
  facet normal 0 0 1
    outer loop
      vertex 3.1742394229001207 3.147686980815421 6.542165382531408
      vertex 3.2349307295267673 5.619976723080843 6.542165382531408
      vertex 3.1742394229001207 5.777313019184574 6.542165382531408
    endloop
  endfacet
  facet normal 0 0 1
    outer loop
      vertex 3.2349307295267673 3.3050232769191528 6.542165382531408
      vertex 3.287828804679516 5.459851964168221 6.542165382531408
      vertex 3.2349307295267673 5.619976723080843 6.542165382531408
    endloop
  endfacet
  facet normal 0 0 1
    outer loop
      vertex 3.287828804679516 3.4651480358317737 6.542165382531408
      vertex 3.3328062122620015 5.297324497016205 6.542165382531408
      vertex 3.287828804679516 5.459851964168221 6.542165382531408
    endloop
  endfacet
  facet normal 0 0 1
    outer loop
      vertex 3.3328062122620015 3.62767550298379 6.542165382531408
      vertex 3.3697545977598 5.132785864528887 6.542165382531408
      vertex 3.3328062122620015 5.297324497016205 6.542165382531408
    endloop
  endfacet
  facet normal -0.043841611590264846 -0.022068012765569772 0.9987947316169359
    outer loop
      vertex 3.105901095473171 5.931481815561071 6.542165382531408
      vertex 4.094212105173657 6.650901963159851 6.601442147360596
      vertex 3.0300803802624205 6.082111706076271 6.542165382531408
    endloop
  endfacet
  facet normal -0.044871628512502794 -0.019890224958228703 0.9987947316169359
    outer loop
      vertex 3.1742394229001207 5.777313019184574 6.542165382531408
      vertex 4.611471466835446 6.64356356884104 6.623984857622442
      vertex 3.105901095473171 5.931481815561071 6.542165382531408
    endloop
  endfacet
  facet normal -0.047304463033578235 -0.013090907965370716 0.998794731616936
    outer loop
      vertex 3.3328062122620015 5.297324497016205 6.542165382531408
      vertex 5.782469938446421 6.216593078886872 6.670233826959059
      vertex 3.287828804679516 5.459851964168221 6.542165382531408
    endloop
  endfacet
  facet normal -0.0457935457513633 -0.01766451985678491 0.998794731616936
    outer loop
      vertex 3.2349307295267673 5.619976723080843 6.542165382531408
      vertex 5.081533857093403 6.56734024126615 6.6435848466903975
      vertex 3.1742394229001207 5.777313019184574 6.542165382531408
    endloop
  endfacet
  facet normal -0.04660514232746848 -0.015396259379777028 0.998794731616936
    outer loop
      vertex 3.2349307295267673 5.619976723080843 6.542165382531408
      vertex 3.287828804679516 5.459851964168221 6.542165382531408
      vertex 5.463103678906047 6.417229752447007 6.658424537883066
    endloop
  endfacet
  facet normal -0.038693951600203905 -0.030197056211078044 0.9987947316169354
    outer loop
      vertex 2.6558876661204947 6.642130678408518 6.542165382531408
      vertex 2.7596379413947085 6.509186986748418 6.542165382531408
      vertex 2.6840868150152732 6.665273121825882 6.543957512696472
    endloop
  endfacet
  facet normal -0.03716564372109483 -0.03205930474995636 0.9987947316169354
    outer loop
      vertex 2.6558876661204947 6.642130678408518 6.542165382531408
      vertex 2.6840868150152732 6.665273121825882 6.543957512696472
      vertex 2.6355383816138205 6.665721154367148 6.542165382531408
    endloop
  endfacet
  facet normal -0.03869395160019579 -0.030197056211074116 0.9987947316169358
    outer loop
      vertex 2.7596379413947085 6.509186986748418 6.542165382531408
      vertex 2.966436211181643 6.6625590365040095 6.554813853983961
      vertex 2.6840868150152732 6.665273121825882 6.543957512696472
    endloop
  endfacet
  facet normal -0.04146745874328939 -0.026258978647819422 0.998794731616936
    outer loop
      vertex 2.946959936011922 6.228839810130302 6.542165382531408
      vertex 3.2878237245625686 6.659353577996971 6.567635688012119
      vertex 2.8567400071523665 6.371312646868634 6.542165382531408
    endloop
  endfacet
  facet normal -0.04012904236071118 -0.028262060318832168 0.9987947316169358
    outer loop
      vertex 2.8567400071523665 6.371312646868634 6.542165382531408
      vertex 2.966436211181643 6.6625590365040095 6.554813853983961
      vertex 2.7596379413947085 6.509186986748418 6.542165382531408
    endloop
  endfacet
  facet normal -0.04012904236071091 -0.02826206031883227 0.9987947316169359
    outer loop
      vertex 2.8567400071523665 6.371312646868634 6.542165382531408
      vertex 3.2878237245625686 6.659353577996971 6.567635688012119
      vertex 2.966436211181643 6.6625590365040095 6.554813853983961
    endloop
  endfacet
  facet normal -0.04270597638563399 -0.024192636797228953 0.998794731616936
    outer loop
      vertex 3.0300803802624205 6.082111706076271 6.542165382531408
      vertex 3.6588457514145976 6.655527747298015 6.582939010807944
      vertex 2.946959936011922 6.228839810130302 6.542165382531408
    endloop
  endfacet
  facet normal -0.04146745874328759 -0.026258978647820848 0.9987947316169359
    outer loop
      vertex 2.946959936011922 6.228839810130302 6.542165382531408
      vertex 3.6588457514145976 6.655527747298015 6.582939010807944
      vertex 3.2878237245625686 6.659353577996971 6.567635688012119
    endloop
  endfacet
  facet normal -0.042705976385634836 -0.024192636797228013 0.9987947316169358
    outer loop
      vertex 3.0300803802624205 6.082111706076271 6.542165382531408
      vertex 4.094212105173657 6.650901963159851 6.601442147360596
      vertex 3.6588457514145976 6.655527747298015 6.582939010807944
    endloop
  endfacet
  facet normal -0.04384161159026392 -0.022068012765571056 0.998794731616936
    outer loop
      vertex 3.105901095473171 5.931481815561071 6.542165382531408
      vertex 4.543334228968321 6.646000537380992 6.621047850476032
      vertex 4.094212105173657 6.650901963159851 6.601442147360596
    endloop
  endfacet
  facet normal -0.04487162851248898 -0.019890224958251563 0.998794731616936
    outer loop
      vertex 3.1742394229001207 5.777313019184574 6.542165382531408
      vertex 4.644707255381168 6.642365326961636 6.625454139157429
      vertex 4.611471466835446 6.64356356884104 6.623984857622442
    endloop
  endfacet
  facet normal -0.04384161159027121 -0.022068012765556255 0.9987947316169359
    outer loop
      vertex 3.105901095473171 5.931481815561071 6.542165382531408
      vertex 4.611471466835446 6.64356356884104 6.623984857622442
      vertex 4.543334228968321 6.646000537380992 6.621047850476032
    endloop
  endfacet
  facet normal -0.04270597638563404 0.024192636797228984 0.9987947316169359
    outer loop
      vertex 2.946959936011922 2.696160189869693 6.542165382531408
      vertex 6.613224356630964 0.4986858633719165 6.752152573476145
      vertex 3.0300803802624205 2.8428882939237248 6.542165382531408
    endloop
  endfacet
  facet normal -0.038693951600196314 0.030197056211071924 0.998794731616936
    outer loop
      vertex 2.7596379413947085 2.415813013251577 6.542165382531408
      vertex 6.603008671053467 -0.9564491719913213 6.793015315786133
      vertex 6.606893412425512 -0.437506108486495 6.7774763502979525
    endloop
  endfacet
  facet normal -0.040129042360711485 0.028262060318830304 0.9987947316169359
    outer loop
      vertex 2.8567400071523665 2.5536873531313615 6.542165382531408
      vertex 6.606893412425512 -0.437506108486495 6.7774763502979525
      vertex 6.610277317093613 0.045653905995550914 6.763940731625554
    endloop
  endfacet
  facet normal -0.0414674587432879 0.02625897864782039 0.9987947316169359
    outer loop
      vertex 2.946959936011922 2.696160189869693 6.542165382531408
      vertex 6.610277317093613 0.045653905995550914 6.763940731625554
      vertex 6.613224356630964 0.4986858633719165 6.752152573476145
    endloop
  endfacet
  facet normal -0.042705976385634836 0.024192636797227746 0.998794731616936
    outer loop
      vertex 3.0300803802624205 2.8428882939237248 6.542165382531408
      vertex 6.613224356630964 0.4986858633719165 6.752152573476145
      vertex 6.615786300994649 0.9262885490476624 6.741904796021407
    endloop
  endfacet
  facet normal -0.04384161159026464 0.0220680127655699 0.9987947316169359
    outer loop
      vertex 3.105901095473171 2.9935181844389245 6.542165382531408
      vertex 6.615786300994649 0.9262885490476624 6.741904796021407
      vertex 6.618005264587458 1.3324166231868158 6.73302894165017
    endloop
  endfacet
  facet normal -0.04487162851250336 0.019890224958227235 0.998794731616936
    outer loop
      vertex 3.1742394229001207 3.147686980815421 6.542165382531408
      vertex 6.618005264587458 1.3324166231868158 6.73302894165017
      vertex 6.619915610872579 1.7204411722112027 6.725387556509684
    endloop
  endfacet
  facet normal -0.043841611590264735 0.022068012765569724 0.998794731616936
    outer loop
      vertex 3.0300803802624205 2.8428882939237248 6.542165382531408
      vertex 6.615786300994649 0.9262885490476624 6.741904796021407
      vertex 3.105901095473171 2.9935181844389245 6.542165382531408
    endloop
  endfacet
  facet normal -0.044871628512502634 0.019890224958228633 0.9987947316169359
    outer loop
      vertex 3.105901095473171 2.9935181844389245 6.542165382531408
      vertex 6.618005264587458 1.3324166231868158 6.73302894165017
      vertex 3.1742394229001207 3.147686980815421 6.542165382531408
    endloop
  endfacet
  facet normal -0.045793545751363705 0.017664519856785067 0.9987947316169359
    outer loop
      vertex 3.1742394229001207 3.147686980815421 6.542165382531408
      vertex 6.619915610872579 1.7204411722112027 6.725387556509684
      vertex 3.2349307295267673 3.3050232769191528 6.542165382531408
    endloop
  endfacet
  facet normal -0.04660514232746854 0.015396259379777092 0.9987947316169359
    outer loop
      vertex 3.2349307295267673 3.3050232769191528 6.542165382531408
      vertex 6.621545391417215 2.0932731750070976 6.718868434331139
      vertex 3.287828804679516 3.4651480358317737 6.542165382531408
    endloop
  endfacet
  facet normal -0.04730446303357839 0.01309090796537076 0.9987947316169359
    outer loop
      vertex 3.287828804679516 3.4651480358317737 6.542165382531408
      vertex 6.622917441246642 2.453459958392603 6.713380235013432
      vertex 3.3328062122620015 3.62767550298379 6.542165382531408
    endloop
  endfacet
  facet normal -0.047889823144858595 0.010754019407047148 0.9987947316169359
    outer loop
      vertex 3.3328062122620015 3.62767550298379 6.542165382531408
      vertex 6.624050216136926 2.803261797205299 6.708849135452298
      vertex 3.3697545977598 3.7922141354711085 6.542165382531408
    endloop
  endfacet
  facet normal -0.04835981247752961 0.008391223474031529 0.9987947316169359
    outer loop
      vertex 3.3697545977598 3.7922141354711085 6.542165382531408
      vertex 6.624958432657997 3.144713834368167 6.705216269368012
      vertex 3.398584949275952 3.958367545316185 6.542165382531408
    endloop
  endfacet
  facet normal -0.04871329878612321 0.006008212348682421 0.9987947316169359
    outer loop
      vertex 3.398584949275952 3.958367545316185 6.542165382531408
      vertex 6.625653554458161 3.4796771369124846 6.702435782167356
      vertex 3.4192278119684145 4.125735454401382 6.542165382531408
    endloop
  endfacet
  facet normal -0.04894943049116018 0.003610726913528011 0.9987947316169358
    outer loop
      vertex 3.4192278119684145 4.125735454401382 6.542165382531408
      vertex 6.626144155938851 3.8098817632347073 6.700473376244596
      vertex 3.4316334553728596 4.293914658774018 6.542165382531408
    endloop
  endfacet
  facet normal -0.04579354575136274 0.017664519856787162 0.9987947316169359
    outer loop
      vertex 3.2349307295267673 3.3050232769191528 6.542165382531408
      vertex 6.619915610872579 1.7204411722112027 6.725387556509684
      vertex 6.621545391417215 2.0932731750070976 6.718868434331139
    endloop
  endfacet
  facet normal -0.0466051423274693 0.015396259379775271 0.9987947316169358
    outer loop
      vertex 3.287828804679516 3.4651480358317737 6.542165382531408
      vertex 6.621545391417215 2.0932731750070976 6.718868434331139
      vertex 6.622917441246642 2.453459958392603 6.713380235013432
    endloop
  endfacet
  facet normal -0.047304463033577986 0.013090907965371908 0.998794731616936
    outer loop
      vertex 3.3328062122620015 3.62767550298379 6.542165382531408
      vertex 6.622917441246642 2.453459958392603 6.713380235013432
      vertex 6.624050216136926 2.803261797205299 6.708849135452298
    endloop
  endfacet
  facet normal -0.04788982314485817 0.010754019407048529 0.998794731616936
    outer loop
      vertex 3.3697545977598 3.7922141354711085 6.542165382531408
      vertex 6.624050216136926 2.803261797205299 6.708849135452298
      vertex 6.624958432657997 3.144713834368167 6.705216269368012
    endloop
  endfacet
  facet normal -0.0483598124775298 0.008391223474030858 0.998794731616936
    outer loop
      vertex 3.398584949275952 3.958367545316185 6.542165382531408
      vertex 6.624958432657997 3.144713834368167 6.705216269368012
      vertex 6.625653554458161 3.4796771369124846 6.702435782167356
    endloop
  endfacet
  facet normal -0.04871329878612371 0.006008212348679922 0.9987947316169359
    outer loop
      vertex 3.4192278119684145 4.125735454401382 6.542165382531408
      vertex 6.625653554458161 3.4796771369124846 6.702435782167356
      vertex 6.626144155938851 3.8098817632347073 6.700473376244596
    endloop
  endfacet
  facet normal -0.04894943049115991 0.0036107269135298116 0.9987947316169359
    outer loop
      vertex 3.4316334553728596 4.293914658774018 6.542165382531408
      vertex 6.626144155938851 3.8098817632347073 6.700473376244596
      vertex 6.626436185460596 4.136964065009914 6.699305258157615
    endloop
  endfacet
  facet normal -0.049067638730679757 0.0012045429209767342 0.9987947316169358
    outer loop
      vertex 3.4316334553728596 4.293914658774018 6.542165382531408
      vertex 6.626436185460596 4.136964065009914 6.699305258157615
      vertex 3.4357719932077204 4.462499999999998 6.542165382531408
    endloop
  endfacet
  facet normal -0.04906763873067978 -0.0012045429209767346 0.9987947316169359
    outer loop
      vertex 3.4357719932077204 4.462499999999998 6.542165382531408
      vertex 6.608006801111471 4.7871305573938185 6.6983987886791665
      vertex 3.4316334553728596 4.631085341225978 6.542165382531408
    endloop
  endfacet
  facet normal -0.04894943049116009 -0.0036107269135280044 0.9987947316169358
    outer loop
      vertex 3.4316334553728596 4.631085341225978 6.542165382531408
      vertex 6.541428548758484 5.106774477727839 6.696291428114226
      vertex 3.4192278119684145 4.799264545598613 6.542165382531408
    endloop
  endfacet
  facet normal -0.04871329878612344 -0.006008212348682449 0.998794731616936
    outer loop
      vertex 3.4192278119684145 4.799264545598613 6.542165382531408
      vertex 6.425974993160508 5.415703346507187 6.69251886786113
      vertex 3.398584949275952 4.96663245468381 6.542165382531408
    endloop
  endfacet
  facet normal -0.04788982314485858 -0.010754019407047174 0.998794731616936
    outer loop
      vertex 3.3697545977598 5.132785864528887 6.542165382531408
      vertex 6.046516666995776 5.977073579661834 6.679600176914058
      vertex 3.3328062122620015 5.297324497016205 6.542165382531408
    endloop
  endfacet
  facet normal -0.048359812477529865 -0.008391223474031572 0.9987947316169359
    outer loop
      vertex 3.398584949275952 4.96663245468381 6.542165382531408
      vertex 6.260830698044147 5.707856655911195 6.686977365427778
      vertex 3.3697545977598 5.132785864528887 6.542165382531408
    endloop
  endfacet
  facet normal -0.04579354575136863 -0.017664519856772407 0.998794731616936
    outer loop
      vertex 3.2349307295267673 5.619976723080843 6.542165382531408
      vertex 5.336473523886275 6.477371941580315 6.653682361384441
      vertex 5.241266003207596 6.515568985844497 6.649992756913628
    endloop
  endfacet
  facet normal -0.0457935457513619 -0.017664519856788973 0.9987947316169359
    outer loop
      vertex 3.2349307295267673 5.619976723080843 6.542165382531408
      vertex 5.429850815279324 6.434504074220889 6.657205444616629
      vertex 5.336473523886275 6.477371941580315 6.653682361384441
    endloop
  endfacet
  facet normal -0.047889823144857124 -0.010754019407052054 0.998794731616936
    outer loop
      vertex 3.3697545977598 5.132785864528887 6.542165382531408
      vertex 6.0837438721933585 5.937142443097778 6.680955194129
      vertex 6.046516666995776 5.977073579661834 6.679600176914058
    endloop
  endfacet
  facet normal -0.046605142327469685 -0.015396259379774303 0.9987947316169359
    outer loop
      vertex 3.287828804679516 5.459851964168221 6.542165382531408
      vertex 5.521129126658396 6.3870359678311495 6.6606666531452134
      vertex 5.463103678906047 6.417229752447007 6.658424537883066
    endloop
  endfacet
  facet normal -0.04579354575136477 -0.017664519856780914 0.998794731616936
    outer loop
      vertex 3.2349307295267673 5.619976723080843 6.542165382531408
      vertex 5.463103678906047 6.417229752447007 6.658424537883066
      vertex 5.429850815279324 6.434504074220889 6.657205444616629
    endloop
  endfacet
  facet normal -0.04660514232746765 -0.015396259379778999 0.9987947316169359
    outer loop
      vertex 3.287828804679516 5.459851964168221 6.542165382531408
      vertex 5.610098578965845 6.335090015073221 6.664017352262115
      vertex 5.521129126658396 6.3870359678311495 6.6606666531452134
    endloop
  endfacet
  facet normal -0.0466051423274686 -0.015396259379776525 0.9987947316169359
    outer loop
      vertex 3.287828804679516 5.459851964168221 6.542165382531408
      vertex 5.696561543156112 6.278807372959025 6.667184245814359
      vertex 5.610098578965845 6.335090015073221 6.664017352262115
    endloop
  endfacet
  facet normal -0.046605142327468194 -0.015396259379777767 0.9987947316169359
    outer loop
      vertex 3.287828804679516 5.459851964168221 6.542165382531408
      vertex 5.780303886589229 6.2183229533747655 6.670159421721996
      vertex 5.696561543156112 6.278807372959025 6.667184245814359
    endloop
  endfacet
  facet normal -0.04730446303357754 -0.01309090796537265 0.9987947316169359
    outer loop
      vertex 3.3328062122620015 5.297324497016205 6.542165382531408
      vertex 5.861056905542421 6.1537258462978395 6.673131844972597
      vertex 5.782469938446421 6.216593078886872 6.670233826959059
    endloop
  endfacet
  facet normal -0.04660514232751067 -0.015396259379635721 0.9987947316169362
    outer loop
      vertex 3.287828804679516 5.459851964168221 6.542165382531408
      vertex 5.782469938446421 6.216593078886872 6.670233826959059
      vertex 5.780303886589229 6.2183229533747655 6.670159421721996
    endloop
  endfacet
  facet normal -0.04730446303357817 -0.013090907965370668 0.9987947316169359
    outer loop
      vertex 3.3328062122620015 5.297324497016205 6.542165382531408
      vertex 5.938679813441119 6.085222896950288 6.6759103379743525
      vertex 5.861056905542421 6.1537258462978395 6.673131844972597
    endloop
  endfacet
  facet normal -0.04730446303358012 -0.013090907965364162 0.9987947316169359
    outer loop
      vertex 3.3328062122620015 5.297324497016205 6.542165382531408
      vertex 6.012981459167927 6.012981459167927 6.678482531598326
      vertex 5.938679813441119 6.085222896950288 6.6759103379743525
    endloop
  endfacet
  facet normal -0.047304463033576494 -0.013090907965377636 0.9987947316169359
    outer loop
      vertex 3.3328062122620015 5.297324497016205 6.542165382531408
      vertex 6.046516666995776 5.977073579661834 6.679600176914058
      vertex 6.012981459167927 6.012981459167927 6.678482531598326
    endloop
  endfacet
  facet normal -0.04906763873067985 0.0012045429209760438 0.998794731616936
    outer loop
      vertex 3.4357719932077204 4.462499999999998 6.542165382531408
      vertex 6.626436185460596 4.136964065009914 6.699305258157615
      vertex 6.6265331434476265 4.462499999999998 6.698917426209494
    endloop
  endfacet
  facet normal -0.04906763873067983 -0.0012045429209647353 0.9987947316169359
    outer loop
      vertex 3.4357719932077204 4.462499999999998 6.542165382531408
      vertex 6.6265331434476265 4.462499999999998 6.698917426209494
      vertex 6.626518738491738 4.510864564152896 6.69897504603305
    endloop
  endfacet
  facet normal -0.04906763873067953 -0.001204542920985585 0.9987947316169359
    outer loop
      vertex 3.4357719932077204 4.462499999999998 6.542165382531408
      vertex 6.626518738491738 4.510864564152896 6.69897504603305
      vertex 6.623970340384036 4.614674794168797 6.698975046033051
    endloop
  endfacet
  facet normal -0.04906763873068006 -0.0012045429209738166 0.9987947316169359
    outer loop
      vertex 3.4357719932077204 4.462499999999998 6.542165382531408
      vertex 6.623970340384036 4.614674794168797 6.698975046033051
      vertex 6.616393289808888 4.718333907589827 6.69872782193266
    endloop
  endfacet
  facet normal -0.04906763873068006 -0.0012045429209739502 0.9987947316169359
    outer loop
      vertex 3.4357719932077204 4.462499999999998 6.542165382531408
      vertex 6.616393289808888 4.718333907589827 6.69872782193266
      vertex 6.608006801111471 4.7871305573938185 6.6983987886791665
    endloop
  endfacet
  facet normal -0.04871329878612281 -0.006008212348685473 0.9987947316169358
    outer loop
      vertex 3.4192278119684145 4.799264545598613 6.542165382531408
      vertex 6.4667947824541665 5.322264461369635 6.693947655862853
      vertex 6.425974993160508 5.415703346507187 6.69251886786113
    endloop
  endfacet
  facet normal -0.04894943049116044 -0.0036107269135221545 0.9987947316169359
    outer loop
      vertex 3.4316334553728596 4.631085341225978 6.542165382531408
      vertex 6.603785834197242 4.8215538458947504 6.69831636850841
      vertex 6.586158731157586 4.924050768791275 6.697823025640905
    endloop
  endfacet
  facet normal -0.04894943049115967 -0.0036107269135350487 0.9987947316169359
    outer loop
      vertex 3.4316334553728596 4.631085341225978 6.542165382531408
      vertex 6.608006801111471 4.7871305573938185 6.6983987886791665
      vertex 6.603785834197242 4.8215538458947504 6.69831636850841
    endloop
  endfacet
  facet normal -0.04894943049116004 -0.0036107269135266483 0.9987947316169359
    outer loop
      vertex 3.4316334553728596 4.631085341225978 6.542165382531408
      vertex 6.586158731157586 4.924050768791275 6.697823025640905
      vertex 6.56359729600923 5.0256377367356375 6.697084569000109
    endloop
  endfacet
  facet normal -0.048949430491158755 -0.003610726913536778 0.998794731616936
    outer loop
      vertex 3.4316334553728596 4.631085341225978 6.542165382531408
      vertex 6.56359729600923 5.0256377367356375 6.697084569000109
      vertex 6.541428548758484 5.106774477727839 6.696291428114226
    endloop
  endfacet
  facet normal -0.04871329878612363 -0.006008212348680394 0.9987947316169359
    outer loop
      vertex 3.4192278119684145 4.799264545598613 6.542165382531408
      vertex 6.541428548758484 5.106774477727839 6.696291428114226
      vertex 6.536145987750054 5.126047080949706 6.696149720238113
    endloop
  endfacet
  facet normal -0.04871329878612346 -0.006008212348681711 0.9987947316169359
    outer loop
      vertex 3.4192278119684145 4.799264545598613 6.542165382531408
      vertex 6.536145987750054 5.126047080949706 6.696149720238113
      vertex 6.503834799271418 5.224979153209881 6.69516895847671
    endloop
  endfacet
  facet normal -0.04871329878612341 -0.006008212348682213 0.998794731616936
    outer loop
      vertex 3.4192278119684145 4.799264545598613 6.542165382531408
      vertex 6.503834799271418 5.224979153209881 6.69516895847671
      vertex 6.4667947824541665 5.322264461369635 6.693947655862853
    endloop
  endfacet
  facet normal -0.048359812477529615 -0.00839122347403218 0.9987947316169359
    outer loop
      vertex 3.398584949275952 4.96663245468381 6.542165382531408
      vertex 6.4251173099510455 5.417661954818431 6.692493795362903
      vertex 6.378845856897617 5.510861093713244 6.691036414837561
    endloop
  endfacet
  facet normal -0.04835981247756959 -0.008391223473766965 0.9987947316169363
    outer loop
      vertex 3.398584949275952 4.96663245468381 6.542165382531408
      vertex 6.425974993160508 5.415703346507187 6.69251886786113
      vertex 6.4251173099510455 5.417661954818431 6.692493795362903
    endloop
  endfacet
  facet normal -0.048359812477529185 -0.008391223474034705 0.998794731616936
    outer loop
      vertex 3.398584949275952 4.96663245468381 6.542165382531408
      vertex 6.378845856897617 5.510861093713244 6.691036414837561
      vertex 6.328157407416178 5.601715405146013 6.6893454717163925
    endloop
  endfacet
  facet normal -0.0483598124775293 -0.00839122347403429 0.9987947316169359
    outer loop
      vertex 3.398584949275952 4.96663245468381 6.542165382531408
      vertex 6.328157407416178 5.601715405146013 6.6893454717163925
      vertex 6.273178591550892 5.69000201616008 6.6874252247607515
    endloop
  endfacet
  facet normal -0.048359812477532446 -0.008391223474020595 0.9987947316169359
    outer loop
      vertex 3.398584949275952 4.96663245468381 6.542165382531408
      vertex 6.273178591550892 5.69000201616008 6.6874252247607515
      vertex 6.260830698044147 5.707856655911195 6.686977365427778
    endloop
  endfacet
  facet normal -0.04788982314486048 -0.010754019407038446 0.9987947316169359
    outer loop
      vertex 3.3697545977598 5.132785864528887 6.542165382531408
      vertex 6.260830698044147 5.707856655911195 6.686977365427778
      vertex 6.213996106720206 5.775447890793335 6.685459513164538
    endloop
  endfacet
  facet normal -0.047889823144857686 -0.01075401940705056 0.9987947316169359
    outer loop
      vertex 3.3697545977598 5.132785864528887 6.542165382531408
      vertex 6.213996106720206 5.775447890793335 6.685459513164538
      vertex 6.150794296863236 5.85789005469283 6.683316791744206
    endloop
  endfacet
  facet normal -0.0478898231448593 -0.010754019407044499 0.998794731616936
    outer loop
      vertex 3.3697545977598 5.132785864528887 6.542165382531408
      vertex 6.150794296863236 5.85789005469283 6.683316791744206
      vertex 6.0837438721933585 5.937142443097778 6.680955194129
    endloop
  endfacet
  facet normal -0.0448716285125043 -0.01989022495822557 0.9987947316169359
    outer loop
      vertex 3.1742394229001207 5.777313019184574 6.542165382531408
      vertex 4.745916622741338 6.633673550936789 6.629827958537391
      vertex 4.644707255381168 6.642365326961636 6.625454139157429
    endloop
  endfacet
  facet normal -0.04487162851250441 -0.019890224958225417 0.9987947316169359
    outer loop
      vertex 3.1742394229001207 5.777313019184574 6.542165382531408
      vertex 4.846746248469379 6.619959618443805 6.634084705366135
      vertex 4.745916622741338 6.633673550936789 6.629827958537391
    endloop
  endfacet
  facet normal -0.04487162851250217 -0.01989022495822992 0.9987947316169359
    outer loop
      vertex 3.1742394229001207 5.777313019184574 6.542165382531408
      vertex 4.946949720295594 6.601251914426755 6.638213874645413
      vertex 4.846746248469379 6.619959618443805 6.634084705366135
    endloop
  endfacet
  facet normal -0.0448716285125021 -0.01989022495823 0.9987947316169359
    outer loop
      vertex 3.1742394229001207 5.777313019184574 6.542165382531408
      vertex 5.046281686198653 6.577591234922755 6.642205256166785
      vertex 4.946949720295594 6.601251914426755 6.638213874645413
    endloop
  endfacet
  facet normal -0.04487162851249183 -0.01989022495825471 0.9987947316169358
    outer loop
      vertex 3.1742394229001207 5.777313019184574 6.542165382531408
      vertex 5.081533857093403 6.56734024126615 6.6435848466903975
      vertex 5.046281686198653 6.577591234922755 6.642205256166785
    endloop
  endfacet
  facet normal -0.0457935457513646 -0.01766451985678233 0.998794731616936
    outer loop
      vertex 3.2349307295267673 5.619976723080843 6.542165382531408
      vertex 5.1444628172722355 6.549005825220782 6.646145804893089
      vertex 5.081533857093403 6.56734024126615 6.6435848466903975
    endloop
  endfacet
  facet normal -0.04579354575135975 -0.017664519856792463 0.998794731616936
    outer loop
      vertex 3.2349307295267673 5.619976723080843 6.542165382531408
      vertex 5.241266003207596 6.515568985844497 6.649992756913628
      vertex 5.1444628172722355 6.549005825220782 6.646145804893089
    endloop
  endfacet
endsolid OpenSCAD_Model
