solid OpenSCAD_Model
  facet normal -0.8700869911087146 -0.49289819222977843 1.0638569812861197e-16
    outer loop
      vertex -8.157728610000273 -7.814102744193223 0.005050000000000001
      vertex -8.181921264348356 -7.771396736825999 0.005050000000000001
      vertex -8.181921264348356 -7.771396736825999 -0.00495
    endloop
  endfacet
  facet normal -0.7883464276266051 -0.6152315905806282 0
    outer loop
      vertex -8.073010453362738 -7.934393284163646 -0.00495
      vertex -8.073010453362738 -7.934393284163646 0.005050000000000001
      vertex -8.103207531480646 -7.895699304492434 0.005050000000000001
    endloop
  endfacet
  facet normal -0.7572088465064851 -0.6531728429537761 5.195272149007608e-17
    outer loop
      vertex -8.04095112535496 -7.971558954847019 0.005050000000000001
      vertex -8.073010453362738 -7.934393284163646 0.005050000000000001
      vertex -8.073010453362738 -7.934393284163646 -0.00495
    endloop
  endfacet
  facet normal -0.7572088465064851 -0.6531728429537761 0
    outer loop
      vertex -8.04095112535496 -7.971558954847019 -0.00495
      vertex -8.04095112535496 -7.971558954847019 0.005050000000000001
      vertex -8.073010453362738 -7.934393284163646 -0.00495
    endloop
  endfacet
  facet normal 0 0 -1
    outer loop
      vertex -8.073010453362738 -7.934393284163646 -0.00495
      vertex -8.131469612302546 -7.855570233019603 -0.00495
      vertex -8.007106781186549 -8.007106781186549 -0.00495
    endloop
  endfacet
  facet normal -0.8175848131515888 -0.575808191417838 7.808484056361628e-18
    outer loop
      vertex -8.131469612302546 -7.855570233019603 -0.00495
      vertex -8.103207531480646 -7.895699304492434 -0.00495
      vertex -8.103207531480646 -7.895699304492434 0.005050000000000001
    endloop
  endfacet
  facet normal -0.8175848131515888 -0.575808191417838 0
    outer loop
      vertex -8.131469612302546 -7.855570233019603 -0.00495
      vertex -8.103207531480646 -7.895699304492434 0.005050000000000001
      vertex -8.131469612302546 -7.855570233019603 0.005050000000000001
    endloop
  endfacet
  facet normal 0 0 -1
    outer loop
      vertex -8.131469612302546 -7.855570233019603 -0.00495
      vertex -8.223879532511287 -7.68268343236509 -0.00495
      vertex -8.007106781186549 -8.007106781186549 -0.00495
    endloop
  endfacet
  facet normal 0 0 -1
    outer loop
      vertex -8.131469612302546 -7.855570233019603 -0.00495
      vertex -8.157728610000273 -7.814102744193223 -0.00495
      vertex -8.181921264348356 -7.771396736825999 -0.00495
    endloop
  endfacet
  facet normal -0.8448535652496996 -0.5349976198871089 0
    outer loop
      vertex -8.131469612302546 -7.855570233019603 -0.00495
      vertex -8.131469612302546 -7.855570233019603 0.005050000000000001
      vertex -8.157728610000273 -7.814102744193223 0.005050000000000001
    endloop
  endfacet
  facet normal -0.8448535652496996 -0.5349976198871089 -4.369913759878488e-17
    outer loop
      vertex -8.131469612302546 -7.855570233019603 -0.00495
      vertex -8.157728610000273 -7.814102744193223 0.005050000000000001
      vertex -8.157728610000273 -7.814102744193223 -0.00495
    endloop
  endfacet
  facet normal -0.8700869911087146 -0.49289819222977843 0
    outer loop
      vertex -8.157728610000273 -7.814102744193223 -0.00495
      vertex -8.157728610000273 -7.814102744193223 0.005050000000000001
      vertex -8.181921264348356 -7.771396736825999 -0.00495
    endloop
  endfacet
  facet normal 0 0 -1
    outer loop
      vertex -8.073010453362738 -7.934393284163646 -0.00495
      vertex -8.103207531480646 -7.895699304492434 -0.00495
      vertex -8.131469612302546 -7.855570233019603 -0.00495
    endloop
  endfacet
  facet normal -0.7883464276266051 -0.6152315905806282 1.2258921321545644e-16
    outer loop
      vertex -8.073010453362738 -7.934393284163646 -0.00495
      vertex -8.103207531480646 -7.895699304492434 0.005050000000000001
      vertex -8.103207531480646 -7.895699304492434 -0.00495
    endloop
  endfacet
  facet normal -0.6531728429537761 -0.7572088465064851 5.195272149007608e-17
    outer loop
      vertex -7.971558954847019 -8.04095112535496 0.005050000000000001
      vertex -7.934393284163646 -8.073010453362738 -0.00495
      vertex -7.934393284163646 -8.073010453362738 0.005050000000000001
    endloop
  endfacet
  facet normal -0.6531728429537761 -0.7572088465064851 0
    outer loop
      vertex -7.971558954847019 -8.04095112535496 -0.00495
      vertex -7.934393284163646 -8.073010453362738 -0.00495
      vertex -7.971558954847019 -8.04095112535496 0.005050000000000001
    endloop
  endfacet
  facet normal -0.6152315905806282 -0.7883464276266051 0
    outer loop
      vertex -7.934393284163646 -8.073010453362738 -0.00495
      vertex -7.895699304492434 -8.103207531480646 0.005050000000000001
      vertex -7.934393284163646 -8.073010453362738 0.005050000000000001
    endloop
  endfacet
  facet normal 0 0 -1
    outer loop
      vertex -7.934393284163646 -8.073010453362738 -0.00495
      vertex -8.007106781186549 -8.007106781186549 -0.00495
      vertex -7.855570233019603 -8.131469612302546 -0.00495
    endloop
  endfacet
  facet normal -0.49289819222977843 -0.8700869911087146 1.0638569812861197e-16
    outer loop
      vertex -7.814102744193223 -8.157728610000273 -0.00495
      vertex -7.771396736825999 -8.181921264348356 -0.00495
      vertex -7.771396736825999 -8.181921264348356 0.005050000000000001
    endloop
  endfacet
  facet normal -0.575808191417838 -0.8175848131515888 7.808484056361628e-18
    outer loop
      vertex -7.855570233019603 -8.131469612302546 -0.00495
      vertex -7.895699304492434 -8.103207531480646 0.005050000000000001
      vertex -7.895699304492434 -8.103207531480646 -0.00495
    endloop
  endfacet
  facet normal -0.575808191417838 -0.8175848131515888 0
    outer loop
      vertex -7.855570233019603 -8.131469612302546 -0.00495
      vertex -7.855570233019603 -8.131469612302546 0.005050000000000001
      vertex -7.895699304492434 -8.103207531480646 0.005050000000000001
    endloop
  endfacet
  facet normal 0 0 -1
    outer loop
      vertex -7.855570233019603 -8.131469612302546 -0.00495
      vertex -8.007106781186549 -8.007106781186549 -0.00495
      vertex -7.771396736825999 -8.181921264348356 -0.00495
    endloop
  endfacet
  facet normal 0 0 -1
    outer loop
      vertex -7.934393284163646 -8.073010453362738 -0.00495
      vertex -7.855570233019603 -8.131469612302546 -0.00495
      vertex -7.895699304492434 -8.103207531480646 -0.00495
    endloop
  endfacet
  facet normal -0.6152315905806282 -0.7883464276266051 1.2258921321545644e-16
    outer loop
      vertex -7.934393284163646 -8.073010453362738 -0.00495
      vertex -7.895699304492434 -8.103207531480646 -0.00495
      vertex -7.895699304492434 -8.103207531480646 0.005050000000000001
    endloop
  endfacet
  facet normal -0.5349976198871089 -0.8448535652496996 0
    outer loop
      vertex -7.855570233019603 -8.131469612302546 -0.00495
      vertex -7.814102744193223 -8.157728610000273 -0.00495
      vertex -7.855570233019603 -8.131469612302546 0.005050000000000001
    endloop
  endfacet
  facet normal 0 0 -1
    outer loop
      vertex -7.855570233019603 -8.131469612302546 -0.00495
      vertex -7.771396736825999 -8.181921264348356 -0.00495
      vertex -7.814102744193223 -8.157728610000273 -0.00495
    endloop
  endfacet
  facet normal -0.5349976198871089 -0.8448535652496996 -4.369913759878488e-17
    outer loop
      vertex -7.855570233019603 -8.131469612302546 0.005050000000000001
      vertex -7.814102744193223 -8.157728610000273 -0.00495
      vertex -7.814102744193223 -8.157728610000273 0.005050000000000001
    endloop
  endfacet
  facet normal 0 0 -1
    outer loop
      vertex -8.007106781186549 -8.007106781186549 -0.00495
      vertex -7.68268343236509 -8.223879532511287 -0.00495
      vertex -7.771396736825999 -8.181921264348356 -0.00495
    endloop
  endfacet
  facet normal -0.49289819222977843 -0.8700869911087146 0
    outer loop
      vertex -7.814102744193223 -8.157728610000273 -0.00495
      vertex -7.771396736825999 -8.181921264348356 0.005050000000000001
      vertex -7.814102744193223 -8.157728610000273 0.005050000000000001
    endloop
  endfacet
  facet normal -0.7242470829514729 -0.6895405447370607 0
    outer loop
      vertex -8.04095112535496 -7.971558954847019 -0.00495
      vertex -8.007106781186549 -8.007106781186549 -0.00495
      vertex -8.04095112535496 -7.971558954847019 0.005050000000000001
    endloop
  endfacet
  facet normal -0.7242470829514729 -0.6895405447370607 1.8613048138239457e-16
    outer loop
      vertex -8.04095112535496 -7.971558954847019 0.005050000000000001
      vertex -8.007106781186549 -8.007106781186549 -0.00495
      vertex -8.007106781186549 -8.007106781186549 0.005050000000000001
    endloop
  endfacet
  facet normal -0.6895405447370607 -0.7242470829514729 1.8613048138239457e-16
    outer loop
      vertex -7.971558954847019 -8.04095112535496 0.005050000000000001
      vertex -8.007106781186549 -8.007106781186549 0.005050000000000001
      vertex -8.007106781186549 -8.007106781186549 -0.00495
    endloop
  endfacet
  facet normal -0.6895405447370607 -0.7242470829514729 0
    outer loop
      vertex -7.971558954847019 -8.04095112535496 -0.00495
      vertex -7.971558954847019 -8.04095112535496 0.005050000000000001
      vertex -8.007106781186549 -8.007106781186549 -0.00495
    endloop
  endfacet
  facet normal 0 0 -1
    outer loop
      vertex -8.04095112535496 -7.971558954847019 -0.00495
      vertex -8.073010453362738 -7.934393284163646 -0.00495
      vertex -8.007106781186549 -8.007106781186549 -0.00495
    endloop
  endfacet
  facet normal 0 0 -1
    outer loop
      vertex -7.971558954847019 -8.04095112535496 -0.00495
      vertex -8.007106781186549 -8.007106781186549 -0.00495
      vertex -7.934393284163646 -8.073010453362738 -0.00495
    endloop
  endfacet
  facet normal -0.932992798834737 -0.35989503653499316 3.5145105410712124e-17
    outer loop
      vertex -8.223879532511287 -7.68268343236509 0.005050000000000001
      vertex -8.241544065183021 -7.636889853392221 0.005050000000000001
      vertex -8.241544065183021 -7.636889853392221 -0.00495
    endloop
  endfacet
  facet normal 0 0 -1
    outer loop
      vertex -8.203989293123444 -7.727555093430283 -0.00495
      vertex -8.223879532511287 -7.68268343236509 -0.00495
      vertex -8.181921264348356 -7.771396736825999 -0.00495
    endloop
  endfacet
  facet normal -0.8932243011955183 -0.4496113296546005 6.462560192373798e-17
    outer loop
      vertex -8.203989293123444 -7.727555093430283 0.005050000000000001
      vertex -8.181921264348356 -7.771396736825999 -0.00495
      vertex -8.181921264348356 -7.771396736825999 0.005050000000000001
    endloop
  endfacet
  facet normal 0 0 -1
    outer loop
      vertex -8.131469612302546 -7.855570233019603 -0.00495
      vertex -8.181921264348356 -7.771396736825999 -0.00495
      vertex -8.223879532511287 -7.68268343236509 -0.00495
    endloop
  endfacet
  facet normal -0.8932243011955183 -0.4496113296546005 0
    outer loop
      vertex -8.203989293123444 -7.727555093430283 -0.00495
      vertex -8.181921264348356 -7.771396736825999 -0.00495
      vertex -8.203989293123444 -7.727555093430283 0.005050000000000001
    endloop
  endfacet
  facet normal -0.914209755703534 -0.4052413140049827 0
    outer loop
      vertex -8.203989293123444 -7.727555093430283 -0.00495
      vertex -8.203989293123444 -7.727555093430283 0.005050000000000001
      vertex -8.223879532511287 -7.68268343236509 -0.00495
    endloop
  endfacet
  facet normal -0.914209755703534 -0.4052413140049827 1.0375808606099149e-16
    outer loop
      vertex -8.203989293123444 -7.727555093430283 0.005050000000000001
      vertex -8.223879532511287 -7.68268343236509 0.005050000000000001
      vertex -8.223879532511287 -7.68268343236509 -0.00495
    endloop
  endfacet
  facet normal -0.932992798834737 -0.35989503653499316 0
    outer loop
      vertex -8.223879532511287 -7.68268343236509 -0.00495
      vertex -8.223879532511287 -7.68268343236509 0.005050000000000001
      vertex -8.241544065183021 -7.636889853392221 -0.00495
    endloop
  endfacet
  facet normal 0 0 -1
    outer loop
      vertex -8.007106781186549 -8.007106781186549 -0.00495
      vertex -8.223879532511287 -7.68268343236509 -0.00495
      vertex -8.3 -7.300000000000001 -0.00495
    endloop
  endfacet
  facet normal 0 0 -1
    outer loop
      vertex -8.223879532511287 -7.68268343236509 -0.00495
      vertex -8.241544065183021 -7.636889853392221 -0.00495
      vertex -8.25694033573221 -7.590284677254463 -0.00495
    endloop
  endfacet
  facet normal -0.9495281805930307 -0.3136817403989097 0
    outer loop
      vertex -8.241544065183021 -7.636889853392221 -0.00495
      vertex -8.241544065183021 -7.636889853392221 0.005050000000000001
      vertex -8.25694033573221 -7.590284677254463 -0.00495
    endloop
  endfacet
  facet normal -0.9495281805930307 -0.3136817403989097 7.424109525557104e-17
    outer loop
      vertex -8.241544065183021 -7.636889853392221 0.005050000000000001
      vertex -8.25694033573221 -7.590284677254463 0.005050000000000001
      vertex -8.25694033573221 -7.590284677254463 -0.00495
    endloop
  endfacet
  facet normal 0 0 -1
    outer loop
      vertex -8.223879532511287 -7.68268343236509 -0.00495
      vertex -8.25694033573221 -7.590284677254463 -0.00495
      vertex -8.280785280403231 -7.495090322016129 -0.00495
    endloop
  endfacet
  facet normal 0 0 -1
    outer loop
      vertex -8.25694033573221 -7.590284677254463 -0.00495
      vertex -8.270031253194544 -7.542980179903265 -0.00495
      vertex -8.280785280403231 -7.495090322016129 -0.00495
    endloop
  endfacet
  facet normal -0.9757021300385256 -0.21910124015688293 0
    outer loop
      vertex -8.270031253194544 -7.542980179903265 -0.00495
      vertex -8.270031253194544 -7.542980179903265 0.005050000000000001
      vertex -8.280785280403231 -7.495090322016129 0.005050000000000001
    endloop
  endfacet
  facet normal -0.9637760657954466 -0.2667127574748739 0
    outer loop
      vertex -8.25694033573221 -7.590284677254463 -0.00495
      vertex -8.25694033573221 -7.590284677254463 0.005050000000000001
      vertex -8.270031253194544 -7.542980179903265 -0.00495
    endloop
  endfacet
  facet normal -0.9637760657954466 -0.2667127574748739 -7.934497710735335e-17
    outer loop
      vertex -8.25694033573221 -7.590284677254463 0.005050000000000001
      vertex -8.270031253194544 -7.542980179903265 0.005050000000000001
      vertex -8.270031253194544 -7.542980179903265 -0.00495
    endloop
  endfacet
  facet normal -0.9757021300385256 -0.21910124015688293 -9.260387099027372e-17
    outer loop
      vertex -8.270031253194544 -7.542980179903265 -0.00495
      vertex -8.280785280403231 -7.495090322016129 0.005050000000000001
      vertex -8.280785280403231 -7.495090322016129 -0.00495
    endloop
  endfacet
  facet normal 0 0 -1
    outer loop
      vertex -8.223879532511287 -7.68268343236509 -0.00495
      vertex -8.280785280403231 -7.495090322016129 -0.00495
      vertex -8.3 -7.300000000000001 -0.00495
    endloop
  endfacet
  facet normal -0.9852776423889434 -0.17096188876028862 -1.471406909311094e-17
    outer loop
      vertex -8.280785280403231 -7.495090322016129 -0.00495
      vertex -8.289176509964781 -7.446730474455363 0.005050000000000001
      vertex -8.289176509964781 -7.446730474455363 -0.00495
    endloop
  endfacet
  facet normal -0.9852776423889434 -0.17096188876028862 0
    outer loop
      vertex -8.280785280403231 -7.495090322016129 -0.00495
      vertex -8.280785280403231 -7.495090322016129 0.005050000000000001
      vertex -8.289176509964781 -7.446730474455363 0.005050000000000001
    endloop
  endfacet
  facet normal 0 0 -1
    outer loop
      vertex -8.280785280403231 -7.495090322016129 -0.00495
      vertex -8.289176509964781 -7.446730474455363 -0.00495
      vertex -8.295184726672197 -7.398017140329562 -0.00495
    endloop
  endfacet
  facet normal -0.9924795345987096 -0.12241067519921875 0
    outer loop
      vertex -8.289176509964781 -7.446730474455363 -0.00495
      vertex -8.289176509964781 -7.446730474455363 0.005050000000000001
      vertex -8.295184726672197 -7.398017140329562 -0.00495
    endloop
  endfacet
  facet normal -0.9924795345987096 -0.12241067519921875 -6.899163172176291e-18
    outer loop
      vertex -8.289176509964781 -7.446730474455363 0.005050000000000001
      vertex -8.295184726672197 -7.398017140329562 0.005050000000000001
      vertex -8.295184726672197 -7.398017140329562 -0.00495
    endloop
  endfacet
  facet normal 0 0 -1
    outer loop
      vertex -8.280785280403231 -7.495090322016129 -0.00495
      vertex -8.295184726672197 -7.398017140329562 -0.00495
      vertex -8.3 -7.300000000000001 -0.00495
    endloop
  endfacet
  facet normal -0.9972904566786889 -0.07356456359968419 0
    outer loop
      vertex -8.295184726672197 -7.398017140329562 -0.00495
      vertex -8.295184726672197 -7.398017140329562 0.005050000000000001
      vertex -8.298795456205173 -7.349067674327419 0.005050000000000001
    endloop
  endfacet
  facet normal -0.9972904566786889 -0.07356456359968419 -5.316206543072558e-18
    outer loop
      vertex -8.295184726672197 -7.398017140329562 -0.00495
      vertex -8.298795456205173 -7.349067674327419 0.005050000000000001
      vertex -8.298795456205173 -7.349067674327419 -0.00495
    endloop
  endfacet
  facet normal 0 0 -1
    outer loop
      vertex -8.295184726672197 -7.398017140329562 -0.00495
      vertex -8.298795456205173 -7.349067674327419 -0.00495
      vertex -8.3 -7.300000000000001 -0.00495
    endloop
  endfacet
  facet normal -0.9996988186962044 -0.024541228522907587 0
    outer loop
      vertex -8.298795456205173 -7.349067674327419 -0.00495
      vertex -8.298795456205173 -7.349067674327419 0.005050000000000001
      vertex -8.3 -7.300000000000001 -0.00495
    endloop
  endfacet
  facet normal -0.9996988186962044 -0.024541228522907587 1.1764332665181406e-18
    outer loop
      vertex -8.298795456205173 -7.349067674327419 0.005050000000000001
      vertex -8.3 -7.300000000000001 0.005050000000000001
      vertex -8.3 -7.300000000000001 -0.00495
    endloop
  endfacet
  facet normal -0.4496113296546005 -0.8932243011955183 0
    outer loop
      vertex -7.771396736825999 -8.181921264348356 -0.00495
      vertex -7.727555093430283 -8.203989293123444 0.005050000000000001
      vertex -7.771396736825999 -8.181921264348356 0.005050000000000001
    endloop
  endfacet
  facet normal 0 0 -1
    outer loop
      vertex -7.771396736825999 -8.181921264348356 -0.00495
      vertex -7.68268343236509 -8.223879532511287 -0.00495
      vertex -7.727555093430283 -8.203989293123444 -0.00495
    endloop
  endfacet
  facet normal -0.4496113296546005 -0.8932243011955183 6.462560192373798e-17
    outer loop
      vertex -7.771396736825999 -8.181921264348356 -0.00495
      vertex -7.727555093430283 -8.203989293123444 -0.00495
      vertex -7.727555093430283 -8.203989293123444 0.005050000000000001
    endloop
  endfacet
  facet normal -0.35989503653499316 -0.932992798834737 3.5145105410712124e-17
    outer loop
      vertex -7.68268343236509 -8.223879532511287 -0.00495
      vertex -7.636889853392221 -8.241544065183021 -0.00495
      vertex -7.636889853392221 -8.241544065183021 0.005050000000000001
    endloop
  endfacet
  facet normal -0.4052413140049827 -0.914209755703534 0
    outer loop
      vertex -7.727555093430283 -8.203989293123444 -0.00495
      vertex -7.68268343236509 -8.223879532511287 -0.00495
      vertex -7.727555093430283 -8.203989293123444 0.005050000000000001
    endloop
  endfacet
  facet normal -0.4052413140049827 -0.914209755703534 1.0375808606099149e-16
    outer loop
      vertex -7.727555093430283 -8.203989293123444 0.005050000000000001
      vertex -7.68268343236509 -8.223879532511287 -0.00495
      vertex -7.68268343236509 -8.223879532511287 0.005050000000000001
    endloop
  endfacet
  facet normal -0.35989503653499316 -0.932992798834737 0
    outer loop
      vertex -7.68268343236509 -8.223879532511287 -0.00495
      vertex -7.636889853392221 -8.241544065183021 0.005050000000000001
      vertex -7.68268343236509 -8.223879532511287 0.005050000000000001
    endloop
  endfacet
  facet normal 0 0 -1
    outer loop
      vertex -8.007106781186549 -8.007106781186549 -0.00495
      vertex -7.300000000000001 -8.3 -0.00495
      vertex -7.68268343236509 -8.223879532511287 -0.00495
    endloop
  endfacet
  facet normal 0 0 -1
    outer loop
      vertex -7.68268343236509 -8.223879532511287 -0.00495
      vertex -7.542980179903265 -8.270031253194544 -0.00495
      vertex -7.636889853392221 -8.241544065183021 -0.00495
    endloop
  endfacet
  facet normal -0.3136817403989097 -0.9495281805930307 0
    outer loop
      vertex -7.636889853392221 -8.241544065183021 -0.00495
      vertex -7.590284677254463 -8.25694033573221 0.005050000000000001
      vertex -7.636889853392221 -8.241544065183021 0.005050000000000001
    endloop
  endfacet
  facet normal -0.3136817403989097 -0.9495281805930307 7.424109525557104e-17
    outer loop
      vertex -7.636889853392221 -8.241544065183021 -0.00495
      vertex -7.590284677254463 -8.25694033573221 -0.00495
      vertex -7.590284677254463 -8.25694033573221 0.005050000000000001
    endloop
  endfacet
  facet normal 0 0 -1
    outer loop
      vertex -7.636889853392221 -8.241544065183021 -0.00495
      vertex -7.542980179903265 -8.270031253194544 -0.00495
      vertex -7.590284677254463 -8.25694033573221 -0.00495
    endloop
  endfacet
  facet normal 0 0 -1
    outer loop
      vertex -7.68268343236509 -8.223879532511287 -0.00495
      vertex -7.495090322016129 -8.280785280403231 -0.00495
      vertex -7.542980179903265 -8.270031253194544 -0.00495
    endloop
  endfacet
  facet normal -0.2667127574748739 -0.9637760657954466 0
    outer loop
      vertex -7.590284677254463 -8.25694033573221 -0.00495
      vertex -7.542980179903265 -8.270031253194544 -0.00495
      vertex -7.590284677254463 -8.25694033573221 0.005050000000000001
    endloop
  endfacet
  facet normal -0.2667127574748739 -0.9637760657954466 -7.934497710735335e-17
    outer loop
      vertex -7.590284677254463 -8.25694033573221 0.005050000000000001
      vertex -7.542980179903265 -8.270031253194544 -0.00495
      vertex -7.542980179903265 -8.270031253194544 0.005050000000000001
    endloop
  endfacet
  facet normal -0.21910124015688293 -0.9757021300385256 0
    outer loop
      vertex -7.542980179903265 -8.270031253194544 -0.00495
      vertex -7.495090322016129 -8.280785280403231 -0.00495
      vertex -7.542980179903265 -8.270031253194544 0.005050000000000001
    endloop
  endfacet
  facet normal -0.21910124015688293 -0.9757021300385256 -9.260387099027372e-17
    outer loop
      vertex -7.542980179903265 -8.270031253194544 0.005050000000000001
      vertex -7.495090322016129 -8.280785280403231 -0.00495
      vertex -7.495090322016129 -8.280785280403231 0.005050000000000001
    endloop
  endfacet
  facet normal 0 0 -1
    outer loop
      vertex -7.68268343236509 -8.223879532511287 -0.00495
      vertex -7.300000000000001 -8.3 -0.00495
      vertex -7.495090322016129 -8.280785280403231 -0.00495
    endloop
  endfacet
  facet normal -0.17096188876028862 -0.9852776423889434 0
    outer loop
      vertex -7.495090322016129 -8.280785280403231 -0.00495
      vertex -7.446730474455363 -8.289176509964781 0.005050000000000001
      vertex -7.495090322016129 -8.280785280403231 0.005050000000000001
    endloop
  endfacet
  facet normal -0.17096188876028862 -0.9852776423889434 -1.471406909311094e-17
    outer loop
      vertex -7.495090322016129 -8.280785280403231 -0.00495
      vertex -7.446730474455363 -8.289176509964781 -0.00495
      vertex -7.446730474455363 -8.289176509964781 0.005050000000000001
    endloop
  endfacet
  facet normal 0 0 -1
    outer loop
      vertex -7.495090322016129 -8.280785280403231 -0.00495
      vertex -7.398017140329562 -8.295184726672197 -0.00495
      vertex -7.446730474455363 -8.289176509964781 -0.00495
    endloop
  endfacet
  facet normal -0.12241067519921875 -0.9924795345987096 0
    outer loop
      vertex -7.446730474455363 -8.289176509964781 -0.00495
      vertex -7.398017140329562 -8.295184726672197 -0.00495
      vertex -7.446730474455363 -8.289176509964781 0.005050000000000001
    endloop
  endfacet
  facet normal -0.12241067519921875 -0.9924795345987096 -6.899163172176291e-18
    outer loop
      vertex -7.446730474455363 -8.289176509964781 0.005050000000000001
      vertex -7.398017140329562 -8.295184726672197 -0.00495
      vertex -7.398017140329562 -8.295184726672197 0.005050000000000001
    endloop
  endfacet
  facet normal 0 0 -1
    outer loop
      vertex -7.495090322016129 -8.280785280403231 -0.00495
      vertex -7.300000000000001 -8.3 -0.00495
      vertex -7.398017140329562 -8.295184726672197 -0.00495
    endloop
  endfacet
  facet normal -0.07356456359968419 -0.9972904566786889 0
    outer loop
      vertex -7.398017140329562 -8.295184726672197 -0.00495
      vertex -7.349067674327419 -8.298795456205173 0.005050000000000001
      vertex -7.398017140329562 -8.295184726672197 0.005050000000000001
    endloop
  endfacet
  facet normal -0.07356456359968419 -0.9972904566786889 -5.316206543072558e-18
    outer loop
      vertex -7.398017140329562 -8.295184726672197 -0.00495
      vertex -7.349067674327419 -8.298795456205173 -0.00495
      vertex -7.349067674327419 -8.298795456205173 0.005050000000000001
    endloop
  endfacet
  facet normal 0 0 -1
    outer loop
      vertex -7.398017140329562 -8.295184726672197 -0.00495
      vertex -7.300000000000001 -8.3 -0.00495
      vertex -7.349067674327419 -8.298795456205173 -0.00495
    endloop
  endfacet
  facet normal -0.024541228522907587 -0.9996988186962044 0
    outer loop
      vertex -7.349067674327419 -8.298795456205173 -0.00495
      vertex -7.300000000000001 -8.3 -0.00495
      vertex -7.349067674327419 -8.298795456205173 0.005050000000000001
    endloop
  endfacet
  facet normal -0.024541228522907587 -0.9996988186962044 1.1764332665181406e-18
    outer loop
      vertex -7.349067674327419 -8.298795456205173 0.005050000000000001
      vertex -7.300000000000001 -8.3 -0.00495
      vertex -7.300000000000001 -8.3 0.005050000000000001
    endloop
  endfacet
  facet normal -0.7273058488569466 -0.5675950553590765 0.38582645755624817
    outer loop
      vertex -8.073010453362738 -7.934393284163646 0.005050000000000001
      vertex -5.67414400730359 -5.342981332147682 8.339320872907626
      vertex -8.103207531480646 -7.895699304492434 0.005050000000000001
    endloop
  endfacet
  facet normal -0.8074946719061397 -0.4574400813768562 0.37242573325849976
    outer loop
      vertex -8.157728610000273 -7.814102744193223 0.005050000000000001
      vertex -5.945895442557469 -4.968066355749365 8.2964604456989
      vertex -8.181921264348356 -7.771396736825999 0.005050000000000001
    endloop
  endfacet
  facet normal -0.8313581852729585 -0.41847054384830473 0.3656856186821642
    outer loop
      vertex -8.203989293123444 -7.727555093430283 0.005050000000000001
      vertex -8.181921264348356 -7.771396736825999 0.005050000000000001
      vertex -5.945895442557469 -4.968066355749365 8.2964604456989
    endloop
  endfacet
  facet normal -0.7821623665199151 -0.4952988561156716 0.37802258600574773
    outer loop
      vertex -8.131469612302546 -7.855570233019603 0.005050000000000001
      vertex -5.819434562613994 -5.161229269220757 8.319079160280822
      vertex -8.157728610000273 -7.814102744193223 0.005050000000000001
    endloop
  endfacet
  facet normal -0.755416524630346 -0.5320243426951955 0.38248656590154234
    outer loop
      vertex -8.131469612302546 -7.855570233019603 0.005050000000000001
      vertex -8.103207531480646 -7.895699304492434 0.005050000000000001
      vertex -5.819434562613994 -5.161229269220757 8.319079160280822
    endloop
  endfacet
  facet normal -0.8934785307700859 -0.29516543718163185 0.3384870451676175
    outer loop
      vertex -8.241544065183021 -7.636889853392221 0.005050000000000001
      vertex -6.09774376070396 -4.661331746602314 8.258605034512373
      vertex -8.25694033573221 -7.590284677254463 0.005050000000000001
    endloop
  endfacet
  facet normal -0.9107737197683217 -0.25204503292429115 0.32705432692072367
    outer loop
      vertex -8.25694033573221 -7.590284677254463 0.005050000000000001
      vertex -6.172422458241353 -4.448574078534332 8.231134876568712
      vertex -8.270031253194544 -7.542980179903265 0.005050000000000001
    endloop
  endfacet
  facet normal -0.9262183392288568 -0.20798928334109315 0.3144201744344613
    outer loop
      vertex -8.270031253194544 -7.542980179903265 0.005050000000000001
      vertex -6.172422458241353 -4.448574078534332 8.231134876568712
      vertex -8.280785280403231 -7.495090322016129 0.005050000000000001
    endloop
  endfacet
  facet normal -0.9397160782499555 -0.16305620743254814 0.3005767214809513
    outer loop
      vertex -8.280785280403231 -7.495090322016129 0.005050000000000001
      vertex -6.225100316877607 -4.231710562711068 8.202206875178282
      vertex -8.289176509964781 -7.446730474455363 0.005050000000000001
    endloop
  endfacet
  facet normal -0.9511654826858322 -0.11731507290862267 0.2855195233525587
    outer loop
      vertex -8.289176509964781 -7.446730474455363 0.005050000000000001
      vertex -6.225100316877607 -4.231710562711068 8.202206875178282
      vertex -8.295184726672197 -7.398017140329562 0.005050000000000001
    endloop
  endfacet
  facet normal -0.9604612056723596 -0.07084787483580408 0.26924867878904696
    outer loop
      vertex -8.295184726672197 -7.398017140329562 0.005050000000000001
      vertex -6.243011082861526 -4.122342042614836 8.1874774920034
      vertex -8.298795456205173 -7.349067674327419 0.005050000000000001
    endloop
  endfacet
  facet normal -0.8536907362335877 -0.37841507766338844 0.35779065927713494
    outer loop
      vertex -8.203989293123444 -7.727555093430283 0.005050000000000001
      vertex -6.052339040844897 -4.765496101106585 8.271704242970577
      vertex -8.223879532511287 -7.68268343236509 0.005050000000000001
    endloop
  endfacet
  facet normal -0.8744230179649986 -0.3373021789563626 0.34872858461025796
    outer loop
      vertex -8.223879532511287 -7.68268343236509 0.005050000000000001
      vertex -6.09774376070396 -4.661331746602314 8.258605034512373
      vertex -8.241544065183021 -7.636889853392221 0.005050000000000001
    endloop
  endfacet
  facet normal -0.5675950553590765 -0.7273058488569466 0.38582645755624806
    outer loop
      vertex -7.934393284163646 -8.073010453362738 0.005050000000000001
      vertex -7.895699304492434 -8.103207531480646 0.005050000000000001
      vertex -5.332485921147254 -5.664428419912345 8.373075289349218
    endloop
  endfacet
  facet normal -0.4574400813768561 -0.8074946719061395 0.37242573325849987
    outer loop
      vertex -7.814102744193223 -8.157728610000273 0.005050000000000001
      vertex -7.771396736825999 -8.181921264348356 0.005050000000000001
      vertex -5.0381256469160745 -5.862087305888254 8.392121654870873
    endloop
  endfacet
  facet normal -0.5320243426951955 -0.7554165246303461 0.3824865659015424
    outer loop
      vertex -7.855570233019603 -8.131469612302546 0.005050000000000001
      vertex -5.237575367522585 -5.734734586382394 8.380168309542055
      vertex -7.895699304492434 -8.103207531480646 0.005050000000000001
    endloop
  endfacet
  facet normal -0.49529885611567165 -0.7821623665199153 0.3780225860057476
    outer loop
      vertex -7.855570233019603 -8.131469612302546 0.005050000000000001
      vertex -7.814102744193223 -8.157728610000273 0.005050000000000001
      vertex -5.139372678612478 -5.800679251303363 8.386522863250528
    endloop
  endfacet
  facet normal -0.4184705438483048 -0.8313581852729586 0.3656856186821643
    outer loop
      vertex -7.771396736825999 -8.181921264348356 0.005050000000000001
      vertex -7.727555093430283 -8.203989293123444 0.005050000000000001
      vertex -4.934090982267041 -5.918795599840291 8.396949409999879
    endloop
  endfacet
  facet normal -0.3784150776633884 -0.8536907362335876 0.35779065927713505
    outer loop
      vertex -7.727555093430283 -8.203989293123444 0.005050000000000001
      vertex -7.68268343236509 -8.223879532511287 0.005050000000000001
      vertex -4.827533566301393 -5.970653491144909 8.400992930793652
    endloop
  endfacet
  facet normal -0.25204503292429115 -0.9107737197683214 0.32705432692072395
    outer loop
      vertex -7.590284677254463 -8.25694033573221 0.005050000000000001
      vertex -7.542980179903265 -8.270031253194544 0.005050000000000001
      vertex -4.468697390065704 -6.103158867437025 8.408510537884936
    endloop
  endfacet
  facet normal -0.33730217895636255 -0.8744230179649984 0.3487285846102579
    outer loop
      vertex -7.68268343236509 -8.223879532511287 0.005050000000000001
      vertex -7.636889853392221 -8.241544065183021 0.005050000000000001
      vertex -4.718725671681332 -6.017523353754363 8.404241144084509
    endloop
  endfacet
  facet normal -0.29516543718163185 -0.8934785307700859 0.33848704516761746
    outer loop
      vertex -7.636889853392221 -8.241544065183021 0.005050000000000001
      vertex -7.590284677254463 -8.25694033573221 0.005050000000000001
      vertex -4.607946149449167 -6.059281040325368 8.40668514195452
    endloop
  endfacet
  facet normal -0.20798928334109312 -0.9262183392288567 0.31442017443446124
    outer loop
      vertex -7.542980179903265 -8.270031253194544 0.005050000000000001
      vertex -7.495090322016129 -8.280785280403231 0.005050000000000001
      vertex -4.381379738713869 -6.126873350089025 8.409762478919808
    endloop
  endfacet
  facet normal -0.16305620743254814 -0.9397160782499555 0.3005767214809514
    outer loop
      vertex -7.495090322016129 -8.280785280403231 0.005050000000000001
      vertex -7.446730474455363 -8.289176509964781 0.005050000000000001
      vertex -4.266091613991432 -6.152483935822562 8.41058208362369
    endloop
  endfacet
  facet normal -0.11731507290862268 -0.9511654826858322 0.28551952335255865
    outer loop
      vertex -7.446730474455363 -8.289176509964781 0.005050000000000001
      vertex -7.398017140329562 -8.295184726672197 0.005050000000000001
      vertex -4.149983391392136 -6.17263062360089 8.410582083623689
    endloop
  endfacet
  facet normal -0.0708478748358041 -0.9604612056723598 0.2692486787890469
    outer loop
      vertex -7.398017140329562 -8.295184726672197 0.005050000000000001
      vertex -7.349067674327419 -8.298795456205173 0.005050000000000001
      vertex -4.033354587858957 -6.187261442304313 8.409762478919808
    endloop
  endfacet
  facet normal -0.6671550401249878 -0.6351844013194092 0.3891592588598266
    outer loop
      vertex -8.04095112535496 -7.971558954847019 0.005050000000000001
      vertex -8.007106781186549 -8.007106781186549 0.005050000000000001
      vertex -5.594867071225665 -5.428980093661755 8.348481803586093
    endloop
  endfacet
  facet normal -0.6351844013194092 -0.6671550401249879 0.38915925885982655
    outer loop
      vertex -7.971558954847019 -8.04095112535496 0.005050000000000001
      vertex -5.511423503906989 -5.511423503906989 8.35696940409441
      vertex -8.007106781186549 -8.007106781186549 0.005050000000000001
    endloop
  endfacet
  facet normal -0.6978729712000237 -0.6019893649187762 0.38804912136627673
    outer loop
      vertex -8.04095112535496 -7.971558954847019 0.005050000000000001
      vertex -5.594867071225665 -5.428980093661755 8.348481803586093
      vertex -8.073010453362738 -7.934393284163646 0.005050000000000001
    endloop
  endfacet
  facet normal -0.6019893649187764 -0.6978729712000237 0.3880491213662768
    outer loop
      vertex -7.971558954847019 -8.04095112535496 0.005050000000000001
      vertex -7.934393284163646 -8.073010453362738 0.005050000000000001
      vertex -5.423866171506515 -5.58994723033933 8.36526305721895
    endloop
  endfacet
  facet normal -0.9674956130081708 -0.023750684195776202 0.2517700216669497
    outer loop
      vertex -8.298795456205173 -7.349067674327419 0.005050000000000001
      vertex -6.255267664612675 -4.012714648001325 8.172602383341799
      vertex -8.3 -7.300000000000001 0.005050000000000001
    endloop
  endfacet
  facet normal -0.0237506841957762 -0.9674956130081708 0.25177002166694956
    outer loop
      vertex -7.349067674327419 -8.298795456205173 0.005050000000000001
      vertex -7.300000000000001 -8.3 0.005050000000000001
      vertex -3.9165061018445213 -6.196339596656799 8.40812552320753
    endloop
  endfacet
  facet normal 0 0 -1
    outer loop
      vertex -8.007106781186549 -8.007106781186549 -0.00495
      vertex -8.3 -7.300000000000001 -0.00495
      vertex -8.298795456205173 7.349067674327419 -0.00495
    endloop
  endfacet
  facet normal -1 0 0
    outer loop
      vertex -8.3 -7.300000000000001 -0.00495
      vertex -8.3 -7.300000000000001 0.005050000000000001
      vertex -8.3 7.300000000000001 0.005050000000000001
    endloop
  endfacet
  facet normal 0 0 -1
    outer loop
      vertex -8.007106781186549 -8.007106781186549 -0.00495
      vertex -6.5 6.5 -0.00495
      vertex -6.5 -6.5 -0.00495
    endloop
  endfacet
  facet normal 0 -1 0
    outer loop
      vertex -7.300000000000001 -8.3 -0.00495
      vertex 7.300000000000001 -8.3 0.005050000000000001
      vertex -7.300000000000001 -8.3 0.005050000000000001
    endloop
  endfacet
  facet normal 0 0 -1
    outer loop
      vertex -8.007106781186549 -8.007106781186549 -0.00495
      vertex 8.3 -7.300000000000001 -0.00495
      vertex -7.300000000000001 -8.3 -0.00495
    endloop
  endfacet
  facet normal 0 0 -1
    outer loop
      vertex -8.007106781186549 -8.007106781186549 -0.00495
      vertex -6.5 -6.5 -0.00495
      vertex 6.5 -6.5 -0.00495
    endloop
  endfacet
  facet normal -0.6978729712000181 -0.6019893649187826 0.38804912136627706
    outer loop
      vertex -8.073010453362738 -7.934393284163646 0.005050000000000001
      vertex -5.594867071225665 -5.428980093661755 8.348481803586093
      vertex -5.67414400730359 -5.342981332147682 8.339320872907626
    endloop
  endfacet
  facet normal -0.6671550401249916 -0.6351844013194058 0.38915925885982594
    outer loop
      vertex -8.007106781186549 -8.007106781186549 0.005050000000000001
      vertex -5.511423503906989 -5.511423503906989 8.35696940409441
      vertex -5.594867071225665 -5.428980093661755 8.348481803586093
    endloop
  endfacet
  facet normal -0.6351844013194047 -0.6671550401249926 0.38915925885982605
    outer loop
      vertex -7.971558954847019 -8.04095112535496 0.005050000000000001
      vertex -5.485073454493025 -5.535140700753002 8.359318295782018
      vertex -5.511423503906989 -5.511423503906989 8.35696940409441
    endloop
  endfacet
  facet normal -0.6351844013194047 -0.667155040124992 0.38915925885982683
    outer loop
      vertex -7.971558954847019 -8.04095112535496 0.005050000000000001
      vertex -5.423866171506515 -5.58994723033933 8.36526305721895
      vertex -5.485073454493025 -5.535140700753002 8.359318295782018
    endloop
  endfacet
  facet normal -0.6019893649187859 -0.697872971200015 0.3880491213662772
    outer loop
      vertex -7.934393284163646 -8.073010453362738 0.005050000000000001
      vertex -5.332485921147254 -5.664428419912345 8.373075289349218
      vertex -5.423866171506515 -5.58994723033933 8.36526305721895
    endloop
  endfacet
  facet normal -0.8536907362335848 -0.37841507766339383 0.3577906592771361
    outer loop
      vertex -8.203989293123444 -7.727555093430283 0.005050000000000001
      vertex -6.00168504546801 -4.867828525741678 8.284333734751678
      vertex -6.052339040844897 -4.765496101106585 8.271704242970577
    endloop
  endfacet
  facet normal -0.8934785307700921 -0.29516543718161703 0.33848704516761424
    outer loop
      vertex -8.25694033573221 -7.590284677254463 0.005050000000000001
      vertex -6.09774376070396 -4.661331746602314 8.258605034512373
      vertex -6.1377998619554095 -4.555601518598472 8.245070225461738
    endloop
  endfacet
  facet normal -0.8744230179650028 -0.3373021789563533 0.34872858461025674
    outer loop
      vertex -8.223879532511287 -7.68268343236509 0.005050000000000001
      vertex -6.052339040844897 -4.765496101106585 8.271704242970577
      vertex -6.09774376070396 -4.661331746602314 8.258605034512373
    endloop
  endfacet
  facet normal -0.9107737197683132 -0.2520450329243133 0.3270543269207302
    outer loop
      vertex -8.25694033573221 -7.590284677254463 0.005050000000000001
      vertex -6.1377998619554095 -4.555601518598472 8.245070225461738
      vertex -6.172422458241353 -4.448574078534332 8.231134876568712
    endloop
  endfacet
  facet normal -0.926218339228862 -0.2079892833410771 0.31442017443445625
    outer loop
      vertex -8.280785280403231 -7.495090322016129 0.005050000000000001
      vertex -6.172422458241353 -4.448574078534332 8.231134876568712
      vertex -6.201541201842694 -4.340519912879455 8.216834884940068
    endloop
  endfacet
  facet normal -0.939716078249952 -0.16305620743256088 0.300576721480955
    outer loop
      vertex -8.280785280403231 -7.495090322016129 0.005050000000000001
      vertex -6.201541201842694 -4.340519912879455 8.216834884940068
      vertex -6.225100316877607 -4.231710562711068 8.202206875178282
    endloop
  endfacet
  facet normal -0.9511654826858352 -0.11731507290861048 0.2855195233525534
    outer loop
      vertex -8.295184726672197 -7.398017140329562 0.005050000000000001
      vertex -6.225100316877607 -4.231710562711068 8.202206875178282
      vertex -6.232859989913048 -4.184485764911086 8.195760546991584
    endloop
  endfacet
  facet normal -0.9511654826858316 -0.11731507290862599 0.2855195233525601
    outer loop
      vertex -8.295184726672197 -7.398017140329562 0.005050000000000001
      vertex -6.232859989913048 -4.184485764911086 8.195760546991584
      vertex -6.243011082861526 -4.122342042614836 8.1874774920034
    endloop
  endfacet
  facet normal -0.7821623665199203 -0.49529885611566427 0.378022586005747
    outer loop
      vertex -8.157728610000273 -7.814102744193223 0.005050000000000001
      vertex -5.819434562613994 -5.161229269220757 8.319079160280822
      vertex -5.885098042264482 -5.0659511077393615 8.308052469291633
    endloop
  endfacet
  facet normal -0.75541652463035 -0.5320243426951907 0.3824865659015417
    outer loop
      vertex -8.103207531480646 -7.895699304492434 0.005050000000000001
      vertex -5.7490603432704015 -5.253653084339252 8.329511235726155
      vertex -5.819434562613994 -5.161229269220757 8.319079160280822
    endloop
  endfacet
  facet normal -0.7273058488569458 -0.5675950553590778 0.3858264575562472
    outer loop
      vertex -8.103207531480646 -7.895699304492434 0.005050000000000001
      vertex -5.67414400730359 -5.342981332147682 8.339320872907626
      vertex -5.7490603432704015 -5.253653084339252 8.329511235726155
    endloop
  endfacet
  facet normal -0.8313581852729548 -0.41847054384831106 0.3656856186821655
    outer loop
      vertex -8.203989293123444 -7.727555093430283 0.005050000000000001
      vertex -5.945895442557469 -4.968066355749365 8.2964604456989
      vertex -6.00168504546801 -4.867828525741678 8.284333734751678
    endloop
  endfacet
  facet normal -0.8074946719061343 -0.45744008137686404 0.37242573325850137
    outer loop
      vertex -8.157728610000273 -7.814102744193223 0.005050000000000001
      vertex -5.885098042264482 -5.0659511077393615 8.308052469291633
      vertex -5.945895442557469 -4.968066355749365 8.2964604456989
    endloop
  endfacet
  facet normal -0.9674956130081699 -0.02375068419578314 0.2517700216669526
    outer loop
      vertex -8.3 -7.300000000000001 0.005050000000000001
      vertex -6.255267664612675 -4.012714648001325 8.172602383341799
      vertex -6.261893766778997 -3.903156277964996 8.15747493288401
    endloop
  endfacet
  facet normal -0.9604612056723625 -0.07084787483578754 0.2692486787890413
    outer loop
      vertex -8.298795456205173 -7.349067674327419 0.005050000000000001
      vertex -6.243011082861526 -4.122342042614836 8.1874774920034
      vertex -6.255267664612675 -4.012714648001325 8.172602383341799
    endloop
  endfacet
  facet normal -0.9701425001453318 -9.961708469224071e-17 0.2425356250363331
    outer loop
      vertex -8.3 -7.300000000000001 0.005050000000000001
      vertex -6.261893766778997 -3.903156277964996 8.15747493288401
      vertex -6.349622371721489 -1.3835057049784985 7.806560513114043
    endloop
  endfacet
  facet normal -0.5675950553590744 -0.727305848856948 0.38582645755624834
    outer loop
      vertex -7.895699304492434 -8.103207531480646 0.005050000000000001
      vertex -5.237575367522585 -5.734734586382394 8.380168309542055
      vertex -5.332485921147254 -5.664428419912345 8.373075289349218
    endloop
  endfacet
  facet normal -0.5320243426952035 -0.7554165246303403 0.382486565901543
    outer loop
      vertex -7.855570233019603 -8.131469612302546 0.005050000000000001
      vertex -5.139372678612478 -5.800679251303363 8.386522863250528
      vertex -5.237575367522585 -5.734734586382394 8.380168309542055
    endloop
  endfacet
  facet normal -0.49529885611565355 -0.7821623665199279 0.37802258600574506
    outer loop
      vertex -7.814102744193223 -8.157728610000273 0.005050000000000001
      vertex -5.0381256469160745 -5.862087305888254 8.392121654870873
      vertex -5.139372678612478 -5.800679251303363 8.386522863250528
    endloop
  endfacet
  facet normal -0.45744008137686487 -0.8074946719061338 0.37242573325850153
    outer loop
      vertex -7.771396736825999 -8.181921264348356 0.005050000000000001
      vertex -4.934090982267041 -5.918795599840291 8.396949409999879
      vertex -5.0381256469160745 -5.862087305888254 8.392121654870873
    endloop
  endfacet
  facet normal -0.418470543848309 -0.831358185272956 0.36568561868216515
    outer loop
      vertex -7.727555093430283 -8.203989293123444 0.005050000000000001
      vertex -4.827533566301393 -5.970653491144909 8.400992930793652
      vertex -4.934090982267041 -5.918795599840291 8.396949409999879
    endloop
  endfacet
  facet normal -0.3784150776633881 -0.8536907362335875 0.3577906592771356
    outer loop
      vertex -7.68268343236509 -8.223879532511287 0.005050000000000001
      vertex -4.718725671681332 -6.017523353754363 8.404241144084509
      vertex -4.827533566301393 -5.970653491144909 8.400992930793652
    endloop
  endfacet
  facet normal -0.3373021789563644 -0.8744230179649973 0.34872858461025885
    outer loop
      vertex -7.636889853392221 -8.241544065183021 0.005050000000000001
      vertex -4.607946149449167 -6.059281040325368 8.40668514195452
      vertex -4.718725671681332 -6.017523353754363 8.404241144084509
    endloop
  endfacet
  facet normal -0.2520450329243024 -0.9107737197683183 0.3270543269207245
    outer loop
      vertex -7.590284677254463 -8.25694033573221 0.005050000000000001
      vertex -4.468697390065704 -6.103158867437025 8.408510537884936
      vertex -4.4954795881307765 -6.095816297426678 8.408318214509473
    endloop
  endfacet
  facet normal -0.295165437181617 -0.893478530770092 0.33848704516761446
    outer loop
      vertex -7.590284677254463 -8.25694033573221 0.005050000000000001
      vertex -4.4954795881307765 -6.095816297426678 8.408318214509473
      vertex -4.607946149449167 -6.059281040325368 8.40668514195452
    endloop
  endfacet
  facet normal -0.25204503292431923 -0.9107737197683111 0.32705432692073155
    outer loop
      vertex -7.542980179903265 -8.270031253194544 0.005050000000000001
      vertex -4.381379738713869 -6.126873350089025 8.409762478919808
      vertex -4.468697390065704 -6.103158867437025 8.408510537884936
    endloop
  endfacet
  facet normal -0.20798928334108216 -0.92621833922886 0.3144201744344588
    outer loop
      vertex -7.495090322016129 -8.280785280403231 0.005050000000000001
      vertex -4.266091613991432 -6.152483935822562 8.41058208362369
      vertex -4.381379738713869 -6.126873350089025 8.409762478919808
    endloop
  endfacet
  facet normal -0.11731507290862163 -0.9511654826858325 0.28551952335255854
    outer loop
      vertex -7.398017140329562 -8.295184726672197 0.005050000000000001
      vertex -4.033354587858957 -6.187261442304313 8.409762478919808
      vertex -4.149983391392136 -6.17263062360089 8.410582083623689
    endloop
  endfacet
  facet normal -0.1630562074325547 -0.9397160782499536 0.30057672148095355
    outer loop
      vertex -7.446730474455363 -8.289176509964781 0.005050000000000001
      vertex -4.149983391392136 -6.17263062360089 8.410582083623689
      vertex -4.266091613991432 -6.152483935822562 8.41058208362369
    endloop
  endfacet
  facet normal -0.07084787483578514 -0.960461205672363 0.2692486787890402
    outer loop
      vertex -7.349067674327419 -8.298795456205173 0.005050000000000001
      vertex -3.9165061018445213 -6.196339596656799 8.40812552320753
      vertex -4.033354587858957 -6.187261442304313 8.409762478919808
    endloop
  endfacet
  facet normal -0.023750684195783654 -0.9674956130081703 0.2517700216669513
    outer loop
      vertex -7.300000000000001 -8.3 0.005050000000000001
      vertex -3.799739285198831 -6.199843571119299 8.405675715522806
      vertex -3.9165061018445213 -6.196339596656799 8.40812552320753
    endloop
  endfacet
  facet normal -1.5947503581676618e-15 -0.9701425001453317 0.24253562503633405
    outer loop
      vertex -7.300000000000001 -8.3 0.005050000000000001
      vertex -3.3472182029349593 -6.202612205624722 8.394601177501118
      vertex -3.799739285198831 -6.199843571119299 8.405675715522806
    endloop
  endfacet
  facet normal 8.718132382250696e-16 -0.9701425001453321 0.24253562503633253
    outer loop
      vertex -7.300000000000001 -8.3 0.005050000000000001
      vertex -2.222954522979733 -6.207536035719011 8.374905857123958
      vertex -3.3472182029349593 -6.202612205624722 8.394601177501118
    endloop
  endfacet
  facet normal -0.9701425001453318 1.6683184669773994e-17 0.24253562503633297
    outer loop
      vertex -8.3 -7.300000000000001 0.005050000000000001
      vertex -6.349622371721489 -1.3835057049784985 7.806560513114043
      vertex -6.413046210954846 0.4735139831012337 7.552865156180616
    endloop
  endfacet
  facet normal -0.9701425001453317 -4.3818343914998593e-16 0.24253562503633358
    outer loop
      vertex -8.3 -7.300000000000001 0.005050000000000001
      vertex -6.413046210954846 0.4735139831012337 7.552865156180616
      vertex -6.421823309809863 0.8588470702933455 7.517756760760549
    endloop
  endfacet
  facet normal -0.970142500145332 1.6601835469375383e-16 0.24253562503633286
    outer loop
      vertex -8.3 -7.300000000000001 0.005050000000000001
      vertex -6.421823309809863 0.8588470702933455 7.517756760760549
      vertex -6.4628267029615225 2.6980010089660786 7.35374318815391
    endloop
  endfacet
  facet normal 3.8223268297922173e-17 -0.9701425001453319 0.24253562503633308
    outer loop
      vertex -7.300000000000001 -8.3 0.005050000000000001
      vertex -1.1089387886018682 -6.210467609477847 8.363179562088613
      vertex -2.222954522979733 -6.207536035719011 8.374905857123958
    endloop
  endfacet
  facet normal 2.501699182972688e-18 -0.9701425001453319 0.24253562503633302
    outer loop
      vertex -7.300000000000001 -8.3 0.005050000000000001
      vertex 0 -6.211441045242147 8.359285819031415
      vertex -1.1089387886018682 -6.210467609477847 8.363179562088613
    endloop
  endfacet
  facet normal -1 0 0
    outer loop
      vertex -8.3 -7.300000000000001 -0.00495
      vertex -8.3 7.300000000000001 0.005050000000000001
      vertex -8.3 7.300000000000001 -0.00495
    endloop
  endfacet
  facet normal 0 0 -1
    outer loop
      vertex -8.3 -7.300000000000001 -0.00495
      vertex -8.3 7.300000000000001 -0.00495
      vertex -8.298795456205173 7.349067674327419 -0.00495
    endloop
  endfacet
  facet normal 0 0 -1
    outer loop
      vertex -8.007106781186549 -8.007106781186549 -0.00495
      vertex -8.298795456205173 7.349067674327419 -0.00495
      vertex -7.300000000000001 8.3 -0.00495
    endloop
  endfacet
  facet normal 0 0 -1
    outer loop
      vertex -8.007106781186549 -8.007106781186549 -0.00495
      vertex -7.300000000000001 8.3 -0.00495
      vertex -6.5 6.5 -0.00495
    endloop
  endfacet
  facet normal -0.9701425001453319 0 0.24253562503633305
    outer loop
      vertex -8.3 -7.300000000000001 0.005050000000000001
      vertex -6.4628267029615225 2.6980010089660786 7.35374318815391
      vertex -8.3 7.300000000000001 0.005050000000000001
    endloop
  endfacet
  facet normal -0.9996988186962044 0.024541228522907587 0
    outer loop
      vertex -8.3 7.300000000000001 -0.00495
      vertex -8.3 7.300000000000001 0.005050000000000001
      vertex -8.298795456205173 7.349067674327419 -0.00495
    endloop
  endfacet
  facet normal -0.9996988186962044 0.024541228522907587 -1.1764332665181406e-18
    outer loop
      vertex -8.3 7.300000000000001 0.005050000000000001
      vertex -8.298795456205173 7.349067674327419 0.005050000000000001
      vertex -8.298795456205173 7.349067674327419 -0.00495
    endloop
  endfacet
  facet normal -0.9972904566786889 0.07356456359968419 0
    outer loop
      vertex -8.298795456205173 7.349067674327419 -0.00495
      vertex -8.298795456205173 7.349067674327419 0.005050000000000001
      vertex -8.295184726672197 7.398017140329562 0.005050000000000001
    endloop
  endfacet
  facet normal -0.9972904566786889 0.07356456359968419 5.316206543072558e-18
    outer loop
      vertex -8.298795456205173 7.349067674327419 -0.00495
      vertex -8.295184726672197 7.398017140329562 0.005050000000000001
      vertex -8.295184726672197 7.398017140329562 -0.00495
    endloop
  endfacet
  facet normal 0 0 -1
    outer loop
      vertex -8.298795456205173 7.349067674327419 -0.00495
      vertex -8.295184726672197 7.398017140329562 -0.00495
      vertex -8.280785280403231 7.495090322016129 -0.00495
    endloop
  endfacet
  facet normal -0.9924795345987096 0.12241067519921875 0
    outer loop
      vertex -8.295184726672197 7.398017140329562 -0.00495
      vertex -8.295184726672197 7.398017140329562 0.005050000000000001
      vertex -8.289176509964781 7.446730474455363 0.005050000000000001
    endloop
  endfacet
  facet normal -0.9924795345987096 0.12241067519921875 6.899163172176291e-18
    outer loop
      vertex -8.295184726672197 7.398017140329562 -0.00495
      vertex -8.289176509964781 7.446730474455363 0.005050000000000001
      vertex -8.289176509964781 7.446730474455363 -0.00495
    endloop
  endfacet
  facet normal 0 0 -1
    outer loop
      vertex -8.295184726672197 7.398017140329562 -0.00495
      vertex -8.289176509964781 7.446730474455363 -0.00495
      vertex -8.280785280403231 7.495090322016129 -0.00495
    endloop
  endfacet
  facet normal -0.9852776423889434 0.17096188876028862 0
    outer loop
      vertex -8.289176509964781 7.446730474455363 -0.00495
      vertex -8.289176509964781 7.446730474455363 0.005050000000000001
      vertex -8.280785280403231 7.495090322016129 0.005050000000000001
    endloop
  endfacet
  facet normal -0.9852776423889434 0.17096188876028862 1.471406909311094e-17
    outer loop
      vertex -8.289176509964781 7.446730474455363 -0.00495
      vertex -8.280785280403231 7.495090322016129 0.005050000000000001
      vertex -8.280785280403231 7.495090322016129 -0.00495
    endloop
  endfacet
  facet normal 0 0 -1
    outer loop
      vertex -8.298795456205173 7.349067674327419 -0.00495
      vertex -8.280785280403231 7.495090322016129 -0.00495
      vertex -8.241544065183021 7.636889853392221 -0.00495
    endloop
  endfacet
  facet normal -0.9757021300385256 0.21910124015688293 0
    outer loop
      vertex -8.280785280403231 7.495090322016129 -0.00495
      vertex -8.280785280403231 7.495090322016129 0.005050000000000001
      vertex -8.270031253194544 7.542980179903265 0.005050000000000001
    endloop
  endfacet
  facet normal -0.9757021300385256 0.21910124015688293 9.260387099027372e-17
    outer loop
      vertex -8.280785280403231 7.495090322016129 -0.00495
      vertex -8.270031253194544 7.542980179903265 0.005050000000000001
      vertex -8.270031253194544 7.542980179903265 -0.00495
    endloop
  endfacet
  facet normal 0 0 -1
    outer loop
      vertex -8.280785280403231 7.495090322016129 -0.00495
      vertex -8.270031253194544 7.542980179903265 -0.00495
      vertex -8.25694033573221 7.590284677254463 -0.00495
    endloop
  endfacet
  facet normal -0.9637760657954466 0.2667127574748739 0
    outer loop
      vertex -8.270031253194544 7.542980179903265 -0.00495
      vertex -8.270031253194544 7.542980179903265 0.005050000000000001
      vertex -8.25694033573221 7.590284677254463 -0.00495
    endloop
  endfacet
  facet normal 0 0 -1
    outer loop
      vertex -8.280785280403231 7.495090322016129 -0.00495
      vertex -8.25694033573221 7.590284677254463 -0.00495
      vertex -8.241544065183021 7.636889853392221 -0.00495
    endloop
  endfacet
  facet normal -0.9637760657954466 0.2667127574748739 7.934497710735335e-17
    outer loop
      vertex -8.270031253194544 7.542980179903265 0.005050000000000001
      vertex -8.25694033573221 7.590284677254463 0.005050000000000001
      vertex -8.25694033573221 7.590284677254463 -0.00495
    endloop
  endfacet
  facet normal -0.9495281805930307 0.3136817403989097 0
    outer loop
      vertex -8.25694033573221 7.590284677254463 -0.00495
      vertex -8.25694033573221 7.590284677254463 0.005050000000000001
      vertex -8.241544065183021 7.636889853392221 -0.00495
    endloop
  endfacet
  facet normal -0.9495281805930307 0.3136817403989097 -7.424109525557104e-17
    outer loop
      vertex -8.25694033573221 7.590284677254463 0.005050000000000001
      vertex -8.241544065183021 7.636889853392221 0.005050000000000001
      vertex -8.241544065183021 7.636889853392221 -0.00495
    endloop
  endfacet
  facet normal 0 0 -1
    outer loop
      vertex -8.298795456205173 7.349067674327419 -0.00495
      vertex -8.241544065183021 7.636889853392221 -0.00495
      vertex -8.103207531480646 7.895699304492434 -0.00495
    endloop
  endfacet
  facet normal -0.932992798834737 0.35989503653499316 0
    outer loop
      vertex -8.241544065183021 7.636889853392221 -0.00495
      vertex -8.241544065183021 7.636889853392221 0.005050000000000001
      vertex -8.223879532511287 7.68268343236509 -0.00495
    endloop
  endfacet
  facet normal -0.932992798834737 0.35989503653499316 -3.5145105410712124e-17
    outer loop
      vertex -8.241544065183021 7.636889853392221 0.005050000000000001
      vertex -8.223879532511287 7.68268343236509 0.005050000000000001
      vertex -8.223879532511287 7.68268343236509 -0.00495
    endloop
  endfacet
  facet normal 0 0 -1
    outer loop
      vertex -8.241544065183021 7.636889853392221 -0.00495
      vertex -8.223879532511287 7.68268343236509 -0.00495
      vertex -8.181921264348356 7.771396736825999 -0.00495
    endloop
  endfacet
  facet normal -0.914209755703534 0.4052413140049827 0
    outer loop
      vertex -8.223879532511287 7.68268343236509 -0.00495
      vertex -8.223879532511287 7.68268343236509 0.005050000000000001
      vertex -8.203989293123444 7.727555093430283 0.005050000000000001
    endloop
  endfacet
  facet normal -0.914209755703534 0.4052413140049827 -1.0375808606099149e-16
    outer loop
      vertex -8.223879532511287 7.68268343236509 -0.00495
      vertex -8.203989293123444 7.727555093430283 0.005050000000000001
      vertex -8.203989293123444 7.727555093430283 -0.00495
    endloop
  endfacet
  facet normal 0 0 -1
    outer loop
      vertex -8.223879532511287 7.68268343236509 -0.00495
      vertex -8.203989293123444 7.727555093430283 -0.00495
      vertex -8.181921264348356 7.771396736825999 -0.00495
    endloop
  endfacet
  facet normal -0.8932243011955183 0.4496113296546005 0
    outer loop
      vertex -8.203989293123444 7.727555093430283 -0.00495
      vertex -8.203989293123444 7.727555093430283 0.005050000000000001
      vertex -8.181921264348356 7.771396736825999 -0.00495
    endloop
  endfacet
  facet normal -0.8932243011955183 0.4496113296546005 -6.462560192373798e-17
    outer loop
      vertex -8.203989293123444 7.727555093430283 0.005050000000000001
      vertex -8.181921264348356 7.771396736825999 0.005050000000000001
      vertex -8.181921264348356 7.771396736825999 -0.00495
    endloop
  endfacet
  facet normal 0 0 -1
    outer loop
      vertex -8.241544065183021 7.636889853392221 -0.00495
      vertex -8.181921264348356 7.771396736825999 -0.00495
      vertex -8.103207531480646 7.895699304492434 -0.00495
    endloop
  endfacet
  facet normal -0.8700869911087146 0.49289819222977843 0
    outer loop
      vertex -8.181921264348356 7.771396736825999 -0.00495
      vertex -8.181921264348356 7.771396736825999 0.005050000000000001
      vertex -8.157728610000273 7.814102744193223 0.005050000000000001
    endloop
  endfacet
  facet normal -0.8700869911087146 0.49289819222977843 -1.0638569812861197e-16
    outer loop
      vertex -8.181921264348356 7.771396736825999 -0.00495
      vertex -8.157728610000273 7.814102744193223 0.005050000000000001
      vertex -8.157728610000273 7.814102744193223 -0.00495
    endloop
  endfacet
  facet normal 0 0 -1
    outer loop
      vertex -8.181921264348356 7.771396736825999 -0.00495
      vertex -8.157728610000273 7.814102744193223 -0.00495
      vertex -8.103207531480646 7.895699304492434 -0.00495
    endloop
  endfacet
  facet normal -0.8448535652496996 0.5349976198871089 0
    outer loop
      vertex -8.157728610000273 7.814102744193223 -0.00495
      vertex -8.157728610000273 7.814102744193223 0.005050000000000001
      vertex -8.131469612302546 7.855570233019603 0.005050000000000001
    endloop
  endfacet
  facet normal -0.8448535652496996 0.5349976198871089 4.369913759878488e-17
    outer loop
      vertex -8.157728610000273 7.814102744193223 -0.00495
      vertex -8.131469612302546 7.855570233019603 0.005050000000000001
      vertex -8.131469612302546 7.855570233019603 -0.00495
    endloop
  endfacet
  facet normal 0 0 -1
    outer loop
      vertex -8.157728610000273 7.814102744193223 -0.00495
      vertex -8.131469612302546 7.855570233019603 -0.00495
      vertex -8.103207531480646 7.895699304492434 -0.00495
    endloop
  endfacet
  facet normal -0.8175848131515888 0.575808191417838 0
    outer loop
      vertex -8.131469612302546 7.855570233019603 -0.00495
      vertex -8.131469612302546 7.855570233019603 0.005050000000000001
      vertex -8.103207531480646 7.895699304492434 -0.00495
    endloop
  endfacet
  facet normal -0.8175848131515888 0.575808191417838 -7.808484056361628e-18
    outer loop
      vertex -8.131469612302546 7.855570233019603 0.005050000000000001
      vertex -8.103207531480646 7.895699304492434 0.005050000000000001
      vertex -8.103207531480646 7.895699304492434 -0.00495
    endloop
  endfacet
  facet normal -0.7883464276266051 0.6152315905806282 0
    outer loop
      vertex -8.103207531480646 7.895699304492434 -0.00495
      vertex -8.103207531480646 7.895699304492434 0.005050000000000001
      vertex -8.073010453362738 7.934393284163646 0.005050000000000001
    endloop
  endfacet
  facet normal -0.7883464276266051 0.6152315905806282 -1.2258921321545644e-16
    outer loop
      vertex -8.103207531480646 7.895699304492434 -0.00495
      vertex -8.073010453362738 7.934393284163646 0.005050000000000001
      vertex -8.073010453362738 7.934393284163646 -0.00495
    endloop
  endfacet
  facet normal 0 0 -1
    outer loop
      vertex -8.103207531480646 7.895699304492434 -0.00495
      vertex -8.073010453362738 7.934393284163646 -0.00495
      vertex -8.007106781186549 8.007106781186549 -0.00495
    endloop
  endfacet
  facet normal -0.7572088465064851 0.6531728429537761 0
    outer loop
      vertex -8.073010453362738 7.934393284163646 -0.00495
      vertex -8.073010453362738 7.934393284163646 0.005050000000000001
      vertex -8.04095112535496 7.971558954847019 0.005050000000000001
    endloop
  endfacet
  facet normal -0.7572088465064851 0.6531728429537761 -5.195272149007608e-17
    outer loop
      vertex -8.073010453362738 7.934393284163646 -0.00495
      vertex -8.04095112535496 7.971558954847019 0.005050000000000001
      vertex -8.04095112535496 7.971558954847019 -0.00495
    endloop
  endfacet
  facet normal 0 0 -1
    outer loop
      vertex -8.073010453362738 7.934393284163646 -0.00495
      vertex -8.04095112535496 7.971558954847019 -0.00495
      vertex -8.007106781186549 8.007106781186549 -0.00495
    endloop
  endfacet
  facet normal -0.7242470829514729 0.6895405447370607 0
    outer loop
      vertex -8.04095112535496 7.971558954847019 -0.00495
      vertex -8.04095112535496 7.971558954847019 0.005050000000000001
      vertex -8.007106781186549 8.007106781186549 -0.00495
    endloop
  endfacet
  facet normal 0 0 -1
    outer loop
      vertex -8.103207531480646 7.895699304492434 -0.00495
      vertex -8.007106781186549 8.007106781186549 -0.00495
      vertex -7.934393284163646 8.073010453362738 -0.00495
    endloop
  endfacet
  facet normal -0.7242470829514729 0.6895405447370607 -1.8613048138239457e-16
    outer loop
      vertex -8.04095112535496 7.971558954847019 0.005050000000000001
      vertex -8.007106781186549 8.007106781186549 0.005050000000000001
      vertex -8.007106781186549 8.007106781186549 -0.00495
    endloop
  endfacet
  facet normal -0.6895405447370607 0.7242470829514729 0
    outer loop
      vertex -8.007106781186549 8.007106781186549 -0.00495
      vertex -8.007106781186549 8.007106781186549 0.005050000000000001
      vertex -7.971558954847019 8.04095112535496 0.005050000000000001
    endloop
  endfacet
  facet normal -0.6895405447370607 0.7242470829514729 -1.8613048138239457e-16
    outer loop
      vertex -8.007106781186549 8.007106781186549 -0.00495
      vertex -7.971558954847019 8.04095112535496 0.005050000000000001
      vertex -7.971558954847019 8.04095112535496 -0.00495
    endloop
  endfacet
  facet normal 0 0 -1
    outer loop
      vertex -8.007106781186549 8.007106781186549 -0.00495
      vertex -7.971558954847019 8.04095112535496 -0.00495
      vertex -7.934393284163646 8.073010453362738 -0.00495
    endloop
  endfacet
  facet normal 0 0 -1
    outer loop
      vertex -8.298795456205173 7.349067674327419 -0.00495
      vertex -8.103207531480646 7.895699304492434 -0.00495
      vertex -7.300000000000001 8.3 -0.00495
    endloop
  endfacet
  facet normal -0.6531728429537761 0.7572088465064851 0
    outer loop
      vertex -7.971558954847019 8.04095112535496 -0.00495
      vertex -7.971558954847019 8.04095112535496 0.005050000000000001
      vertex -7.934393284163646 8.073010453362738 -0.00495
    endloop
  endfacet
  facet normal -0.6531728429537761 0.7572088465064851 -5.195272149007608e-17
    outer loop
      vertex -7.971558954847019 8.04095112535496 0.005050000000000001
      vertex -7.934393284163646 8.073010453362738 0.005050000000000001
      vertex -7.934393284163646 8.073010453362738 -0.00495
    endloop
  endfacet
  facet normal 0 0 -1
    outer loop
      vertex -8.103207531480646 7.895699304492434 -0.00495
      vertex -7.934393284163646 8.073010453362738 -0.00495
      vertex -7.727555093430283 8.203989293123444 -0.00495
    endloop
  endfacet
  facet normal -0.6152315905806282 0.7883464276266051 0
    outer loop
      vertex -7.934393284163646 8.073010453362738 -0.00495
      vertex -7.934393284163646 8.073010453362738 0.005050000000000001
      vertex -7.895699304492434 8.103207531480646 0.005050000000000001
    endloop
  endfacet
  facet normal -0.6152315905806282 0.7883464276266051 -1.2258921321545644e-16
    outer loop
      vertex -7.934393284163646 8.073010453362738 -0.00495
      vertex -7.895699304492434 8.103207531480646 0.005050000000000001
      vertex -7.895699304492434 8.103207531480646 -0.00495
    endloop
  endfacet
  facet normal -0.575808191417838 0.8175848131515888 0
    outer loop
      vertex -7.895699304492434 8.103207531480646 -0.00495
      vertex -7.895699304492434 8.103207531480646 0.005050000000000001
      vertex -7.855570233019603 8.131469612302546 0.005050000000000001
    endloop
  endfacet
  facet normal -0.575808191417838 0.8175848131515888 -7.808484056361628e-18
    outer loop
      vertex -7.895699304492434 8.103207531480646 -0.00495
      vertex -7.855570233019603 8.131469612302546 0.005050000000000001
      vertex -7.855570233019603 8.131469612302546 -0.00495
    endloop
  endfacet
  facet normal 0 0 -1
    outer loop
      vertex -7.934393284163646 8.073010453362738 -0.00495
      vertex -7.895699304492434 8.103207531480646 -0.00495
      vertex -7.727555093430283 8.203989293123444 -0.00495
    endloop
  endfacet
  facet normal 0 0 -1
    outer loop
      vertex -7.895699304492434 8.103207531480646 -0.00495
      vertex -7.855570233019603 8.131469612302546 -0.00495
      vertex -7.814102744193223 8.157728610000273 -0.00495
    endloop
  endfacet
  facet normal -0.5349976198871089 0.8448535652496996 0
    outer loop
      vertex -7.855570233019603 8.131469612302546 -0.00495
      vertex -7.855570233019603 8.131469612302546 0.005050000000000001
      vertex -7.814102744193223 8.157728610000273 -0.00495
    endloop
  endfacet
  facet normal -0.5349976198871089 0.8448535652496996 4.369913759878488e-17
    outer loop
      vertex -7.855570233019603 8.131469612302546 0.005050000000000001
      vertex -7.814102744193223 8.157728610000273 0.005050000000000001
      vertex -7.814102744193223 8.157728610000273 -0.00495
    endloop
  endfacet
  facet normal 0 0 -1
    outer loop
      vertex -7.895699304492434 8.103207531480646 -0.00495
      vertex -7.814102744193223 8.157728610000273 -0.00495
      vertex -7.727555093430283 8.203989293123444 -0.00495
    endloop
  endfacet
  facet normal -0.49289819222977843 0.8700869911087146 0
    outer loop
      vertex -7.814102744193223 8.157728610000273 -0.00495
      vertex -7.814102744193223 8.157728610000273 0.005050000000000001
      vertex -7.771396736825999 8.181921264348356 0.005050000000000001
    endloop
  endfacet
  facet normal -0.49289819222977843 0.8700869911087146 -1.0638569812861197e-16
    outer loop
      vertex -7.814102744193223 8.157728610000273 -0.00495
      vertex -7.771396736825999 8.181921264348356 0.005050000000000001
      vertex -7.771396736825999 8.181921264348356 -0.00495
    endloop
  endfacet
  facet normal 0 0 -1
    outer loop
      vertex -8.103207531480646 7.895699304492434 -0.00495
      vertex -7.727555093430283 8.203989293123444 -0.00495
      vertex -7.300000000000001 8.3 -0.00495
    endloop
  endfacet
  facet normal 0 0 -1
    outer loop
      vertex -7.814102744193223 8.157728610000273 -0.00495
      vertex -7.771396736825999 8.181921264348356 -0.00495
      vertex -7.727555093430283 8.203989293123444 -0.00495
    endloop
  endfacet
  facet normal -0.4496113296546005 0.8932243011955183 0
    outer loop
      vertex -7.771396736825999 8.181921264348356 -0.00495
      vertex -7.771396736825999 8.181921264348356 0.005050000000000001
      vertex -7.727555093430283 8.203989293123444 -0.00495
    endloop
  endfacet
  facet normal -0.4496113296546005 0.8932243011955183 -6.462560192373798e-17
    outer loop
      vertex -7.771396736825999 8.181921264348356 0.005050000000000001
      vertex -7.727555093430283 8.203989293123444 0.005050000000000001
      vertex -7.727555093430283 8.203989293123444 -0.00495
    endloop
  endfacet
  facet normal -0.4052413140049827 0.914209755703534 0
    outer loop
      vertex -7.727555093430283 8.203989293123444 -0.00495
      vertex -7.727555093430283 8.203989293123444 0.005050000000000001
      vertex -7.68268343236509 8.223879532511287 0.005050000000000001
    endloop
  endfacet
  facet normal -0.4052413140049827 0.914209755703534 -1.0375808606099149e-16
    outer loop
      vertex -7.727555093430283 8.203989293123444 -0.00495
      vertex -7.68268343236509 8.223879532511287 0.005050000000000001
      vertex -7.68268343236509 8.223879532511287 -0.00495
    endloop
  endfacet
  facet normal 0 0 -1
    outer loop
      vertex -7.727555093430283 8.203989293123444 -0.00495
      vertex -7.68268343236509 8.223879532511287 -0.00495
      vertex -7.636889853392221 8.241544065183021 -0.00495
    endloop
  endfacet
  facet normal 0 0 -1
    outer loop
      vertex -7.727555093430283 8.203989293123444 -0.00495
      vertex -7.636889853392221 8.241544065183021 -0.00495
      vertex -7.590284677254463 8.25694033573221 -0.00495
    endloop
  endfacet
  facet normal -0.35989503653499316 0.932992798834737 0
    outer loop
      vertex -7.68268343236509 8.223879532511287 -0.00495
      vertex -7.68268343236509 8.223879532511287 0.005050000000000001
      vertex -7.636889853392221 8.241544065183021 0.005050000000000001
    endloop
  endfacet
  facet normal -0.35989503653499316 0.932992798834737 -3.5145105410712124e-17
    outer loop
      vertex -7.68268343236509 8.223879532511287 -0.00495
      vertex -7.636889853392221 8.241544065183021 0.005050000000000001
      vertex -7.636889853392221 8.241544065183021 -0.00495
    endloop
  endfacet
  facet normal -0.3136817403989097 0.9495281805930307 0
    outer loop
      vertex -7.636889853392221 8.241544065183021 -0.00495
      vertex -7.636889853392221 8.241544065183021 0.005050000000000001
      vertex -7.590284677254463 8.25694033573221 0.005050000000000001
    endloop
  endfacet
  facet normal -0.3136817403989097 0.9495281805930307 -7.424109525557104e-17
    outer loop
      vertex -7.636889853392221 8.241544065183021 -0.00495
      vertex -7.590284677254463 8.25694033573221 0.005050000000000001
      vertex -7.590284677254463 8.25694033573221 -0.00495
    endloop
  endfacet
  facet normal 0 0 -1
    outer loop
      vertex -7.727555093430283 8.203989293123444 -0.00495
      vertex -7.590284677254463 8.25694033573221 -0.00495
      vertex -7.446730474455363 8.289176509964781 -0.00495
    endloop
  endfacet
  facet normal -0.2667127574748739 0.9637760657954466 0
    outer loop
      vertex -7.590284677254463 8.25694033573221 -0.00495
      vertex -7.590284677254463 8.25694033573221 0.005050000000000001
      vertex -7.542980179903265 8.270031253194544 0.005050000000000001
    endloop
  endfacet
  facet normal -0.2667127574748739 0.9637760657954466 7.934497710735335e-17
    outer loop
      vertex -7.590284677254463 8.25694033573221 -0.00495
      vertex -7.542980179903265 8.270031253194544 0.005050000000000001
      vertex -7.542980179903265 8.270031253194544 -0.00495
    endloop
  endfacet
  facet normal 0 0 -1
    outer loop
      vertex -7.590284677254463 8.25694033573221 -0.00495
      vertex -7.542980179903265 8.270031253194544 -0.00495
      vertex -7.495090322016129 8.280785280403231 -0.00495
    endloop
  endfacet
  facet normal -0.21910124015688293 0.9757021300385256 0
    outer loop
      vertex -7.542980179903265 8.270031253194544 -0.00495
      vertex -7.542980179903265 8.270031253194544 0.005050000000000001
      vertex -7.495090322016129 8.280785280403231 -0.00495
    endloop
  endfacet
  facet normal 0 0 -1
    outer loop
      vertex -7.727555093430283 8.203989293123444 -0.00495
      vertex -7.446730474455363 8.289176509964781 -0.00495
      vertex -7.300000000000001 8.3 -0.00495
    endloop
  endfacet
  facet normal 0 0 -1
    outer loop
      vertex -7.590284677254463 8.25694033573221 -0.00495
      vertex -7.495090322016129 8.280785280403231 -0.00495
      vertex -7.446730474455363 8.289176509964781 -0.00495
    endloop
  endfacet
  facet normal -0.21910124015688293 0.9757021300385256 9.260387099027372e-17
    outer loop
      vertex -7.542980179903265 8.270031253194544 0.005050000000000001
      vertex -7.495090322016129 8.280785280403231 0.005050000000000001
      vertex -7.495090322016129 8.280785280403231 -0.00495
    endloop
  endfacet
  facet normal -0.17096188876028862 0.9852776423889434 0
    outer loop
      vertex -7.495090322016129 8.280785280403231 -0.00495
      vertex -7.495090322016129 8.280785280403231 0.005050000000000001
      vertex -7.446730474455363 8.289176509964781 -0.00495
    endloop
  endfacet
  facet normal -0.17096188876028862 0.9852776423889434 1.471406909311094e-17
    outer loop
      vertex -7.495090322016129 8.280785280403231 0.005050000000000001
      vertex -7.446730474455363 8.289176509964781 0.005050000000000001
      vertex -7.446730474455363 8.289176509964781 -0.00495
    endloop
  endfacet
  facet normal -0.12241067519921875 0.9924795345987096 0
    outer loop
      vertex -7.446730474455363 8.289176509964781 -0.00495
      vertex -7.446730474455363 8.289176509964781 0.005050000000000001
      vertex -7.398017140329562 8.295184726672197 -0.00495
    endloop
  endfacet
  facet normal -0.12241067519921875 0.9924795345987096 6.899163172176291e-18
    outer loop
      vertex -7.446730474455363 8.289176509964781 0.005050000000000001
      vertex -7.398017140329562 8.295184726672197 0.005050000000000001
      vertex -7.398017140329562 8.295184726672197 -0.00495
    endloop
  endfacet
  facet normal 0 0 -1
    outer loop
      vertex -7.446730474455363 8.289176509964781 -0.00495
      vertex -7.398017140329562 8.295184726672197 -0.00495
      vertex -7.300000000000001 8.3 -0.00495
    endloop
  endfacet
  facet normal -0.07356456359968419 0.9972904566786889 0
    outer loop
      vertex -7.398017140329562 8.295184726672197 -0.00495
      vertex -7.398017140329562 8.295184726672197 0.005050000000000001
      vertex -7.349067674327419 8.298795456205173 0.005050000000000001
    endloop
  endfacet
  facet normal -0.07356456359968419 0.9972904566786889 5.316206543072558e-18
    outer loop
      vertex -7.398017140329562 8.295184726672197 -0.00495
      vertex -7.349067674327419 8.298795456205173 0.005050000000000001
      vertex -7.349067674327419 8.298795456205173 -0.00495
    endloop
  endfacet
  facet normal 0 0 -1
    outer loop
      vertex -7.398017140329562 8.295184726672197 -0.00495
      vertex -7.349067674327419 8.298795456205173 -0.00495
      vertex -7.300000000000001 8.3 -0.00495
    endloop
  endfacet
  facet normal -0.024541228522907587 0.9996988186962044 0
    outer loop
      vertex -7.349067674327419 8.298795456205173 -0.00495
      vertex -7.349067674327419 8.298795456205173 0.005050000000000001
      vertex -7.300000000000001 8.3 -0.00495
    endloop
  endfacet
  facet normal -0.024541228522907587 0.9996988186962044 -1.1764332665181406e-18
    outer loop
      vertex -7.349067674327419 8.298795456205173 0.005050000000000001
      vertex -7.300000000000001 8.3 0.005050000000000001
      vertex -7.300000000000001 8.3 -0.00495
    endloop
  endfacet
  facet normal -0.9674956130081708 0.023750684195776202 0.25177002166694956
    outer loop
      vertex -8.3 7.300000000000001 0.005050000000000001
      vertex -6.49729800113657 4.407863981935728 7.205257843155118
      vertex -8.298795456205173 7.349067674327419 0.005050000000000001
    endloop
  endfacet
  facet normal -0.9604612056723597 0.0708478748358041 0.2692486787890469
    outer loop
      vertex -8.298795456205173 7.349067674327419 0.005050000000000001
      vertex -6.491820892943676 4.5194917192083945 7.195422927597272
      vertex -8.295184726672197 7.398017140329562 0.005050000000000001
    endloop
  endfacet
  facet normal -0.9511654826858321 0.11731507290862267 0.2855195233525587
    outer loop
      vertex -8.295184726672197 7.398017140329562 0.005050000000000001
      vertex -6.4811396057993385 4.6305191991505135 7.1853867478352935
      vertex -8.289176509964781 7.446730474455363 0.005050000000000001
    endloop
  endfacet
  facet normal -0.9397160782499554 0.16305620743254812 0.3005767214809513
    outer loop
      vertex -8.289176509964781 7.446730474455363 0.005050000000000001
      vertex -6.465292197692552 4.740675476849752 7.17517437791235
      vertex -8.280785280403231 7.495090322016129 0.005050000000000001
    endloop
  endfacet
  facet normal -0.9262183392288567 0.20798928334109312 0.31442017443446124
    outer loop
      vertex -8.280785280403231 7.495090322016129 0.005050000000000001
      vertex -6.4443294371529225 4.849693017667846 7.164811216771193
      vertex -8.270031253194544 7.542980179903265 0.005050000000000001
    endloop
  endfacet
  facet normal -0.9107737197683216 0.25204503292429115 0.3270543269207239
    outer loop
      vertex -8.270031253194544 7.542980179903265 0.005050000000000001
      vertex -6.418314557197081 4.957308357734176 7.154322919686831
      vertex -8.25694033573221 7.590284677254463 0.005050000000000001
    endloop
  endfacet
  facet normal -0.893478530770086 0.2951654371816319 0.3384870451676174
    outer loop
      vertex -8.25694033573221 7.590284677254463 0.005050000000000001
      vertex -6.387322978583432 5.063262741536342 7.143735330172048
      vertex -8.241544065183021 7.636889853392221 0.005050000000000001
    endloop
  endfacet
  facet normal -0.8744230179649987 0.33730217895636266 0.3487285846102579
    outer loop
      vertex -8.241544065183021 7.636889853392221 0.005050000000000001
      vertex -6.351442004275519 5.167302735157476 7.133074412572421
      vertex -8.223879532511287 7.68268343236509 0.005050000000000001
    endloop
  endfacet
  facet normal -0.8536907362335876 0.3784150776633884 0.35779065927713494
    outer loop
      vertex -8.223879532511287 7.68268343236509 0.005050000000000001
      vertex -6.310770487061875 5.269180813897477 7.1223661855536315
      vertex -8.203989293123444 7.727555093430283 0.005050000000000001
    endloop
  endfacet
  facet normal -0.8313581852729586 0.4184705438483048 0.36568561868216415
    outer loop
      vertex -8.203989293123444 7.727555093430283 0.005050000000000001
      vertex -6.265418472311243 5.368655923201228 7.111636656669526
      vertex -8.181921264348356 7.771396736825999 0.005050000000000001
    endloop
  endfacet
  facet normal -0.8074946719061397 0.45744008137685616 0.37242573325849976
    outer loop
      vertex -8.181921264348356 7.771396736825999 0.005050000000000001
      vertex -6.215506817857046 5.465494011999454 7.100911758184373
      vertex -8.157728610000273 7.814102744193223 0.005050000000000001
    endloop
  endfacet
  facet normal -0.7821623665199153 0.4952988561156716 0.3780225860057477
    outer loop
      vertex -8.157728610000273 7.814102744193223 0.005050000000000001
      vertex -6.161166793004701 5.559468537745712 7.090217284307591
      vertex -8.131469612302546 7.855570233019603 0.005050000000000001
    endloop
  endfacet
  facet normal -0.755416524630346 0.5320243426951955 0.38248656590154234
    outer loop
      vertex -8.131469612302546 7.855570233019603 0.005050000000000001
      vertex -6.102539658640747 5.650360942604718 7.079578829983702
      vertex -8.103207531480646 7.895699304492434 0.005050000000000001
    endloop
  endfacet
  facet normal -0.7273058488569465 0.5675950553590765 0.3858264575562481
    outer loop
      vertex -8.103207531480646 7.895699304492434 0.005050000000000001
      vertex -6.039776230394683 5.737961100411556 7.069021731364911
      vertex -8.073010453362738 7.934393284163646 0.005050000000000001
    endloop
  endfacet
  facet normal -0.6978729712000237 0.6019893649187763 0.3880491213662768
    outer loop
      vertex -8.073010453362738 7.934393284163646 0.005050000000000001
      vertex -5.973036426764077 5.822067734177152 7.058571008078301
      vertex -8.04095112535496 7.971558954847019 0.005050000000000001
    endloop
  endfacet
  facet normal -0.6671550401249879 0.6351844013194092 0.3891592588598266
    outer loop
      vertex -8.04095112535496 7.971558954847019 0.005050000000000001
      vertex -5.902488804061888 5.902488804061888 7.048251307384637
      vertex -8.007106781186549 8.007106781186549 0.005050000000000001
    endloop
  endfacet
  facet normal -0.6351844013194092 0.6671550401249879 0.38915925885982644
    outer loop
      vertex -8.007106781186549 8.007106781186549 0.005050000000000001
      vertex -5.828310079983318 5.9790418658754945 7.038086850311071
      vertex -7.971558954847019 8.04095112535496 0.005050000000000001
    endloop
  endfacet
  facet normal -0.6019893649187764 0.6978729712000238 0.3880491213662766
    outer loop
      vertex -7.971558954847019 8.04095112535496 0.005050000000000001
      vertex -5.750684647519161 6.051554400286792 7.028101379825866
      vertex -7.934393284163646 8.073010453362738 0.005050000000000001
    endloop
  endfacet
  facet normal -0.5675950553590764 0.7273058488569465 0.385826457556248
    outer loop
      vertex -7.934393284163646 8.073010453362738 0.005050000000000001
      vertex -5.750684647519161 6.051554400286792 7.028101379825866
      vertex -7.895699304492434 8.103207531480646 0.005050000000000001
    endloop
  endfacet
  facet normal -0.5320243426951955 0.755416524630346 0.38248656590154223
    outer loop
      vertex -7.895699304492434 8.103207531480646 0.005050000000000001
      vertex -5.585866634887788 6.183819206584722 7.00875968396524
      vertex -7.855570233019603 8.131469612302546 0.005050000000000001
    endloop
  endfacet
  facet normal -0.49529885611567165 0.7821623665199152 0.3780225860057478
    outer loop
      vertex -7.855570233019603 8.131469612302546 0.005050000000000001
      vertex -5.499076739634251 6.2432786235894495 6.999448117394496
      vertex -7.814102744193223 8.157728610000273 0.005050000000000001
    endloop
  endfacet
  facet normal -0.45744008137685616 0.8074946719061397 0.37242573325849976
    outer loop
      vertex -7.814102744193223 8.157728610000273 0.005050000000000001
      vertex -5.499076739634251 6.2432786235894495 6.999448117394496
      vertex -7.771396736825999 8.181921264348356 0.005050000000000001
    endloop
  endfacet
  facet normal -0.4184705438483048 0.8313581852729586 0.3656856186821642
    outer loop
      vertex -7.771396736825999 8.181921264348356 0.005050000000000001
      vertex -5.409644491247539 6.298112262942722 6.990404766362361
      vertex -7.727555093430283 8.203989293123444 0.005050000000000001
    endloop
  endfacet
  facet normal -0.37841507766338844 0.8536907362335876 0.35779065927713494
    outer loop
      vertex -7.727555093430283 8.203989293123444 0.005050000000000001
      vertex -5.223559588097884 6.3933193402918915 6.973655116090229
      vertex -7.68268343236509 8.223879532511287 0.005050000000000001
    endloop
  endfacet
  facet normal -0.33730217895636266 0.8744230179649986 0.34872858461025785
    outer loop
      vertex -7.68268343236509 8.223879532511287 0.005050000000000001
      vertex -5.223559588097884 6.3933193402918915 6.973655116090229
      vertex -7.636889853392221 8.241544065183021 0.005050000000000001
    endloop
  endfacet
  facet normal -0.2951654371816319 0.893478530770086 0.3384870451676174
    outer loop
      vertex -7.636889853392221 8.241544065183021 0.005050000000000001
      vertex -5.127391139521862 6.433525564516269 6.965857015229781
      vertex -7.590284677254463 8.25694033573221 0.005050000000000001
    endloop
  endfacet
  facet normal -0.2520450329242912 0.9107737197683217 0.32705432692072367
    outer loop
      vertex -7.590284677254463 8.25694033573221 0.005050000000000001
      vertex -4.929982346824142 6.498755261515352 6.951372251526697
      vertex -7.542980179903265 8.270031253194544 0.005050000000000001
    endloop
  endfacet
  facet normal -0.20798928334109312 0.9262183392288565 0.3144201744344612
    outer loop
      vertex -7.542980179903265 8.270031253194544 0.005050000000000001
      vertex -4.929982346824142 6.498755261515352 6.951372251526697
      vertex -7.495090322016129 8.280785280403231 0.005050000000000001
    endloop
  endfacet
  facet normal -0.16305620743254814 0.9397160782499555 0.3005767214809512
    outer loop
      vertex -7.495090322016129 8.280785280403231 0.005050000000000001
      vertex -4.727360551866897 6.543312760596317 6.938475754431841
      vertex -7.446730474455363 8.289176509964781 0.005050000000000001
    endloop
  endfacet
  facet normal -0.11731507290862268 0.9511654826858322 0.28551952335255876
    outer loop
      vertex -7.446730474455363 8.289176509964781 0.005050000000000001
      vertex -4.638212301560056 6.555824031754427 6.93342581679968
      vertex -7.398017140329562 8.295184726672197 0.005050000000000001
    endloop
  endfacet
  facet normal -0.07084787483580408 0.9604612056723597 0.26924867878904696
    outer loop
      vertex -7.398017140329562 8.295184726672197 0.005050000000000001
      vertex -4.624661684482058 6.557708694516448 6.932715061426833
      vertex -7.349067674327419 8.298795456205173 0.005050000000000001
    endloop
  endfacet
  facet normal -0.023750684195776205 0.9674956130081709 0.2517700216669497
    outer loop
      vertex -7.349067674327419 8.298795456205173 0.005050000000000001
      vertex -4.417398540188997 6.570439124113397 6.923293503546408
      vertex -7.300000000000001 8.3 0.005050000000000001
    endloop
  endfacet
  facet normal 0 1 0
    outer loop
      vertex -7.300000000000001 8.3 -0.00495
      vertex -7.300000000000001 8.3 0.005050000000000001
      vertex 7.300000000000001 8.3 0.005050000000000001
    endloop
  endfacet
  facet normal 0 0 -1
    outer loop
      vertex -7.300000000000001 8.3 -0.00495
      vertex 8.007106781186549 8.007106781186549 -0.00495
      vertex -6.5 6.5 -0.00495
    endloop
  endfacet
  facet normal 4.522310385106081e-16 0.970142500145332 0.24253562503633222
    outer loop
      vertex -7.300000000000001 8.3 0.005050000000000001
      vertex -0.7614699974656105 7.458090777199001 3.372686891203998
      vertex -0.7614699974656105 7.509406463135496 3.1674241474580143
    endloop
  endfacet
  facet normal -5.777420667854296e-16 0.9701425001453317 0.2425356250363343
    outer loop
      vertex -7.300000000000001 8.3 0.005050000000000001
      vertex -0.7614699974656105 7.509406463135496 3.1674241474580143
      vertex 0.7602299973368645 7.509406463135497 3.1674241474580143
    endloop
  endfacet
  facet normal 3.707360153573204e-16 0.970142500145332 0.24253562503633258
    outer loop
      vertex -7.300000000000001 8.3 0.005050000000000001
      vertex -0.6977299973368645 7.091653401900219 4.838436392399127
      vertex -0.7614699974656105 7.458090777199001 3.372686891203998
    endloop
  endfacet
  facet normal 3.1574677409658214e-16 0.970142500145332 0.24253562503633272
    outer loop
      vertex -7.300000000000001 8.3 0.005050000000000001
      vertex -1.9447687252583006 6.585487384457695 6.863100462169226
      vertex -0.6977299973368645 7.045930586017557 5.021327655929771
    endloop
  endfacet
  facet normal -1.9219568166636027e-15 0.9701425001453315 0.24253562503633488
    outer loop
      vertex -7.300000000000001 8.3 0.005050000000000001
      vertex -0.6977299973368645 7.045930586017557 5.021327655929771
      vertex -0.6977299973368645 7.091653401900219 4.838436392399127
    endloop
  endfacet
  facet normal -4.759481491573344e-18 0.970142500145332 0.24253562503633264
    outer loop
      vertex -0.6977299973368645 7.091653401900219 4.838436392399127
      vertex 0.4659299999475479 7.458090777199001 3.372686891203998
      vertex -0.7614699974656105 7.458090777199001 3.372686891203998
    endloop
  endfacet
  facet normal -0.9701425001453319 -9.177621399416288e-17 0.242535625036333
    outer loop
      vertex -8.3 7.300000000000001 0.005050000000000001
      vertex -6.4628267029615225 2.6980010089660786 7.35374318815391
      vertex -6.495723738096392 4.209855646684959 7.222155047614433
    endloop
  endfacet
  facet normal -0.9701425001453329 -6.9164770930499465e-15 0.242535625036329
    outer loop
      vertex -8.3 7.300000000000001 0.005050000000000001
      vertex -6.495723738096392 4.209855646684959 7.222155047614433
      vertex -6.497545796456011 4.295909660760017 7.214866814175959
    endloop
  endfacet
  facet normal -0.9604612056723618 0.07084787483579247 0.26924867878904263
    outer loop
      vertex -8.298795456205173 7.349067674327419 0.005050000000000001
      vertex -6.49729800113657 4.407863981935728 7.205257843155118
      vertex -6.491820892943676 4.5194917192083945 7.195422927597272
    endloop
  endfacet
  facet normal -0.9674956130081699 0.02375068419578637 0.2517700216669526
    outer loop
      vertex -8.3 7.300000000000001 0.005050000000000001
      vertex -6.497545796456011 4.295909660760017 7.214866814175959
      vertex -6.49729800113657 4.407863981935728 7.205257843155118
    endloop
  endfacet
  facet normal -0.9511654826858318 0.11731507290862435 0.2855195233525589
    outer loop
      vertex -8.295184726672197 7.398017140329562 0.005050000000000001
      vertex -6.491820892943676 4.5194917192083945 7.195422927597272
      vertex -6.4811396057993385 4.6305191991505135 7.1853867478352935
    endloop
  endfacet
  facet normal -0.9397160782499536 0.16305620743255464 0.30057672148095355
    outer loop
      vertex -8.289176509964781 7.446730474455363 0.005050000000000001
      vertex -6.4811396057993385 4.6305191991505135 7.1853867478352935
      vertex -6.465292197692552 4.740675476849752 7.17517437791235
    endloop
  endfacet
  facet normal -0.9262183392288598 0.2079892833410824 0.3144201744344588
    outer loop
      vertex -8.280785280403231 7.495090322016129 0.005050000000000001
      vertex -6.465292197692552 4.740675476849752 7.17517437791235
      vertex -6.4443294371529225 4.849693017667846 7.164811216771193
    endloop
  endfacet
  facet normal -0.9107737197683153 0.25204503292430813 0.3270543269207282
    outer loop
      vertex -8.270031253194544 7.542980179903265 0.005050000000000001
      vertex -6.4443294371529225 4.849693017667846 7.164811216771193
      vertex -6.418314557197081 4.957308357734176 7.154322919686831
    endloop
  endfacet
  facet normal -0.8934785307700919 0.29516543718161825 0.3384870451676135
    outer loop
      vertex -8.25694033573221 7.590284677254463 0.005050000000000001
      vertex -6.418314557197081 4.957308357734176 7.154322919686831
      vertex -6.387322978583432 5.063262741536342 7.143735330172048
    endloop
  endfacet
  facet normal -0.874423017964999 0.33730217895636244 0.3487285846102567
    outer loop
      vertex -8.241544065183021 7.636889853392221 0.005050000000000001
      vertex -6.387322978583432 5.063262741536342 7.143735330172048
      vertex -6.351442004275519 5.167302735157476 7.133074412572421
    endloop
  endfacet
  facet normal -0.8536907362335862 0.3784150776633911 0.35779065927713566
    outer loop
      vertex -8.223879532511287 7.68268343236509 0.005050000000000001
      vertex -6.351442004275519 5.167302735157476 7.133074412572421
      vertex -6.310770487061875 5.269180813897477 7.1223661855536315
    endloop
  endfacet
  facet normal -0.8313581852729578 0.41847054384830634 0.36568561868216415
    outer loop
      vertex -8.203989293123444 7.727555093430283 0.005050000000000001
      vertex -6.310770487061875 5.269180813897477 7.1223661855536315
      vertex -6.265418472311243 5.368655923201228 7.111636656669526
    endloop
  endfacet
  facet normal -0.8074946719061354 0.4574400813768623 0.3724257332585012
    outer loop
      vertex -8.181921264348356 7.771396736825999 0.005050000000000001
      vertex -6.265418472311243 5.368655923201228 7.111636656669526
      vertex -6.215506817857046 5.465494011999454 7.100911758184373
    endloop
  endfacet
  facet normal -0.7821623665199189 0.49529885611566593 0.3780225860057475
    outer loop
      vertex -8.157728610000273 7.814102744193223 0.005050000000000001
      vertex -6.215506817857046 5.465494011999454 7.100911758184373
      vertex -6.161166793004701 5.559468537745712 7.090217284307591
    endloop
  endfacet
  facet normal -0.7554165246303443 0.5320243426951977 0.3824865659015427
    outer loop
      vertex -8.131469612302546 7.855570233019603 0.005050000000000001
      vertex -6.161166793004701 5.559468537745712 7.090217284307591
      vertex -6.102539658640747 5.650360942604718 7.079578829983702
    endloop
  endfacet
  facet normal -0.7273058488569447 0.5675950553590786 0.38582645755624845
    outer loop
      vertex -8.103207531480646 7.895699304492434 0.005050000000000001
      vertex -6.102539658640747 5.650360942604718 7.079578829983702
      vertex -6.039776230394683 5.737961100411556 7.069021731364911
    endloop
  endfacet
  facet normal -0.6978729712000186 0.6019893649187819 0.38804912136627695
    outer loop
      vertex -8.073010453362738 7.934393284163646 0.005050000000000001
      vertex -6.039776230394683 5.737961100411556 7.069021731364911
      vertex -5.973036426764077 5.822067734177152 7.058571008078301
    endloop
  endfacet
  facet normal -0.6671550401249873 0.6351844013194099 0.3891592588598263
    outer loop
      vertex -8.04095112535496 7.971558954847019 0.005050000000000001
      vertex -5.973036426764077 5.822067734177152 7.058571008078301
      vertex -5.902488804061888 5.902488804061888 7.048251307384637
    endloop
  endfacet
  facet normal -0.635184401319418 0.6671550401249795 0.3891592588598265
    outer loop
      vertex -8.007106781186549 8.007106781186549 0.005050000000000001
      vertex -5.902488804061888 5.902488804061888 7.048251307384637
      vertex -5.828310079983318 5.9790418658754945 7.038086850311071
    endloop
  endfacet
  facet normal -0.6019893649187753 0.6978729712000243 0.3880491213662769
    outer loop
      vertex -7.971558954847019 8.04095112535496 0.005050000000000001
      vertex -5.828310079983318 5.9790418658754945 7.038086850311071
      vertex -5.750684647519161 6.051554400286792 7.028101379825866
    endloop
  endfacet
  facet normal -0.5675950553590797 0.7273058488569443 0.3858264575562477
    outer loop
      vertex -7.895699304492434 8.103207531480646 0.005050000000000001
      vertex -5.750684647519161 6.051554400286792 7.028101379825866
      vertex -5.66980408086456 6.119864113040995 7.0183181111097035
    endloop
  endfacet
  facet normal -0.5320243426951956 0.7554165246303459 0.3824865659015425
    outer loop
      vertex -7.895699304492434 8.103207531480646 0.005050000000000001
      vertex -5.66980408086456 6.119864113040995 7.0183181111097035
      vertex -5.585866634887788 6.183819206584722 7.00875968396524
    endloop
  endfacet
  facet normal -0.4952988561156623 0.7821623665199222 0.3780225860057457
    outer loop
      vertex -7.855570233019603 8.131469612302546 0.005050000000000001
      vertex -5.585866634887788 6.183819206584722 7.00875968396524
      vertex -5.499076739634251 6.2432786235894495 6.999448117394496
    endloop
  endfacet
  facet normal -0.4574400813768618 0.8074946719061359 0.3724257332585007
    outer loop
      vertex -7.771396736825999 8.181921264348356 0.005050000000000001
      vertex -5.499076739634251 6.2432786235894495 6.999448117394496
      vertex -5.409644491247539 6.298112262942722 6.990404766362361
    endloop
  endfacet
  facet normal -0.41847054384829674 0.8313581852729631 0.3656856186821627
    outer loop
      vertex -7.727555093430283 8.203989293123444 0.005050000000000001
      vertex -5.409644491247539 6.298112262942722 6.990404766362361
      vertex -5.367138698567554 6.321289747157542 6.986353830364748
    endloop
  endfacet
  facet normal -0.4184705438483074 0.8313581852729572 0.365685618682164
    outer loop
      vertex -7.727555093430283 8.203989293123444 0.005050000000000001
      vertex -5.367138698567554 6.321289747157542 6.986353830364748
      vertex -5.317733208331237 6.348161175284819 6.981800631468652
    endloop
  endfacet
  facet normal -0.3784150776633956 0.853690736233584 0.3577906592771361
    outer loop
      vertex -7.727555093430283 8.203989293123444 0.005050000000000001
      vertex -5.317733208331237 6.348161175284819 6.981800631468652
      vertex -5.223559588097884 6.3933193402918915 6.973655116090229
    endloop
  endfacet
  facet normal -0.33730217895636316 0.8744230179649981 0.34872858461025863
    outer loop
      vertex -7.636889853392221 8.241544065183021 0.005050000000000001
      vertex -5.223559588097884 6.3933193402918915 6.973655116090229
      vertex -5.127391139521862 6.433525564516269 6.965857015229781
    endloop
  endfacet
  facet normal -0.2951654371816182 0.8934785307700919 0.33848704516761363
    outer loop
      vertex -7.590284677254463 8.25694033573221 0.005050000000000001
      vertex -5.127391139521862 6.433525564516269 6.965857015229781
      vertex -5.029455221250798 6.46869521657433 6.958423847691495
    endloop
  endfacet
  facet normal -0.25204503292430935 0.9107737197683148 0.32705432692072894
    outer loop
      vertex -7.590284677254463 8.25694033573221 0.005050000000000001
      vertex -5.029455221250798 6.46869521657433 6.958423847691495
      vertex -4.929982346824142 6.498755261515352 6.951372251526697
    endloop
  endfacet
  facet normal -0.20798928334107625 0.9262183392288618 0.314420174434457
    outer loop
      vertex -7.495090322016129 8.280785280403231 0.005050000000000001
      vertex -4.929982346824142 6.498755261515352 6.951372251526697
      vertex -4.829205683127843 6.523644329141043 6.9447179558050935
    endloop
  endfacet
  facet normal -0.16305620743256416 0.9397160782499511 0.3005767214809563
    outer loop
      vertex -7.495090322016129 8.280785280403231 0.005050000000000001
      vertex -4.829205683127843 6.523644329141043 6.9447179558050935
      vertex -4.727360551866897 6.543312760596317 6.938475754431841
    endloop
  endfacet
  facet normal -0.11731507290861504 0.9511654826858341 0.28551952335255565
    outer loop
      vertex -7.446730474455363 8.289176509964781 0.005050000000000001
      vertex -4.727360551866897 6.543312760596317 6.938475754431841
      vertex -4.638212301560056 6.555824031754427 6.93342581679968
    endloop
  endfacet
  facet normal -0.11731507290862436 0.9511654826858316 0.28551952335256053
    outer loop
      vertex -7.398017140329562 8.295184726672197 0.005050000000000001
      vertex -4.638212301560056 6.555824031754427 6.93342581679968
      vertex -4.624661684482058 6.557708694516448 6.932715061426833
    endloop
  endfacet
  facet normal -0.07084787483579413 0.9604612056723613 0.26924867878904407
    outer loop
      vertex -7.349067674327419 8.298795456205173 0.005050000000000001
      vertex -4.624661684482058 6.557708694516448 6.932715061426833
      vertex -4.521213481697217 6.566724962581587 6.927772825945475
    endloop
  endfacet
  facet normal -0.0237506841957714 0.9674956130081714 0.25177002166694784
    outer loop
      vertex -7.349067674327419 8.298795456205173 0.005050000000000001
      vertex -4.521213481697217 6.566724962581587 6.927772825945475
      vertex -4.417398540188997 6.570439124113397 6.923293503546408
    endloop
  endfacet
  facet normal -2.913970542561824e-15 0.9701425001453315 0.24253562503633436
    outer loop
      vertex -7.300000000000001 8.3 0.005050000000000001
      vertex -4.417398540188997 6.570439124113397 6.923293503546408
      vertex -4.054469377509447 6.574145040590288 6.908469837638849
    endloop
  endfacet
  facet normal 1.4061389471681998e-15 0.970142500145332 0.24253562503633236
    outer loop
      vertex -7.300000000000001 8.3 0.005050000000000001
      vertex -3.5005311565627526 6.579170813137552 6.888366747449792
      vertex -3.2151504376210287 6.581428483754159 6.879336064983363
    endloop
  endfacet
  facet normal -1.3878821676378605e-15 0.9701425001453315 0.2425356250363339
    outer loop
      vertex -7.300000000000001 8.3 0.005050000000000001
      vertex -3.2151504376210287 6.581428483754159 6.879336064983363
      vertex -2.9667618105517377 6.582396999460946 6.875462002156217
    endloop
  endfacet
  facet normal -9.052866351553348e-16 0.9701425001453317 0.2425356250363336
    outer loop
      vertex -7.300000000000001 8.3 0.005050000000000001
      vertex -2.9667618105517377 6.582396999460946 6.875462002156217
      vertex -2.449358516151815 6.584112676838914 6.8685992926443475
    endloop
  endfacet
  facet normal 1.0501128314504523e-16 0.970142500145332 0.24253562503633294
    outer loop
      vertex -7.300000000000001 8.3 0.005050000000000001
      vertex -4.054469377509447 6.574145040590288 6.908469837638849
      vertex -3.5005311565627526 6.579170813137552 6.888366747449792
    endloop
  endfacet
  facet normal -2.236507022520983e-16 0.9701425001453319 0.24253562503633347
    outer loop
      vertex -7.300000000000001 8.3 0.005050000000000001
      vertex -2.449358516151815 6.584112676838914 6.8685992926443475
      vertex -1.9447687252583006 6.585487384457695 6.863100462169226
    endloop
  endfacet
  facet normal 1.359307792398391e-15 0.9701425001453318 0.2425356250363334
    outer loop
      vertex -0.6977299973368645 7.045930586017557 5.021327655929771
      vertex -1.9447687252583006 6.585487384457695 6.863100462169226
      vertex -1.450126824771659 6.586539028986294 6.858893884054824
    endloop
  endfacet
  facet normal 1.7713149832357864e-15 0.9701425001453318 0.24253562503633352
    outer loop
      vertex -0.6977299973368645 7.045930586017557 5.021327655929771
      vertex -1.450126824771659 6.586539028986294 6.858893884054824
      vertex -0.9627750386835296 6.587280987309404 6.855926050762383
    endloop
  endfacet
  facet normal -2.2791312584588247e-15 0.9701425001453319 0.242535625036333
    outer loop
      vertex -0.6977299973368645 7.045930586017557 5.021327655929771
      vertex -0.9627750386835296 6.587280987309404 6.855926050762383
      vertex -0.4802040242568326 6.587722530851476 6.854159876594099
    endloop
  endfacet
  facet normal 9.293814973105074e-16 0.970142500145332 0.24253562503633264
    outer loop
      vertex -0.6977299973368645 7.045930586017557 5.021327655929771
      vertex -0.4802040242568326 6.587722530851476 6.854159876594099
      vertex 0 6.587869112211165 6.85357355115534
    endloop
  endfacet
  facet normal 8.899547470890148e-16 0.9701425001453319 0.2425356250363327
    outer loop
      vertex -0.6977299973368645 7.045930586017557 5.021327655929771
      vertex 0 6.587869112211165 6.85357355115534
      vertex 0.4802040242568326 6.587722530851475 6.854159876594099
    endloop
  endfacet
  facet normal 0 -1 0
    outer loop
      vertex -7.300000000000001 -8.3 -0.00495
      vertex 7.300000000000001 -8.3 -0.00495
      vertex 7.300000000000001 -8.3 0.005050000000000001
    endloop
  endfacet
  facet normal 0 0 -1
    outer loop
      vertex -7.300000000000001 -8.3 -0.00495
      vertex 7.349067674327419 -8.298795456205173 -0.00495
      vertex 7.300000000000001 -8.3 -0.00495
    endloop
  endfacet
  facet normal 0 0 -1
    outer loop
      vertex -8.007106781186549 -8.007106781186549 -0.00495
      vertex 6.5 -6.5 -0.00495
      vertex 8.3 -7.300000000000001 -0.00495
    endloop
  endfacet
  facet normal 0 0 -1
    outer loop
      vertex -7.300000000000001 -8.3 -0.00495
      vertex 8.3 -7.300000000000001 -0.00495
      vertex 7.349067674327419 -8.298795456205173 -0.00495
    endloop
  endfacet
  facet normal 0 -0.9701425001453319 0.24253562503633302
    outer loop
      vertex -7.300000000000001 -8.3 0.005050000000000001
      vertex 7.300000000000001 -8.3 0.005050000000000001
      vertex 0 -6.211441045242147 8.359285819031415
    endloop
  endfacet
  facet normal 0.024541228522907587 -0.9996988186962044 0
    outer loop
      vertex 7.300000000000001 -8.3 -0.00495
      vertex 7.349067674327419 -8.298795456205173 -0.00495
      vertex 7.300000000000001 -8.3 0.005050000000000001
    endloop
  endfacet
  facet normal 0.024541228522907587 -0.9996988186962044 -1.1764332665181406e-18
    outer loop
      vertex 7.300000000000001 -8.3 0.005050000000000001
      vertex 7.349067674327419 -8.298795456205173 -0.00495
      vertex 7.349067674327419 -8.298795456205173 0.005050000000000001
    endloop
  endfacet
  facet normal 0.07356456359968419 -0.9972904566786889 0
    outer loop
      vertex 7.349067674327419 -8.298795456205173 -0.00495
      vertex 7.398017140329562 -8.295184726672197 -0.00495
      vertex 7.349067674327419 -8.298795456205173 0.005050000000000001
    endloop
  endfacet
  facet normal 0.07356456359968419 -0.9972904566786889 5.316206543072558e-18
    outer loop
      vertex 7.349067674327419 -8.298795456205173 0.005050000000000001
      vertex 7.398017140329562 -8.295184726672197 -0.00495
      vertex 7.398017140329562 -8.295184726672197 0.005050000000000001
    endloop
  endfacet
  facet normal 0.12241067519921875 -0.9924795345987096 0
    outer loop
      vertex 7.398017140329562 -8.295184726672197 -0.00495
      vertex 7.446730474455363 -8.289176509964781 -0.00495
      vertex 7.398017140329562 -8.295184726672197 0.005050000000000001
    endloop
  endfacet
  facet normal 0 0 -1
    outer loop
      vertex 7.349067674327419 -8.298795456205173 -0.00495
      vertex 7.542980179903265 -8.270031253194544 -0.00495
      vertex 7.398017140329562 -8.295184726672197 -0.00495
    endloop
  endfacet
  facet normal 0.12241067519921875 -0.9924795345987096 6.899163172176291e-18
    outer loop
      vertex 7.398017140329562 -8.295184726672197 0.005050000000000001
      vertex 7.446730474455363 -8.289176509964781 -0.00495
      vertex 7.446730474455363 -8.289176509964781 0.005050000000000001
    endloop
  endfacet
  facet normal 0 0 -1
    outer loop
      vertex 7.398017140329562 -8.295184726672197 -0.00495
      vertex 7.542980179903265 -8.270031253194544 -0.00495
      vertex 7.446730474455363 -8.289176509964781 -0.00495
    endloop
  endfacet
  facet normal 0.17096188876028862 -0.9852776423889434 0
    outer loop
      vertex 7.446730474455363 -8.289176509964781 -0.00495
      vertex 7.495090322016129 -8.280785280403231 0.005050000000000001
      vertex 7.446730474455363 -8.289176509964781 0.005050000000000001
    endloop
  endfacet
  facet normal 0.17096188876028862 -0.9852776423889434 1.471406909311094e-17
    outer loop
      vertex 7.446730474455363 -8.289176509964781 -0.00495
      vertex 7.495090322016129 -8.280785280403231 -0.00495
      vertex 7.495090322016129 -8.280785280403231 0.005050000000000001
    endloop
  endfacet
  facet normal 0 0 -1
    outer loop
      vertex 7.446730474455363 -8.289176509964781 -0.00495
      vertex 7.542980179903265 -8.270031253194544 -0.00495
      vertex 7.495090322016129 -8.280785280403231 -0.00495
    endloop
  endfacet
  facet normal 0.21910124015688293 -0.9757021300385256 0
    outer loop
      vertex 7.495090322016129 -8.280785280403231 -0.00495
      vertex 7.542980179903265 -8.270031253194544 -0.00495
      vertex 7.495090322016129 -8.280785280403231 0.005050000000000001
    endloop
  endfacet
  facet normal 0.21910124015688293 -0.9757021300385256 9.260387099027372e-17
    outer loop
      vertex 7.495090322016129 -8.280785280403231 0.005050000000000001
      vertex 7.542980179903265 -8.270031253194544 -0.00495
      vertex 7.542980179903265 -8.270031253194544 0.005050000000000001
    endloop
  endfacet
  facet normal 0 0 -1
    outer loop
      vertex 7.349067674327419 -8.298795456205173 -0.00495
      vertex 7.727555093430283 -8.203989293123444 -0.00495
      vertex 7.542980179903265 -8.270031253194544 -0.00495
    endloop
  endfacet
  facet normal 0.2667127574748739 -0.9637760657954466 0
    outer loop
      vertex 7.542980179903265 -8.270031253194544 -0.00495
      vertex 7.590284677254463 -8.25694033573221 0.005050000000000001
      vertex 7.542980179903265 -8.270031253194544 0.005050000000000001
    endloop
  endfacet
  facet normal 0.2667127574748739 -0.9637760657954466 7.934497710735335e-17
    outer loop
      vertex 7.542980179903265 -8.270031253194544 -0.00495
      vertex 7.590284677254463 -8.25694033573221 -0.00495
      vertex 7.590284677254463 -8.25694033573221 0.005050000000000001
    endloop
  endfacet
  facet normal 0 0 -1
    outer loop
      vertex 7.542980179903265 -8.270031253194544 -0.00495
      vertex 7.636889853392221 -8.241544065183021 -0.00495
      vertex 7.590284677254463 -8.25694033573221 -0.00495
    endloop
  endfacet
  facet normal 0.3136817403989097 -0.9495281805930307 0
    outer loop
      vertex 7.590284677254463 -8.25694033573221 -0.00495
      vertex 7.636889853392221 -8.241544065183021 -0.00495
      vertex 7.590284677254463 -8.25694033573221 0.005050000000000001
    endloop
  endfacet
  facet normal 0.3136817403989097 -0.9495281805930307 -7.424109525557104e-17
    outer loop
      vertex 7.590284677254463 -8.25694033573221 0.005050000000000001
      vertex 7.636889853392221 -8.241544065183021 -0.00495
      vertex 7.636889853392221 -8.241544065183021 0.005050000000000001
    endloop
  endfacet
  facet normal 0 0 -1
    outer loop
      vertex 7.542980179903265 -8.270031253194544 -0.00495
      vertex 7.727555093430283 -8.203989293123444 -0.00495
      vertex 7.636889853392221 -8.241544065183021 -0.00495
    endloop
  endfacet
  facet normal 0.35989503653499316 -0.932992798834737 0
    outer loop
      vertex 7.636889853392221 -8.241544065183021 -0.00495
      vertex 7.68268343236509 -8.223879532511287 0.005050000000000001
      vertex 7.636889853392221 -8.241544065183021 0.005050000000000001
    endloop
  endfacet
  facet normal 0.35989503653499316 -0.932992798834737 -3.5145105410712124e-17
    outer loop
      vertex 7.636889853392221 -8.241544065183021 -0.00495
      vertex 7.68268343236509 -8.223879532511287 -0.00495
      vertex 7.68268343236509 -8.223879532511287 0.005050000000000001
    endloop
  endfacet
  facet normal 0 0 -1
    outer loop
      vertex 7.636889853392221 -8.241544065183021 -0.00495
      vertex 7.727555093430283 -8.203989293123444 -0.00495
      vertex 7.68268343236509 -8.223879532511287 -0.00495
    endloop
  endfacet
  facet normal 0.4052413140049827 -0.914209755703534 0
    outer loop
      vertex 7.68268343236509 -8.223879532511287 -0.00495
      vertex 7.727555093430283 -8.203989293123444 -0.00495
      vertex 7.68268343236509 -8.223879532511287 0.005050000000000001
    endloop
  endfacet
  facet normal 0.4052413140049827 -0.914209755703534 -1.0375808606099149e-16
    outer loop
      vertex 7.68268343236509 -8.223879532511287 0.005050000000000001
      vertex 7.727555093430283 -8.203989293123444 -0.00495
      vertex 7.727555093430283 -8.203989293123444 0.005050000000000001
    endloop
  endfacet
  facet normal 0.4496113296546005 -0.8932243011955183 0
    outer loop
      vertex 7.727555093430283 -8.203989293123444 -0.00495
      vertex 7.771396736825999 -8.181921264348356 0.005050000000000001
      vertex 7.727555093430283 -8.203989293123444 0.005050000000000001
    endloop
  endfacet
  facet normal 0.4496113296546005 -0.8932243011955183 -6.462560192373798e-17
    outer loop
      vertex 7.727555093430283 -8.203989293123444 -0.00495
      vertex 7.771396736825999 -8.181921264348356 -0.00495
      vertex 7.771396736825999 -8.181921264348356 0.005050000000000001
    endloop
  endfacet
  facet normal 0 0 -1
    outer loop
      vertex 7.727555093430283 -8.203989293123444 -0.00495
      vertex 7.814102744193223 -8.157728610000273 -0.00495
      vertex 7.771396736825999 -8.181921264348356 -0.00495
    endloop
  endfacet
  facet normal 0 0 -1
    outer loop
      vertex 7.349067674327419 -8.298795456205173 -0.00495
      vertex 8.007106781186549 -8.007106781186549 -0.00495
      vertex 7.727555093430283 -8.203989293123444 -0.00495
    endloop
  endfacet
  facet normal 0.49289819222977843 -0.8700869911087146 0
    outer loop
      vertex 7.771396736825999 -8.181921264348356 -0.00495
      vertex 7.814102744193223 -8.157728610000273 -0.00495
      vertex 7.771396736825999 -8.181921264348356 0.005050000000000001
    endloop
  endfacet
  facet normal 0 0 -1
    outer loop
      vertex 7.727555093430283 -8.203989293123444 -0.00495
      vertex 7.855570233019603 -8.131469612302546 -0.00495
      vertex 7.814102744193223 -8.157728610000273 -0.00495
    endloop
  endfacet
  facet normal 0.49289819222977843 -0.8700869911087146 -1.0638569812861197e-16
    outer loop
      vertex 7.771396736825999 -8.181921264348356 0.005050000000000001
      vertex 7.814102744193223 -8.157728610000273 -0.00495
      vertex 7.814102744193223 -8.157728610000273 0.005050000000000001
    endloop
  endfacet
  facet normal 0.5349976198871089 -0.8448535652496996 0
    outer loop
      vertex 7.814102744193223 -8.157728610000273 -0.00495
      vertex 7.855570233019603 -8.131469612302546 -0.00495
      vertex 7.814102744193223 -8.157728610000273 0.005050000000000001
    endloop
  endfacet
  facet normal 0.5349976198871089 -0.8448535652496996 4.369913759878488e-17
    outer loop
      vertex 7.814102744193223 -8.157728610000273 0.005050000000000001
      vertex 7.855570233019603 -8.131469612302546 -0.00495
      vertex 7.855570233019603 -8.131469612302546 0.005050000000000001
    endloop
  endfacet
  facet normal 0.575808191417838 -0.8175848131515888 0
    outer loop
      vertex 7.855570233019603 -8.131469612302546 -0.00495
      vertex 7.895699304492434 -8.103207531480646 0.005050000000000001
      vertex 7.855570233019603 -8.131469612302546 0.005050000000000001
    endloop
  endfacet
  facet normal 0 0 -1
    outer loop
      vertex 7.727555093430283 -8.203989293123444 -0.00495
      vertex 8.007106781186549 -8.007106781186549 -0.00495
      vertex 7.855570233019603 -8.131469612302546 -0.00495
    endloop
  endfacet
  facet normal 0.575808191417838 -0.8175848131515888 -7.808484056361628e-18
    outer loop
      vertex 7.855570233019603 -8.131469612302546 -0.00495
      vertex 7.895699304492434 -8.103207531480646 -0.00495
      vertex 7.895699304492434 -8.103207531480646 0.005050000000000001
    endloop
  endfacet
  facet normal 0 0 -1
    outer loop
      vertex 7.855570233019603 -8.131469612302546 -0.00495
      vertex 7.934393284163646 -8.073010453362738 -0.00495
      vertex 7.895699304492434 -8.103207531480646 -0.00495
    endloop
  endfacet
  facet normal 0.6152315905806282 -0.7883464276266051 0
    outer loop
      vertex 7.895699304492434 -8.103207531480646 -0.00495
      vertex 7.934393284163646 -8.073010453362738 -0.00495
      vertex 7.895699304492434 -8.103207531480646 0.005050000000000001
    endloop
  endfacet
  facet normal 0.6152315905806282 -0.7883464276266051 -1.2258921321545644e-16
    outer loop
      vertex 7.895699304492434 -8.103207531480646 0.005050000000000001
      vertex 7.934393284163646 -8.073010453362738 -0.00495
      vertex 7.934393284163646 -8.073010453362738 0.005050000000000001
    endloop
  endfacet
  facet normal 0 0 -1
    outer loop
      vertex 7.855570233019603 -8.131469612302546 -0.00495
      vertex 8.007106781186549 -8.007106781186549 -0.00495
      vertex 7.934393284163646 -8.073010453362738 -0.00495
    endloop
  endfacet
  facet normal 0.6531728429537761 -0.7572088465064851 0
    outer loop
      vertex 7.934393284163646 -8.073010453362738 -0.00495
      vertex 7.971558954847019 -8.04095112535496 0.005050000000000001
      vertex 7.934393284163646 -8.073010453362738 0.005050000000000001
    endloop
  endfacet
  facet normal 0.6531728429537761 -0.7572088465064851 -5.195272149007608e-17
    outer loop
      vertex 7.934393284163646 -8.073010453362738 -0.00495
      vertex 7.971558954847019 -8.04095112535496 -0.00495
      vertex 7.971558954847019 -8.04095112535496 0.005050000000000001
    endloop
  endfacet
  facet normal 0 0 -1
    outer loop
      vertex 7.349067674327419 -8.298795456205173 -0.00495
      vertex 8.3 -7.300000000000001 -0.00495
      vertex 8.007106781186549 -8.007106781186549 -0.00495
    endloop
  endfacet
  facet normal 0 0 -1
    outer loop
      vertex 7.934393284163646 -8.073010453362738 -0.00495
      vertex 8.007106781186549 -8.007106781186549 -0.00495
      vertex 7.971558954847019 -8.04095112535496 -0.00495
    endloop
  endfacet
  facet normal 0.6895405447370607 -0.7242470829514729 0
    outer loop
      vertex 7.971558954847019 -8.04095112535496 -0.00495
      vertex 8.007106781186549 -8.007106781186549 -0.00495
      vertex 7.971558954847019 -8.04095112535496 0.005050000000000001
    endloop
  endfacet
  facet normal 0.6895405447370607 -0.7242470829514729 -1.8613048138239457e-16
    outer loop
      vertex 7.971558954847019 -8.04095112535496 0.005050000000000001
      vertex 8.007106781186549 -8.007106781186549 -0.00495
      vertex 8.007106781186549 -8.007106781186549 0.005050000000000001
    endloop
  endfacet
  facet normal 0.7242470829514729 -0.6895405447370607 0
    outer loop
      vertex 8.007106781186549 -8.007106781186549 -0.00495
      vertex 8.04095112535496 -7.971558954847019 0.005050000000000001
      vertex 8.007106781186549 -8.007106781186549 0.005050000000000001
    endloop
  endfacet
  facet normal 0.7242470829514729 -0.6895405447370607 -1.8613048138239457e-16
    outer loop
      vertex 8.007106781186549 -8.007106781186549 -0.00495
      vertex 8.04095112535496 -7.971558954847019 -0.00495
      vertex 8.04095112535496 -7.971558954847019 0.005050000000000001
    endloop
  endfacet
  facet normal 0 0 -1
    outer loop
      vertex 8.007106781186549 -8.007106781186549 -0.00495
      vertex 8.073010453362738 -7.934393284163646 -0.00495
      vertex 8.04095112535496 -7.971558954847019 -0.00495
    endloop
  endfacet
  facet normal 0.7572088465064851 -0.6531728429537761 0
    outer loop
      vertex 8.04095112535496 -7.971558954847019 -0.00495
      vertex 8.073010453362738 -7.934393284163646 -0.00495
      vertex 8.04095112535496 -7.971558954847019 0.005050000000000001
    endloop
  endfacet
  facet normal 0.7572088465064851 -0.6531728429537761 -5.195272149007608e-17
    outer loop
      vertex 8.04095112535496 -7.971558954847019 0.005050000000000001
      vertex 8.073010453362738 -7.934393284163646 -0.00495
      vertex 8.073010453362738 -7.934393284163646 0.005050000000000001
    endloop
  endfacet
  facet normal 0.7883464276266051 -0.6152315905806282 0
    outer loop
      vertex 8.073010453362738 -7.934393284163646 -0.00495
      vertex 8.103207531480646 -7.895699304492434 0.005050000000000001
      vertex 8.073010453362738 -7.934393284163646 0.005050000000000001
    endloop
  endfacet
  facet normal 0 0 -1
    outer loop
      vertex 8.073010453362738 -7.934393284163646 -0.00495
      vertex 8.131469612302546 -7.855570233019603 -0.00495
      vertex 8.103207531480646 -7.895699304492434 -0.00495
    endloop
  endfacet
  facet normal 0.7883464276266051 -0.6152315905806282 -1.2258921321545644e-16
    outer loop
      vertex 8.073010453362738 -7.934393284163646 -0.00495
      vertex 8.103207531480646 -7.895699304492434 -0.00495
      vertex 8.103207531480646 -7.895699304492434 0.005050000000000001
    endloop
  endfacet
  facet normal 0 0 -1
    outer loop
      vertex 8.007106781186549 -8.007106781186549 -0.00495
      vertex 8.223879532511287 -7.68268343236509 -0.00495
      vertex 8.073010453362738 -7.934393284163646 -0.00495
    endloop
  endfacet
  facet normal 0.8175848131515888 -0.575808191417838 0
    outer loop
      vertex 8.103207531480646 -7.895699304492434 -0.00495
      vertex 8.131469612302546 -7.855570233019603 -0.00495
      vertex 8.103207531480646 -7.895699304492434 0.005050000000000001
    endloop
  endfacet
  facet normal 0 0 -1
    outer loop
      vertex 8.073010453362738 -7.934393284163646 -0.00495
      vertex 8.157728610000273 -7.814102744193223 -0.00495
      vertex 8.131469612302546 -7.855570233019603 -0.00495
    endloop
  endfacet
  facet normal 0.8175848131515888 -0.575808191417838 -7.808484056361628e-18
    outer loop
      vertex 8.103207531480646 -7.895699304492434 0.005050000000000001
      vertex 8.131469612302546 -7.855570233019603 -0.00495
      vertex 8.131469612302546 -7.855570233019603 0.005050000000000001
    endloop
  endfacet
  facet normal 0.8448535652496996 -0.5349976198871089 0
    outer loop
      vertex 8.131469612302546 -7.855570233019603 -0.00495
      vertex 8.157728610000273 -7.814102744193223 0.005050000000000001
      vertex 8.131469612302546 -7.855570233019603 0.005050000000000001
    endloop
  endfacet
  facet normal 0.8448535652496996 -0.5349976198871089 4.369913759878488e-17
    outer loop
      vertex 8.131469612302546 -7.855570233019603 -0.00495
      vertex 8.157728610000273 -7.814102744193223 -0.00495
      vertex 8.157728610000273 -7.814102744193223 0.005050000000000001
    endloop
  endfacet
  facet normal 0 0 -1
    outer loop
      vertex 8.073010453362738 -7.934393284163646 -0.00495
      vertex 8.223879532511287 -7.68268343236509 -0.00495
      vertex 8.157728610000273 -7.814102744193223 -0.00495
    endloop
  endfacet
  facet normal 0.8700869911087146 -0.49289819222977843 0
    outer loop
      vertex 8.157728610000273 -7.814102744193223 -0.00495
      vertex 8.181921264348356 -7.771396736825999 0.005050000000000001
      vertex 8.157728610000273 -7.814102744193223 0.005050000000000001
    endloop
  endfacet
  facet normal 0.8700869911087146 -0.49289819222977843 -1.0638569812861197e-16
    outer loop
      vertex 8.157728610000273 -7.814102744193223 -0.00495
      vertex 8.181921264348356 -7.771396736825999 -0.00495
      vertex 8.181921264348356 -7.771396736825999 0.005050000000000001
    endloop
  endfacet
  facet normal 0 0 -1
    outer loop
      vertex 8.157728610000273 -7.814102744193223 -0.00495
      vertex 8.223879532511287 -7.68268343236509 -0.00495
      vertex 8.181921264348356 -7.771396736825999 -0.00495
    endloop
  endfacet
  facet normal 0.8932243011955183 -0.4496113296546005 0
    outer loop
      vertex 8.181921264348356 -7.771396736825999 -0.00495
      vertex 8.203989293123444 -7.727555093430283 0.005050000000000001
      vertex 8.181921264348356 -7.771396736825999 0.005050000000000001
    endloop
  endfacet
  facet normal 0.8932243011955183 -0.4496113296546005 -6.462560192373798e-17
    outer loop
      vertex 8.181921264348356 -7.771396736825999 -0.00495
      vertex 8.203989293123444 -7.727555093430283 -0.00495
      vertex 8.203989293123444 -7.727555093430283 0.005050000000000001
    endloop
  endfacet
  facet normal 0 0 -1
    outer loop
      vertex 8.181921264348356 -7.771396736825999 -0.00495
      vertex 8.223879532511287 -7.68268343236509 -0.00495
      vertex 8.203989293123444 -7.727555093430283 -0.00495
    endloop
  endfacet
  facet normal 0 0 -1
    outer loop
      vertex 8.007106781186549 -8.007106781186549 -0.00495
      vertex 8.3 -7.300000000000001 -0.00495
      vertex 8.223879532511287 -7.68268343236509 -0.00495
    endloop
  endfacet
  facet normal 0.914209755703534 -0.4052413140049827 0
    outer loop
      vertex 8.203989293123444 -7.727555093430283 -0.00495
      vertex 8.223879532511287 -7.68268343236509 -0.00495
      vertex 8.203989293123444 -7.727555093430283 0.005050000000000001
    endloop
  endfacet
  facet normal 0.914209755703534 -0.4052413140049827 -1.0375808606099149e-16
    outer loop
      vertex 8.203989293123444 -7.727555093430283 0.005050000000000001
      vertex 8.223879532511287 -7.68268343236509 -0.00495
      vertex 8.223879532511287 -7.68268343236509 0.005050000000000001
    endloop
  endfacet
  facet normal 0.932992798834737 -0.35989503653499316 0
    outer loop
      vertex 8.223879532511287 -7.68268343236509 -0.00495
      vertex 8.241544065183021 -7.636889853392221 0.005050000000000001
      vertex 8.223879532511287 -7.68268343236509 0.005050000000000001
    endloop
  endfacet
  facet normal 0.932992798834737 -0.35989503653499316 -3.5145105410712124e-17
    outer loop
      vertex 8.223879532511287 -7.68268343236509 -0.00495
      vertex 8.241544065183021 -7.636889853392221 -0.00495
      vertex 8.241544065183021 -7.636889853392221 0.005050000000000001
    endloop
  endfacet
  facet normal 0.9495281805930307 -0.3136817403989097 0
    outer loop
      vertex 8.241544065183021 -7.636889853392221 -0.00495
      vertex 8.25694033573221 -7.590284677254463 0.005050000000000001
      vertex 8.241544065183021 -7.636889853392221 0.005050000000000001
    endloop
  endfacet
  facet normal 0 0 -1
    outer loop
      vertex 8.223879532511287 -7.68268343236509 -0.00495
      vertex 8.280785280403231 -7.495090322016129 -0.00495
      vertex 8.241544065183021 -7.636889853392221 -0.00495
    endloop
  endfacet
  facet normal 0.9495281805930307 -0.3136817403989097 -7.424109525557104e-17
    outer loop
      vertex 8.241544065183021 -7.636889853392221 -0.00495
      vertex 8.25694033573221 -7.590284677254463 -0.00495
      vertex 8.25694033573221 -7.590284677254463 0.005050000000000001
    endloop
  endfacet
  facet normal 0 0 -1
    outer loop
      vertex 8.241544065183021 -7.636889853392221 -0.00495
      vertex 8.280785280403231 -7.495090322016129 -0.00495
      vertex 8.25694033573221 -7.590284677254463 -0.00495
    endloop
  endfacet
  facet normal 0.9637760657954466 -0.2667127574748739 0
    outer loop
      vertex 8.25694033573221 -7.590284677254463 -0.00495
      vertex 8.270031253194544 -7.542980179903265 0.005050000000000001
      vertex 8.25694033573221 -7.590284677254463 0.005050000000000001
    endloop
  endfacet
  facet normal 0.9637760657954466 -0.2667127574748739 7.934497710735335e-17
    outer loop
      vertex 8.25694033573221 -7.590284677254463 -0.00495
      vertex 8.270031253194544 -7.542980179903265 -0.00495
      vertex 8.270031253194544 -7.542980179903265 0.005050000000000001
    endloop
  endfacet
  facet normal 0 0 -1
    outer loop
      vertex 8.25694033573221 -7.590284677254463 -0.00495
      vertex 8.280785280403231 -7.495090322016129 -0.00495
      vertex 8.270031253194544 -7.542980179903265 -0.00495
    endloop
  endfacet
  facet normal 0.9757021300385256 -0.21910124015688293 0
    outer loop
      vertex 8.270031253194544 -7.542980179903265 -0.00495
      vertex 8.280785280403231 -7.495090322016129 -0.00495
      vertex 8.270031253194544 -7.542980179903265 0.005050000000000001
    endloop
  endfacet
  facet normal 0.9757021300385256 -0.21910124015688293 9.260387099027372e-17
    outer loop
      vertex 8.270031253194544 -7.542980179903265 0.005050000000000001
      vertex 8.280785280403231 -7.495090322016129 -0.00495
      vertex 8.280785280403231 -7.495090322016129 0.005050000000000001
    endloop
  endfacet
  facet normal 0 0 -1
    outer loop
      vertex 8.223879532511287 -7.68268343236509 -0.00495
      vertex 8.3 -7.300000000000001 -0.00495
      vertex 8.280785280403231 -7.495090322016129 -0.00495
    endloop
  endfacet
  facet normal 0.9852776423889434 -0.17096188876028862 0
    outer loop
      vertex 8.280785280403231 -7.495090322016129 -0.00495
      vertex 8.289176509964781 -7.446730474455363 0.005050000000000001
      vertex 8.280785280403231 -7.495090322016129 0.005050000000000001
    endloop
  endfacet
  facet normal 0.9852776423889434 -0.17096188876028862 1.471406909311094e-17
    outer loop
      vertex 8.280785280403231 -7.495090322016129 -0.00495
      vertex 8.289176509964781 -7.446730474455363 -0.00495
      vertex 8.289176509964781 -7.446730474455363 0.005050000000000001
    endloop
  endfacet
  facet normal 0 0 -1
    outer loop
      vertex 8.280785280403231 -7.495090322016129 -0.00495
      vertex 8.295184726672197 -7.398017140329562 -0.00495
      vertex 8.289176509964781 -7.446730474455363 -0.00495
    endloop
  endfacet
  facet normal 0.9924795345987096 -0.12241067519921875 0
    outer loop
      vertex 8.289176509964781 -7.446730474455363 -0.00495
      vertex 8.295184726672197 -7.398017140329562 -0.00495
      vertex 8.289176509964781 -7.446730474455363 0.005050000000000001
    endloop
  endfacet
  facet normal 0.9924795345987096 -0.12241067519921875 6.899163172176291e-18
    outer loop
      vertex 8.289176509964781 -7.446730474455363 0.005050000000000001
      vertex 8.295184726672197 -7.398017140329562 -0.00495
      vertex 8.295184726672197 -7.398017140329562 0.005050000000000001
    endloop
  endfacet
  facet normal 0 0 -1
    outer loop
      vertex 8.280785280403231 -7.495090322016129 -0.00495
      vertex 8.3 -7.300000000000001 -0.00495
      vertex 8.295184726672197 -7.398017140329562 -0.00495
    endloop
  endfacet
  facet normal 0.9972904566786889 -0.07356456359968419 0
    outer loop
      vertex 8.295184726672197 -7.398017140329562 -0.00495
      vertex 8.298795456205173 -7.349067674327419 0.005050000000000001
      vertex 8.295184726672197 -7.398017140329562 0.005050000000000001
    endloop
  endfacet
  facet normal 0.9972904566786889 -0.07356456359968419 5.316206543072558e-18
    outer loop
      vertex 8.295184726672197 -7.398017140329562 -0.00495
      vertex 8.298795456205173 -7.349067674327419 -0.00495
      vertex 8.298795456205173 -7.349067674327419 0.005050000000000001
    endloop
  endfacet
  facet normal 0 0 -1
    outer loop
      vertex 8.295184726672197 -7.398017140329562 -0.00495
      vertex 8.3 -7.300000000000001 -0.00495
      vertex 8.298795456205173 -7.349067674327419 -0.00495
    endloop
  endfacet
  facet normal 0.9996988186962044 -0.024541228522907587 0
    outer loop
      vertex 8.298795456205173 -7.349067674327419 -0.00495
      vertex 8.3 -7.300000000000001 -0.00495
      vertex 8.298795456205173 -7.349067674327419 0.005050000000000001
    endloop
  endfacet
  facet normal 0.9996988186962044 -0.024541228522907587 -1.1764332665181406e-18
    outer loop
      vertex 8.298795456205173 -7.349067674327419 0.005050000000000001
      vertex 8.3 -7.300000000000001 -0.00495
      vertex 8.3 -7.300000000000001 0.005050000000000001
    endloop
  endfacet
  facet normal 0.023750684195776205 -0.9674956130081709 0.2517700216669495
    outer loop
      vertex 7.300000000000001 -8.3 0.005050000000000001
      vertex 7.349067674327419 -8.298795456205173 0.005050000000000001
      vertex 3.799739285198831 -6.199843571119299 8.405675715522806
    endloop
  endfacet
  facet normal 0.0708478748358041 -0.9604612056723598 0.2692486787890469
    outer loop
      vertex 7.349067674327419 -8.298795456205173 0.005050000000000001
      vertex 7.398017140329562 -8.295184726672197 0.005050000000000001
      vertex 4.033354587858957 -6.187261442304313 8.409762478919808
    endloop
  endfacet
  facet normal 0.11731507290862268 -0.9511654826858322 0.28551952335255865
    outer loop
      vertex 7.398017140329562 -8.295184726672197 0.005050000000000001
      vertex 7.446730474455363 -8.289176509964781 0.005050000000000001
      vertex 4.149983391392136 -6.17263062360089 8.410582083623689
    endloop
  endfacet
  facet normal 0.16305620743254817 -0.9397160782499556 0.30057672148095127
    outer loop
      vertex 7.446730474455363 -8.289176509964781 0.005050000000000001
      vertex 7.495090322016129 -8.280785280403231 0.005050000000000001
      vertex 4.149983391392136 -6.17263062360089 8.410582083623689
    endloop
  endfacet
  facet normal 0.20798928334109312 -0.9262183392288567 0.31442017443446124
    outer loop
      vertex 7.495090322016129 -8.280785280403231 0.005050000000000001
      vertex 7.542980179903265 -8.270031253194544 0.005050000000000001
      vertex 4.381379738713869 -6.126873350089025 8.409762478919808
    endloop
  endfacet
  facet normal 0.2520450329242912 -0.9107737197683218 0.3270543269207237
    outer loop
      vertex 7.542980179903265 -8.270031253194544 0.005050000000000001
      vertex 7.590284677254463 -8.25694033573221 0.005050000000000001
      vertex 4.381379738713869 -6.126873350089025 8.409762478919808
    endloop
  endfacet
  facet normal 0.29516543718163185 -0.8934785307700859 0.33848704516761746
    outer loop
      vertex 7.590284677254463 -8.25694033573221 0.005050000000000001
      vertex 7.636889853392221 -8.241544065183021 0.005050000000000001
      vertex 4.607946149449167 -6.059281040325368 8.40668514195452
    endloop
  endfacet
  facet normal 0.33730217895636266 -0.8744230179649984 0.3487285846102579
    outer loop
      vertex 7.636889853392221 -8.241544065183021 0.005050000000000001
      vertex 7.68268343236509 -8.223879532511287 0.005050000000000001
      vertex 4.607946149449167 -6.059281040325368 8.40668514195452
    endloop
  endfacet
  facet normal 0.3784150776633884 -0.8536907362335876 0.35779065927713505
    outer loop
      vertex 7.68268343236509 -8.223879532511287 0.005050000000000001
      vertex 7.727555093430283 -8.203989293123444 0.005050000000000001
      vertex 4.827533566301393 -5.970653491144909 8.400992930793652
    endloop
  endfacet
  facet normal 0.4184705438483048 -0.8313581852729586 0.36568561868216426
    outer loop
      vertex 7.727555093430283 -8.203989293123444 0.005050000000000001
      vertex 7.771396736825999 -8.181921264348356 0.005050000000000001
      vertex 4.827533566301393 -5.970653491144909 8.400992930793652
    endloop
  endfacet
  facet normal 0.45744008137685616 -0.8074946719061397 0.3724257332584997
    outer loop
      vertex 7.771396736825999 -8.181921264348356 0.005050000000000001
      vertex 7.814102744193223 -8.157728610000273 0.005050000000000001
      vertex 4.934090982267041 -5.918795599840291 8.396949409999879
    endloop
  endfacet
  facet normal 0.49529885611567165 -0.7821623665199153 0.3780225860057476
    outer loop
      vertex 7.814102744193223 -8.157728610000273 0.005050000000000001
      vertex 7.855570233019603 -8.131469612302546 0.005050000000000001
      vertex 5.139372678612478 -5.800679251303363 8.386522863250528
    endloop
  endfacet
  facet normal 0.5320243426951955 -0.7554165246303461 0.3824865659015424
    outer loop
      vertex 7.855570233019603 -8.131469612302546 0.005050000000000001
      vertex 7.895699304492434 -8.103207531480646 0.005050000000000001
      vertex 5.237575367522585 -5.734734586382394 8.380168309542055
    endloop
  endfacet
  facet normal 0.5675950553590765 -0.7273058488569466 0.38582645755624806
    outer loop
      vertex 7.895699304492434 -8.103207531480646 0.005050000000000001
      vertex 7.934393284163646 -8.073010453362738 0.005050000000000001
      vertex 5.332485921147254 -5.664428419912345 8.373075289349218
    endloop
  endfacet
  facet normal 0.6019893649187763 -0.6978729712000237 0.3880491213662766
    outer loop
      vertex 7.934393284163646 -8.073010453362738 0.005050000000000001
      vertex 7.971558954847019 -8.04095112535496 0.005050000000000001
      vertex 5.332485921147254 -5.664428419912345 8.373075289349218
    endloop
  endfacet
  facet normal 0.6351844013194092 -0.6671550401249879 0.3891592588598266
    outer loop
      vertex 7.971558954847019 -8.04095112535496 0.005050000000000001
      vertex 8.007106781186549 -8.007106781186549 0.005050000000000001
      vertex 5.423866171506515 -5.58994723033933 8.36526305721895
    endloop
  endfacet
  facet normal 0.6671550401249879 -0.6351844013194092 0.38915925885982655
    outer loop
      vertex 8.007106781186549 -8.007106781186549 0.005050000000000001
      vertex 8.04095112535496 -7.971558954847019 0.005050000000000001
      vertex 5.511423503906989 -5.511423503906989 8.35696940409441
    endloop
  endfacet
  facet normal 0.6978729712000237 -0.6019893649187762 0.38804912136627673
    outer loop
      vertex 8.04095112535496 -7.971558954847019 0.005050000000000001
      vertex 8.073010453362738 -7.934393284163646 0.005050000000000001
      vertex 5.594867071225665 -5.428980093661755 8.348481803586093
    endloop
  endfacet
  facet normal 0.7273058488569466 -0.5675950553590765 0.3858264575562481
    outer loop
      vertex 8.073010453362738 -7.934393284163646 0.005050000000000001
      vertex 8.103207531480646 -7.895699304492434 0.005050000000000001
      vertex 5.67414400730359 -5.342981332147682 8.339320872907626
    endloop
  endfacet
  facet normal 0.7554165246303461 -0.5320243426951955 0.38248656590154234
    outer loop
      vertex 8.103207531480646 -7.895699304492434 0.005050000000000001
      vertex 8.131469612302546 -7.855570233019603 0.005050000000000001
      vertex 5.7490603432704015 -5.253653084339252 8.329511235726155
    endloop
  endfacet
  facet normal 0.7821623665199151 -0.4952988561156716 0.37802258600574773
    outer loop
      vertex 8.131469612302546 -7.855570233019603 0.005050000000000001
      vertex 8.157728610000273 -7.814102744193223 0.005050000000000001
      vertex 5.819434562613994 -5.161229269220757 8.319079160280822
    endloop
  endfacet
  facet normal 0.8074946719061397 -0.4574400813768561 0.3724257332584998
    outer loop
      vertex 8.157728610000273 -7.814102744193223 0.005050000000000001
      vertex 8.181921264348356 -7.771396736825999 0.005050000000000001
      vertex 5.885098042264482 -5.0659511077393615 8.308052469291633
    endloop
  endfacet
  facet normal 0.8313581852729585 -0.41847054384830473 0.3656856186821642
    outer loop
      vertex 8.181921264348356 -7.771396736825999 0.005050000000000001
      vertex 8.203989293123444 -7.727555093430283 0.005050000000000001
      vertex 5.945895442557469 -4.968066355749365 8.2964604456989
    endloop
  endfacet
  facet normal 0.8536907362335876 -0.3784150776633884 0.357790659277135
    outer loop
      vertex 8.203989293123444 -7.727555093430283 0.005050000000000001
      vertex 8.223879532511287 -7.68268343236509 0.005050000000000001
      vertex 6.00168504546801 -4.867828525741678 8.284333734751678
    endloop
  endfacet
  facet normal 0.8744230179649984 -0.33730217895636266 0.3487285846102578
    outer loop
      vertex 8.223879532511287 -7.68268343236509 0.005050000000000001
      vertex 8.241544065183021 -7.636889853392221 0.005050000000000001
      vertex 6.052339040844897 -4.765496101106585 8.271704242970577
    endloop
  endfacet
  facet normal 0.8934785307700859 -0.29516543718163185 0.3384870451676175
    outer loop
      vertex 8.241544065183021 -7.636889853392221 0.005050000000000001
      vertex 8.25694033573221 -7.590284677254463 0.005050000000000001
      vertex 6.09774376070396 -4.661331746602314 8.258605034512373
    endloop
  endfacet
  facet normal 0.9107737197683217 -0.25204503292429115 0.32705432692072406
    outer loop
      vertex 8.25694033573221 -7.590284677254463 0.005050000000000001
      vertex 8.270031253194544 -7.542980179903265 0.005050000000000001
      vertex 6.1377998619554095 -4.555601518598472 8.245070225461738
    endloop
  endfacet
  facet normal 0.9262183392288568 -0.20798928334109315 0.3144201744344613
    outer loop
      vertex 8.270031253194544 -7.542980179903265 0.005050000000000001
      vertex 8.280785280403231 -7.495090322016129 0.005050000000000001
      vertex 6.172422458241353 -4.448574078534332 8.231134876568712
    endloop
  endfacet
  facet normal 0.9397160782499554 -0.16305620743254814 0.30057672148095144
    outer loop
      vertex 8.280785280403231 -7.495090322016129 0.005050000000000001
      vertex 8.289176509964781 -7.446730474455363 0.005050000000000001
      vertex 6.201541201842694 -4.340519912879455 8.216834884940068
    endloop
  endfacet
  facet normal 0.9511654826858322 -0.11731507290862267 0.28551952335255865
    outer loop
      vertex 8.289176509964781 -7.446730474455363 0.005050000000000001
      vertex 8.295184726672197 -7.398017140329562 0.005050000000000001
      vertex 6.225100316877607 -4.231710562711068 8.202206875178282
    endloop
  endfacet
  facet normal 0.9604612056723596 -0.07084787483580408 0.26924867878904696
    outer loop
      vertex 8.295184726672197 -7.398017140329562 0.005050000000000001
      vertex 8.298795456205173 -7.349067674327419 0.005050000000000001
      vertex 6.243011082861526 -4.122342042614836 8.1874774920034
    endloop
  endfacet
  facet normal 0.9674956130081708 -0.023750684195776202 0.2517700216669497
    outer loop
      vertex 8.298795456205173 -7.349067674327419 0.005050000000000001
      vertex 8.3 -7.300000000000001 0.005050000000000001
      vertex 6.255267664612675 -4.012714648001325 8.172602383341799
    endloop
  endfacet
  facet normal 0 0 -1
    outer loop
      vertex 6.5 -6.5 -0.00495
      vertex 6.5 6.5 -0.00495
      vertex 8.3 -7.300000000000001 -0.00495
    endloop
  endfacet
  facet normal 1 0 0
    outer loop
      vertex 8.3 -7.300000000000001 -0.00495
      vertex 8.3 7.300000000000001 0.005050000000000001
      vertex 8.3 -7.300000000000001 0.005050000000000001
    endloop
  endfacet
  facet normal 4.060622672807571e-16 -0.9701425001453318 0.24253562503633336
    outer loop
      vertex 7.300000000000001 -8.3 0.005050000000000001
      vertex 1.1089387886018682 -6.210467609477846 8.363179562088614
      vertex 0 -6.211441045242147 8.359285819031415
    endloop
  endfacet
  facet normal -3.126351916698017e-16 -0.9701425001453319 0.24253562503633283
    outer loop
      vertex 7.300000000000001 -8.3 0.005050000000000001
      vertex 2.222954522979733 -6.207536035719011 8.374905857123958
      vertex 1.1089387886018682 -6.210467609477846 8.363179562088614
    endloop
  endfacet
  facet normal 1.4606968517534024e-16 -0.9701425001453319 0.24253562503633305
    outer loop
      vertex 7.300000000000001 -8.3 0.005050000000000001
      vertex 3.3472182029349593 -6.202612205624721 8.394601177501118
      vertex 2.222954522979733 -6.207536035719011 8.374905857123958
    endloop
  endfacet
  facet normal 2.8891809621147767e-16 -0.9701425001453319 0.24253562503633277
    outer loop
      vertex 7.300000000000001 -8.3 0.005050000000000001
      vertex 3.799739285198831 -6.199843571119299 8.405675715522806
      vertex 3.3472182029349593 -6.202612205624721 8.394601177501118
    endloop
  endfacet
  facet normal 0.023750684195783228 -0.9674956130081699 0.2517700216669521
    outer loop
      vertex 7.349067674327419 -8.298795456205173 0.005050000000000001
      vertex 3.9165061018445213 -6.196339596656799 8.40812552320753
      vertex 3.799739285198831 -6.199843571119299 8.405675715522806
    endloop
  endfacet
  facet normal 0.07084787483578471 -0.9604612056723627 0.26924867878904085
    outer loop
      vertex 7.349067674327419 -8.298795456205173 0.005050000000000001
      vertex 4.033354587858957 -6.187261442304313 8.409762478919808
      vertex 3.9165061018445213 -6.196339596656799 8.40812552320753
    endloop
  endfacet
  facet normal 0.11731507290862267 -0.9511654826858321 0.28551952335255876
    outer loop
      vertex 7.398017140329562 -8.295184726672197 0.005050000000000001
      vertex 4.149983391392136 -6.17263062360089 8.410582083623689
      vertex 4.033354587858957 -6.187261442304313 8.409762478919808
    endloop
  endfacet
  facet normal 0.16305620743255717 -0.939716078249953 0.3005767214809542
    outer loop
      vertex 7.495090322016129 -8.280785280403231 0.005050000000000001
      vertex 4.266091613991432 -6.152483935822562 8.41058208362369
      vertex 4.149983391392136 -6.17263062360089 8.410582083623689
    endloop
  endfacet
  facet normal 0.207989283341084 -0.9262183392288595 0.3144201744344589
    outer loop
      vertex 7.495090322016129 -8.280785280403231 0.005050000000000001
      vertex 4.381379738713869 -6.126873350089025 8.409762478919808
      vertex 4.266091613991432 -6.152483935822562 8.41058208362369
    endloop
  endfacet
  facet normal 0.25204503292431857 -0.9107737197683111 0.32705432692073183
    outer loop
      vertex 7.590284677254463 -8.25694033573221 0.005050000000000001
      vertex 4.468697390065704 -6.103158867437025 8.408510537884936
      vertex 4.381379738713869 -6.126873350089025 8.409762478919808
    endloop
  endfacet
  facet normal 0.25204503292429814 -0.9107737197683191 0.3270543269207253
    outer loop
      vertex 7.590284677254463 -8.25694033573221 0.005050000000000001
      vertex 4.4954795881307765 -6.095816297426678 8.408318214509473
      vertex 4.468697390065704 -6.103158867437025 8.408510537884936
    endloop
  endfacet
  facet normal 0.29516543718161925 -0.8934785307700915 0.33848704516761335
    outer loop
      vertex 7.590284677254463 -8.25694033573221 0.005050000000000001
      vertex 4.607946149449167 -6.059281040325368 8.40668514195452
      vertex 4.4954795881307765 -6.095816297426678 8.408318214509473
    endloop
  endfacet
  facet normal 0.33730217895636627 -0.874423017964997 0.3487285846102585
    outer loop
      vertex 7.68268343236509 -8.223879532511287 0.005050000000000001
      vertex 4.718725671681332 -6.017523353754363 8.404241144084509
      vertex 4.607946149449167 -6.059281040325368 8.40668514195452
    endloop
  endfacet
  facet normal 0.3784150776633883 -0.8536907362335874 0.35779065927713555
    outer loop
      vertex 7.68268343236509 -8.223879532511287 0.005050000000000001
      vertex 4.827533566301393 -5.970653491144909 8.400992930793652
      vertex 4.718725671681332 -6.017523353754363 8.404241144084509
    endloop
  endfacet
  facet normal 0.41847054384830923 -0.8313581852729558 0.3656856186821648
    outer loop
      vertex 7.771396736825999 -8.181921264348356 0.005050000000000001
      vertex 4.934090982267041 -5.918795599840291 8.396949409999879
      vertex 4.827533566301393 -5.970653491144909 8.400992930793652
    endloop
  endfacet
  facet normal 0.4574400813768654 -0.8074946719061339 0.3724257332585003
    outer loop
      vertex 7.814102744193223 -8.157728610000273 0.005050000000000001
      vertex 5.0381256469160745 -5.862087305888254 8.392121654870873
      vertex 4.934090982267041 -5.918795599840291 8.396949409999879
    endloop
  endfacet
  facet normal 0.49529885611565044 -0.78216236651993 0.3780225860057452
    outer loop
      vertex 7.814102744193223 -8.157728610000273 0.005050000000000001
      vertex 5.139372678612478 -5.800679251303363 8.386522863250528
      vertex 5.0381256469160745 -5.862087305888254 8.392121654870873
    endloop
  endfacet
  facet normal 0.532024342695202 -0.755416524630341 0.3824865659015432
    outer loop
      vertex 7.855570233019603 -8.131469612302546 0.005050000000000001
      vertex 5.237575367522585 -5.734734586382394 8.380168309542055
      vertex 5.139372678612478 -5.800679251303363 8.386522863250528
    endloop
  endfacet
  facet normal 0.5675950553590741 -0.7273058488569489 0.38582645755624717
    outer loop
      vertex 7.895699304492434 -8.103207531480646 0.005050000000000001
      vertex 5.332485921147254 -5.664428419912345 8.373075289349218
      vertex 5.237575367522585 -5.734734586382394 8.380168309542055
    endloop
  endfacet
  facet normal 0.6019893649187847 -0.6978729712000163 0.38804912136627673
    outer loop
      vertex 7.971558954847019 -8.04095112535496 0.005050000000000001
      vertex 5.423866171506515 -5.58994723033933 8.36526305721895
      vertex 5.332485921147254 -5.664428419912345 8.373075289349218
    endloop
  endfacet
  facet normal 0.635184401319404 -0.6671550401249925 0.3891592588598273
    outer loop
      vertex 8.007106781186549 -8.007106781186549 0.005050000000000001
      vertex 5.485073454493025 -5.535140700753002 8.359318295782018
      vertex 5.423866171506515 -5.58994723033933 8.36526305721895
    endloop
  endfacet
  facet normal 0.6351844013194039 -0.6671550401249914 0.3891592588598291
    outer loop
      vertex 8.007106781186549 -8.007106781186549 0.005050000000000001
      vertex 5.511423503906989 -5.511423503906989 8.35696940409441
      vertex 5.485073454493025 -5.535140700753002 8.359318295782018
    endloop
  endfacet
  facet normal 0.667155040124992 -0.6351844013194047 0.38915925885982683
    outer loop
      vertex 8.04095112535496 -7.971558954847019 0.005050000000000001
      vertex 5.594867071225665 -5.428980093661755 8.348481803586093
      vertex 5.511423503906989 -5.511423503906989 8.35696940409441
    endloop
  endfacet
  facet normal 0.697872971200018 -0.6019893649187825 0.38804912136627695
    outer loop
      vertex 8.073010453362738 -7.934393284163646 0.005050000000000001
      vertex 5.67414400730359 -5.342981332147682 8.339320872907626
      vertex 5.594867071225665 -5.428980093661755 8.348481803586093
    endloop
  endfacet
  facet normal 0.7554165246303478 -0.532024342695193 0.3824865659015421
    outer loop
      vertex 8.131469612302546 -7.855570233019603 0.005050000000000001
      vertex 5.819434562613994 -5.161229269220757 8.319079160280822
      vertex 5.7490603432704015 -5.253653084339252 8.329511235726155
    endloop
  endfacet
  facet normal 0.78216236651992 -0.49529885611566404 0.3780225860057478
    outer loop
      vertex 8.157728610000273 -7.814102744193223 0.005050000000000001
      vertex 5.885098042264482 -5.0659511077393615 8.308052469291633
      vertex 5.819434562613994 -5.161229269220757 8.319079160280822
    endloop
  endfacet
  facet normal 0.727305848856946 -0.5675950553590774 0.3858264575562478
    outer loop
      vertex 8.103207531480646 -7.895699304492434 0.005050000000000001
      vertex 5.7490603432704015 -5.253653084339252 8.329511235726155
      vertex 5.67414400730359 -5.342981332147682 8.339320872907626
    endloop
  endfacet
  facet normal 0.8074946719061337 -0.4574400813768656 0.37242573325850087
    outer loop
      vertex 8.181921264348356 -7.771396736825999 0.005050000000000001
      vertex 5.945895442557469 -4.968066355749365 8.2964604456989
      vertex 5.885098042264482 -5.0659511077393615 8.308052469291633
    endloop
  endfacet
  facet normal 0.8313581852729542 -0.41847054384831167 0.3656856186821657
    outer loop
      vertex 8.203989293123444 -7.727555093430283 0.005050000000000001
      vertex 6.00168504546801 -4.867828525741678 8.284333734751678
      vertex 5.945895442557469 -4.968066355749365 8.2964604456989
    endloop
  endfacet
  facet normal 0.8536907362335846 -0.3784150776633939 0.3577906592771363
    outer loop
      vertex 8.223879532511287 -7.68268343236509 0.005050000000000001
      vertex 6.052339040844897 -4.765496101106585 8.271704242970577
      vertex 6.00168504546801 -4.867828525741678 8.284333734751678
    endloop
  endfacet
  facet normal 0.8744230179650023 -0.33730217895635495 0.3487285846102561
    outer loop
      vertex 8.241544065183021 -7.636889853392221 0.005050000000000001
      vertex 6.09774376070396 -4.661331746602314 8.258605034512373
      vertex 6.052339040844897 -4.765496101106585 8.271704242970577
    endloop
  endfacet
  facet normal 0.8934785307700917 -0.2951654371816186 0.33848704516761385
    outer loop
      vertex 8.25694033573221 -7.590284677254463 0.005050000000000001
      vertex 6.1377998619554095 -4.555601518598472 8.245070225461738
      vertex 6.09774376070396 -4.661331746602314 8.258605034512373
    endloop
  endfacet
  facet normal 0.9107737197683127 -0.2520450329243154 0.32705432692073
    outer loop
      vertex 8.270031253194544 -7.542980179903265 0.005050000000000001
      vertex 6.172422458241353 -4.448574078534332 8.231134876568712
      vertex 6.1377998619554095 -4.555601518598472 8.245070225461738
    endloop
  endfacet
  facet normal 0.9262183392288622 -0.20798928334107564 0.31442017443445647
    outer loop
      vertex 8.280785280403231 -7.495090322016129 0.005050000000000001
      vertex 6.201541201842694 -4.340519912879455 8.216834884940068
      vertex 6.172422458241353 -4.448574078534332 8.231134876568712
    endloop
  endfacet
  facet normal 0.9397160782499517 -0.16305620743256086 0.3005767214809559
    outer loop
      vertex 8.289176509964781 -7.446730474455363 0.005050000000000001
      vertex 6.225100316877607 -4.231710562711068 8.202206875178282
      vertex 6.201541201842694 -4.340519912879455 8.216834884940068
    endloop
  endfacet
  facet normal 0.9511654826858349 -0.11731507290861255 0.2855195233525542
    outer loop
      vertex 8.295184726672197 -7.398017140329562 0.005050000000000001
      vertex 6.232859989913048 -4.184485764911086 8.195760546991584
      vertex 6.225100316877607 -4.231710562711068 8.202206875178282
    endloop
  endfacet
  facet normal 0.9511654826858318 -0.11731507290862483 0.2855195233525593
    outer loop
      vertex 8.295184726672197 -7.398017140329562 0.005050000000000001
      vertex 6.243011082861526 -4.122342042614836 8.1874774920034
      vertex 6.232859989913048 -4.184485764911086 8.195760546991584
    endloop
  endfacet
  facet normal 0.9604612056723629 -0.07084787483578743 0.2692486787890401
    outer loop
      vertex 8.298795456205173 -7.349067674327419 0.005050000000000001
      vertex 6.255267664612675 -4.012714648001325 8.172602383341799
      vertex 6.243011082861526 -4.122342042614836 8.1874774920034
    endloop
  endfacet
  facet normal 0.9674956130081699 -0.023750684195784605 0.25177002166695234
    outer loop
      vertex 8.3 -7.300000000000001 0.005050000000000001
      vertex 6.261893766778997 -3.903156277964996 8.15747493288401
      vertex 6.255267664612675 -4.012714648001325 8.172602383341799
    endloop
  endfacet
  facet normal 0.9701425001453318 -4.6569167056654156e-17 0.2425356250363331
    outer loop
      vertex 8.3 -7.300000000000001 0.005050000000000001
      vertex 6.349622371721489 -1.3835057049784985 7.806560513114043
      vertex 6.261893766778997 -3.903156277964996 8.15747493288401
    endloop
  endfacet
  facet normal 0.9701425001453318 -6.429013427750008e-18 0.2425356250363331
    outer loop
      vertex 8.3 -7.300000000000001 0.005050000000000001
      vertex 6.413046210954846 0.4735139831012337 7.552865156180616
      vertex 6.349622371721489 -1.3835057049784985 7.806560513114043
    endloop
  endfacet
  facet normal 0.9701425001453317 -6.074589970359542e-16 0.24253562503633386
    outer loop
      vertex 8.3 -7.300000000000001 0.005050000000000001
      vertex 6.421823309809863 0.8588470702933455 7.517756760760549
      vertex 6.413046210954846 0.4735139831012337 7.552865156180616
    endloop
  endfacet
  facet normal 0 0.9701425001453319 0.24253562503633294
    outer loop
      vertex -7.300000000000001 8.3 0.005050000000000001
      vertex 0.7602299973368645 7.509406463135497 3.1674241474580143
      vertex 7.300000000000001 8.3 0.005050000000000001
    endloop
  endfacet
  facet normal 0 0 -1
    outer loop
      vertex -6.5 6.5 -0.00495
      vertex 8.007106781186549 8.007106781186549 -0.00495
      vertex 6.5 6.5 -0.00495
    endloop
  endfacet
  facet normal 0 1 0
    outer loop
      vertex -7.300000000000001 8.3 -0.00495
      vertex 7.300000000000001 8.3 0.005050000000000001
      vertex 7.300000000000001 8.3 -0.00495
    endloop
  endfacet
  facet normal 0 0 -1
    outer loop
      vertex -7.300000000000001 8.3 -0.00495
      vertex 7.300000000000001 8.3 -0.00495
      vertex 8.007106781186549 8.007106781186549 -0.00495
    endloop
  endfacet
  facet normal 1.5710619959531885e-15 0.970142500145331 0.2425356250363365
    outer loop
      vertex 7.300000000000001 8.3 0.005050000000000001
      vertex 0.7602299973368645 7.509406463135497 3.1674241474580143
      vertex 0.7602299973368645 7.46236910432011 3.355573582719562
    endloop
  endfacet
  facet normal -4.384005073181557e-16 0.9701425001453321 0.24253562503633222
    outer loop
      vertex 7.300000000000001 8.3 0.005050000000000001
      vertex 0.7602299973368645 7.46236910432011 3.355573582719562
      vertex -0.4034299999475479 7.097246273761085 4.816064904955662
    endloop
  endfacet
  facet normal -6.6258442722864624e-18 0.9701425001453318 0.24253562503633316
    outer loop
      vertex 7.300000000000001 8.3 0.005050000000000001
      vertex -0.4034299999475479 7.097246273761085 4.816064904955662
      vertex 0.6612299978733063 7.097246273761085 4.816064904955662
    endloop
  endfacet
  facet normal 1.2671949538410356e-15 0.9701425001453313 0.24253562503633533
    outer loop
      vertex 7.300000000000001 8.3 0.005050000000000001
      vertex 0.6612299978733063 7.097246273761085 4.816064904955662
      vertex 0.6612299978733063 7.045930586017557 5.021327655929771
    endloop
  endfacet
  facet normal -5.488888063214632e-17 0.9701425001453319 0.24253562503633297
    outer loop
      vertex 7.300000000000001 8.3 0.005050000000000001
      vertex 0.6612299978733063 7.045930586017557 5.021327655929771
      vertex 1.9447687252583008 6.585487384457694 6.863100462169226
    endloop
  endfacet
  facet normal 0 0 -1
    outer loop
      vertex 8.3 -7.300000000000001 -0.00495
      vertex 6.5 6.5 -0.00495
      vertex 8.007106781186549 8.007106781186549 -0.00495
    endloop
  endfacet
  facet normal 1 0 0
    outer loop
      vertex 8.3 -7.300000000000001 -0.00495
      vertex 8.3 7.300000000000001 -0.00495
      vertex 8.3 7.300000000000001 0.005050000000000001
    endloop
  endfacet
  facet normal 0 0 -1
    outer loop
      vertex 8.3 -7.300000000000001 -0.00495
      vertex 8.007106781186549 8.007106781186549 -0.00495
      vertex 8.3 7.300000000000001 -0.00495
    endloop
  endfacet
  facet normal 0.9701425001453319 0 0.242535625036333
    outer loop
      vertex 8.3 -7.300000000000001 0.005050000000000001
      vertex 8.3 7.300000000000001 0.005050000000000001
      vertex 6.421823309809863 0.8588470702933455 7.517756760760549
    endloop
  endfacet
  facet normal 0.024541228522907587 0.9996988186962044 0
    outer loop
      vertex 7.300000000000001 8.3 -0.00495
      vertex 7.300000000000001 8.3 0.005050000000000001
      vertex 7.349067674327419 8.298795456205173 0.005050000000000001
    endloop
  endfacet
  facet normal 0.024541228522907587 0.9996988186962044 1.1764332665181406e-18
    outer loop
      vertex 7.300000000000001 8.3 -0.00495
      vertex 7.349067674327419 8.298795456205173 0.005050000000000001
      vertex 7.349067674327419 8.298795456205173 -0.00495
    endloop
  endfacet
  facet normal 0 0 -1
    outer loop
      vertex 7.300000000000001 8.3 -0.00495
      vertex 7.349067674327419 8.298795456205173 -0.00495
      vertex 7.398017140329562 8.295184726672197 -0.00495
    endloop
  endfacet
  facet normal 0.07356456359968419 0.9972904566786889 0
    outer loop
      vertex 7.349067674327419 8.298795456205173 -0.00495
      vertex 7.349067674327419 8.298795456205173 0.005050000000000001
      vertex 7.398017140329562 8.295184726672197 -0.00495
    endloop
  endfacet
  facet normal 0.07356456359968419 0.9972904566786889 -5.316206543072558e-18
    outer loop
      vertex 7.349067674327419 8.298795456205173 0.005050000000000001
      vertex 7.398017140329562 8.295184726672197 0.005050000000000001
      vertex 7.398017140329562 8.295184726672197 -0.00495
    endloop
  endfacet
  facet normal 0 0 -1
    outer loop
      vertex 7.300000000000001 8.3 -0.00495
      vertex 7.398017140329562 8.295184726672197 -0.00495
      vertex 7.495090322016129 8.280785280403231 -0.00495
    endloop
  endfacet
  facet normal 0.12241067519921875 0.9924795345987096 0
    outer loop
      vertex 7.398017140329562 8.295184726672197 -0.00495
      vertex 7.398017140329562 8.295184726672197 0.005050000000000001
      vertex 7.446730474455363 8.289176509964781 0.005050000000000001
    endloop
  endfacet
  facet normal 0.12241067519921875 0.9924795345987096 -6.899163172176291e-18
    outer loop
      vertex 7.398017140329562 8.295184726672197 -0.00495
      vertex 7.446730474455363 8.289176509964781 0.005050000000000001
      vertex 7.446730474455363 8.289176509964781 -0.00495
    endloop
  endfacet
  facet normal 0 0 -1
    outer loop
      vertex 7.398017140329562 8.295184726672197 -0.00495
      vertex 7.446730474455363 8.289176509964781 -0.00495
      vertex 7.495090322016129 8.280785280403231 -0.00495
    endloop
  endfacet
  facet normal 0.17096188876028862 0.9852776423889434 0
    outer loop
      vertex 7.446730474455363 8.289176509964781 -0.00495
      vertex 7.446730474455363 8.289176509964781 0.005050000000000001
      vertex 7.495090322016129 8.280785280403231 -0.00495
    endloop
  endfacet
  facet normal 0.17096188876028862 0.9852776423889434 -1.471406909311094e-17
    outer loop
      vertex 7.446730474455363 8.289176509964781 0.005050000000000001
      vertex 7.495090322016129 8.280785280403231 0.005050000000000001
      vertex 7.495090322016129 8.280785280403231 -0.00495
    endloop
  endfacet
  facet normal 0 0 -1
    outer loop
      vertex 7.300000000000001 8.3 -0.00495
      vertex 7.495090322016129 8.280785280403231 -0.00495
      vertex 7.68268343236509 8.223879532511287 -0.00495
    endloop
  endfacet
  facet normal 0.21910124015688293 0.9757021300385256 0
    outer loop
      vertex 7.495090322016129 8.280785280403231 -0.00495
      vertex 7.495090322016129 8.280785280403231 0.005050000000000001
      vertex 7.542980179903265 8.270031253194544 -0.00495
    endloop
  endfacet
  facet normal 0.21910124015688293 0.9757021300385256 -9.260387099027372e-17
    outer loop
      vertex 7.495090322016129 8.280785280403231 0.005050000000000001
      vertex 7.542980179903265 8.270031253194544 0.005050000000000001
      vertex 7.542980179903265 8.270031253194544 -0.00495
    endloop
  endfacet
  facet normal 0 0 -1
    outer loop
      vertex 7.495090322016129 8.280785280403231 -0.00495
      vertex 7.542980179903265 8.270031253194544 -0.00495
      vertex 7.590284677254463 8.25694033573221 -0.00495
    endloop
  endfacet
  facet normal 0.2667127574748739 0.9637760657954466 0
    outer loop
      vertex 7.542980179903265 8.270031253194544 -0.00495
      vertex 7.542980179903265 8.270031253194544 0.005050000000000001
      vertex 7.590284677254463 8.25694033573221 0.005050000000000001
    endloop
  endfacet
  facet normal 0.2667127574748739 0.9637760657954466 -7.934497710735335e-17
    outer loop
      vertex 7.542980179903265 8.270031253194544 -0.00495
      vertex 7.590284677254463 8.25694033573221 0.005050000000000001
      vertex 7.590284677254463 8.25694033573221 -0.00495
    endloop
  endfacet
  facet normal 0 0 -1
    outer loop
      vertex 7.495090322016129 8.280785280403231 -0.00495
      vertex 7.590284677254463 8.25694033573221 -0.00495
      vertex 7.68268343236509 8.223879532511287 -0.00495
    endloop
  endfacet
  facet normal 0.3136817403989097 0.9495281805930307 0
    outer loop
      vertex 7.590284677254463 8.25694033573221 -0.00495
      vertex 7.590284677254463 8.25694033573221 0.005050000000000001
      vertex 7.636889853392221 8.241544065183021 -0.00495
    endloop
  endfacet
  facet normal 0.3136817403989097 0.9495281805930307 7.424109525557104e-17
    outer loop
      vertex 7.590284677254463 8.25694033573221 0.005050000000000001
      vertex 7.636889853392221 8.241544065183021 0.005050000000000001
      vertex 7.636889853392221 8.241544065183021 -0.00495
    endloop
  endfacet
  facet normal 0 0 -1
    outer loop
      vertex 7.590284677254463 8.25694033573221 -0.00495
      vertex 7.636889853392221 8.241544065183021 -0.00495
      vertex 7.68268343236509 8.223879532511287 -0.00495
    endloop
  endfacet
  facet normal 0 0 -1
    outer loop
      vertex 7.300000000000001 8.3 -0.00495
      vertex 7.68268343236509 8.223879532511287 -0.00495
      vertex 8.007106781186549 8.007106781186549 -0.00495
    endloop
  endfacet
  facet normal 0.35989503653499316 0.932992798834737 3.5145105410712124e-17
    outer loop
      vertex 7.636889853392221 8.241544065183021 -0.00495
      vertex 7.68268343236509 8.223879532511287 0.005050000000000001
      vertex 7.68268343236509 8.223879532511287 -0.00495
    endloop
  endfacet
  facet normal 0.4052413140049827 0.914209755703534 0
    outer loop
      vertex 7.68268343236509 8.223879532511287 -0.00495
      vertex 7.68268343236509 8.223879532511287 0.005050000000000001
      vertex 7.727555093430283 8.203989293123444 0.005050000000000001
    endloop
  endfacet
  facet normal 0.4052413140049827 0.914209755703534 1.0375808606099149e-16
    outer loop
      vertex 7.68268343236509 8.223879532511287 -0.00495
      vertex 7.727555093430283 8.203989293123444 0.005050000000000001
      vertex 7.727555093430283 8.203989293123444 -0.00495
    endloop
  endfacet
  facet normal 0.35989503653499316 0.932992798834737 0
    outer loop
      vertex 7.636889853392221 8.241544065183021 -0.00495
      vertex 7.636889853392221 8.241544065183021 0.005050000000000001
      vertex 7.68268343236509 8.223879532511287 0.005050000000000001
    endloop
  endfacet
  facet normal 0.4496113296546005 0.8932243011955183 0
    outer loop
      vertex 7.727555093430283 8.203989293123444 -0.00495
      vertex 7.727555093430283 8.203989293123444 0.005050000000000001
      vertex 7.771396736825999 8.181921264348356 -0.00495
    endloop
  endfacet
  facet normal 0 0 -1
    outer loop
      vertex 7.68268343236509 8.223879532511287 -0.00495
      vertex 7.727555093430283 8.203989293123444 -0.00495
      vertex 7.771396736825999 8.181921264348356 -0.00495
    endloop
  endfacet
  facet normal 0.4496113296546005 0.8932243011955183 6.462560192373798e-17
    outer loop
      vertex 7.727555093430283 8.203989293123444 0.005050000000000001
      vertex 7.771396736825999 8.181921264348356 0.005050000000000001
      vertex 7.771396736825999 8.181921264348356 -0.00495
    endloop
  endfacet
  facet normal 0 0 -1
    outer loop
      vertex 7.68268343236509 8.223879532511287 -0.00495
      vertex 7.771396736825999 8.181921264348356 -0.00495
      vertex 7.855570233019603 8.131469612302546 -0.00495
    endloop
  endfacet
  facet normal 0.9996988186962044 0.024541228522907587 0
    outer loop
      vertex 8.3 7.300000000000001 -0.00495
      vertex 8.298795456205173 7.349067674327419 0.005050000000000001
      vertex 8.3 7.300000000000001 0.005050000000000001
    endloop
  endfacet
  facet normal 0.9996988186962044 0.024541228522907587 1.1764332665181406e-18
    outer loop
      vertex 8.3 7.300000000000001 -0.00495
      vertex 8.298795456205173 7.349067674327419 -0.00495
      vertex 8.298795456205173 7.349067674327419 0.005050000000000001
    endloop
  endfacet
  facet normal 0 0 -1
    outer loop
      vertex 8.3 7.300000000000001 -0.00495
      vertex 8.289176509964781 7.446730474455363 -0.00495
      vertex 8.298795456205173 7.349067674327419 -0.00495
    endloop
  endfacet
  facet normal 0.9972904566786889 0.07356456359968419 0
    outer loop
      vertex 8.298795456205173 7.349067674327419 -0.00495
      vertex 8.295184726672197 7.398017140329562 0.005050000000000001
      vertex 8.298795456205173 7.349067674327419 0.005050000000000001
    endloop
  endfacet
  facet normal 0.9972904566786889 0.07356456359968419 -5.316206543072558e-18
    outer loop
      vertex 8.298795456205173 7.349067674327419 -0.00495
      vertex 8.295184726672197 7.398017140329562 -0.00495
      vertex 8.295184726672197 7.398017140329562 0.005050000000000001
    endloop
  endfacet
  facet normal 0 0 -1
    outer loop
      vertex 8.298795456205173 7.349067674327419 -0.00495
      vertex 8.289176509964781 7.446730474455363 -0.00495
      vertex 8.295184726672197 7.398017140329562 -0.00495
    endloop
  endfacet
  facet normal 0 0 -1
    outer loop
      vertex 8.3 7.300000000000001 -0.00495
      vertex 8.280785280403231 7.495090322016129 -0.00495
      vertex 8.289176509964781 7.446730474455363 -0.00495
    endloop
  endfacet
  facet normal 0.9924795345987096 0.12241067519921875 0
    outer loop
      vertex 8.295184726672197 7.398017140329562 -0.00495
      vertex 8.289176509964781 7.446730474455363 -0.00495
      vertex 8.295184726672197 7.398017140329562 0.005050000000000001
    endloop
  endfacet
  facet normal 0.9924795345987096 0.12241067519921875 -6.899163172176291e-18
    outer loop
      vertex 8.295184726672197 7.398017140329562 0.005050000000000001
      vertex 8.289176509964781 7.446730474455363 -0.00495
      vertex 8.289176509964781 7.446730474455363 0.005050000000000001
    endloop
  endfacet
  facet normal 0.9852776423889434 0.17096188876028862 -1.471406909311094e-17
    outer loop
      vertex 8.289176509964781 7.446730474455363 -0.00495
      vertex 8.280785280403231 7.495090322016129 -0.00495
      vertex 8.280785280403231 7.495090322016129 0.005050000000000001
    endloop
  endfacet
  facet normal 0.9852776423889434 0.17096188876028862 0
    outer loop
      vertex 8.289176509964781 7.446730474455363 -0.00495
      vertex 8.280785280403231 7.495090322016129 0.005050000000000001
      vertex 8.289176509964781 7.446730474455363 0.005050000000000001
    endloop
  endfacet
  facet normal 0 0 -1
    outer loop
      vertex 8.3 7.300000000000001 -0.00495
      vertex 8.223879532511287 7.68268343236509 -0.00495
      vertex 8.280785280403231 7.495090322016129 -0.00495
    endloop
  endfacet
  facet normal 0.9757021300385256 0.21910124015688293 0
    outer loop
      vertex 8.280785280403231 7.495090322016129 -0.00495
      vertex 8.270031253194544 7.542980179903265 0.005050000000000001
      vertex 8.280785280403231 7.495090322016129 0.005050000000000001
    endloop
  endfacet
  facet normal 0.9637760657954466 0.2667127574748739 0
    outer loop
      vertex 8.270031253194544 7.542980179903265 -0.00495
      vertex 8.25694033573221 7.590284677254463 -0.00495
      vertex 8.270031253194544 7.542980179903265 0.005050000000000001
    endloop
  endfacet
  facet normal 0 0 -1
    outer loop
      vertex 8.280785280403231 7.495090322016129 -0.00495
      vertex 8.241544065183021 7.636889853392221 -0.00495
      vertex 8.25694033573221 7.590284677254463 -0.00495
    endloop
  endfacet
  facet normal 0.9637760657954466 0.2667127574748739 -7.934497710735335e-17
    outer loop
      vertex 8.270031253194544 7.542980179903265 0.005050000000000001
      vertex 8.25694033573221 7.590284677254463 -0.00495
      vertex 8.25694033573221 7.590284677254463 0.005050000000000001
    endloop
  endfacet
  facet normal 0.9757021300385256 0.21910124015688293 -9.260387099027372e-17
    outer loop
      vertex 8.280785280403231 7.495090322016129 -0.00495
      vertex 8.270031253194544 7.542980179903265 -0.00495
      vertex 8.270031253194544 7.542980179903265 0.005050000000000001
    endloop
  endfacet
  facet normal 0 0 -1
    outer loop
      vertex 8.280785280403231 7.495090322016129 -0.00495
      vertex 8.25694033573221 7.590284677254463 -0.00495
      vertex 8.270031253194544 7.542980179903265 -0.00495
    endloop
  endfacet
  facet normal 0 0 -1
    outer loop
      vertex 8.280785280403231 7.495090322016129 -0.00495
      vertex 8.223879532511287 7.68268343236509 -0.00495
      vertex 8.241544065183021 7.636889853392221 -0.00495
    endloop
  endfacet
  facet normal 0.9495281805930307 0.3136817403989097 0
    outer loop
      vertex 8.25694033573221 7.590284677254463 -0.00495
      vertex 8.241544065183021 7.636889853392221 -0.00495
      vertex 8.25694033573221 7.590284677254463 0.005050000000000001
    endloop
  endfacet
  facet normal 0.9495281805930307 0.3136817403989097 7.424109525557104e-17
    outer loop
      vertex 8.25694033573221 7.590284677254463 0.005050000000000001
      vertex 8.241544065183021 7.636889853392221 -0.00495
      vertex 8.241544065183021 7.636889853392221 0.005050000000000001
    endloop
  endfacet
  facet normal 0 0 -1
    outer loop
      vertex 8.3 7.300000000000001 -0.00495
      vertex 8.007106781186549 8.007106781186549 -0.00495
      vertex 8.223879532511287 7.68268343236509 -0.00495
    endloop
  endfacet
  facet normal 0.932992798834737 0.35989503653499316 3.5145105410712124e-17
    outer loop
      vertex 8.241544065183021 7.636889853392221 -0.00495
      vertex 8.223879532511287 7.68268343236509 -0.00495
      vertex 8.223879532511287 7.68268343236509 0.005050000000000001
    endloop
  endfacet
  facet normal 0.914209755703534 0.4052413140049827 0
    outer loop
      vertex 8.223879532511287 7.68268343236509 -0.00495
      vertex 8.203989293123444 7.727555093430283 0.005050000000000001
      vertex 8.223879532511287 7.68268343236509 0.005050000000000001
    endloop
  endfacet
  facet normal 0.914209755703534 0.4052413140049827 1.0375808606099149e-16
    outer loop
      vertex 8.223879532511287 7.68268343236509 -0.00495
      vertex 8.203989293123444 7.727555093430283 -0.00495
      vertex 8.203989293123444 7.727555093430283 0.005050000000000001
    endloop
  endfacet
  facet normal 0.8932243011955183 0.4496113296546005 6.462560192373798e-17
    outer loop
      vertex 8.181921264348356 7.771396736825999 -0.00495
      vertex 8.203989293123444 7.727555093430283 0.005050000000000001
      vertex 8.203989293123444 7.727555093430283 -0.00495
    endloop
  endfacet
  facet normal 0 0 -1
    outer loop
      vertex 8.223879532511287 7.68268343236509 -0.00495
      vertex 8.131469612302546 7.855570233019603 -0.00495
      vertex 8.181921264348356 7.771396736825999 -0.00495
    endloop
  endfacet
  facet normal 0.8932243011955183 0.4496113296546005 0
    outer loop
      vertex 8.181921264348356 7.771396736825999 -0.00495
      vertex 8.181921264348356 7.771396736825999 0.005050000000000001
      vertex 8.203989293123444 7.727555093430283 0.005050000000000001
    endloop
  endfacet
  facet normal 0 0 -1
    outer loop
      vertex 8.223879532511287 7.68268343236509 -0.00495
      vertex 8.181921264348356 7.771396736825999 -0.00495
      vertex 8.203989293123444 7.727555093430283 -0.00495
    endloop
  endfacet
  facet normal 0.932992798834737 0.35989503653499316 0
    outer loop
      vertex 8.241544065183021 7.636889853392221 -0.00495
      vertex 8.223879532511287 7.68268343236509 0.005050000000000001
      vertex 8.241544065183021 7.636889853392221 0.005050000000000001
    endloop
  endfacet
  facet normal 0 0 -1
    outer loop
      vertex 8.007106781186549 8.007106781186549 -0.00495
      vertex 8.04095112535496 7.971558954847019 -0.00495
      vertex 8.073010453362738 7.934393284163646 -0.00495
    endloop
  endfacet
  facet normal 0.6895405447370607 0.7242470829514729 1.8613048138239457e-16
    outer loop
      vertex 8.007106781186549 8.007106781186549 0.005050000000000001
      vertex 7.971558954847019 8.04095112535496 -0.00495
      vertex 7.971558954847019 8.04095112535496 0.005050000000000001
    endloop
  endfacet
  facet normal 0.6895405447370607 0.7242470829514729 0
    outer loop
      vertex 8.007106781186549 8.007106781186549 -0.00495
      vertex 7.971558954847019 8.04095112535496 -0.00495
      vertex 8.007106781186549 8.007106781186549 0.005050000000000001
    endloop
  endfacet
  facet normal 0.7242470829514729 0.6895405447370607 0
    outer loop
      vertex 8.007106781186549 8.007106781186549 -0.00495
      vertex 8.007106781186549 8.007106781186549 0.005050000000000001
      vertex 8.04095112535496 7.971558954847019 0.005050000000000001
    endloop
  endfacet
  facet normal 0.7242470829514729 0.6895405447370607 1.8613048138239457e-16
    outer loop
      vertex 8.007106781186549 8.007106781186549 -0.00495
      vertex 8.04095112535496 7.971558954847019 0.005050000000000001
      vertex 8.04095112535496 7.971558954847019 -0.00495
    endloop
  endfacet
  facet normal 0.49289819222977843 0.8700869911087146 1.0638569812861197e-16
    outer loop
      vertex 7.771396736825999 8.181921264348356 -0.00495
      vertex 7.814102744193223 8.157728610000273 0.005050000000000001
      vertex 7.814102744193223 8.157728610000273 -0.00495
    endloop
  endfacet
  facet normal 0.5349976198871089 0.8448535652496996 0
    outer loop
      vertex 7.814102744193223 8.157728610000273 -0.00495
      vertex 7.814102744193223 8.157728610000273 0.005050000000000001
      vertex 7.855570233019603 8.131469612302546 -0.00495
    endloop
  endfacet
  facet normal 0 0 -1
    outer loop
      vertex 7.771396736825999 8.181921264348356 -0.00495
      vertex 7.814102744193223 8.157728610000273 -0.00495
      vertex 7.855570233019603 8.131469612302546 -0.00495
    endloop
  endfacet
  facet normal 0.5349976198871089 0.8448535652496996 -4.369913759878488e-17
    outer loop
      vertex 7.814102744193223 8.157728610000273 0.005050000000000001
      vertex 7.855570233019603 8.131469612302546 0.005050000000000001
      vertex 7.855570233019603 8.131469612302546 -0.00495
    endloop
  endfacet
  facet normal 0 0 -1
    outer loop
      vertex 7.895699304492434 8.103207531480646 -0.00495
      vertex 7.971558954847019 8.04095112535496 -0.00495
      vertex 7.855570233019603 8.131469612302546 -0.00495
    endloop
  endfacet
  facet normal 0.6152315905806282 0.7883464276266051 0
    outer loop
      vertex 7.895699304492434 8.103207531480646 -0.00495
      vertex 7.895699304492434 8.103207531480646 0.005050000000000001
      vertex 7.934393284163646 8.073010453362738 0.005050000000000001
    endloop
  endfacet
  facet normal 0 0 -1
    outer loop
      vertex 7.68268343236509 8.223879532511287 -0.00495
      vertex 7.855570233019603 8.131469612302546 -0.00495
      vertex 8.007106781186549 8.007106781186549 -0.00495
    endloop
  endfacet
  facet normal 0.575808191417838 0.8175848131515888 7.808484056361628e-18
    outer loop
      vertex 7.895699304492434 8.103207531480646 0.005050000000000001
      vertex 7.855570233019603 8.131469612302546 -0.00495
      vertex 7.855570233019603 8.131469612302546 0.005050000000000001
    endloop
  endfacet
  facet normal 0.575808191417838 0.8175848131515888 0
    outer loop
      vertex 7.895699304492434 8.103207531480646 -0.00495
      vertex 7.855570233019603 8.131469612302546 -0.00495
      vertex 7.895699304492434 8.103207531480646 0.005050000000000001
    endloop
  endfacet
  facet normal 0.49289819222977843 0.8700869911087146 0
    outer loop
      vertex 7.771396736825999 8.181921264348356 -0.00495
      vertex 7.771396736825999 8.181921264348356 0.005050000000000001
      vertex 7.814102744193223 8.157728610000273 0.005050000000000001
    endloop
  endfacet
  facet normal 0 0 -1
    outer loop
      vertex 7.895699304492434 8.103207531480646 -0.00495
      vertex 7.934393284163646 8.073010453362738 -0.00495
      vertex 7.971558954847019 8.04095112535496 -0.00495
    endloop
  endfacet
  facet normal 0.6152315905806282 0.7883464276266051 1.2258921321545644e-16
    outer loop
      vertex 7.895699304492434 8.103207531480646 -0.00495
      vertex 7.934393284163646 8.073010453362738 0.005050000000000001
      vertex 7.934393284163646 8.073010453362738 -0.00495
    endloop
  endfacet
  facet normal 0.6531728429537761 0.7572088465064851 5.195272149007608e-17
    outer loop
      vertex 7.934393284163646 8.073010453362738 0.005050000000000001
      vertex 7.971558954847019 8.04095112535496 0.005050000000000001
      vertex 7.971558954847019 8.04095112535496 -0.00495
    endloop
  endfacet
  facet normal 0 0 -1
    outer loop
      vertex 8.007106781186549 8.007106781186549 -0.00495
      vertex 7.855570233019603 8.131469612302546 -0.00495
      vertex 7.971558954847019 8.04095112535496 -0.00495
    endloop
  endfacet
  facet normal 0.6531728429537761 0.7572088465064851 0
    outer loop
      vertex 7.934393284163646 8.073010453362738 -0.00495
      vertex 7.934393284163646 8.073010453362738 0.005050000000000001
      vertex 7.971558954847019 8.04095112535496 -0.00495
    endloop
  endfacet
  facet normal 0 0 -1
    outer loop
      vertex 8.103207531480646 7.895699304492434 -0.00495
      vertex 8.131469612302546 7.855570233019603 -0.00495
      vertex 8.073010453362738 7.934393284163646 -0.00495
    endloop
  endfacet
  facet normal 0.7883464276266051 0.6152315905806282 0
    outer loop
      vertex 8.103207531480646 7.895699304492434 -0.00495
      vertex 8.073010453362738 7.934393284163646 -0.00495
      vertex 8.103207531480646 7.895699304492434 0.005050000000000001
    endloop
  endfacet
  facet normal 0.8700869911087146 0.49289819222977843 1.0638569812861197e-16
    outer loop
      vertex 8.181921264348356 7.771396736825999 -0.00495
      vertex 8.157728610000273 7.814102744193223 -0.00495
      vertex 8.157728610000273 7.814102744193223 0.005050000000000001
    endloop
  endfacet
  facet normal 0.8448535652496996 0.5349976198871089 0
    outer loop
      vertex 8.157728610000273 7.814102744193223 -0.00495
      vertex 8.131469612302546 7.855570233019603 -0.00495
      vertex 8.157728610000273 7.814102744193223 0.005050000000000001
    endloop
  endfacet
  facet normal 0.8448535652496996 0.5349976198871089 -4.369913759878488e-17
    outer loop
      vertex 8.157728610000273 7.814102744193223 0.005050000000000001
      vertex 8.131469612302546 7.855570233019603 -0.00495
      vertex 8.131469612302546 7.855570233019603 0.005050000000000001
    endloop
  endfacet
  facet normal 0 0 -1
    outer loop
      vertex 8.181921264348356 7.771396736825999 -0.00495
      vertex 8.131469612302546 7.855570233019603 -0.00495
      vertex 8.157728610000273 7.814102744193223 -0.00495
    endloop
  endfacet
  facet normal 0 0 -1
    outer loop
      vertex 8.223879532511287 7.68268343236509 -0.00495
      vertex 8.007106781186549 8.007106781186549 -0.00495
      vertex 8.131469612302546 7.855570233019603 -0.00495
    endloop
  endfacet
  facet normal 0.8175848131515888 0.575808191417838 7.808484056361628e-18
    outer loop
      vertex 8.103207531480646 7.895699304492434 0.005050000000000001
      vertex 8.131469612302546 7.855570233019603 0.005050000000000001
      vertex 8.131469612302546 7.855570233019603 -0.00495
    endloop
  endfacet
  facet normal 0.8175848131515888 0.575808191417838 0
    outer loop
      vertex 8.103207531480646 7.895699304492434 -0.00495
      vertex 8.103207531480646 7.895699304492434 0.005050000000000001
      vertex 8.131469612302546 7.855570233019603 -0.00495
    endloop
  endfacet
  facet normal 0 0 -1
    outer loop
      vertex 8.007106781186549 8.007106781186549 -0.00495
      vertex 8.073010453362738 7.934393284163646 -0.00495
      vertex 8.131469612302546 7.855570233019603 -0.00495
    endloop
  endfacet
  facet normal 0.7572088465064851 0.6531728429537761 5.195272149007608e-17
    outer loop
      vertex 8.073010453362738 7.934393284163646 -0.00495
      vertex 8.04095112535496 7.971558954847019 -0.00495
      vertex 8.04095112535496 7.971558954847019 0.005050000000000001
    endloop
  endfacet
  facet normal 0.7572088465064851 0.6531728429537761 0
    outer loop
      vertex 8.073010453362738 7.934393284163646 -0.00495
      vertex 8.04095112535496 7.971558954847019 0.005050000000000001
      vertex 8.073010453362738 7.934393284163646 0.005050000000000001
    endloop
  endfacet
  facet normal 0.7883464276266051 0.6152315905806282 1.2258921321545644e-16
    outer loop
      vertex 8.103207531480646 7.895699304492434 0.005050000000000001
      vertex 8.073010453362738 7.934393284163646 -0.00495
      vertex 8.073010453362738 7.934393284163646 0.005050000000000001
    endloop
  endfacet
  facet normal 0.8700869911087146 0.49289819222977843 0
    outer loop
      vertex 8.181921264348356 7.771396736825999 -0.00495
      vertex 8.157728610000273 7.814102744193223 0.005050000000000001
      vertex 8.181921264348356 7.771396736825999 0.005050000000000001
    endloop
  endfacet
  facet normal 0.023750684195776202 0.9674956130081708 0.2517700216669495
    outer loop
      vertex 7.300000000000001 8.3 0.005050000000000001
      vertex 4.521213481697217 6.566724962581587 6.927772825945475
      vertex 7.349067674327419 8.298795456205173 0.005050000000000001
    endloop
  endfacet
  facet normal 0.07084787483580408 0.9604612056723597 0.26924867878904696
    outer loop
      vertex 7.349067674327419 8.298795456205173 0.005050000000000001
      vertex 4.624661684482058 6.557708694516448 6.932715061426833
      vertex 7.398017140329562 8.295184726672197 0.005050000000000001
    endloop
  endfacet
  facet normal 0.11731507290862268 0.9511654826858322 0.28551952335255865
    outer loop
      vertex 7.398017140329562 8.295184726672197 0.005050000000000001
      vertex 4.727360551866897 6.543312760596317 6.938475754431841
      vertex 7.446730474455363 8.289176509964781 0.005050000000000001
    endloop
  endfacet
  facet normal 0.16305620743254814 0.9397160782499554 0.30057672148095144
    outer loop
      vertex 7.446730474455363 8.289176509964781 0.005050000000000001
      vertex 4.829205683127843 6.523644329141043 6.9447179558050935
      vertex 7.495090322016129 8.280785280403231 0.005050000000000001
    endloop
  endfacet
  facet normal 0.20798928334109312 0.9262183392288565 0.3144201744344612
    outer loop
      vertex 7.495090322016129 8.280785280403231 0.005050000000000001
      vertex 4.929982346824142 6.498755261515352 6.951372251526697
      vertex 7.542980179903265 8.270031253194544 0.005050000000000001
    endloop
  endfacet
  facet normal 0.25204503292429115 0.9107737197683216 0.32705432692072395
    outer loop
      vertex 7.542980179903265 8.270031253194544 0.005050000000000001
      vertex 5.029455221250798 6.46869521657433 6.958423847691495
      vertex 7.590284677254463 8.25694033573221 0.005050000000000001
    endloop
  endfacet
  facet normal 0.2951654371816319 0.893478530770086 0.3384870451676174
    outer loop
      vertex 7.590284677254463 8.25694033573221 0.005050000000000001
      vertex 5.127391139521862 6.433525564516269 6.965857015229781
      vertex 7.636889853392221 8.241544065183021 0.005050000000000001
    endloop
  endfacet
  facet normal 0.33730217895636266 0.8744230179649986 0.3487285846102578
    outer loop
      vertex 7.636889853392221 8.241544065183021 0.005050000000000001
      vertex 5.223559588097884 6.3933193402918915 6.973655116090229
      vertex 7.68268343236509 8.223879532511287 0.005050000000000001
    endloop
  endfacet
  facet normal 0.37841507766338844 0.8536907362335876 0.35779065927713505
    outer loop
      vertex 7.68268343236509 8.223879532511287 0.005050000000000001
      vertex 5.317733208331237 6.348161175284819 6.981800631468652
      vertex 7.727555093430283 8.203989293123444 0.005050000000000001
    endloop
  endfacet
  facet normal 0.4184705438483048 0.8313581852729586 0.3656856186821642
    outer loop
      vertex 7.727555093430283 8.203989293123444 0.005050000000000001
      vertex 5.409644491247539 6.298112262942722 6.990404766362361
      vertex 7.771396736825999 8.181921264348356 0.005050000000000001
    endloop
  endfacet
  facet normal 0.49529885611567165 0.7821623665199153 0.3780225860057476
    outer loop
      vertex 7.814102744193223 8.157728610000273 0.005050000000000001
      vertex 5.585866634887788 6.183819206584722 7.00875968396524
      vertex 7.855570233019603 8.131469612302546 0.005050000000000001
    endloop
  endfacet
  facet normal 0.6019893649187763 0.6978729712000237 0.3880491213662766
    outer loop
      vertex 7.934393284163646 8.073010453362738 0.005050000000000001
      vertex 5.828310079983318 5.9790418658754945 7.038086850311071
      vertex 7.971558954847019 8.04095112535496 0.005050000000000001
    endloop
  endfacet
  facet normal 0.5320243426951955 0.7554165246303461 0.38248656590154223
    outer loop
      vertex 7.895699304492434 8.103207531480646 0.005050000000000001
      vertex 7.855570233019603 8.131469612302546 0.005050000000000001
      vertex 5.66980408086456 6.119864113040995 7.0183181111097035
    endloop
  endfacet
  facet normal 0.5675950553590764 0.7273058488569465 0.385826457556248
    outer loop
      vertex 7.895699304492434 8.103207531480646 0.005050000000000001
      vertex 5.750684647519161 6.051554400286792 7.028101379825866
      vertex 7.934393284163646 8.073010453362738 0.005050000000000001
    endloop
  endfacet
  facet normal 0.45744008137685616 0.8074946719061397 0.37242573325849976
    outer loop
      vertex 7.771396736825999 8.181921264348356 0.005050000000000001
      vertex 5.499076739634251 6.2432786235894495 6.999448117394496
      vertex 7.814102744193223 8.157728610000273 0.005050000000000001
    endloop
  endfacet
  facet normal 0.9674956130081708 0.023750684195776202 0.2517700216669495
    outer loop
      vertex 8.3 7.300000000000001 0.005050000000000001
      vertex 8.298795456205173 7.349067674327419 0.005050000000000001
      vertex 6.49729800113657 4.407863981935728 7.205257843155118
    endloop
  endfacet
  facet normal 0.9604612056723597 0.0708478748358041 0.2692486787890469
    outer loop
      vertex 8.298795456205173 7.349067674327419 0.005050000000000001
      vertex 8.295184726672197 7.398017140329562 0.005050000000000001
      vertex 6.491820892943676 4.5194917192083945 7.195422927597272
    endloop
  endfacet
  facet normal 0.9397160782499555 0.16305620743254817 0.3005767214809513
    outer loop
      vertex 8.289176509964781 7.446730474455363 0.005050000000000001
      vertex 8.280785280403231 7.495090322016129 0.005050000000000001
      vertex 6.4811396057993385 4.6305191991505135 7.1853867478352935
    endloop
  endfacet
  facet normal 0.9511654826858321 0.11731507290862267 0.2855195233525587
    outer loop
      vertex 8.295184726672197 7.398017140329562 0.005050000000000001
      vertex 8.289176509964781 7.446730474455363 0.005050000000000001
      vertex 6.4811396057993385 4.6305191991505135 7.1853867478352935
    endloop
  endfacet
  facet normal 0.9262183392288567 0.20798928334109312 0.31442017443446124
    outer loop
      vertex 8.280785280403231 7.495090322016129 0.005050000000000001
      vertex 8.270031253194544 7.542980179903265 0.005050000000000001
      vertex 6.4443294371529225 4.849693017667846 7.164811216771193
    endloop
  endfacet
  facet normal 0.9107737197683217 0.25204503292429115 0.3270543269207237
    outer loop
      vertex 8.270031253194544 7.542980179903265 0.005050000000000001
      vertex 8.25694033573221 7.590284677254463 0.005050000000000001
      vertex 6.4443294371529225 4.849693017667846 7.164811216771193
    endloop
  endfacet
  facet normal 0.6978729712000237 0.6019893649187763 0.38804912136627673
    outer loop
      vertex 8.073010453362738 7.934393284163646 0.005050000000000001
      vertex 8.04095112535496 7.971558954847019 0.005050000000000001
      vertex 5.973036426764077 5.822067734177152 7.058571008078301
    endloop
  endfacet
  facet normal 0.8074946719061397 0.45744008137685616 0.37242573325849976
    outer loop
      vertex 8.181921264348356 7.771396736825999 0.005050000000000001
      vertex 8.157728610000273 7.814102744193223 0.005050000000000001
      vertex 6.215506817857046 5.465494011999454 7.100911758184373
    endloop
  endfacet
  facet normal 0.7821623665199153 0.4952988561156716 0.37802258600574773
    outer loop
      vertex 8.157728610000273 7.814102744193223 0.005050000000000001
      vertex 8.131469612302546 7.855570233019603 0.005050000000000001
      vertex 6.161166793004701 5.559468537745712 7.090217284307591
    endloop
  endfacet
  facet normal 0.7273058488569466 0.5675950553590765 0.38582645755624806
    outer loop
      vertex 8.103207531480646 7.895699304492434 0.005050000000000001
      vertex 8.073010453362738 7.934393284163646 0.005050000000000001
      vertex 6.102539658640747 5.650360942604718 7.079578829983702
    endloop
  endfacet
  facet normal 0.755416524630346 0.5320243426951955 0.38248656590154234
    outer loop
      vertex 8.103207531480646 7.895699304492434 0.005050000000000001
      vertex 6.102539658640747 5.650360942604718 7.079578829983702
      vertex 8.131469612302546 7.855570233019603 0.005050000000000001
    endloop
  endfacet
  facet normal 0.893478530770086 0.2951654371816319 0.3384870451676174
    outer loop
      vertex 8.25694033573221 7.590284677254463 0.005050000000000001
      vertex 8.241544065183021 7.636889853392221 0.005050000000000001
      vertex 6.387322978583432 5.063262741536342 7.143735330172048
    endloop
  endfacet
  facet normal 0.8744230179649987 0.33730217895636266 0.3487285846102579
    outer loop
      vertex 8.241544065183021 7.636889853392221 0.005050000000000001
      vertex 8.223879532511287 7.68268343236509 0.005050000000000001
      vertex 6.351442004275519 5.167302735157476 7.133074412572421
    endloop
  endfacet
  facet normal 0.8536907362335876 0.3784150776633884 0.35779065927713494
    outer loop
      vertex 8.223879532511287 7.68268343236509 0.005050000000000001
      vertex 8.203989293123444 7.727555093430283 0.005050000000000001
      vertex 6.310770487061875 5.269180813897477 7.1223661855536315
    endloop
  endfacet
  facet normal 0.8313581852729585 0.4184705438483048 0.36568561868216415
    outer loop
      vertex 8.181921264348356 7.771396736825999 0.005050000000000001
      vertex 6.310770487061875 5.269180813897477 7.1223661855536315
      vertex 8.203989293123444 7.727555093430283 0.005050000000000001
    endloop
  endfacet
  facet normal 0.6351844013194092 0.6671550401249879 0.38915925885982644
    outer loop
      vertex 8.007106781186549 8.007106781186549 0.005050000000000001
      vertex 7.971558954847019 8.04095112535496 0.005050000000000001
      vertex 5.828310079983318 5.9790418658754945 7.038086850311071
    endloop
  endfacet
  facet normal 0.6671550401249878 0.6351844013194091 0.3891592588598265
    outer loop
      vertex 8.007106781186549 8.007106781186549 0.005050000000000001
      vertex 5.973036426764077 5.822067734177152 7.058571008078301
      vertex 8.04095112535496 7.971558954847019 0.005050000000000001
    endloop
  endfacet
  facet normal 0 0.970142500145332 0.24253562503633289
    outer loop
      vertex 0.6612299978733063 7.045930586017557 5.021327655929771
      vertex -0.6977299973368645 7.045930586017557 5.021327655929771
      vertex 0.9627750386835296 6.587280987309405 6.855926050762383
    endloop
  endfacet
  facet normal 4.809236442204641e-16 0.9701425001453318 0.24253562503633355
    outer loop
      vertex 7.300000000000001 8.3 0.005050000000000001
      vertex 1.9447687252583008 6.585487384457694 6.863100462169226
      vertex 2.449358516151815 6.584112676838913 6.8685992926443475
    endloop
  endfacet
  facet normal -1.3506643686974865e-15 0.9701425001453318 0.24253562503633402
    outer loop
      vertex -0.6977299973368645 7.045930586017557 5.021327655929771
      vertex 0.4802040242568326 6.587722530851475 6.854159876594099
      vertex 0.9627750386835296 6.587280987309405 6.855926050762383
    endloop
  endfacet
  facet normal -3.654535387320564e-17 0.9701425001453319 0.24253562503633283
    outer loop
      vertex 0.6612299978733063 7.045930586017557 5.021327655929771
      vertex 0.9627750386835296 6.587280987309405 6.855926050762383
      vertex 1.4501268247716588 6.586539028986294 6.858893884054824
    endloop
  endfacet
  facet normal 4.060586432213819e-16 0.9701425001453319 0.2425356250363327
    outer loop
      vertex 0.6612299978733063 7.045930586017557 5.021327655929771
      vertex 1.4501268247716588 6.586539028986294 6.858893884054824
      vertex 1.9447687252583008 6.585487384457694 6.863100462169226
    endloop
  endfacet
  facet normal 0.9701425001453319 7.023902292984467e-17 0.24253562503633302
    outer loop
      vertex 8.3 7.300000000000001 0.005050000000000001
      vertex 6.4628267029615225 2.6980010089660786 7.35374318815391
      vertex 6.421823309809863 0.8588470702933455 7.517756760760549
    endloop
  endfacet
  facet normal -3.5745949941073e-16 0.9701425001453319 0.24253562503633258
    outer loop
      vertex 7.300000000000001 8.3 0.005050000000000001
      vertex 2.449358516151815 6.584112676838913 6.8685992926443475
      vertex 2.966761810551738 6.582396999460946 6.875462002156216
    endloop
  endfacet
  facet normal 1.3292362971097674e-15 0.9701425001453317 0.2425356250363335
    outer loop
      vertex 7.300000000000001 8.3 0.005050000000000001
      vertex 2.966761810551738 6.582396999460946 6.875462002156216
      vertex 3.2151504376210283 6.581428483754159 6.879336064983363
    endloop
  endfacet
  facet normal 1.6458749996869216e-15 0.9701425001453318 0.24253562503633377
    outer loop
      vertex 7.300000000000001 8.3 0.005050000000000001
      vertex 3.2151504376210283 6.581428483754159 6.879336064983363
      vertex 3.500531156562753 6.5791708131375515 6.888366747449792
    endloop
  endfacet
  facet normal -1.4255233512375894e-15 0.970142500145332 0.24253562503633225
    outer loop
      vertex 7.300000000000001 8.3 0.005050000000000001
      vertex 3.500531156562753 6.5791708131375515 6.888366747449792
      vertex 4.054469377509447 6.574145040590288 6.908469837638849
    endloop
  endfacet
  facet normal 2.6960658393683536e-15 0.9701425001453317 0.2425356250363342
    outer loop
      vertex 7.300000000000001 8.3 0.005050000000000001
      vertex 4.054469377509447 6.574145040590288 6.908469837638849
      vertex 4.417398540188997 6.570439124113397 6.923293503546408
    endloop
  endfacet
  facet normal 0.023750684195771237 0.9674956130081713 0.25177002166694773
    outer loop
      vertex 7.300000000000001 8.3 0.005050000000000001
      vertex 4.417398540188997 6.570439124113397 6.923293503546408
      vertex 4.521213481697217 6.566724962581587 6.927772825945475
    endloop
  endfacet
  facet normal 0.0708478748357941 0.9604612056723613 0.2692486787890442
    outer loop
      vertex 7.349067674327419 8.298795456205173 0.005050000000000001
      vertex 4.521213481697217 6.566724962581587 6.927772825945475
      vertex 4.624661684482058 6.557708694516448 6.932715061426833
    endloop
  endfacet
  facet normal 0.11731507290861504 0.9511654826858332 0.2855195233525588
    outer loop
      vertex 7.398017140329562 8.295184726672197 0.005050000000000001
      vertex 4.624661684482058 6.557708694516448 6.932715061426833
      vertex 4.638212301560056 6.555824031754427 6.93342581679968
    endloop
  endfacet
  facet normal 0.11731507290861472 0.9511654826858342 0.2855195233525554
    outer loop
      vertex 7.398017140329562 8.295184726672197 0.005050000000000001
      vertex 4.638212301560056 6.555824031754427 6.93342581679968
      vertex 4.727360551866897 6.543312760596317 6.938475754431841
    endloop
  endfacet
  facet normal 0.16305620743256338 0.9397160782499513 0.3005767214809565
    outer loop
      vertex 7.446730474455363 8.289176509964781 0.005050000000000001
      vertex 4.727360551866897 6.543312760596317 6.938475754431841
      vertex 4.829205683127843 6.523644329141043 6.9447179558050935
    endloop
  endfacet
  facet normal 0.20798928334107633 0.9262183392288623 0.31442017443445586
    outer loop
      vertex 7.495090322016129 8.280785280403231 0.005050000000000001
      vertex 4.829205683127843 6.523644329141043 6.9447179558050935
      vertex 4.929982346824142 6.498755261515352 6.951372251526697
    endloop
  endfacet
  facet normal 0.25204503292430847 0.9107737197683152 0.32705432692072856
    outer loop
      vertex 7.542980179903265 8.270031253194544 0.005050000000000001
      vertex 4.929982346824142 6.498755261515352 6.951372251526697
      vertex 5.029455221250798 6.46869521657433 6.958423847691495
    endloop
  endfacet
  facet normal 0.2951654371816178 0.8934785307700925 0.33848704516761285
    outer loop
      vertex 7.590284677254463 8.25694033573221 0.005050000000000001
      vertex 5.029455221250798 6.46869521657433 6.958423847691495
      vertex 5.127391139521862 6.433525564516269 6.965857015229781
    endloop
  endfacet
  facet normal 0.37841507766339527 0.8536907362335837 0.357790659277137
    outer loop
      vertex 7.68268343236509 8.223879532511287 0.005050000000000001
      vertex 5.223559588097884 6.3933193402918915 6.973655116090229
      vertex 5.317733208331237 6.348161175284819 6.981800631468652
    endloop
  endfacet
  facet normal 0.4184705438483074 0.8313581852729568 0.3656856186821652
    outer loop
      vertex 7.727555093430283 8.203989293123444 0.005050000000000001
      vertex 5.317733208331237 6.348161175284819 6.981800631468652
      vertex 5.367138698567554 6.321289747157542 6.986353830364748
    endloop
  endfacet
  facet normal 0.41847054384829874 0.8313581852729621 0.36568561868216315
    outer loop
      vertex 7.727555093430283 8.203989293123444 0.005050000000000001
      vertex 5.367138698567554 6.321289747157542 6.986353830364748
      vertex 5.409644491247539 6.298112262942722 6.990404766362361
    endloop
  endfacet
  facet normal 0.33730217895636316 0.8744230179649978 0.34872858461025896
    outer loop
      vertex 7.636889853392221 8.241544065183021 0.005050000000000001
      vertex 5.127391139521862 6.433525564516269 6.965857015229781
      vertex 5.223559588097884 6.3933193402918915 6.973655116090229
    endloop
  endfacet
  facet normal 0.9701425001453319 -2.1488020886883422e-16 0.2425356250363329
    outer loop
      vertex 8.3 7.300000000000001 0.005050000000000001
      vertex 6.495723738096392 4.209855646684959 7.222155047614433
      vertex 6.4628267029615225 2.6980010089660786 7.35374318815391
    endloop
  endfacet
  facet normal 0.9701425001453327 -6.6290268052082405e-15 0.24253562503632978
    outer loop
      vertex 8.3 7.300000000000001 0.005050000000000001
      vertex 6.497545796456011 4.295909660760017 7.214866814175959
      vertex 6.495723738096392 4.209855646684959 7.222155047614433
    endloop
  endfacet
  facet normal 0.9604612056723618 0.07084787483579269 0.26924867878904246
    outer loop
      vertex 8.298795456205173 7.349067674327419 0.005050000000000001
      vertex 6.491820892943676 4.5194917192083945 7.195422927597272
      vertex 6.49729800113657 4.407863981935728 7.205257843155118
    endloop
  endfacet
  facet normal 0.9674956130081698 0.0237506841957861 0.25177002166695284
    outer loop
      vertex 8.3 7.300000000000001 0.005050000000000001
      vertex 6.49729800113657 4.407863981935728 7.205257843155118
      vertex 6.497545796456011 4.295909660760017 7.214866814175959
    endloop
  endfacet
  facet normal 0.9511654826858321 0.11731507290862313 0.28551952335255887
    outer loop
      vertex 8.295184726672197 7.398017140329562 0.005050000000000001
      vertex 6.4811396057993385 4.6305191991505135 7.1853867478352935
      vertex 6.491820892943676 4.5194917192083945 7.195422927597272
    endloop
  endfacet
  facet normal 0.92621833922886 0.20798928334108313 0.3144201744344583
    outer loop
      vertex 8.280785280403231 7.495090322016129 0.005050000000000001
      vertex 6.4443294371529225 4.849693017667846 7.164811216771193
      vertex 6.465292197692552 4.740675476849752 7.17517437791235
    endloop
  endfacet
  facet normal 0.9397160782499534 0.16305620743255514 0.3005767214809539
    outer loop
      vertex 8.280785280403231 7.495090322016129 0.005050000000000001
      vertex 6.465292197692552 4.740675476849752 7.17517437791235
      vertex 6.4811396057993385 4.6305191991505135 7.1853867478352935
    endloop
  endfacet
  facet normal 0.8744230179649981 0.3373021789563634 0.34872858461025813
    outer loop
      vertex 8.241544065183021 7.636889853392221 0.005050000000000001
      vertex 6.351442004275519 5.167302735157476 7.133074412572421
      vertex 6.387322978583432 5.063262741536342 7.143735330172048
    endloop
  endfacet
  facet normal 0.8536907362335855 0.37841507766339155 0.35779065927713655
    outer loop
      vertex 8.223879532511287 7.68268343236509 0.005050000000000001
      vertex 6.310770487061875 5.269180813897477 7.1223661855536315
      vertex 6.351442004275519 5.167302735157476 7.133074412572421
    endloop
  endfacet
  facet normal 0.8313581852729583 0.4184705438483053 0.36568561868216415
    outer loop
      vertex 8.181921264348356 7.771396736825999 0.005050000000000001
      vertex 6.265418472311243 5.368655923201228 7.111636656669526
      vertex 6.310770487061875 5.269180813897477 7.1223661855536315
    endloop
  endfacet
  facet normal 0.8074946719061361 0.45744008137686154 0.3724257332585003
    outer loop
      vertex 8.181921264348356 7.771396736825999 0.005050000000000001
      vertex 6.215506817857046 5.465494011999454 7.100911758184373
      vertex 6.265418472311243 5.368655923201228 7.111636656669526
    endloop
  endfacet
  facet normal 0.910773719768316 0.25204503292430624 0.3270543269207279
    outer loop
      vertex 8.25694033573221 7.590284677254463 0.005050000000000001
      vertex 6.418314557197081 4.957308357734176 7.154322919686831
      vertex 6.4443294371529225 4.849693017667846 7.164811216771193
    endloop
  endfacet
  facet normal 0.8934785307700923 0.2951654371816169 0.33848704516761385
    outer loop
      vertex 8.25694033573221 7.590284677254463 0.005050000000000001
      vertex 6.387322978583432 5.063262741536342 7.143735330172048
      vertex 6.418314557197081 4.957308357734176 7.154322919686831
    endloop
  endfacet
  facet normal 0.7273058488569445 0.5675950553590786 0.38582645755624895
    outer loop
      vertex 8.073010453362738 7.934393284163646 0.005050000000000001
      vertex 6.039776230394683 5.737961100411556 7.069021731364911
      vertex 6.102539658640747 5.650360942604718 7.079578829983702
    endloop
  endfacet
  facet normal 0.6019893649187762 0.6978729712000239 0.38804912136627634
    outer loop
      vertex 7.934393284163646 8.073010453362738 0.005050000000000001
      vertex 5.750684647519161 6.051554400286792 7.028101379825866
      vertex 5.828310079983318 5.9790418658754945 7.038086850311071
    endloop
  endfacet
  facet normal 0.6351844013194181 0.6671550401249795 0.3891592588598264
    outer loop
      vertex 8.007106781186549 8.007106781186549 0.005050000000000001
      vertex 5.828310079983318 5.9790418658754945 7.038086850311071
      vertex 5.902488804061888 5.902488804061888 7.048251307384637
    endloop
  endfacet
  facet normal 0.6671550401249865 0.6351844013194106 0.3891592588598269
    outer loop
      vertex 8.007106781186549 8.007106781186549 0.005050000000000001
      vertex 5.902488804061888 5.902488804061888 7.048251307384637
      vertex 5.973036426764077 5.822067734177152 7.058571008078301
    endloop
  endfacet
  facet normal 0.6978729712000183 0.6019893649187823 0.38804912136627706
    outer loop
      vertex 8.073010453362738 7.934393284163646 0.005050000000000001
      vertex 5.973036426764077 5.822067734177152 7.058571008078301
      vertex 6.039776230394683 5.737961100411556 7.069021731364911
    endloop
  endfacet
  facet normal 0.49529885611566193 0.7821623665199219 0.3780225860057468
    outer loop
      vertex 7.814102744193223 8.157728610000273 0.005050000000000001
      vertex 5.499076739634251 6.2432786235894495 6.999448117394496
      vertex 5.585866634887788 6.183819206584722 7.00875968396524
    endloop
  endfacet
  facet normal 0.45744008137686265 0.8074946719061352 0.37242573325850137
    outer loop
      vertex 7.771396736825999 8.181921264348356 0.005050000000000001
      vertex 5.409644491247539 6.298112262942722 6.990404766362361
      vertex 5.499076739634251 6.2432786235894495 6.999448117394496
    endloop
  endfacet
  facet normal 0.5320243426951958 0.7554165246303457 0.3824865659015425
    outer loop
      vertex 7.855570233019603 8.131469612302546 0.005050000000000001
      vertex 5.585866634887788 6.183819206584722 7.00875968396524
      vertex 5.66980408086456 6.119864113040995 7.0183181111097035
    endloop
  endfacet
  facet normal 0.5675950553590794 0.7273058488569443 0.38582645755624817
    outer loop
      vertex 7.895699304492434 8.103207531480646 0.005050000000000001
      vertex 5.66980408086456 6.119864113040995 7.0183181111097035
      vertex 5.750684647519161 6.051554400286792 7.028101379825866
    endloop
  endfacet
  facet normal 0.7821623665199187 0.495298856115667 0.37802258600574684
    outer loop
      vertex 8.157728610000273 7.814102744193223 0.005050000000000001
      vertex 6.161166793004701 5.559468537745712 7.090217284307591
      vertex 6.215506817857046 5.465494011999454 7.100911758184373
    endloop
  endfacet
  facet normal 0.7554165246303445 0.5320243426951977 0.38248656590154223
    outer loop
      vertex 8.131469612302546 7.855570233019603 0.005050000000000001
      vertex 6.102539658640747 5.650360942604718 7.079578829983702
      vertex 6.161166793004701 5.559468537745712 7.090217284307591
    endloop
  endfacet
  facet normal 1 0 0
    outer loop
      vertex -6.5 -6.5 -0.00495
      vertex -6.5 6.5 0.005
      vertex -6.5 -6.5 0.005
    endloop
  endfacet
  facet normal 0.9635179096299407 -7.923850132665638e-18 -0.26764386378609467
    outer loop
      vertex -6.5 -6.5 0.005
      vertex -5 5 5.404999999999999
      vertex -5 -5 5.404999999999999
    endloop
  endfacet
  facet normal 0 1 0
    outer loop
      vertex -6.5 -6.5 -0.00495
      vertex -6.5 -6.5 0.005
      vertex 6.5 -6.5 -0.00495
    endloop
  endfacet
  facet normal -7.923850132665638e-18 0.9635179096299407 -0.26764386378609467
    outer loop
      vertex -6.5 -6.5 0.005
      vertex -5 -5 5.404999999999999
      vertex 5 -5 5.404999999999999
    endloop
  endfacet
  facet normal 0 0 -1
    outer loop
      vertex -5 -5 5.404999999999999
      vertex -0.7982828624497714 -2.6315859232635743 5.404999999999999
      vertex 5 -5 5.404999999999999
    endloop
  endfacet
  facet normal 0 0 -1
    outer loop
      vertex -5 -5 5.404999999999999
      vertex -2.358753677500748 -1.4137825465313598 5.404999999999999
      vertex -2.2865414338319994 -1.527818140803906 5.404999999999999
    endloop
  endfacet
  facet normal 0 0 -1
    outer loop
      vertex -5 -5 5.404999999999999
      vertex -2.2865414338319994 -1.527818140803906 5.404999999999999
      vertex -2.2088207115717737 -1.6381730873541918 5.404999999999999
    endloop
  endfacet
  facet normal 0 0 -1
    outer loop
      vertex -5 -5 5.404999999999999
      vertex -2.589246179253307 -0.9264470968286052 5.404999999999999
      vertex -2.5406687144060385 -1.0523794390039969 5.404999999999999
    endloop
  endfacet
  facet normal 0 0 -1
    outer loop
      vertex -5 -5 5.404999999999999
      vertex -2.6315859232635743 -0.7982828624497714 5.404999999999999
      vertex -2.589246179253307 -0.9264470968286052 5.404999999999999
    endloop
  endfacet
  facet normal 0 0 -1
    outer loop
      vertex -5 -5 5.404999999999999
      vertex -2.6629355133716164 -0.6849999999999999 5.404999999999999
      vertex -2.6315859232635743 -0.7982828624497714 5.404999999999999
    endloop
  endfacet
  facet normal 0 0 -1
    outer loop
      vertex -5 -5 5.404999999999999
      vertex -2.4252834769579765 -1.2963410262714936 5.404999999999999
      vertex -2.358753677500748 -1.4137825465313598 5.404999999999999
    endloop
  endfacet
  facet normal 0 0 -1
    outer loop
      vertex -5 -5 5.404999999999999
      vertex -2.485970556089469 -1.1757765069332757 5.404999999999999
      vertex -2.4252834769579765 -1.2963410262714936 5.404999999999999
    endloop
  endfacet
  facet normal 0 0 -1
    outer loop
      vertex -5 -5 5.404999999999999
      vertex -2.5406687144060385 -1.0523794390039969 5.404999999999999
      vertex -2.485970556089469 -1.1757765069332757 5.404999999999999
    endloop
  endfacet
  facet normal 0 0 -1
    outer loop
      vertex -5 -5 5.404999999999999
      vertex -1.6381730873541918 -2.2088207115717737 5.404999999999999
      vertex -1.527818140803906 -2.2865414338319994 5.404999999999999
    endloop
  endfacet
  facet normal 0 0 -1
    outer loop
      vertex -5 -5 5.404999999999999
      vertex -1.527818140803906 -2.2865414338319994 5.404999999999999
      vertex -1.4137825465313598 -2.358753677500748 5.404999999999999
    endloop
  endfacet
  facet normal 0 0 -1
    outer loop
      vertex -5 -5 5.404999999999999
      vertex -1.4137825465313598 -2.358753677500748 5.404999999999999
      vertex -1.2963410262714936 -2.4252834769579765 5.404999999999999
    endloop
  endfacet
  facet normal 0 0 -1
    outer loop
      vertex -5 -5 5.404999999999999
      vertex -1.2963410262714936 -2.4252834769579765 5.404999999999999
      vertex -1.1757765069332757 -2.485970556089469 5.404999999999999
    endloop
  endfacet
  facet normal 0 0 -1
    outer loop
      vertex -5 -5 5.404999999999999
      vertex -1.1757765069332757 -2.485970556089469 5.404999999999999
      vertex -1.0523794390039969 -2.5406687144060385 5.404999999999999
    endloop
  endfacet
  facet normal 0 0 -1
    outer loop
      vertex -5 -5 5.404999999999999
      vertex -1.0523794390039969 -2.5406687144060385 5.404999999999999
      vertex -0.9264470968286052 -2.589246179253307 5.404999999999999
    endloop
  endfacet
  facet normal 0 0 -1
    outer loop
      vertex -5 -5 5.404999999999999
      vertex -0.9264470968286052 -2.589246179253307 5.404999999999999
      vertex -0.7982828624497714 -2.6315859232635743 5.404999999999999
    endloop
  endfacet
  facet normal 0 0 -1
    outer loop
      vertex -5 -5 5.404999999999999
      vertex -2.125778746747527 -1.744581531450025 5.404999999999999
      vertex -2.0376155947261374 -1.8467871258293007 5.404999999999999
    endloop
  endfacet
  facet normal 0 0 -1
    outer loop
      vertex -5 -5 5.404999999999999
      vertex -2.0376155947261374 -1.8467871258293007 5.404999999999999
      vertex -1.9445436482630059 -1.9445436482630059 5.404999999999999
    endloop
  endfacet
  facet normal 0 0 -1
    outer loop
      vertex -5 -5 5.404999999999999
      vertex -1.9445436482630059 -1.9445436482630059 5.404999999999999
      vertex -1.8467871258293007 -2.0376155947261374 5.404999999999999
    endloop
  endfacet
  facet normal 0 0 -1
    outer loop
      vertex -5 -5 5.404999999999999
      vertex -1.8467871258293007 -2.0376155947261374 5.404999999999999
      vertex -1.744581531450025 -2.125778746747527 5.404999999999999
    endloop
  endfacet
  facet normal 0 0 -1
    outer loop
      vertex -5 -5 5.404999999999999
      vertex -2.2088207115717737 -1.6381730873541918 5.404999999999999
      vertex -2.125778746747527 -1.744581531450025 5.404999999999999
    endloop
  endfacet
  facet normal 0 0 -1
    outer loop
      vertex -5 -5 5.404999999999999
      vertex -1.744581531450025 -2.125778746747527 5.404999999999999
      vertex -1.6381730873541918 -2.2088207115717737 5.404999999999999
    endloop
  endfacet
  facet normal 0 0 -1
    outer loop
      vertex -5 -5 5.404999999999999
      vertex -2.6629355133716164 0.6849999999999999 5.404999999999999
      vertex -2.6629355133716164 -0.6849999999999999 5.404999999999999
    endloop
  endfacet
  facet normal 0 0 -1
    outer loop
      vertex -2.6629355133716164 -0.6849999999999999 5.404999999999999
      vertex -2.6629355133716164 0.6849999999999999 5.404999999999999
      vertex -0.735 -0.6849999999999999 5.404999999999999
    endloop
  endfacet
  facet normal 0 0 -1
    outer loop
      vertex -0.735 -2.05 5.404999999999999
      vertex -0.735 -0.6849999999999999 5.404999999999999
      vertex 0.735 -0.6849999999999999 5.404999999999999
    endloop
  endfacet
  facet normal 0 0 -1
    outer loop
      vertex -0.735 -0.6849999999999999 5.404999999999999
      vertex -0.735 0.6849999999999999 5.404999999999999
      vertex 0.735 -0.6849999999999999 5.404999999999999
    endloop
  endfacet
  facet normal 1 0 0
    outer loop
      vertex -6.5 -6.5 -0.00495
      vertex -6.5 6.5 -0.00495
      vertex -6.5 6.5 0.005
    endloop
  endfacet
  facet normal 0.9635179096299405 0 -0.26764386378609467
    outer loop
      vertex -6.5 -6.5 0.005
      vertex -6.5 6.5 0.005
      vertex -5 5 5.404999999999999
    endloop
  endfacet
  facet normal 0 -1 0
    outer loop
      vertex -6.5 6.5 -0.00495
      vertex 6.5 6.5 0.005
      vertex -6.5 6.5 0.005
    endloop
  endfacet
  facet normal 7.923850132665638e-18 -0.9635179096299407 -0.26764386378609467
    outer loop
      vertex -6.5 6.5 0.005
      vertex 5 5 5.404999999999999
      vertex -5 5 5.404999999999999
    endloop
  endfacet
  facet normal 0 0 -1
    outer loop
      vertex -5 -5 5.404999999999999
      vertex -5 5 5.404999999999999
      vertex -2.6629355133716164 0.6849999999999999 5.404999999999999
    endloop
  endfacet
  facet normal 0 0 -1
    outer loop
      vertex -5 5 5.404999999999999
      vertex -2.6315859232635743 0.7982828624497714 5.404999999999999
      vertex -2.6629355133716164 0.6849999999999999 5.404999999999999
    endloop
  endfacet
  facet normal 0 0 -1
    outer loop
      vertex -5 5 5.404999999999999
      vertex -2.589246179253307 0.9264470968286052 5.404999999999999
      vertex -2.6315859232635743 0.7982828624497714 5.404999999999999
    endloop
  endfacet
  facet normal 0 0 -1
    outer loop
      vertex -5 5 5.404999999999999
      vertex -2.5406687144060385 1.0523794390039969 5.404999999999999
      vertex -2.589246179253307 0.9264470968286052 5.404999999999999
    endloop
  endfacet
  facet normal 0 0 -1
    outer loop
      vertex -5 5 5.404999999999999
      vertex -2.485970556089469 1.1757765069332757 5.404999999999999
      vertex -2.5406687144060385 1.0523794390039969 5.404999999999999
    endloop
  endfacet
  facet normal 0 0 -1
    outer loop
      vertex -5 5 5.404999999999999
      vertex -2.4252834769579765 1.2963410262714936 5.404999999999999
      vertex -2.485970556089469 1.1757765069332757 5.404999999999999
    endloop
  endfacet
  facet normal 0 0 -1
    outer loop
      vertex -5 5 5.404999999999999
      vertex -2.358753677500748 1.4137825465313598 5.404999999999999
      vertex -2.4252834769579765 1.2963410262714936 5.404999999999999
    endloop
  endfacet
  facet normal 0 0 -1
    outer loop
      vertex -5 5 5.404999999999999
      vertex -2.2865414338319994 1.527818140803906 5.404999999999999
      vertex -2.358753677500748 1.4137825465313598 5.404999999999999
    endloop
  endfacet
  facet normal 0 0 -1
    outer loop
      vertex -5 5 5.404999999999999
      vertex -2.2088207115717737 1.6381730873541918 5.404999999999999
      vertex -2.2865414338319994 1.527818140803906 5.404999999999999
    endloop
  endfacet
  facet normal 0 0 -1
    outer loop
      vertex -5 5 5.404999999999999
      vertex -2.125778746747527 1.744581531450025 5.404999999999999
      vertex -2.2088207115717737 1.6381730873541918 5.404999999999999
    endloop
  endfacet
  facet normal 0 0 -1
    outer loop
      vertex -5 5 5.404999999999999
      vertex -2.0376155947261374 1.8467871258293007 5.404999999999999
      vertex -2.125778746747527 1.744581531450025 5.404999999999999
    endloop
  endfacet
  facet normal 0 0 -1
    outer loop
      vertex -5 5 5.404999999999999
      vertex -1.9445436482630059 1.9445436482630059 5.404999999999999
      vertex -2.0376155947261374 1.8467871258293007 5.404999999999999
    endloop
  endfacet
  facet normal 0 0 -1
    outer loop
      vertex -5 5 5.404999999999999
      vertex -1.8467871258293007 2.0376155947261374 5.404999999999999
      vertex -1.9445436482630059 1.9445436482630059 5.404999999999999
    endloop
  endfacet
  facet normal 0 0 -1
    outer loop
      vertex -5 5 5.404999999999999
      vertex -1.744581531450025 2.125778746747527 5.404999999999999
      vertex -1.8467871258293007 2.0376155947261374 5.404999999999999
    endloop
  endfacet
  facet normal 0 0 -1
    outer loop
      vertex -5 5 5.404999999999999
      vertex -1.6381730873541918 2.2088207115717737 5.404999999999999
      vertex -1.744581531450025 2.125778746747527 5.404999999999999
    endloop
  endfacet
  facet normal 0 0 -1
    outer loop
      vertex -5 5 5.404999999999999
      vertex -1.527818140803906 2.2865414338319994 5.404999999999999
      vertex -1.6381730873541918 2.2088207115717737 5.404999999999999
    endloop
  endfacet
  facet normal 0 0 -1
    outer loop
      vertex -5 5 5.404999999999999
      vertex -1.4137825465313598 2.358753677500748 5.404999999999999
      vertex -1.527818140803906 2.2865414338319994 5.404999999999999
    endloop
  endfacet
  facet normal 0 0 -1
    outer loop
      vertex -5 5 5.404999999999999
      vertex -1.2963410262714936 2.4252834769579765 5.404999999999999
      vertex -1.4137825465313598 2.358753677500748 5.404999999999999
    endloop
  endfacet
  facet normal 0 0 -1
    outer loop
      vertex -5 5 5.404999999999999
      vertex -1.1757765069332757 2.485970556089469 5.404999999999999
      vertex -1.2963410262714936 2.4252834769579765 5.404999999999999
    endloop
  endfacet
  facet normal 0 0 -1
    outer loop
      vertex -5 5 5.404999999999999
      vertex -1.0523794390039969 2.5406687144060385 5.404999999999999
      vertex -1.1757765069332757 2.485970556089469 5.404999999999999
    endloop
  endfacet
  facet normal 0 0 -1
    outer loop
      vertex -5 5 5.404999999999999
      vertex -0.9264470968286052 2.589246179253307 5.404999999999999
      vertex -1.0523794390039969 2.5406687144060385 5.404999999999999
    endloop
  endfacet
  facet normal 0 0 -1
    outer loop
      vertex -5 5 5.404999999999999
      vertex -0.7982828624497714 2.6315859232635743 5.404999999999999
      vertex -0.9264470968286052 2.589246179253307 5.404999999999999
    endloop
  endfacet
  facet normal 0 0 -1
    outer loop
      vertex -5 5 5.404999999999999
      vertex -0.6681954947339757 2.667585946284996 5.404999999999999
      vertex -0.7982828624497714 2.6315859232635743 5.404999999999999
    endloop
  endfacet
  facet normal 0 0 -1
    outer loop
      vertex -0.735 -0.6849999999999999 5.404999999999999
      vertex -2.6629355133716164 0.6849999999999999 5.404999999999999
      vertex -0.735 0.6849999999999999 5.404999999999999
    endloop
  endfacet
  facet normal 0 0 -1
    outer loop
      vertex -0.735 0.6849999999999999 5.404999999999999
      vertex -0.735 2.05 5.404999999999999
      vertex 0.735 2.05 5.404999999999999
    endloop
  endfacet
  facet normal 0 0 -1
    outer loop
      vertex -5 5 5.404999999999999
      vertex -0.5364983855443527 2.6971595211088837 5.404999999999999
      vertex -0.6681954947339757 2.667585946284996 5.404999999999999
    endloop
  endfacet
  facet normal 0 0 -1
    outer loop
      vertex -5 5 5.404999999999999
      vertex -0.4035088047522448 2.720235402403148 5.404999999999999
      vertex -0.5364983855443527 2.6971595211088837 5.404999999999999
    endloop
  endfacet
  facet normal 0 0 -1
    outer loop
      vertex -5 5 5.404999999999999
      vertex -0.26954713590629165 2.7367579983485415 5.404999999999999
      vertex -0.4035088047522448 2.720235402403148 5.404999999999999
    endloop
  endfacet
  facet normal 0 0 -1
    outer loop
      vertex -5 5 5.404999999999999
      vertex -0.13493610440039955 2.7466875045642243 5.404999999999999
      vertex -0.26954713590629165 2.7367579983485415 5.404999999999999
    endloop
  endfacet
  facet normal 0 0 -1
    outer loop
      vertex -5 5 5.404999999999999
      vertex 0 2.75 5.404999999999999
      vertex -0.13493610440039955 2.7466875045642243 5.404999999999999
    endloop
  endfacet
  facet normal 0 0 -1
    outer loop
      vertex -5 5 5.404999999999999
      vertex 0.13493610440039955 2.7466875045642243 5.404999999999999
      vertex 0 2.75 5.404999999999999
    endloop
  endfacet
  facet normal 0 0 -1
    outer loop
      vertex -5 5 5.404999999999999
      vertex 0.26954713590629165 2.7367579983485415 5.404999999999999
      vertex 0.13493610440039955 2.7466875045642243 5.404999999999999
    endloop
  endfacet
  facet normal 0 0 -1
    outer loop
      vertex -5 5 5.404999999999999
      vertex 0.4035088047522448 2.720235402403148 5.404999999999999
      vertex 0.26954713590629165 2.7367579983485415 5.404999999999999
    endloop
  endfacet
  facet normal 0 0 -1
    outer loop
      vertex -5 5 5.404999999999999
      vertex 0.5364983855443527 2.6971595211088837 5.404999999999999
      vertex 0.4035088047522448 2.720235402403148 5.404999999999999
    endloop
  endfacet
  facet normal 0 0 -1
    outer loop
      vertex -5 5 5.404999999999999
      vertex 0.6681954947339757 2.667585946284996 5.404999999999999
      vertex 0.5364983855443527 2.6971595211088837 5.404999999999999
    endloop
  endfacet
  facet normal 0 0 -1
    outer loop
      vertex -5 5 5.404999999999999
      vertex 0.7982828624497714 2.6315859232635743 5.404999999999999
      vertex 0.6681954947339757 2.667585946284996 5.404999999999999
    endloop
  endfacet
  facet normal 0 0.9635179096299405 -0.26764386378609467
    outer loop
      vertex -6.5 -6.5 0.005
      vertex 5 -5 5.404999999999999
      vertex 6.5 -6.5 0.005
    endloop
  endfacet
  facet normal 0 1 0
    outer loop
      vertex -6.5 -6.5 0.005
      vertex 6.5 -6.5 0.005
      vertex 6.5 -6.5 -0.00495
    endloop
  endfacet
  facet normal -1 0 0
    outer loop
      vertex 6.5 -6.5 -0.00495
      vertex 6.5 -6.5 0.005
      vertex 6.5 6.5 -0.00495
    endloop
  endfacet
  facet normal -0.9635179096299407 7.923850132665638e-18 -0.26764386378609467
    outer loop
      vertex 6.5 -6.5 0.005
      vertex 5 -5 5.404999999999999
      vertex 5 5 5.404999999999999
    endloop
  endfacet
  facet normal 0 0 -1
    outer loop
      vertex -0.7982828624497714 -2.6315859232635743 5.404999999999999
      vertex -0.6681954947339757 -2.667585946284996 5.404999999999999
      vertex 5 -5 5.404999999999999
    endloop
  endfacet
  facet normal 0 0 -1
    outer loop
      vertex -0.6681954947339757 -2.667585946284996 5.404999999999999
      vertex -0.5364983855443527 -2.6971595211088837 5.404999999999999
      vertex 5 -5 5.404999999999999
    endloop
  endfacet
  facet normal 0 0 -1
    outer loop
      vertex -0.5364983855443527 -2.6971595211088837 5.404999999999999
      vertex -0.4035088047522448 -2.720235402403148 5.404999999999999
      vertex 5 -5 5.404999999999999
    endloop
  endfacet
  facet normal 0 0 -1
    outer loop
      vertex -0.4035088047522448 -2.720235402403148 5.404999999999999
      vertex -0.26954713590629165 -2.7367579983485415 5.404999999999999
      vertex 5 -5 5.404999999999999
    endloop
  endfacet
  facet normal 0 0 -1
    outer loop
      vertex -0.26954713590629165 -2.7367579983485415 5.404999999999999
      vertex -0.13493610440039955 -2.7466875045642243 5.404999999999999
      vertex 5 -5 5.404999999999999
    endloop
  endfacet
  facet normal 0 0 -1
    outer loop
      vertex -0.13493610440039955 -2.7466875045642243 5.404999999999999
      vertex 0 -2.75 5.404999999999999
      vertex 5 -5 5.404999999999999
    endloop
  endfacet
  facet normal 0 0 -1
    outer loop
      vertex 0 -2.75 5.404999999999999
      vertex 0.13493610440039955 -2.7466875045642243 5.404999999999999
      vertex 5 -5 5.404999999999999
    endloop
  endfacet
  facet normal 0 0 -1
    outer loop
      vertex 0.13493610440039955 -2.7466875045642243 5.404999999999999
      vertex 0.26954713590629165 -2.7367579983485415 5.404999999999999
      vertex 5 -5 5.404999999999999
    endloop
  endfacet
  facet normal 0 0 -1
    outer loop
      vertex 0.26954713590629165 -2.7367579983485415 5.404999999999999
      vertex 0.4035088047522448 -2.720235402403148 5.404999999999999
      vertex 5 -5 5.404999999999999
    endloop
  endfacet
  facet normal 0 0 -1
    outer loop
      vertex 0.4035088047522448 -2.720235402403148 5.404999999999999
      vertex 0.5364983855443527 -2.6971595211088837 5.404999999999999
      vertex 5 -5 5.404999999999999
    endloop
  endfacet
  facet normal 0 0 -1
    outer loop
      vertex 0.5364983855443527 -2.6971595211088837 5.404999999999999
      vertex 0.6681954947339757 -2.667585946284996 5.404999999999999
      vertex 5 -5 5.404999999999999
    endloop
  endfacet
  facet normal 0 0 -1
    outer loop
      vertex -0.735 -2.05 5.404999999999999
      vertex 0.735 -0.6849999999999999 5.404999999999999
      vertex 0.735 -2.05 5.404999999999999
    endloop
  endfacet
  facet normal 0 0 -1
    outer loop
      vertex 0.735 -0.6849999999999999 5.404999999999999
      vertex 0.735 0.6849999999999999 5.404999999999999
      vertex 2.6629355133716164 -0.6849999999999999 5.404999999999999
    endloop
  endfacet
  facet normal 0 0 -1
    outer loop
      vertex 0.6681954947339757 -2.667585946284996 5.404999999999999
      vertex 0.7982828624497714 -2.6315859232635743 5.404999999999999
      vertex 5 -5 5.404999999999999
    endloop
  endfacet
  facet normal 0 0 -1
    outer loop
      vertex 0.7982828624497714 -2.6315859232635743 5.404999999999999
      vertex 0.9264470968286052 -2.589246179253307 5.404999999999999
      vertex 5 -5 5.404999999999999
    endloop
  endfacet
  facet normal 0 0 -1
    outer loop
      vertex 0.9264470968286052 -2.589246179253307 5.404999999999999
      vertex 1.0523794390039969 -2.5406687144060385 5.404999999999999
      vertex 5 -5 5.404999999999999
    endloop
  endfacet
  facet normal 0 0 -1
    outer loop
      vertex 1.0523794390039969 -2.5406687144060385 5.404999999999999
      vertex 1.1757765069332757 -2.485970556089469 5.404999999999999
      vertex 5 -5 5.404999999999999
    endloop
  endfacet
  facet normal 0 0 -1
    outer loop
      vertex 1.1757765069332757 -2.485970556089469 5.404999999999999
      vertex 1.2963410262714936 -2.4252834769579765 5.404999999999999
      vertex 5 -5 5.404999999999999
    endloop
  endfacet
  facet normal 0 0 -1
    outer loop
      vertex 1.2963410262714936 -2.4252834769579765 5.404999999999999
      vertex 1.4137825465313598 -2.358753677500748 5.404999999999999
      vertex 5 -5 5.404999999999999
    endloop
  endfacet
  facet normal 0 0 -1
    outer loop
      vertex 1.4137825465313598 -2.358753677500748 5.404999999999999
      vertex 1.527818140803906 -2.2865414338319994 5.404999999999999
      vertex 5 -5 5.404999999999999
    endloop
  endfacet
  facet normal 0 0 -1
    outer loop
      vertex 1.527818140803906 -2.2865414338319994 5.404999999999999
      vertex 1.6381730873541918 -2.2088207115717737 5.404999999999999
      vertex 5 -5 5.404999999999999
    endloop
  endfacet
  facet normal 0 0 -1
    outer loop
      vertex 1.6381730873541918 -2.2088207115717737 5.404999999999999
      vertex 1.744581531450025 -2.125778746747527 5.404999999999999
      vertex 5 -5 5.404999999999999
    endloop
  endfacet
  facet normal 0 0 -1
    outer loop
      vertex 1.744581531450025 -2.125778746747527 5.404999999999999
      vertex 1.8467871258293007 -2.0376155947261374 5.404999999999999
      vertex 5 -5 5.404999999999999
    endloop
  endfacet
  facet normal 0 0 -1
    outer loop
      vertex 1.8467871258293007 -2.0376155947261374 5.404999999999999
      vertex 1.9445436482630059 -1.9445436482630059 5.404999999999999
      vertex 5 -5 5.404999999999999
    endloop
  endfacet
  facet normal 0 0 -1
    outer loop
      vertex 1.9445436482630059 -1.9445436482630059 5.404999999999999
      vertex 2.0376155947261374 -1.8467871258293007 5.404999999999999
      vertex 5 -5 5.404999999999999
    endloop
  endfacet
  facet normal 0 0 -1
    outer loop
      vertex 2.0376155947261374 -1.8467871258293007 5.404999999999999
      vertex 2.125778746747527 -1.744581531450025 5.404999999999999
      vertex 5 -5 5.404999999999999
    endloop
  endfacet
  facet normal 0 0 -1
    outer loop
      vertex 2.125778746747527 -1.744581531450025 5.404999999999999
      vertex 2.2088207115717737 -1.6381730873541918 5.404999999999999
      vertex 5 -5 5.404999999999999
    endloop
  endfacet
  facet normal 0 0 -1
    outer loop
      vertex 2.2088207115717737 -1.6381730873541918 5.404999999999999
      vertex 2.2865414338319994 -1.527818140803906 5.404999999999999
      vertex 5 -5 5.404999999999999
    endloop
  endfacet
  facet normal 0 0 -1
    outer loop
      vertex 2.2865414338319994 -1.527818140803906 5.404999999999999
      vertex 2.358753677500748 -1.4137825465313598 5.404999999999999
      vertex 5 -5 5.404999999999999
    endloop
  endfacet
  facet normal 0 0 -1
    outer loop
      vertex 2.358753677500748 -1.4137825465313598 5.404999999999999
      vertex 2.4252834769579765 -1.2963410262714936 5.404999999999999
      vertex 5 -5 5.404999999999999
    endloop
  endfacet
  facet normal 0 0 -1
    outer loop
      vertex 2.4252834769579765 -1.2963410262714936 5.404999999999999
      vertex 2.485970556089469 -1.1757765069332757 5.404999999999999
      vertex 5 -5 5.404999999999999
    endloop
  endfacet
  facet normal 0 0 -1
    outer loop
      vertex 2.485970556089469 -1.1757765069332757 5.404999999999999
      vertex 2.5406687144060385 -1.0523794390039969 5.404999999999999
      vertex 5 -5 5.404999999999999
    endloop
  endfacet
  facet normal 0 0 -1
    outer loop
      vertex 2.5406687144060385 -1.0523794390039969 5.404999999999999
      vertex 2.589246179253307 -0.9264470968286052 5.404999999999999
      vertex 5 -5 5.404999999999999
    endloop
  endfacet
  facet normal 0 0 -1
    outer loop
      vertex 2.589246179253307 -0.9264470968286052 5.404999999999999
      vertex 2.6315859232635743 -0.7982828624497714 5.404999999999999
      vertex 5 -5 5.404999999999999
    endloop
  endfacet
  facet normal 0 0 -1
    outer loop
      vertex 2.6315859232635743 -0.7982828624497714 5.404999999999999
      vertex 2.6629355133716164 -0.6849999999999999 5.404999999999999
      vertex 5 -5 5.404999999999999
    endloop
  endfacet
  facet normal 0 0 -1
    outer loop
      vertex 2.6629355133716164 -0.6849999999999999 5.404999999999999
      vertex 5 5 5.404999999999999
      vertex 5 -5 5.404999999999999
    endloop
  endfacet
  facet normal 0 -0.9635179096299405 -0.26764386378609467
    outer loop
      vertex -6.5 6.5 0.005
      vertex 6.5 6.5 0.005
      vertex 5 5 5.404999999999999
    endloop
  endfacet
  facet normal 0 -1 0
    outer loop
      vertex -6.5 6.5 -0.00495
      vertex 6.5 6.5 -0.00495
      vertex 6.5 6.5 0.005
    endloop
  endfacet
  facet normal -0.9635179096299405 0 -0.26764386378609467
    outer loop
      vertex 6.5 -6.5 0.005
      vertex 5 5 5.404999999999999
      vertex 6.5 6.5 0.005
    endloop
  endfacet
  facet normal -1 0 0
    outer loop
      vertex 6.5 -6.5 0.005
      vertex 6.5 6.5 0.005
      vertex 6.5 6.5 -0.00495
    endloop
  endfacet
  facet normal 0 0 -1
    outer loop
      vertex -0.735 0.6849999999999999 5.404999999999999
      vertex 0.735 0.6849999999999999 5.404999999999999
      vertex 0.735 -0.6849999999999999 5.404999999999999
    endloop
  endfacet
  facet normal 0 0 -1
    outer loop
      vertex -0.735 0.6849999999999999 5.404999999999999
      vertex 0.735 2.05 5.404999999999999
      vertex 0.735 0.6849999999999999 5.404999999999999
    endloop
  endfacet
  facet normal 0 0 -1
    outer loop
      vertex 2.6629355133716164 -0.6849999999999999 5.404999999999999
      vertex 0.735 0.6849999999999999 5.404999999999999
      vertex 2.6629355133716164 0.6849999999999999 5.404999999999999
    endloop
  endfacet
  facet normal 0 0 -1
    outer loop
      vertex 2.6629355133716164 -0.6849999999999999 5.404999999999999
      vertex 2.6629355133716164 0.6849999999999999 5.404999999999999
      vertex 5 5 5.404999999999999
    endloop
  endfacet
  facet normal 0 0 -1
    outer loop
      vertex 1.6381730873541918 2.2088207115717737 5.404999999999999
      vertex 5 5 5.404999999999999
      vertex 1.744581531450025 2.125778746747527 5.404999999999999
    endloop
  endfacet
  facet normal 0 0 -1
    outer loop
      vertex 2.125778746747527 1.744581531450025 5.404999999999999
      vertex 5 5 5.404999999999999
      vertex 2.2088207115717737 1.6381730873541918 5.404999999999999
    endloop
  endfacet
  facet normal 0 0 -1
    outer loop
      vertex 1.8467871258293007 2.0376155947261374 5.404999999999999
      vertex 1.744581531450025 2.125778746747527 5.404999999999999
      vertex 5 5 5.404999999999999
    endloop
  endfacet
  facet normal 0 0 -1
    outer loop
      vertex 1.9445436482630059 1.9445436482630059 5.404999999999999
      vertex 1.8467871258293007 2.0376155947261374 5.404999999999999
      vertex 5 5 5.404999999999999
    endloop
  endfacet
  facet normal 0 0 -1
    outer loop
      vertex 1.9445436482630059 1.9445436482630059 5.404999999999999
      vertex 5 5 5.404999999999999
      vertex 2.0376155947261374 1.8467871258293007 5.404999999999999
    endloop
  endfacet
  facet normal 0 0 -1
    outer loop
      vertex 2.0376155947261374 1.8467871258293007 5.404999999999999
      vertex 5 5 5.404999999999999
      vertex 2.125778746747527 1.744581531450025 5.404999999999999
    endloop
  endfacet
  facet normal 0 0 -1
    outer loop
      vertex 0.9264470968286052 2.589246179253307 5.404999999999999
      vertex 0.7982828624497714 2.6315859232635743 5.404999999999999
      vertex 5 5 5.404999999999999
    endloop
  endfacet
  facet normal 0 0 -1
    outer loop
      vertex 0.9264470968286052 2.589246179253307 5.404999999999999
      vertex 5 5 5.404999999999999
      vertex 1.0523794390039969 2.5406687144060385 5.404999999999999
    endloop
  endfacet
  facet normal 0 0 -1
    outer loop
      vertex 1.0523794390039969 2.5406687144060385 5.404999999999999
      vertex 5 5 5.404999999999999
      vertex 1.1757765069332757 2.485970556089469 5.404999999999999
    endloop
  endfacet
  facet normal 0 0 -1
    outer loop
      vertex 1.2963410262714936 2.4252834769579765 5.404999999999999
      vertex 1.1757765069332757 2.485970556089469 5.404999999999999
      vertex 5 5 5.404999999999999
    endloop
  endfacet
  facet normal 0 0 -1
    outer loop
      vertex 1.2963410262714936 2.4252834769579765 5.404999999999999
      vertex 5 5 5.404999999999999
      vertex 1.4137825465313598 2.358753677500748 5.404999999999999
    endloop
  endfacet
  facet normal 0 0 -1
    outer loop
      vertex 1.527818140803906 2.2865414338319994 5.404999999999999
      vertex 1.4137825465313598 2.358753677500748 5.404999999999999
      vertex 5 5 5.404999999999999
    endloop
  endfacet
  facet normal 0 0 -1
    outer loop
      vertex 1.527818140803906 2.2865414338319994 5.404999999999999
      vertex 5 5 5.404999999999999
      vertex 1.6381730873541918 2.2088207115717737 5.404999999999999
    endloop
  endfacet
  facet normal 0 0 -1
    outer loop
      vertex 2.5406687144060385 1.0523794390039969 5.404999999999999
      vertex 2.485970556089469 1.1757765069332757 5.404999999999999
      vertex 5 5 5.404999999999999
    endloop
  endfacet
  facet normal 0 0 -1
    outer loop
      vertex 2.4252834769579765 1.2963410262714936 5.404999999999999
      vertex 5 5 5.404999999999999
      vertex 2.485970556089469 1.1757765069332757 5.404999999999999
    endloop
  endfacet
  facet normal 0 0 -1
    outer loop
      vertex 2.4252834769579765 1.2963410262714936 5.404999999999999
      vertex 2.358753677500748 1.4137825465313598 5.404999999999999
      vertex 5 5 5.404999999999999
    endloop
  endfacet
  facet normal 0 0 -1
    outer loop
      vertex 2.6629355133716164 0.6849999999999999 5.404999999999999
      vertex 2.6315859232635743 0.7982828624497714 5.404999999999999
      vertex 5 5 5.404999999999999
    endloop
  endfacet
  facet normal 0 0 -1
    outer loop
      vertex 2.589246179253307 0.9264470968286052 5.404999999999999
      vertex 5 5 5.404999999999999
      vertex 2.6315859232635743 0.7982828624497714 5.404999999999999
    endloop
  endfacet
  facet normal 0 0 -1
    outer loop
      vertex 2.589246179253307 0.9264470968286052 5.404999999999999
      vertex 2.5406687144060385 1.0523794390039969 5.404999999999999
      vertex 5 5 5.404999999999999
    endloop
  endfacet
  facet normal 0 0 -1
    outer loop
      vertex 2.2865414338319994 1.527818140803906 5.404999999999999
      vertex 2.2088207115717737 1.6381730873541918 5.404999999999999
      vertex 5 5 5.404999999999999
    endloop
  endfacet
  facet normal 0 0 -1
    outer loop
      vertex 2.2865414338319994 1.527818140803906 5.404999999999999
      vertex 5 5 5.404999999999999
      vertex 2.358753677500748 1.4137825465313598 5.404999999999999
    endloop
  endfacet
  facet normal 0 0 -1
    outer loop
      vertex -5 5 5.404999999999999
      vertex 5 5 5.404999999999999
      vertex 0.7982828624497714 2.6315859232635743 5.404999999999999
    endloop
  endfacet
  facet normal -0.817584813151585 -0.5758081914178433 8.89366559866544e-19
    outer loop
      vertex -2.2088207115717737 -1.6381730873541918 -0.3
      vertex -2.2865414338319994 -1.527818140803906 5.404999999999999
      vertex -2.2865414338319994 -1.527818140803906 -0.3
    endloop
  endfacet
  facet normal -0.7572088465064839 -0.6531728429537773 0
    outer loop
      vertex -2.125778746747527 -1.744581531450025 -0.3
      vertex -2.0376155947261374 -1.8467871258293007 -0.3
      vertex -2.125778746747527 -1.744581531450025 5.404999999999999
    endloop
  endfacet
  facet normal -0.7883464276266059 -0.6152315905806274 0
    outer loop
      vertex -2.2088207115717737 -1.6381730873541918 -0.3
      vertex -2.125778746747527 -1.744581531450025 -0.3
      vertex -2.2088207115717737 -1.6381730873541918 5.404999999999999
    endloop
  endfacet
  facet normal -0.844853565249707 -0.5349976198870973 0
    outer loop
      vertex -2.358753677500748 -1.4137825465313598 -0.3
      vertex -2.2865414338319994 -1.527818140803906 -0.3
      vertex -2.358753677500748 -1.4137825465313598 5.404999999999999
    endloop
  endfacet
  facet normal -0.8700869911087104 -0.492898192229786 6.893183887666575e-19
    outer loop
      vertex -2.358753677500748 -1.4137825465313598 -0.3
      vertex -2.4252834769579765 -1.2963410262714936 5.404999999999999
      vertex -2.4252834769579765 -1.2963410262714936 -0.3
    endloop
  endfacet
  facet normal -0.8932243011955161 -0.44961132965460504 0
    outer loop
      vertex -2.485970556089469 -1.1757765069332757 -0.3
      vertex -2.4252834769579765 -1.2963410262714936 -0.3
      vertex -2.485970556089469 -1.1757765069332757 5.404999999999999
    endloop
  endfacet
  facet normal -0.9142097557035308 -0.40524131400498936 5.511702449831115e-19
    outer loop
      vertex -2.485970556089469 -1.1757765069332757 -0.3
      vertex -2.5406687144060385 -1.0523794390039969 5.404999999999999
      vertex -2.5406687144060385 -1.0523794390039969 -0.3
    endloop
  endfacet
  facet normal -0.9495281805930367 -0.3136817403988917 0
    outer loop
      vertex -2.6315859232635743 -0.7982828624497714 -0.3
      vertex -2.589246179253307 -0.9264470968286052 -0.3
      vertex -2.6315859232635743 -0.7982828624497714 5.404999999999999
    endloop
  endfacet
  facet normal -0.9637760657954394 -0.26671275747490036 -3.930916543903381e-20
    outer loop
      vertex -2.6315859232635743 -0.7982828624497714 -0.3
      vertex -2.6629355133716164 -0.6849999999999999 5.404999999999999
      vertex -2.6629355133716164 -0.6849999999999999 -0.3
    endloop
  endfacet
  facet normal -0.932992798834739 -0.35989503653498806 -2.621646733919818e-19
    outer loop
      vertex -2.5406687144060385 -1.0523794390039969 -0.3
      vertex -2.589246179253307 -0.9264470968286052 5.404999999999999
      vertex -2.589246179253307 -0.9264470968286052 -0.3
    endloop
  endfacet
  facet normal 0 0 -1
    outer loop
      vertex -0.7982828624497714 -2.6315859232635743 -0.3
      vertex -0.735 -2.05 -0.3
      vertex 0.735 -2.05 -0.3
    endloop
  endfacet
  facet normal 0 0 -1
    outer loop
      vertex -0.6681954947339757 -2.667585946284996 -0.3
      vertex 0.735 -2.05 -0.3
      vertex -0.5364983855443527 -2.6971595211088837 -0.3
    endloop
  endfacet
  facet normal 0 0 -1
    outer loop
      vertex -0.7982828624497714 -2.6315859232635743 -0.3
      vertex 0.735 -2.05 -0.3
      vertex -0.6681954947339757 -2.667585946284996 -0.3
    endloop
  endfacet
  facet normal 0 0 -1
    outer loop
      vertex -0.5364983855443527 -2.6971595211088837 -0.3
      vertex 0.735 -2.05 -0.3
      vertex -0.4035088047522448 -2.720235402403148 -0.3
    endloop
  endfacet
  facet normal -0.6152315905806274 -0.7883464276266059 0
    outer loop
      vertex -1.744581531450025 -2.125778746747527 -0.3
      vertex -1.6381730873541918 -2.2088207115717737 -0.3
      vertex -1.744581531450025 -2.125778746747527 5.404999999999999
    endloop
  endfacet
  facet normal -0.5758081914178433 -0.817584813151585 0
    outer loop
      vertex -1.6381730873541918 -2.2088207115717737 -0.3
      vertex -1.527818140803906 -2.2865414338319994 -0.3
      vertex -1.6381730873541918 -2.2088207115717737 5.404999999999999
    endloop
  endfacet
  facet normal -0.492898192229786 -0.8700869911087104 0
    outer loop
      vertex -1.4137825465313598 -2.358753677500748 -0.3
      vertex -1.2963410262714936 -2.4252834769579765 -0.3
      vertex -1.4137825465313598 -2.358753677500748 5.404999999999999
    endloop
  endfacet
  facet normal -0.5349976198870973 -0.844853565249707 -4.658893456851306e-19
    outer loop
      vertex -1.4137825465313598 -2.358753677500748 -0.3
      vertex -1.527818140803906 -2.2865414338319994 5.404999999999999
      vertex -1.527818140803906 -2.2865414338319994 -0.3
    endloop
  endfacet
  facet normal -0.44961132965460504 -0.8932243011955161 3.0682033098684176e-19
    outer loop
      vertex -1.1757765069332757 -2.485970556089469 -0.3
      vertex -1.2963410262714936 -2.4252834769579765 5.404999999999999
      vertex -1.2963410262714936 -2.4252834769579765 -0.3
    endloop
  endfacet
  facet normal -0.40524131400498936 -0.9142097557035308 0
    outer loop
      vertex -1.1757765069332757 -2.485970556089469 -0.3
      vertex -1.0523794390039969 -2.5406687144060385 -0.3
      vertex -1.1757765069332757 -2.485970556089469 5.404999999999999
    endloop
  endfacet
  facet normal -0.3136817403988917 -0.9495281805930367 -1.768400595657261e-19
    outer loop
      vertex -0.7982828624497714 -2.6315859232635743 -0.3
      vertex -0.9264470968286052 -2.589246179253307 5.404999999999999
      vertex -0.9264470968286052 -2.589246179253307 -0.3
    endloop
  endfacet
  facet normal -0.2667127574748991 -0.9637760657954396 0
    outer loop
      vertex -0.7982828624497714 -2.6315859232635743 -0.3
      vertex -0.6681954947339757 -2.667585946284996 -0.3
      vertex -0.7982828624497714 -2.6315859232635743 5.404999999999999
    endloop
  endfacet
  facet normal -0.2191012401568692 -0.9757021300385286 0
    outer loop
      vertex -0.6681954947339757 -2.667585946284996 -0.3
      vertex -0.5364983855443527 -2.6971595211088837 -0.3
      vertex -0.6681954947339757 -2.667585946284996 5.404999999999999
    endloop
  endfacet
  facet normal -0.35989503653498806 -0.932992798834739 0
    outer loop
      vertex -1.0523794390039969 -2.5406687144060385 -0.3
      vertex -0.9264470968286052 -2.589246179253307 -0.3
      vertex -1.0523794390039969 -2.5406687144060385 5.404999999999999
    endloop
  endfacet
  facet normal -0.17096188876030302 -0.9852776423889409 0
    outer loop
      vertex -0.5364983855443527 -2.6971595211088837 -0.3
      vertex -0.4035088047522448 -2.720235402403148 -0.3
      vertex -0.5364983855443527 -2.6971595211088837 5.404999999999999
    endloop
  endfacet
  facet normal -0.12241067519921521 -0.9924795345987102 0
    outer loop
      vertex -0.4035088047522448 -2.720235402403148 -0.3
      vertex -0.26954713590629165 -2.7367579983485415 -0.3
      vertex -0.4035088047522448 -2.720235402403148 5.404999999999999
    endloop
  endfacet
  facet normal -0.07356456359966845 -0.9972904566786902 0
    outer loop
      vertex -0.26954713590629165 -2.7367579983485415 -0.3
      vertex -0.13493610440039955 -2.7466875045642243 -0.3
      vertex -0.26954713590629165 -2.7367579983485415 5.404999999999999
    endloop
  endfacet
  facet normal -0.024541228522910803 -0.9996988186962044 0
    outer loop
      vertex -0.13493610440039955 -2.7466875045642243 -0.3
      vertex 0 -2.75 -0.3
      vertex -0.13493610440039955 -2.7466875045642243 5.404999999999999
    endloop
  endfacet
  facet normal 0 0 -1
    outer loop
      vertex -2.485970556089469 -1.1757765069332757 -0.3
      vertex -0.735 -0.6849999999999999 -0.3
      vertex -2.4252834769579765 -1.2963410262714936 -0.3
    endloop
  endfacet
  facet normal 0 0 -1
    outer loop
      vertex -2.358753677500748 -1.4137825465313598 -0.3
      vertex -2.4252834769579765 -1.2963410262714936 -0.3
      vertex -0.735 -0.6849999999999999 -0.3
    endloop
  endfacet
  facet normal 0 0 -1
    outer loop
      vertex -2.2088207115717737 -1.6381730873541918 -0.3
      vertex -0.735 -0.6849999999999999 -0.3
      vertex -2.125778746747527 -1.744581531450025 -0.3
    endloop
  endfacet
  facet normal 0 0 -1
    outer loop
      vertex -2.0376155947261374 -1.8467871258293007 -0.3
      vertex -0.735 -0.6849999999999999 -0.3
      vertex -1.9445436482630059 -1.9445436482630059 -0.3
    endloop
  endfacet
  facet normal 0 0 -1
    outer loop
      vertex -2.125778746747527 -1.744581531450025 -0.3
      vertex -0.735 -0.6849999999999999 -0.3
      vertex -2.0376155947261374 -1.8467871258293007 -0.3
    endloop
  endfacet
  facet normal 0 0 -1
    outer loop
      vertex -2.358753677500748 -1.4137825465313598 -0.3
      vertex -0.735 -0.6849999999999999 -0.3
      vertex -2.2865414338319994 -1.527818140803906 -0.3
    endloop
  endfacet
  facet normal 0 0 -1
    outer loop
      vertex -2.2088207115717737 -1.6381730873541918 -0.3
      vertex -2.2865414338319994 -1.527818140803906 -0.3
      vertex -0.735 -0.6849999999999999 -0.3
    endloop
  endfacet
  facet normal 0 0 -1
    outer loop
      vertex -1.744581531450025 -2.125778746747527 -0.3
      vertex -1.8467871258293007 -2.0376155947261374 -0.3
      vertex -0.735 -0.6849999999999999 -0.3
    endloop
  endfacet
  facet normal 0 0 -1
    outer loop
      vertex -1.6381730873541918 -2.2088207115717737 -0.3
      vertex -0.735 -0.6849999999999999 -0.3
      vertex -1.527818140803906 -2.2865414338319994 -0.3
    endloop
  endfacet
  facet normal 0 0 -1
    outer loop
      vertex -1.744581531450025 -2.125778746747527 -0.3
      vertex -0.735 -0.6849999999999999 -0.3
      vertex -1.6381730873541918 -2.2088207115717737 -0.3
    endloop
  endfacet
  facet normal 0 0 -1
    outer loop
      vertex -1.4137825465313598 -2.358753677500748 -0.3
      vertex -0.735 -0.6849999999999999 -0.3
      vertex -1.2963410262714936 -2.4252834769579765 -0.3
    endloop
  endfacet
  facet normal 0 0 -1
    outer loop
      vertex -1.1757765069332757 -2.485970556089469 -0.3
      vertex -1.2963410262714936 -2.4252834769579765 -0.3
      vertex -0.735 -0.6849999999999999 -0.3
    endloop
  endfacet
  facet normal 0 0 -1
    outer loop
      vertex -1.4137825465313598 -2.358753677500748 -0.3
      vertex -1.527818140803906 -2.2865414338319994 -0.3
      vertex -0.735 -0.6849999999999999 -0.3
    endloop
  endfacet
  facet normal 0 0 -1
    outer loop
      vertex -1.8467871258293007 -2.0376155947261374 -0.3
      vertex -1.9445436482630059 -1.9445436482630059 -0.3
      vertex -0.735 -0.6849999999999999 -0.3
    endloop
  endfacet
  facet normal 0 0 -1
    outer loop
      vertex -2.5406687144060385 -1.0523794390039969 -0.3
      vertex -2.589246179253307 -0.9264470968286052 -0.3
      vertex -0.735 -0.6849999999999999 -0.3
    endloop
  endfacet
  facet normal 0 0 -1
    outer loop
      vertex -2.6315859232635743 -0.7982828624497714 -0.3
      vertex -0.735 -0.6849999999999999 -0.3
      vertex -2.589246179253307 -0.9264470968286052 -0.3
    endloop
  endfacet
  facet normal 0 0 -1
    outer loop
      vertex -2.485970556089469 -1.1757765069332757 -0.3
      vertex -2.5406687144060385 -1.0523794390039969 -0.3
      vertex -0.735 -0.6849999999999999 -0.3
    endloop
  endfacet
  facet normal 0 0 -1
    outer loop
      vertex -2.6315859232635743 -0.7982828624497714 -0.3
      vertex -2.6629355133716164 -0.6849999999999999 -0.3
      vertex -0.735 -0.6849999999999999 -0.3
    endloop
  endfacet
  facet normal 0 0 -1
    outer loop
      vertex -1.1757765069332757 -2.485970556089469 -0.3
      vertex -0.735 -0.6849999999999999 -0.3
      vertex -1.0523794390039969 -2.5406687144060385 -0.3
    endloop
  endfacet
  facet normal 0 0 -1
    outer loop
      vertex -0.7982828624497714 -2.6315859232635743 -0.3
      vertex -0.9264470968286052 -2.589246179253307 -0.3
      vertex -0.735 -0.6849999999999999 -0.3
    endloop
  endfacet
  facet normal 0 0 -1
    outer loop
      vertex -1.0523794390039969 -2.5406687144060385 -0.3
      vertex -0.735 -0.6849999999999999 -0.3
      vertex -0.9264470968286052 -2.589246179253307 -0.3
    endloop
  endfacet
  facet normal 0 0 -1
    outer loop
      vertex -0.7982828624497714 -2.6315859232635743 -0.3
      vertex -0.735 -0.6849999999999999 -0.3
      vertex -0.735 -2.05 -0.3
    endloop
  endfacet
  facet normal -0.7242470829514681 -0.6895405447370658 0
    outer loop
      vertex -2.0376155947261374 -1.8467871258293007 -0.3
      vertex -1.9445436482630059 -1.9445436482630059 -0.3
      vertex -2.0376155947261374 -1.8467871258293007 5.404999999999999
    endloop
  endfacet
  facet normal -0.6895405447370658 -0.7242470829514681 -1.7149034641046605e-19
    outer loop
      vertex -1.8467871258293007 -2.0376155947261374 -0.3
      vertex -1.9445436482630059 -1.9445436482630059 5.404999999999999
      vertex -1.9445436482630059 -1.9445436482630059 -0.3
    endloop
  endfacet
  facet normal -0.6531728429537773 -0.7572088465064839 7.160988608422316e-19
    outer loop
      vertex -1.744581531450025 -2.125778746747527 -0.3
      vertex -1.8467871258293007 -2.0376155947261374 5.404999999999999
      vertex -1.8467871258293007 -2.0376155947261374 -0.3
    endloop
  endfacet
  facet normal -0.817584813151585 -0.5758081914178433 0
    outer loop
      vertex -2.2088207115717737 -1.6381730873541918 -0.3
      vertex -2.2088207115717737 -1.6381730873541918 5.404999999999999
      vertex -2.2865414338319994 -1.527818140803906 5.404999999999999
    endloop
  endfacet
  facet normal -0.7883464276266059 -0.6152315905806274 0
    outer loop
      vertex -2.125778746747527 -1.744581531450025 -0.3
      vertex -2.125778746747527 -1.744581531450025 5.404999999999999
      vertex -2.2088207115717737 -1.6381730873541918 5.404999999999999
    endloop
  endfacet
  facet normal -0.8700869911087104 -0.492898192229786 0
    outer loop
      vertex -2.358753677500748 -1.4137825465313598 -0.3
      vertex -2.358753677500748 -1.4137825465313598 5.404999999999999
      vertex -2.4252834769579765 -1.2963410262714936 5.404999999999999
    endloop
  endfacet
  facet normal -0.9142097557035308 -0.40524131400498936 0
    outer loop
      vertex -2.485970556089469 -1.1757765069332757 -0.3
      vertex -2.485970556089469 -1.1757765069332757 5.404999999999999
      vertex -2.5406687144060385 -1.0523794390039969 5.404999999999999
    endloop
  endfacet
  facet normal -0.8932243011955161 -0.44961132965460504 0
    outer loop
      vertex -2.4252834769579765 -1.2963410262714936 -0.3
      vertex -2.4252834769579765 -1.2963410262714936 5.404999999999999
      vertex -2.485970556089469 -1.1757765069332757 5.404999999999999
    endloop
  endfacet
  facet normal -0.844853565249707 -0.5349976198870973 0
    outer loop
      vertex -2.2865414338319994 -1.527818140803906 -0.3
      vertex -2.2865414338319994 -1.527818140803906 5.404999999999999
      vertex -2.358753677500748 -1.4137825465313598 5.404999999999999
    endloop
  endfacet
  facet normal -0.9495281805930367 -0.3136817403988917 0
    outer loop
      vertex -2.589246179253307 -0.9264470968286052 -0.3
      vertex -2.589246179253307 -0.9264470968286052 5.404999999999999
      vertex -2.6315859232635743 -0.7982828624497714 5.404999999999999
    endloop
  endfacet
  facet normal -0.9637760657954394 -0.26671275747490036 0
    outer loop
      vertex -2.6315859232635743 -0.7982828624497714 -0.3
      vertex -2.6315859232635743 -0.7982828624497714 5.404999999999999
      vertex -2.6629355133716164 -0.6849999999999999 5.404999999999999
    endloop
  endfacet
  facet normal -0.932992798834739 -0.35989503653498806 0
    outer loop
      vertex -2.5406687144060385 -1.0523794390039969 -0.3
      vertex -2.5406687144060385 -1.0523794390039969 5.404999999999999
      vertex -2.589246179253307 -0.9264470968286052 5.404999999999999
    endloop
  endfacet
  facet normal -0.6531728429537773 -0.7572088465064839 0
    outer loop
      vertex -1.744581531450025 -2.125778746747527 -0.3
      vertex -1.744581531450025 -2.125778746747527 5.404999999999999
      vertex -1.8467871258293007 -2.0376155947261374 5.404999999999999
    endloop
  endfacet
  facet normal -0.5758081914178433 -0.817584813151585 0
    outer loop
      vertex -1.527818140803906 -2.2865414338319994 -0.3
      vertex -1.527818140803906 -2.2865414338319994 5.404999999999999
      vertex -1.6381730873541918 -2.2088207115717737 5.404999999999999
    endloop
  endfacet
  facet normal -0.6152315905806274 -0.7883464276266059 0
    outer loop
      vertex -1.6381730873541918 -2.2088207115717737 -0.3
      vertex -1.6381730873541918 -2.2088207115717737 5.404999999999999
      vertex -1.744581531450025 -2.125778746747527 5.404999999999999
    endloop
  endfacet
  facet normal -0.5349976198870973 -0.844853565249707 0
    outer loop
      vertex -1.4137825465313598 -2.358753677500748 -0.3
      vertex -1.4137825465313598 -2.358753677500748 5.404999999999999
      vertex -1.527818140803906 -2.2865414338319994 5.404999999999999
    endloop
  endfacet
  facet normal -0.492898192229786 -0.8700869911087104 0
    outer loop
      vertex -1.2963410262714936 -2.4252834769579765 -0.3
      vertex -1.2963410262714936 -2.4252834769579765 5.404999999999999
      vertex -1.4137825465313598 -2.358753677500748 5.404999999999999
    endloop
  endfacet
  facet normal -0.44961132965460504 -0.8932243011955161 0
    outer loop
      vertex -1.1757765069332757 -2.485970556089469 -0.3
      vertex -1.1757765069332757 -2.485970556089469 5.404999999999999
      vertex -1.2963410262714936 -2.4252834769579765 5.404999999999999
    endloop
  endfacet
  facet normal -0.40524131400498936 -0.9142097557035308 0
    outer loop
      vertex -1.0523794390039969 -2.5406687144060385 -0.3
      vertex -1.0523794390039969 -2.5406687144060385 5.404999999999999
      vertex -1.1757765069332757 -2.485970556089469 5.404999999999999
    endloop
  endfacet
  facet normal -0.3136817403988917 -0.9495281805930367 0
    outer loop
      vertex -0.7982828624497714 -2.6315859232635743 -0.3
      vertex -0.7982828624497714 -2.6315859232635743 5.404999999999999
      vertex -0.9264470968286052 -2.589246179253307 5.404999999999999
    endloop
  endfacet
  facet normal -0.2667127574748991 -0.9637760657954396 0
    outer loop
      vertex -0.6681954947339757 -2.667585946284996 -0.3
      vertex -0.6681954947339757 -2.667585946284996 5.404999999999999
      vertex -0.7982828624497714 -2.6315859232635743 5.404999999999999
    endloop
  endfacet
  facet normal -0.2191012401568692 -0.9757021300385286 0
    outer loop
      vertex -0.5364983855443527 -2.6971595211088837 -0.3
      vertex -0.5364983855443527 -2.6971595211088837 5.404999999999999
      vertex -0.6681954947339757 -2.667585946284996 5.404999999999999
    endloop
  endfacet
  facet normal -0.35989503653498806 -0.932992798834739 0
    outer loop
      vertex -0.9264470968286052 -2.589246179253307 -0.3
      vertex -0.9264470968286052 -2.589246179253307 5.404999999999999
      vertex -1.0523794390039969 -2.5406687144060385 5.404999999999999
    endloop
  endfacet
  facet normal -0.17096188876030302 -0.9852776423889409 0
    outer loop
      vertex -0.4035088047522448 -2.720235402403148 -0.3
      vertex -0.4035088047522448 -2.720235402403148 5.404999999999999
      vertex -0.5364983855443527 -2.6971595211088837 5.404999999999999
    endloop
  endfacet
  facet normal -0.12241067519921521 -0.9924795345987102 0
    outer loop
      vertex -0.26954713590629165 -2.7367579983485415 -0.3
      vertex -0.26954713590629165 -2.7367579983485415 5.404999999999999
      vertex -0.4035088047522448 -2.720235402403148 5.404999999999999
    endloop
  endfacet
  facet normal -0.07356456359966845 -0.9972904566786902 0
    outer loop
      vertex -0.13493610440039955 -2.7466875045642243 -0.3
      vertex -0.13493610440039955 -2.7466875045642243 5.404999999999999
      vertex -0.26954713590629165 -2.7367579983485415 5.404999999999999
    endloop
  endfacet
  facet normal -0.024541228522910803 -0.9996988186962044 -5.8726443113421e-21
    outer loop
      vertex -0.13493610440039955 -2.7466875045642243 5.404999999999999
      vertex 0 -2.75 -0.3
      vertex 0 -2.75 5.404999999999999
    endloop
  endfacet
  facet normal -0.7242470829514681 -0.6895405447370658 0
    outer loop
      vertex -1.9445436482630059 -1.9445436482630059 -0.3
      vertex -1.9445436482630059 -1.9445436482630059 5.404999999999999
      vertex -2.0376155947261374 -1.8467871258293007 5.404999999999999
    endloop
  endfacet
  facet normal -0.6895405447370658 -0.7242470829514681 0
    outer loop
      vertex -1.8467871258293007 -2.0376155947261374 -0.3
      vertex -1.8467871258293007 -2.0376155947261374 5.404999999999999
      vertex -1.9445436482630059 -1.9445436482630059 5.404999999999999
    endloop
  endfacet
  facet normal -0.7572088465064839 -0.6531728429537773 0
    outer loop
      vertex -2.0376155947261374 -1.8467871258293007 -0.3
      vertex -2.0376155947261374 -1.8467871258293007 5.404999999999999
      vertex -2.125778746747527 -1.744581531450025 5.404999999999999
    endloop
  endfacet
  facet normal 0 0 -1
    outer loop
      vertex -2.6629355133716164 0.6849999999999999 -0.3
      vertex -2.6315859232635743 0.7982828624497714 -0.3
      vertex -2.589246179253307 0.9264470968286052 -0.3
    endloop
  endfacet
  facet normal 0 0 -1
    outer loop
      vertex -2.6629355133716164 0.6849999999999999 -0.3
      vertex -2.589246179253307 0.9264470968286052 -0.3
      vertex -2.5406687144060385 1.0523794390039969 -0.3
    endloop
  endfacet
  facet normal 0 0 -1
    outer loop
      vertex -2.6629355133716164 0.6849999999999999 -0.3
      vertex -2.5406687144060385 1.0523794390039969 -0.3
      vertex -2.485970556089469 1.1757765069332757 -0.3
    endloop
  endfacet
  facet normal 0 0 -1
    outer loop
      vertex -2.6629355133716164 0.6849999999999999 -0.3
      vertex -2.485970556089469 1.1757765069332757 -0.3
      vertex -2.4252834769579765 1.2963410262714936 -0.3
    endloop
  endfacet
  facet normal 0 0 -1
    outer loop
      vertex -2.6629355133716164 0.6849999999999999 -0.3
      vertex -2.4252834769579765 1.2963410262714936 -0.3
      vertex -2.358753677500748 1.4137825465313598 -0.3
    endloop
  endfacet
  facet normal 0 0 -1
    outer loop
      vertex -2.6629355133716164 0.6849999999999999 -0.3
      vertex -2.358753677500748 1.4137825465313598 -0.3
      vertex -2.2865414338319994 1.527818140803906 -0.3
    endloop
  endfacet
  facet normal 0 0 -1
    outer loop
      vertex -2.6629355133716164 0.6849999999999999 -0.3
      vertex -2.2865414338319994 1.527818140803906 -0.3
      vertex -2.2088207115717737 1.6381730873541918 -0.3
    endloop
  endfacet
  facet normal 0 0 -1
    outer loop
      vertex -2.6629355133716164 0.6849999999999999 -0.3
      vertex -2.2088207115717737 1.6381730873541918 -0.3
      vertex -2.125778746747527 1.744581531450025 -0.3
    endloop
  endfacet
  facet normal 0 0 -1
    outer loop
      vertex -2.6629355133716164 0.6849999999999999 -0.3
      vertex -2.125778746747527 1.744581531450025 -0.3
      vertex -2.0376155947261374 1.8467871258293007 -0.3
    endloop
  endfacet
  facet normal 0 0 -1
    outer loop
      vertex -2.6629355133716164 0.6849999999999999 -0.3
      vertex -2.0376155947261374 1.8467871258293007 -0.3
      vertex -1.9445436482630059 1.9445436482630059 -0.3
    endloop
  endfacet
  facet normal 0 0 -1
    outer loop
      vertex -2.6629355133716164 0.6849999999999999 -0.3
      vertex -1.9445436482630059 1.9445436482630059 -0.3
      vertex -1.8467871258293007 2.0376155947261374 -0.3
    endloop
  endfacet
  facet normal 0 0 -1
    outer loop
      vertex -2.6629355133716164 0.6849999999999999 -0.3
      vertex -1.8467871258293007 2.0376155947261374 -0.3
      vertex -1.744581531450025 2.125778746747527 -0.3
    endloop
  endfacet
  facet normal -0.9637760657954394 0.26671275747490036 3.930916543903381e-20
    outer loop
      vertex -2.6629355133716164 0.6849999999999999 -0.3
      vertex -2.6315859232635743 0.7982828624497714 5.404999999999999
      vertex -2.6315859232635743 0.7982828624497714 -0.3
    endloop
  endfacet
  facet normal -0.9495281805930367 0.3136817403988917 1.768400595657261e-19
    outer loop
      vertex -2.6315859232635743 0.7982828624497714 -0.3
      vertex -2.589246179253307 0.9264470968286052 5.404999999999999
      vertex -2.589246179253307 0.9264470968286052 -0.3
    endloop
  endfacet
  facet normal -0.932992798834739 0.35989503653498806 2.621646733919818e-19
    outer loop
      vertex -2.589246179253307 0.9264470968286052 -0.3
      vertex -2.5406687144060385 1.0523794390039969 5.404999999999999
      vertex -2.5406687144060385 1.0523794390039969 -0.3
    endloop
  endfacet
  facet normal -0.9142097557035308 0.40524131400498936 -5.511702449831115e-19
    outer loop
      vertex -2.5406687144060385 1.0523794390039969 -0.3
      vertex -2.485970556089469 1.1757765069332757 5.404999999999999
      vertex -2.485970556089469 1.1757765069332757 -0.3
    endloop
  endfacet
  facet normal -0.8932243011955161 0.44961132965460504 -3.0682033098684176e-19
    outer loop
      vertex -2.485970556089469 1.1757765069332757 -0.3
      vertex -2.4252834769579765 1.2963410262714936 5.404999999999999
      vertex -2.4252834769579765 1.2963410262714936 -0.3
    endloop
  endfacet
  facet normal -0.8700869911087104 0.492898192229786 -6.893183887666575e-19
    outer loop
      vertex -2.4252834769579765 1.2963410262714936 -0.3
      vertex -2.358753677500748 1.4137825465313598 5.404999999999999
      vertex -2.358753677500748 1.4137825465313598 -0.3
    endloop
  endfacet
  facet normal -0.844853565249707 0.5349976198870973 4.658893456851306e-19
    outer loop
      vertex -2.358753677500748 1.4137825465313598 -0.3
      vertex -2.2865414338319994 1.527818140803906 5.404999999999999
      vertex -2.2865414338319994 1.527818140803906 -0.3
    endloop
  endfacet
  facet normal -0.817584813151585 0.5758081914178433 -8.89366559866544e-19
    outer loop
      vertex -2.2865414338319994 1.527818140803906 -0.3
      vertex -2.2088207115717737 1.6381730873541918 5.404999999999999
      vertex -2.2088207115717737 1.6381730873541918 -0.3
    endloop
  endfacet
  facet normal -0.7883464276266059 0.6152315905806274 4.397106166118348e-19
    outer loop
      vertex -2.2088207115717737 1.6381730873541918 -0.3
      vertex -2.125778746747527 1.744581531450025 5.404999999999999
      vertex -2.125778746747527 1.744581531450025 -0.3
    endloop
  endfacet
  facet normal 0 0 -1
    outer loop
      vertex -2.6629355133716164 0.6849999999999999 -0.3
      vertex -1.744581531450025 2.125778746747527 -0.3
      vertex -1.6381730873541918 2.2088207115717737 -0.3
    endloop
  endfacet
  facet normal 0 0 -1
    outer loop
      vertex -2.6629355133716164 0.6849999999999999 -0.3
      vertex -1.6381730873541918 2.2088207115717737 -0.3
      vertex -1.527818140803906 2.2865414338319994 -0.3
    endloop
  endfacet
  facet normal 0 0 -1
    outer loop
      vertex -2.6629355133716164 0.6849999999999999 -0.3
      vertex -1.527818140803906 2.2865414338319994 -0.3
      vertex -1.4137825465313598 2.358753677500748 -0.3
    endloop
  endfacet
  facet normal 0 0 -1
    outer loop
      vertex -2.6629355133716164 0.6849999999999999 -0.3
      vertex -1.4137825465313598 2.358753677500748 -0.3
      vertex -1.2963410262714936 2.4252834769579765 -0.3
    endloop
  endfacet
  facet normal 0 0 -1
    outer loop
      vertex -2.6629355133716164 0.6849999999999999 -0.3
      vertex -1.2963410262714936 2.4252834769579765 -0.3
      vertex -1.1757765069332757 2.485970556089469 -0.3
    endloop
  endfacet
  facet normal 0 0 -1
    outer loop
      vertex -2.6629355133716164 0.6849999999999999 -0.3
      vertex -1.1757765069332757 2.485970556089469 -0.3
      vertex -1.0523794390039969 2.5406687144060385 -0.3
    endloop
  endfacet
  facet normal 0 0 -1
    outer loop
      vertex -2.6629355133716164 0.6849999999999999 -0.3
      vertex -0.735 2.05 -0.3
      vertex -0.735 0.6849999999999999 -0.3
    endloop
  endfacet
  facet normal 0 0 -1
    outer loop
      vertex -2.6629355133716164 0.6849999999999999 -0.3
      vertex -0.7982828624497714 2.6315859232635743 -0.3
      vertex -0.735 2.05 -0.3
    endloop
  endfacet
  facet normal 0 0 -1
    outer loop
      vertex -2.6629355133716164 0.6849999999999999 -0.3
      vertex -1.0523794390039969 2.5406687144060385 -0.3
      vertex -0.9264470968286052 2.589246179253307 -0.3
    endloop
  endfacet
  facet normal 0 0 -1
    outer loop
      vertex -2.6629355133716164 0.6849999999999999 -0.3
      vertex -0.9264470968286052 2.589246179253307 -0.3
      vertex -0.7982828624497714 2.6315859232635743 -0.3
    endloop
  endfacet
  facet normal -0.7572088465064839 0.6531728429537773 -7.160988608422316e-19
    outer loop
      vertex -2.125778746747527 1.744581531450025 -0.3
      vertex -2.0376155947261374 1.8467871258293007 5.404999999999999
      vertex -2.0376155947261374 1.8467871258293007 -0.3
    endloop
  endfacet
  facet normal -0.7242470829514681 0.6895405447370658 1.7149034641046605e-19
    outer loop
      vertex -2.0376155947261374 1.8467871258293007 -0.3
      vertex -1.9445436482630059 1.9445436482630059 5.404999999999999
      vertex -1.9445436482630059 1.9445436482630059 -0.3
    endloop
  endfacet
  facet normal -0.6895405447370658 0.7242470829514681 1.7149034641046605e-19
    outer loop
      vertex -1.9445436482630059 1.9445436482630059 -0.3
      vertex -1.8467871258293007 2.0376155947261374 5.404999999999999
      vertex -1.8467871258293007 2.0376155947261374 -0.3
    endloop
  endfacet
  facet normal 0 0 -1
    outer loop
      vertex -0.735 2.05 -0.3
      vertex -0.7982828624497714 2.6315859232635743 -0.3
      vertex -0.6681954947339757 2.667585946284996 -0.3
    endloop
  endfacet
  facet normal 0 0 -1
    outer loop
      vertex -0.735 2.05 -0.3
      vertex -0.6681954947339757 2.667585946284996 -0.3
      vertex -0.5364983855443527 2.6971595211088837 -0.3
    endloop
  endfacet
  facet normal 0 0 -1
    outer loop
      vertex -0.735 2.05 -0.3
      vertex -0.5364983855443527 2.6971595211088837 -0.3
      vertex -0.4035088047522448 2.720235402403148 -0.3
    endloop
  endfacet
  facet normal 0 0 -1
    outer loop
      vertex -0.735 2.05 -0.3
      vertex -0.4035088047522448 2.720235402403148 -0.3
      vertex -0.26954713590629165 2.7367579983485415 -0.3
    endloop
  endfacet
  facet normal 0 0 -1
    outer loop
      vertex -0.735 2.05 -0.3
      vertex -0.26954713590629165 2.7367579983485415 -0.3
      vertex -0.13493610440039955 2.7466875045642243 -0.3
    endloop
  endfacet
  facet normal 0 0 -1
    outer loop
      vertex -0.735 2.05 -0.3
      vertex -0.13493610440039955 2.7466875045642243 -0.3
      vertex 0 2.75 -0.3
    endloop
  endfacet
  facet normal 0 0 -1
    outer loop
      vertex -0.735 2.05 -0.3
      vertex 0 2.75 -0.3
      vertex 0.13493610440039955 2.7466875045642243 -0.3
    endloop
  endfacet
  facet normal 0 0 -1
    outer loop
      vertex -0.735 2.05 -0.3
      vertex 0.13493610440039955 2.7466875045642243 -0.3
      vertex 0.26954713590629165 2.7367579983485415 -0.3
    endloop
  endfacet
  facet normal 0 0 -1
    outer loop
      vertex -0.735 2.05 -0.3
      vertex 0.26954713590629165 2.7367579983485415 -0.3
      vertex 0.4035088047522448 2.720235402403148 -0.3
    endloop
  endfacet
  facet normal -0.6531728429537773 0.7572088465064839 -7.160988608422316e-19
    outer loop
      vertex -1.8467871258293007 2.0376155947261374 -0.3
      vertex -1.744581531450025 2.125778746747527 5.404999999999999
      vertex -1.744581531450025 2.125778746747527 -0.3
    endloop
  endfacet
  facet normal -0.6152315905806274 0.7883464276266059 4.397106166118348e-19
    outer loop
      vertex -1.744581531450025 2.125778746747527 -0.3
      vertex -1.6381730873541918 2.2088207115717737 5.404999999999999
      vertex -1.6381730873541918 2.2088207115717737 -0.3
    endloop
  endfacet
  facet normal -0.5758081914178433 0.817584813151585 -8.89366559866544e-19
    outer loop
      vertex -1.6381730873541918 2.2088207115717737 -0.3
      vertex -1.527818140803906 2.2865414338319994 5.404999999999999
      vertex -1.527818140803906 2.2865414338319994 -0.3
    endloop
  endfacet
  facet normal -0.5349976198870973 0.844853565249707 4.658893456851306e-19
    outer loop
      vertex -1.527818140803906 2.2865414338319994 -0.3
      vertex -1.4137825465313598 2.358753677500748 5.404999999999999
      vertex -1.4137825465313598 2.358753677500748 -0.3
    endloop
  endfacet
  facet normal -0.492898192229786 0.8700869911087104 -6.893183887666575e-19
    outer loop
      vertex -1.4137825465313598 2.358753677500748 -0.3
      vertex -1.2963410262714936 2.4252834769579765 5.404999999999999
      vertex -1.2963410262714936 2.4252834769579765 -0.3
    endloop
  endfacet
  facet normal -0.44961132965460504 0.8932243011955161 -3.0682033098684176e-19
    outer loop
      vertex -1.2963410262714936 2.4252834769579765 -0.3
      vertex -1.1757765069332757 2.485970556089469 5.404999999999999
      vertex -1.1757765069332757 2.485970556089469 -0.3
    endloop
  endfacet
  facet normal -0.40524131400498936 0.9142097557035308 -5.511702449831115e-19
    outer loop
      vertex -1.1757765069332757 2.485970556089469 -0.3
      vertex -1.0523794390039969 2.5406687144060385 5.404999999999999
      vertex -1.0523794390039969 2.5406687144060385 -0.3
    endloop
  endfacet
  facet normal -0.35989503653498806 0.932992798834739 2.621646733919818e-19
    outer loop
      vertex -1.0523794390039969 2.5406687144060385 -0.3
      vertex -0.9264470968286052 2.589246179253307 5.404999999999999
      vertex -0.9264470968286052 2.589246179253307 -0.3
    endloop
  endfacet
  facet normal -0.3136817403988917 0.9495281805930367 1.768400595657261e-19
    outer loop
      vertex -0.9264470968286052 2.589246179253307 -0.3
      vertex -0.7982828624497714 2.6315859232635743 5.404999999999999
      vertex -0.7982828624497714 2.6315859232635743 -0.3
    endloop
  endfacet
  facet normal -0.2667127574748991 0.9637760657954396 2.800852051993347e-20
    outer loop
      vertex -0.7982828624497714 2.6315859232635743 -0.3
      vertex -0.6681954947339757 2.667585946284996 5.404999999999999
      vertex -0.6681954947339757 2.667585946284996 -0.3
    endloop
  endfacet
  facet normal -0.2191012401568692 0.9757021300385286 -2.0812277941075905e-19
    outer loop
      vertex -0.6681954947339757 2.667585946284996 -0.3
      vertex -0.5364983855443527 2.6971595211088837 5.404999999999999
      vertex -0.5364983855443527 2.6971595211088837 -0.3
    endloop
  endfacet
  facet normal -0.17096188876030302 0.9852776423889409 -1.5035922380659942e-19
    outer loop
      vertex -0.5364983855443527 2.6971595211088837 -0.3
      vertex -0.4035088047522448 2.720235402403148 5.404999999999999
      vertex -0.4035088047522448 2.720235402403148 -0.3
    endloop
  endfacet
  facet normal -0.12241067519921521 0.9924795345987102 7.558059902188401e-22
    outer loop
      vertex -0.4035088047522448 2.720235402403148 -0.3
      vertex -0.26954713590629165 2.7367579983485415 5.404999999999999
      vertex -0.26954713590629165 2.7367579983485415 -0.3
    endloop
  endfacet
  facet normal -0.07356456359966845 0.9972904566786902 8.251153571796293e-20
    outer loop
      vertex -0.26954713590629165 2.7367579983485415 -0.3
      vertex -0.13493610440039955 2.7466875045642243 5.404999999999999
      vertex -0.13493610440039955 2.7466875045642243 -0.3
    endloop
  endfacet
  facet normal -0.024541228522910803 0.9996988186962044 5.8726443113421e-21
    outer loop
      vertex -0.13493610440039955 2.7466875045642243 -0.3
      vertex 0 2.75 5.404999999999999
      vertex 0 2.75 -0.3
    endloop
  endfacet
  facet normal -0.9637760657954394 0.26671275747490036 0
    outer loop
      vertex -2.6629355133716164 0.6849999999999999 -0.3
      vertex -2.6629355133716164 0.6849999999999999 5.404999999999999
      vertex -2.6315859232635743 0.7982828624497714 5.404999999999999
    endloop
  endfacet
  facet normal -0.9495281805930367 0.3136817403988917 0
    outer loop
      vertex -2.6315859232635743 0.7982828624497714 -0.3
      vertex -2.6315859232635743 0.7982828624497714 5.404999999999999
      vertex -2.589246179253307 0.9264470968286052 5.404999999999999
    endloop
  endfacet
  facet normal -0.932992798834739 0.35989503653498806 0
    outer loop
      vertex -2.589246179253307 0.9264470968286052 -0.3
      vertex -2.589246179253307 0.9264470968286052 5.404999999999999
      vertex -2.5406687144060385 1.0523794390039969 5.404999999999999
    endloop
  endfacet
  facet normal -0.9142097557035308 0.40524131400498936 0
    outer loop
      vertex -2.5406687144060385 1.0523794390039969 -0.3
      vertex -2.5406687144060385 1.0523794390039969 5.404999999999999
      vertex -2.485970556089469 1.1757765069332757 5.404999999999999
    endloop
  endfacet
  facet normal -0.8932243011955161 0.44961132965460504 0
    outer loop
      vertex -2.485970556089469 1.1757765069332757 -0.3
      vertex -2.485970556089469 1.1757765069332757 5.404999999999999
      vertex -2.4252834769579765 1.2963410262714936 5.404999999999999
    endloop
  endfacet
  facet normal -0.8700869911087104 0.492898192229786 0
    outer loop
      vertex -2.4252834769579765 1.2963410262714936 -0.3
      vertex -2.4252834769579765 1.2963410262714936 5.404999999999999
      vertex -2.358753677500748 1.4137825465313598 5.404999999999999
    endloop
  endfacet
  facet normal -0.844853565249707 0.5349976198870973 0
    outer loop
      vertex -2.358753677500748 1.4137825465313598 -0.3
      vertex -2.358753677500748 1.4137825465313598 5.404999999999999
      vertex -2.2865414338319994 1.527818140803906 5.404999999999999
    endloop
  endfacet
  facet normal -0.817584813151585 0.5758081914178433 0
    outer loop
      vertex -2.2865414338319994 1.527818140803906 -0.3
      vertex -2.2865414338319994 1.527818140803906 5.404999999999999
      vertex -2.2088207115717737 1.6381730873541918 5.404999999999999
    endloop
  endfacet
  facet normal -0.7883464276266059 0.6152315905806274 0
    outer loop
      vertex -2.2088207115717737 1.6381730873541918 -0.3
      vertex -2.2088207115717737 1.6381730873541918 5.404999999999999
      vertex -2.125778746747527 1.744581531450025 5.404999999999999
    endloop
  endfacet
  facet normal -0.7572088465064839 0.6531728429537773 0
    outer loop
      vertex -2.125778746747527 1.744581531450025 -0.3
      vertex -2.125778746747527 1.744581531450025 5.404999999999999
      vertex -2.0376155947261374 1.8467871258293007 5.404999999999999
    endloop
  endfacet
  facet normal -0.7242470829514681 0.6895405447370658 0
    outer loop
      vertex -2.0376155947261374 1.8467871258293007 -0.3
      vertex -2.0376155947261374 1.8467871258293007 5.404999999999999
      vertex -1.9445436482630059 1.9445436482630059 5.404999999999999
    endloop
  endfacet
  facet normal -0.6895405447370658 0.7242470829514681 0
    outer loop
      vertex -1.9445436482630059 1.9445436482630059 -0.3
      vertex -1.9445436482630059 1.9445436482630059 5.404999999999999
      vertex -1.8467871258293007 2.0376155947261374 5.404999999999999
    endloop
  endfacet
  facet normal -0.6531728429537773 0.7572088465064839 0
    outer loop
      vertex -1.8467871258293007 2.0376155947261374 -0.3
      vertex -1.8467871258293007 2.0376155947261374 5.404999999999999
      vertex -1.744581531450025 2.125778746747527 5.404999999999999
    endloop
  endfacet
  facet normal -0.6152315905806274 0.7883464276266059 0
    outer loop
      vertex -1.744581531450025 2.125778746747527 -0.3
      vertex -1.744581531450025 2.125778746747527 5.404999999999999
      vertex -1.6381730873541918 2.2088207115717737 5.404999999999999
    endloop
  endfacet
  facet normal -0.5758081914178433 0.817584813151585 0
    outer loop
      vertex -1.6381730873541918 2.2088207115717737 -0.3
      vertex -1.6381730873541918 2.2088207115717737 5.404999999999999
      vertex -1.527818140803906 2.2865414338319994 5.404999999999999
    endloop
  endfacet
  facet normal -0.5349976198870973 0.844853565249707 0
    outer loop
      vertex -1.527818140803906 2.2865414338319994 -0.3
      vertex -1.527818140803906 2.2865414338319994 5.404999999999999
      vertex -1.4137825465313598 2.358753677500748 5.404999999999999
    endloop
  endfacet
  facet normal -0.492898192229786 0.8700869911087104 0
    outer loop
      vertex -1.4137825465313598 2.358753677500748 -0.3
      vertex -1.4137825465313598 2.358753677500748 5.404999999999999
      vertex -1.2963410262714936 2.4252834769579765 5.404999999999999
    endloop
  endfacet
  facet normal -0.44961132965460504 0.8932243011955161 0
    outer loop
      vertex -1.2963410262714936 2.4252834769579765 -0.3
      vertex -1.2963410262714936 2.4252834769579765 5.404999999999999
      vertex -1.1757765069332757 2.485970556089469 5.404999999999999
    endloop
  endfacet
  facet normal -0.40524131400498936 0.9142097557035308 0
    outer loop
      vertex -1.1757765069332757 2.485970556089469 -0.3
      vertex -1.1757765069332757 2.485970556089469 5.404999999999999
      vertex -1.0523794390039969 2.5406687144060385 5.404999999999999
    endloop
  endfacet
  facet normal -0.35989503653498806 0.932992798834739 0
    outer loop
      vertex -1.0523794390039969 2.5406687144060385 -0.3
      vertex -1.0523794390039969 2.5406687144060385 5.404999999999999
      vertex -0.9264470968286052 2.589246179253307 5.404999999999999
    endloop
  endfacet
  facet normal -0.3136817403988917 0.9495281805930367 0
    outer loop
      vertex -0.9264470968286052 2.589246179253307 -0.3
      vertex -0.9264470968286052 2.589246179253307 5.404999999999999
      vertex -0.7982828624497714 2.6315859232635743 5.404999999999999
    endloop
  endfacet
  facet normal -0.2667127574748991 0.9637760657954396 0
    outer loop
      vertex -0.7982828624497714 2.6315859232635743 -0.3
      vertex -0.7982828624497714 2.6315859232635743 5.404999999999999
      vertex -0.6681954947339757 2.667585946284996 5.404999999999999
    endloop
  endfacet
  facet normal -0.2191012401568692 0.9757021300385286 0
    outer loop
      vertex -0.6681954947339757 2.667585946284996 -0.3
      vertex -0.6681954947339757 2.667585946284996 5.404999999999999
      vertex -0.5364983855443527 2.6971595211088837 5.404999999999999
    endloop
  endfacet
  facet normal -0.17096188876030302 0.9852776423889409 0
    outer loop
      vertex -0.5364983855443527 2.6971595211088837 -0.3
      vertex -0.5364983855443527 2.6971595211088837 5.404999999999999
      vertex -0.4035088047522448 2.720235402403148 5.404999999999999
    endloop
  endfacet
  facet normal -0.12241067519921521 0.9924795345987102 0
    outer loop
      vertex -0.4035088047522448 2.720235402403148 -0.3
      vertex -0.4035088047522448 2.720235402403148 5.404999999999999
      vertex -0.26954713590629165 2.7367579983485415 5.404999999999999
    endloop
  endfacet
  facet normal -0.07356456359966845 0.9972904566786902 0
    outer loop
      vertex -0.26954713590629165 2.7367579983485415 -0.3
      vertex -0.26954713590629165 2.7367579983485415 5.404999999999999
      vertex -0.13493610440039955 2.7466875045642243 5.404999999999999
    endloop
  endfacet
  facet normal -0.024541228522910803 0.9996988186962044 0
    outer loop
      vertex -0.13493610440039955 2.7466875045642243 -0.3
      vertex -0.13493610440039955 2.7466875045642243 5.404999999999999
      vertex 0 2.75 5.404999999999999
    endloop
  endfacet
  facet normal 0 0 -1
    outer loop
      vertex -0.4035088047522448 -2.720235402403148 -0.3
      vertex 0.735 -2.05 -0.3
      vertex -0.26954713590629165 -2.7367579983485415 -0.3
    endloop
  endfacet
  facet normal 0 0 -1
    outer loop
      vertex -0.26954713590629165 -2.7367579983485415 -0.3
      vertex 0.735 -2.05 -0.3
      vertex -0.13493610440039955 -2.7466875045642243 -0.3
    endloop
  endfacet
  facet normal 0 0 -1
    outer loop
      vertex -0.13493610440039955 -2.7466875045642243 -0.3
      vertex 0.735 -2.05 -0.3
      vertex 0 -2.75 -0.3
    endloop
  endfacet
  facet normal 0 0 -1
    outer loop
      vertex 0 -2.75 -0.3
      vertex 0.735 -2.05 -0.3
      vertex 0.13493610440039955 -2.7466875045642243 -0.3
    endloop
  endfacet
  facet normal 0 0 -1
    outer loop
      vertex 0.13493610440039955 -2.7466875045642243 -0.3
      vertex 0.735 -2.05 -0.3
      vertex 0.26954713590629165 -2.7367579983485415 -0.3
    endloop
  endfacet
  facet normal 0 0 -1
    outer loop
      vertex 0.26954713590629165 -2.7367579983485415 -0.3
      vertex 0.735 -2.05 -0.3
      vertex 0.4035088047522448 -2.720235402403148 -0.3
    endloop
  endfacet
  facet normal 0 0 -1
    outer loop
      vertex 0.4035088047522448 -2.720235402403148 -0.3
      vertex 0.735 -2.05 -0.3
      vertex 0.5364983855443527 -2.6971595211088837 -0.3
    endloop
  endfacet
  facet normal 0 0 -1
    outer loop
      vertex 0.5364983855443527 -2.6971595211088837 -0.3
      vertex 0.735 -2.05 -0.3
      vertex 0.6681954947339757 -2.667585946284996 -0.3
    endloop
  endfacet
  facet normal 0 0 -1
    outer loop
      vertex 0.6681954947339757 -2.667585946284996 -0.3
      vertex 0.735 -2.05 -0.3
      vertex 0.7982828624497714 -2.6315859232635743 -0.3
    endloop
  endfacet
  facet normal 0.024541228522910803 -0.9996988186962044 0
    outer loop
      vertex 0 -2.75 -0.3
      vertex 0.13493610440039955 -2.7466875045642243 -0.3
      vertex 0 -2.75 5.404999999999999
    endloop
  endfacet
  facet normal 0.07356456359966845 -0.9972904566786902 0
    outer loop
      vertex 0.13493610440039955 -2.7466875045642243 -0.3
      vertex 0.26954713590629165 -2.7367579983485415 -0.3
      vertex 0.13493610440039955 -2.7466875045642243 5.404999999999999
    endloop
  endfacet
  facet normal 0.12241067519921521 -0.9924795345987102 0
    outer loop
      vertex 0.26954713590629165 -2.7367579983485415 -0.3
      vertex 0.4035088047522448 -2.720235402403148 -0.3
      vertex 0.26954713590629165 -2.7367579983485415 5.404999999999999
    endloop
  endfacet
  facet normal 0.17096188876030302 -0.9852776423889409 0
    outer loop
      vertex 0.4035088047522448 -2.720235402403148 -0.3
      vertex 0.5364983855443527 -2.6971595211088837 -0.3
      vertex 0.4035088047522448 -2.720235402403148 5.404999999999999
    endloop
  endfacet
  facet normal 0.2191012401568692 -0.9757021300385286 0
    outer loop
      vertex 0.5364983855443527 -2.6971595211088837 -0.3
      vertex 0.6681954947339757 -2.667585946284996 -0.3
      vertex 0.5364983855443527 -2.6971595211088837 5.404999999999999
    endloop
  endfacet
  facet normal 0.2667127574748991 -0.9637760657954396 0
    outer loop
      vertex 0.6681954947339757 -2.667585946284996 -0.3
      vertex 0.7982828624497714 -2.6315859232635743 -0.3
      vertex 0.6681954947339757 -2.667585946284996 5.404999999999999
    endloop
  endfacet
  facet normal 0.3136817403988917 -0.9495281805930367 0
    outer loop
      vertex 0.7982828624497714 -2.6315859232635743 -0.3
      vertex 0.9264470968286052 -2.589246179253307 -0.3
      vertex 0.7982828624497714 -2.6315859232635743 5.404999999999999
    endloop
  endfacet
  facet normal 0.35989503653498806 -0.932992798834739 0
    outer loop
      vertex 0.9264470968286052 -2.589246179253307 -0.3
      vertex 1.0523794390039969 -2.5406687144060385 -0.3
      vertex 0.9264470968286052 -2.589246179253307 5.404999999999999
    endloop
  endfacet
  facet normal 0.40524131400498936 -0.9142097557035308 0
    outer loop
      vertex 1.0523794390039969 -2.5406687144060385 -0.3
      vertex 1.1757765069332757 -2.485970556089469 -0.3
      vertex 1.0523794390039969 -2.5406687144060385 5.404999999999999
    endloop
  endfacet
  facet normal 0.44961132965460504 -0.8932243011955161 0
    outer loop
      vertex 1.1757765069332757 -2.485970556089469 -0.3
      vertex 1.2963410262714936 -2.4252834769579765 -0.3
      vertex 1.1757765069332757 -2.485970556089469 5.404999999999999
    endloop
  endfacet
  facet normal 0.492898192229786 -0.8700869911087104 0
    outer loop
      vertex 1.2963410262714936 -2.4252834769579765 -0.3
      vertex 1.4137825465313598 -2.358753677500748 -0.3
      vertex 1.2963410262714936 -2.4252834769579765 5.404999999999999
    endloop
  endfacet
  facet normal 0.5349976198870973 -0.844853565249707 0
    outer loop
      vertex 1.4137825465313598 -2.358753677500748 -0.3
      vertex 1.527818140803906 -2.2865414338319994 -0.3
      vertex 1.4137825465313598 -2.358753677500748 5.404999999999999
    endloop
  endfacet
  facet normal 0.5758081914178433 -0.817584813151585 0
    outer loop
      vertex 1.527818140803906 -2.2865414338319994 -0.3
      vertex 1.6381730873541918 -2.2088207115717737 -0.3
      vertex 1.527818140803906 -2.2865414338319994 5.404999999999999
    endloop
  endfacet
  facet normal 0.6152315905806274 -0.7883464276266059 0
    outer loop
      vertex 1.6381730873541918 -2.2088207115717737 -0.3
      vertex 1.744581531450025 -2.125778746747527 -0.3
      vertex 1.6381730873541918 -2.2088207115717737 5.404999999999999
    endloop
  endfacet
  facet normal 0.6531728429537773 -0.7572088465064839 0
    outer loop
      vertex 1.744581531450025 -2.125778746747527 -0.3
      vertex 1.8467871258293007 -2.0376155947261374 -0.3
      vertex 1.744581531450025 -2.125778746747527 5.404999999999999
    endloop
  endfacet
  facet normal 0 0 -1
    outer loop
      vertex 0.7982828624497714 -2.6315859232635743 -0.3
      vertex 2.6629355133716164 -0.6849999999999999 -0.3
      vertex 0.9264470968286052 -2.589246179253307 -0.3
    endloop
  endfacet
  facet normal 0 0 -1
    outer loop
      vertex 0.9264470968286052 -2.589246179253307 -0.3
      vertex 2.6629355133716164 -0.6849999999999999 -0.3
      vertex 1.0523794390039969 -2.5406687144060385 -0.3
    endloop
  endfacet
  facet normal 0 0 -1
    outer loop
      vertex 0.7982828624497714 -2.6315859232635743 -0.3
      vertex 0.735 -2.05 -0.3
      vertex 2.6629355133716164 -0.6849999999999999 -0.3
    endloop
  endfacet
  facet normal 0 0 -1
    outer loop
      vertex 0.735 -2.05 -0.3
      vertex 0.735 -0.6849999999999999 -0.3
      vertex 2.6629355133716164 -0.6849999999999999 -0.3
    endloop
  endfacet
  facet normal 0 0 -1
    outer loop
      vertex 1.0523794390039969 -2.5406687144060385 -0.3
      vertex 2.6629355133716164 -0.6849999999999999 -0.3
      vertex 1.1757765069332757 -2.485970556089469 -0.3
    endloop
  endfacet
  facet normal 0 0 -1
    outer loop
      vertex 1.1757765069332757 -2.485970556089469 -0.3
      vertex 2.6629355133716164 -0.6849999999999999 -0.3
      vertex 1.2963410262714936 -2.4252834769579765 -0.3
    endloop
  endfacet
  facet normal 0 0 -1
    outer loop
      vertex 1.2963410262714936 -2.4252834769579765 -0.3
      vertex 2.6629355133716164 -0.6849999999999999 -0.3
      vertex 1.4137825465313598 -2.358753677500748 -0.3
    endloop
  endfacet
  facet normal 0 0 -1
    outer loop
      vertex 1.4137825465313598 -2.358753677500748 -0.3
      vertex 2.6629355133716164 -0.6849999999999999 -0.3
      vertex 1.527818140803906 -2.2865414338319994 -0.3
    endloop
  endfacet
  facet normal 0 0 -1
    outer loop
      vertex 1.527818140803906 -2.2865414338319994 -0.3
      vertex 2.6629355133716164 -0.6849999999999999 -0.3
      vertex 1.6381730873541918 -2.2088207115717737 -0.3
    endloop
  endfacet
  facet normal 0 0 -1
    outer loop
      vertex 1.6381730873541918 -2.2088207115717737 -0.3
      vertex 2.6629355133716164 -0.6849999999999999 -0.3
      vertex 1.744581531450025 -2.125778746747527 -0.3
    endloop
  endfacet
  facet normal 0.6895405447370658 -0.7242470829514681 0
    outer loop
      vertex 1.8467871258293007 -2.0376155947261374 -0.3
      vertex 1.9445436482630059 -1.9445436482630059 -0.3
      vertex 1.8467871258293007 -2.0376155947261374 5.404999999999999
    endloop
  endfacet
  facet normal 0.7242470829514681 -0.6895405447370658 0
    outer loop
      vertex 1.9445436482630059 -1.9445436482630059 -0.3
      vertex 2.0376155947261374 -1.8467871258293007 -0.3
      vertex 1.9445436482630059 -1.9445436482630059 5.404999999999999
    endloop
  endfacet
  facet normal 0.7572088465064839 -0.6531728429537773 0
    outer loop
      vertex 2.0376155947261374 -1.8467871258293007 -0.3
      vertex 2.125778746747527 -1.744581531450025 -0.3
      vertex 2.0376155947261374 -1.8467871258293007 5.404999999999999
    endloop
  endfacet
  facet normal 0 0 -1
    outer loop
      vertex 1.744581531450025 -2.125778746747527 -0.3
      vertex 2.6629355133716164 -0.6849999999999999 -0.3
      vertex 1.8467871258293007 -2.0376155947261374 -0.3
    endloop
  endfacet
  facet normal 0 0 -1
    outer loop
      vertex 1.8467871258293007 -2.0376155947261374 -0.3
      vertex 2.6629355133716164 -0.6849999999999999 -0.3
      vertex 1.9445436482630059 -1.9445436482630059 -0.3
    endloop
  endfacet
  facet normal 0 0 -1
    outer loop
      vertex 1.9445436482630059 -1.9445436482630059 -0.3
      vertex 2.6629355133716164 -0.6849999999999999 -0.3
      vertex 2.0376155947261374 -1.8467871258293007 -0.3
    endloop
  endfacet
  facet normal 0 0 -1
    outer loop
      vertex 2.0376155947261374 -1.8467871258293007 -0.3
      vertex 2.6629355133716164 -0.6849999999999999 -0.3
      vertex 2.125778746747527 -1.744581531450025 -0.3
    endloop
  endfacet
  facet normal 0 0 -1
    outer loop
      vertex 2.125778746747527 -1.744581531450025 -0.3
      vertex 2.6629355133716164 -0.6849999999999999 -0.3
      vertex 2.2088207115717737 -1.6381730873541918 -0.3
    endloop
  endfacet
  facet normal 0 0 -1
    outer loop
      vertex 2.2088207115717737 -1.6381730873541918 -0.3
      vertex 2.6629355133716164 -0.6849999999999999 -0.3
      vertex 2.2865414338319994 -1.527818140803906 -0.3
    endloop
  endfacet
  facet normal 0 0 -1
    outer loop
      vertex 2.2865414338319994 -1.527818140803906 -0.3
      vertex 2.6629355133716164 -0.6849999999999999 -0.3
      vertex 2.358753677500748 -1.4137825465313598 -0.3
    endloop
  endfacet
  facet normal 0 0 -1
    outer loop
      vertex 2.358753677500748 -1.4137825465313598 -0.3
      vertex 2.6629355133716164 -0.6849999999999999 -0.3
      vertex 2.4252834769579765 -1.2963410262714936 -0.3
    endloop
  endfacet
  facet normal 0 0 -1
    outer loop
      vertex 2.4252834769579765 -1.2963410262714936 -0.3
      vertex 2.6629355133716164 -0.6849999999999999 -0.3
      vertex 2.485970556089469 -1.1757765069332757 -0.3
    endloop
  endfacet
  facet normal 0 0 -1
    outer loop
      vertex 2.485970556089469 -1.1757765069332757 -0.3
      vertex 2.6629355133716164 -0.6849999999999999 -0.3
      vertex 2.5406687144060385 -1.0523794390039969 -0.3
    endloop
  endfacet
  facet normal 0 0 -1
    outer loop
      vertex 2.5406687144060385 -1.0523794390039969 -0.3
      vertex 2.6629355133716164 -0.6849999999999999 -0.3
      vertex 2.589246179253307 -0.9264470968286052 -0.3
    endloop
  endfacet
  facet normal 0 0 -1
    outer loop
      vertex 2.589246179253307 -0.9264470968286052 -0.3
      vertex 2.6629355133716164 -0.6849999999999999 -0.3
      vertex 2.6315859232635743 -0.7982828624497714 -0.3
    endloop
  endfacet
  facet normal 0.7883464276266059 -0.6152315905806274 0
    outer loop
      vertex 2.125778746747527 -1.744581531450025 -0.3
      vertex 2.2088207115717737 -1.6381730873541918 -0.3
      vertex 2.125778746747527 -1.744581531450025 5.404999999999999
    endloop
  endfacet
  facet normal 0.817584813151585 -0.5758081914178433 0
    outer loop
      vertex 2.2088207115717737 -1.6381730873541918 -0.3
      vertex 2.2865414338319994 -1.527818140803906 -0.3
      vertex 2.2088207115717737 -1.6381730873541918 5.404999999999999
    endloop
  endfacet
  facet normal 0.844853565249707 -0.5349976198870973 0
    outer loop
      vertex 2.2865414338319994 -1.527818140803906 -0.3
      vertex 2.358753677500748 -1.4137825465313598 -0.3
      vertex 2.2865414338319994 -1.527818140803906 5.404999999999999
    endloop
  endfacet
  facet normal 0.8700869911087104 -0.492898192229786 0
    outer loop
      vertex 2.358753677500748 -1.4137825465313598 -0.3
      vertex 2.4252834769579765 -1.2963410262714936 -0.3
      vertex 2.358753677500748 -1.4137825465313598 5.404999999999999
    endloop
  endfacet
  facet normal 0.8932243011955161 -0.44961132965460504 0
    outer loop
      vertex 2.4252834769579765 -1.2963410262714936 -0.3
      vertex 2.485970556089469 -1.1757765069332757 -0.3
      vertex 2.4252834769579765 -1.2963410262714936 5.404999999999999
    endloop
  endfacet
  facet normal 0.9142097557035308 -0.40524131400498936 0
    outer loop
      vertex 2.485970556089469 -1.1757765069332757 -0.3
      vertex 2.5406687144060385 -1.0523794390039969 -0.3
      vertex 2.485970556089469 -1.1757765069332757 5.404999999999999
    endloop
  endfacet
  facet normal 0.932992798834739 -0.35989503653498806 0
    outer loop
      vertex 2.5406687144060385 -1.0523794390039969 -0.3
      vertex 2.589246179253307 -0.9264470968286052 -0.3
      vertex 2.5406687144060385 -1.0523794390039969 5.404999999999999
    endloop
  endfacet
  facet normal 0.9495281805930367 -0.3136817403988917 0
    outer loop
      vertex 2.589246179253307 -0.9264470968286052 -0.3
      vertex 2.6315859232635743 -0.7982828624497714 -0.3
      vertex 2.589246179253307 -0.9264470968286052 5.404999999999999
    endloop
  endfacet
  facet normal 0.9637760657954394 -0.26671275747490036 0
    outer loop
      vertex 2.6315859232635743 -0.7982828624497714 -0.3
      vertex 2.6629355133716164 -0.6849999999999999 -0.3
      vertex 2.6315859232635743 -0.7982828624497714 5.404999999999999
    endloop
  endfacet
  facet normal 0.024541228522910803 -0.9996988186962044 0
    outer loop
      vertex 0.13493610440039955 -2.7466875045642243 -0.3
      vertex 0.13493610440039955 -2.7466875045642243 5.404999999999999
      vertex 0 -2.75 5.404999999999999
    endloop
  endfacet
  facet normal 0.07356456359966845 -0.9972904566786902 0
    outer loop
      vertex 0.26954713590629165 -2.7367579983485415 -0.3
      vertex 0.26954713590629165 -2.7367579983485415 5.404999999999999
      vertex 0.13493610440039955 -2.7466875045642243 5.404999999999999
    endloop
  endfacet
  facet normal 0.12241067519921521 -0.9924795345987102 0
    outer loop
      vertex 0.4035088047522448 -2.720235402403148 -0.3
      vertex 0.4035088047522448 -2.720235402403148 5.404999999999999
      vertex 0.26954713590629165 -2.7367579983485415 5.404999999999999
    endloop
  endfacet
  facet normal 0.17096188876030302 -0.9852776423889409 0
    outer loop
      vertex 0.5364983855443527 -2.6971595211088837 -0.3
      vertex 0.5364983855443527 -2.6971595211088837 5.404999999999999
      vertex 0.4035088047522448 -2.720235402403148 5.404999999999999
    endloop
  endfacet
  facet normal 0.2191012401568692 -0.9757021300385286 0
    outer loop
      vertex 0.6681954947339757 -2.667585946284996 -0.3
      vertex 0.6681954947339757 -2.667585946284996 5.404999999999999
      vertex 0.5364983855443527 -2.6971595211088837 5.404999999999999
    endloop
  endfacet
  facet normal 0.2667127574748991 -0.9637760657954396 0
    outer loop
      vertex 0.7982828624497714 -2.6315859232635743 -0.3
      vertex 0.7982828624497714 -2.6315859232635743 5.404999999999999
      vertex 0.6681954947339757 -2.667585946284996 5.404999999999999
    endloop
  endfacet
  facet normal 0.3136817403988917 -0.9495281805930367 0
    outer loop
      vertex 0.9264470968286052 -2.589246179253307 -0.3
      vertex 0.9264470968286052 -2.589246179253307 5.404999999999999
      vertex 0.7982828624497714 -2.6315859232635743 5.404999999999999
    endloop
  endfacet
  facet normal 0.35989503653498806 -0.932992798834739 0
    outer loop
      vertex 1.0523794390039969 -2.5406687144060385 -0.3
      vertex 1.0523794390039969 -2.5406687144060385 5.404999999999999
      vertex 0.9264470968286052 -2.589246179253307 5.404999999999999
    endloop
  endfacet
  facet normal 0.40524131400498936 -0.9142097557035308 0
    outer loop
      vertex 1.1757765069332757 -2.485970556089469 -0.3
      vertex 1.1757765069332757 -2.485970556089469 5.404999999999999
      vertex 1.0523794390039969 -2.5406687144060385 5.404999999999999
    endloop
  endfacet
  facet normal 0.44961132965460504 -0.8932243011955161 0
    outer loop
      vertex 1.2963410262714936 -2.4252834769579765 -0.3
      vertex 1.2963410262714936 -2.4252834769579765 5.404999999999999
      vertex 1.1757765069332757 -2.485970556089469 5.404999999999999
    endloop
  endfacet
  facet normal 0.492898192229786 -0.8700869911087104 0
    outer loop
      vertex 1.4137825465313598 -2.358753677500748 -0.3
      vertex 1.4137825465313598 -2.358753677500748 5.404999999999999
      vertex 1.2963410262714936 -2.4252834769579765 5.404999999999999
    endloop
  endfacet
  facet normal 0.5349976198870973 -0.844853565249707 0
    outer loop
      vertex 1.527818140803906 -2.2865414338319994 -0.3
      vertex 1.527818140803906 -2.2865414338319994 5.404999999999999
      vertex 1.4137825465313598 -2.358753677500748 5.404999999999999
    endloop
  endfacet
  facet normal 0.5758081914178433 -0.817584813151585 0
    outer loop
      vertex 1.6381730873541918 -2.2088207115717737 -0.3
      vertex 1.6381730873541918 -2.2088207115717737 5.404999999999999
      vertex 1.527818140803906 -2.2865414338319994 5.404999999999999
    endloop
  endfacet
  facet normal 0.6152315905806274 -0.7883464276266059 0
    outer loop
      vertex 1.744581531450025 -2.125778746747527 -0.3
      vertex 1.744581531450025 -2.125778746747527 5.404999999999999
      vertex 1.6381730873541918 -2.2088207115717737 5.404999999999999
    endloop
  endfacet
  facet normal 0.6531728429537773 -0.7572088465064839 0
    outer loop
      vertex 1.8467871258293007 -2.0376155947261374 -0.3
      vertex 1.8467871258293007 -2.0376155947261374 5.404999999999999
      vertex 1.744581531450025 -2.125778746747527 5.404999999999999
    endloop
  endfacet
  facet normal 0.6895405447370658 -0.7242470829514681 0
    outer loop
      vertex 1.9445436482630059 -1.9445436482630059 -0.3
      vertex 1.9445436482630059 -1.9445436482630059 5.404999999999999
      vertex 1.8467871258293007 -2.0376155947261374 5.404999999999999
    endloop
  endfacet
  facet normal 0.7242470829514681 -0.6895405447370658 0
    outer loop
      vertex 2.0376155947261374 -1.8467871258293007 -0.3
      vertex 2.0376155947261374 -1.8467871258293007 5.404999999999999
      vertex 1.9445436482630059 -1.9445436482630059 5.404999999999999
    endloop
  endfacet
  facet normal 0.7572088465064839 -0.6531728429537773 0
    outer loop
      vertex 2.125778746747527 -1.744581531450025 -0.3
      vertex 2.125778746747527 -1.744581531450025 5.404999999999999
      vertex 2.0376155947261374 -1.8467871258293007 5.404999999999999
    endloop
  endfacet
  facet normal 0.7883464276266059 -0.6152315905806274 0
    outer loop
      vertex 2.2088207115717737 -1.6381730873541918 -0.3
      vertex 2.2088207115717737 -1.6381730873541918 5.404999999999999
      vertex 2.125778746747527 -1.744581531450025 5.404999999999999
    endloop
  endfacet
  facet normal 0.817584813151585 -0.5758081914178433 0
    outer loop
      vertex 2.2865414338319994 -1.527818140803906 -0.3
      vertex 2.2865414338319994 -1.527818140803906 5.404999999999999
      vertex 2.2088207115717737 -1.6381730873541918 5.404999999999999
    endloop
  endfacet
  facet normal 0.844853565249707 -0.5349976198870973 0
    outer loop
      vertex 2.358753677500748 -1.4137825465313598 -0.3
      vertex 2.358753677500748 -1.4137825465313598 5.404999999999999
      vertex 2.2865414338319994 -1.527818140803906 5.404999999999999
    endloop
  endfacet
  facet normal 0.8700869911087104 -0.492898192229786 0
    outer loop
      vertex 2.4252834769579765 -1.2963410262714936 -0.3
      vertex 2.4252834769579765 -1.2963410262714936 5.404999999999999
      vertex 2.358753677500748 -1.4137825465313598 5.404999999999999
    endloop
  endfacet
  facet normal 0.8932243011955161 -0.44961132965460504 0
    outer loop
      vertex 2.485970556089469 -1.1757765069332757 -0.3
      vertex 2.485970556089469 -1.1757765069332757 5.404999999999999
      vertex 2.4252834769579765 -1.2963410262714936 5.404999999999999
    endloop
  endfacet
  facet normal 0.9142097557035308 -0.40524131400498936 0
    outer loop
      vertex 2.5406687144060385 -1.0523794390039969 -0.3
      vertex 2.5406687144060385 -1.0523794390039969 5.404999999999999
      vertex 2.485970556089469 -1.1757765069332757 5.404999999999999
    endloop
  endfacet
  facet normal 0.932992798834739 -0.35989503653498806 0
    outer loop
      vertex 2.589246179253307 -0.9264470968286052 -0.3
      vertex 2.589246179253307 -0.9264470968286052 5.404999999999999
      vertex 2.5406687144060385 -1.0523794390039969 5.404999999999999
    endloop
  endfacet
  facet normal 0.9495281805930367 -0.3136817403988917 0
    outer loop
      vertex 2.6315859232635743 -0.7982828624497714 -0.3
      vertex 2.6315859232635743 -0.7982828624497714 5.404999999999999
      vertex 2.589246179253307 -0.9264470968286052 5.404999999999999
    endloop
  endfacet
  facet normal 0.9637760657954394 -0.26671275747490036 0
    outer loop
      vertex 2.6629355133716164 -0.6849999999999999 -0.3
      vertex 2.6629355133716164 -0.6849999999999999 5.404999999999999
      vertex 2.6315859232635743 -0.7982828624497714 5.404999999999999
    endloop
  endfacet
  facet normal 0 0 -1
    outer loop
      vertex 0.735 0.6849999999999999 -0.3
      vertex 0.735 2.05 -0.3
      vertex 0.7982828624497714 2.6315859232635743 -0.3
    endloop
  endfacet
  facet normal 0 0 -1
    outer loop
      vertex 0.735 0.6849999999999999 -0.3
      vertex 0.9264470968286052 2.589246179253307 -0.3
      vertex 1.0523794390039969 2.5406687144060385 -0.3
    endloop
  endfacet
  facet normal 0 0 -1
    outer loop
      vertex 0.735 0.6849999999999999 -0.3
      vertex 0.7982828624497714 2.6315859232635743 -0.3
      vertex 0.9264470968286052 2.589246179253307 -0.3
    endloop
  endfacet
  facet normal 0 0 -1
    outer loop
      vertex 0.735 0.6849999999999999 -0.3
      vertex 1.0523794390039969 2.5406687144060385 -0.3
      vertex 1.1757765069332757 2.485970556089469 -0.3
    endloop
  endfacet
  facet normal 0 0 -1
    outer loop
      vertex 0.735 0.6849999999999999 -0.3
      vertex 2.6315859232635743 0.7982828624497714 -0.3
      vertex 2.6629355133716164 0.6849999999999999 -0.3
    endloop
  endfacet
  facet normal 0 0 -1
    outer loop
      vertex 0.735 0.6849999999999999 -0.3
      vertex 2.485970556089469 1.1757765069332757 -0.3
      vertex 2.5406687144060385 1.0523794390039969 -0.3
    endloop
  endfacet
  facet normal 0 0 -1
    outer loop
      vertex 0.735 0.6849999999999999 -0.3
      vertex 2.589246179253307 0.9264470968286052 -0.3
      vertex 2.6315859232635743 0.7982828624497714 -0.3
    endloop
  endfacet
  facet normal 0 0 -1
    outer loop
      vertex 0.735 0.6849999999999999 -0.3
      vertex 2.5406687144060385 1.0523794390039969 -0.3
      vertex 2.589246179253307 0.9264470968286052 -0.3
    endloop
  endfacet
  facet normal 0 0 -1
    outer loop
      vertex 0.735 0.6849999999999999 -0.3
      vertex 1.8467871258293007 2.0376155947261374 -0.3
      vertex 1.9445436482630059 1.9445436482630059 -0.3
    endloop
  endfacet
  facet normal 0 0 -1
    outer loop
      vertex 0.735 0.6849999999999999 -0.3
      vertex 1.4137825465313598 2.358753677500748 -0.3
      vertex 1.527818140803906 2.2865414338319994 -0.3
    endloop
  endfacet
  facet normal 0 0 -1
    outer loop
      vertex 0.735 0.6849999999999999 -0.3
      vertex 1.1757765069332757 2.485970556089469 -0.3
      vertex 1.2963410262714936 2.4252834769579765 -0.3
    endloop
  endfacet
  facet normal 0 0 -1
    outer loop
      vertex 0.735 0.6849999999999999 -0.3
      vertex 1.2963410262714936 2.4252834769579765 -0.3
      vertex 1.4137825465313598 2.358753677500748 -0.3
    endloop
  endfacet
  facet normal 0 0 -1
    outer loop
      vertex 0.735 0.6849999999999999 -0.3
      vertex 1.6381730873541918 2.2088207115717737 -0.3
      vertex 1.744581531450025 2.125778746747527 -0.3
    endloop
  endfacet
  facet normal 0 0 -1
    outer loop
      vertex 0.735 0.6849999999999999 -0.3
      vertex 1.527818140803906 2.2865414338319994 -0.3
      vertex 1.6381730873541918 2.2088207115717737 -0.3
    endloop
  endfacet
  facet normal 0 0 -1
    outer loop
      vertex 0.735 0.6849999999999999 -0.3
      vertex 1.744581531450025 2.125778746747527 -0.3
      vertex 1.8467871258293007 2.0376155947261374 -0.3
    endloop
  endfacet
  facet normal 0 0 -1
    outer loop
      vertex 0.735 0.6849999999999999 -0.3
      vertex 2.2088207115717737 1.6381730873541918 -0.3
      vertex 2.2865414338319994 1.527818140803906 -0.3
    endloop
  endfacet
  facet normal 0 0 -1
    outer loop
      vertex 0.735 0.6849999999999999 -0.3
      vertex 2.2865414338319994 1.527818140803906 -0.3
      vertex 2.358753677500748 1.4137825465313598 -0.3
    endloop
  endfacet
  facet normal 0 0 -1
    outer loop
      vertex 0.735 0.6849999999999999 -0.3
      vertex 2.0376155947261374 1.8467871258293007 -0.3
      vertex 2.125778746747527 1.744581531450025 -0.3
    endloop
  endfacet
  facet normal 0 0 -1
    outer loop
      vertex 0.735 0.6849999999999999 -0.3
      vertex 1.9445436482630059 1.9445436482630059 -0.3
      vertex 2.0376155947261374 1.8467871258293007 -0.3
    endloop
  endfacet
  facet normal 0 0 -1
    outer loop
      vertex 0.735 0.6849999999999999 -0.3
      vertex 2.125778746747527 1.744581531450025 -0.3
      vertex 2.2088207115717737 1.6381730873541918 -0.3
    endloop
  endfacet
  facet normal 0 0 -1
    outer loop
      vertex 0.735 0.6849999999999999 -0.3
      vertex 2.358753677500748 1.4137825465313598 -0.3
      vertex 2.4252834769579765 1.2963410262714936 -0.3
    endloop
  endfacet
  facet normal 0 0 -1
    outer loop
      vertex 0.735 0.6849999999999999 -0.3
      vertex 2.4252834769579765 1.2963410262714936 -0.3
      vertex 2.485970556089469 1.1757765069332757 -0.3
    endloop
  endfacet
  facet normal 0.6531728429537773 0.7572088465064839 0
    outer loop
      vertex 1.8467871258293007 2.0376155947261374 -0.3
      vertex 1.744581531450025 2.125778746747527 -0.3
      vertex 1.8467871258293007 2.0376155947261374 5.404999999999999
    endloop
  endfacet
  facet normal 0.6895405447370658 0.7242470829514681 0
    outer loop
      vertex 1.9445436482630059 1.9445436482630059 -0.3
      vertex 1.8467871258293007 2.0376155947261374 -0.3
      vertex 1.9445436482630059 1.9445436482630059 5.404999999999999
    endloop
  endfacet
  facet normal 0.7242470829514681 0.6895405447370658 -1.7149034641046605e-19
    outer loop
      vertex 1.9445436482630059 1.9445436482630059 -0.3
      vertex 2.0376155947261374 1.8467871258293007 5.404999999999999
      vertex 2.0376155947261374 1.8467871258293007 -0.3
    endloop
  endfacet
  facet normal 0 0 -1
    outer loop
      vertex -0.735 2.05 -0.3
      vertex 0.4035088047522448 2.720235402403148 -0.3
      vertex 0.5364983855443527 2.6971595211088837 -0.3
    endloop
  endfacet
  facet normal 0 0 -1
    outer loop
      vertex -0.735 2.05 -0.3
      vertex 0.6681954947339757 2.667585946284996 -0.3
      vertex 0.7982828624497714 2.6315859232635743 -0.3
    endloop
  endfacet
  facet normal 0 0 -1
    outer loop
      vertex -0.735 2.05 -0.3
      vertex 0.5364983855443527 2.6971595211088837 -0.3
      vertex 0.6681954947339757 2.667585946284996 -0.3
    endloop
  endfacet
  facet normal 0 0 -1
    outer loop
      vertex -0.735 2.05 -0.3
      vertex 0.7982828624497714 2.6315859232635743 -0.3
      vertex 0.735 2.05 -0.3
    endloop
  endfacet
  facet normal 0.024541228522910803 0.9996988186962044 -5.8726443113421e-21
    outer loop
      vertex 0 2.75 -0.3
      vertex 0.13493610440039955 2.7466875045642243 5.404999999999999
      vertex 0.13493610440039955 2.7466875045642243 -0.3
    endloop
  endfacet
  facet normal 0.07356456359966845 0.9972904566786902 -8.251153571796293e-20
    outer loop
      vertex 0.13493610440039955 2.7466875045642243 -0.3
      vertex 0.26954713590629165 2.7367579983485415 5.404999999999999
      vertex 0.26954713590629165 2.7367579983485415 -0.3
    endloop
  endfacet
  facet normal 0.12241067519921521 0.9924795345987102 -7.558059902188401e-22
    outer loop
      vertex 0.26954713590629165 2.7367579983485415 -0.3
      vertex 0.4035088047522448 2.720235402403148 5.404999999999999
      vertex 0.4035088047522448 2.720235402403148 -0.3
    endloop
  endfacet
  facet normal 0.17096188876030302 0.9852776423889409 1.5035922380659942e-19
    outer loop
      vertex 0.4035088047522448 2.720235402403148 -0.3
      vertex 0.5364983855443527 2.6971595211088837 5.404999999999999
      vertex 0.5364983855443527 2.6971595211088837 -0.3
    endloop
  endfacet
  facet normal 0.35989503653498806 0.932992798834739 -2.621646733919818e-19
    outer loop
      vertex 0.9264470968286052 2.589246179253307 -0.3
      vertex 1.0523794390039969 2.5406687144060385 5.404999999999999
      vertex 1.0523794390039969 2.5406687144060385 -0.3
    endloop
  endfacet
  facet normal 0.2191012401568692 0.9757021300385286 2.0812277941075905e-19
    outer loop
      vertex 0.5364983855443527 2.6971595211088837 -0.3
      vertex 0.6681954947339757 2.667585946284996 5.404999999999999
      vertex 0.6681954947339757 2.667585946284996 -0.3
    endloop
  endfacet
  facet normal 0.2667127574748991 0.9637760657954396 -2.800852051993347e-20
    outer loop
      vertex 0.6681954947339757 2.667585946284996 -0.3
      vertex 0.7982828624497714 2.6315859232635743 5.404999999999999
      vertex 0.7982828624497714 2.6315859232635743 -0.3
    endloop
  endfacet
  facet normal 0.3136817403988917 0.9495281805930367 0
    outer loop
      vertex 0.9264470968286052 2.589246179253307 -0.3
      vertex 0.7982828624497714 2.6315859232635743 -0.3
      vertex 0.9264470968286052 2.589246179253307 5.404999999999999
    endloop
  endfacet
  facet normal 0.40524131400498936 0.9142097557035308 5.511702449831115e-19
    outer loop
      vertex 1.0523794390039969 2.5406687144060385 -0.3
      vertex 1.1757765069332757 2.485970556089469 5.404999999999999
      vertex 1.1757765069332757 2.485970556089469 -0.3
    endloop
  endfacet
  facet normal 0.44961132965460504 0.8932243011955161 0
    outer loop
      vertex 1.2963410262714936 2.4252834769579765 -0.3
      vertex 1.1757765069332757 2.485970556089469 -0.3
      vertex 1.2963410262714936 2.4252834769579765 5.404999999999999
    endloop
  endfacet
  facet normal 0.5349976198870973 0.844853565249707 0
    outer loop
      vertex 1.527818140803906 2.2865414338319994 -0.3
      vertex 1.4137825465313598 2.358753677500748 -0.3
      vertex 1.527818140803906 2.2865414338319994 5.404999999999999
    endloop
  endfacet
  facet normal 0.492898192229786 0.8700869911087104 6.893183887666575e-19
    outer loop
      vertex 1.2963410262714936 2.4252834769579765 -0.3
      vertex 1.4137825465313598 2.358753677500748 5.404999999999999
      vertex 1.4137825465313598 2.358753677500748 -0.3
    endloop
  endfacet
  facet normal 0.5758081914178433 0.817584813151585 8.89366559866544e-19
    outer loop
      vertex 1.527818140803906 2.2865414338319994 -0.3
      vertex 1.6381730873541918 2.2088207115717737 5.404999999999999
      vertex 1.6381730873541918 2.2088207115717737 -0.3
    endloop
  endfacet
  facet normal 0.6152315905806274 0.7883464276266059 -4.397106166118348e-19
    outer loop
      vertex 1.6381730873541918 2.2088207115717737 -0.3
      vertex 1.744581531450025 2.125778746747527 5.404999999999999
      vertex 1.744581531450025 2.125778746747527 -0.3
    endloop
  endfacet
  facet normal 0.932992798834739 0.35989503653498806 0
    outer loop
      vertex 2.589246179253307 0.9264470968286052 -0.3
      vertex 2.5406687144060385 1.0523794390039969 -0.3
      vertex 2.589246179253307 0.9264470968286052 5.404999999999999
    endloop
  endfacet
  facet normal 0.9637760657954394 0.26671275747490036 0
    outer loop
      vertex 2.6629355133716164 0.6849999999999999 -0.3
      vertex 2.6315859232635743 0.7982828624497714 -0.3
      vertex 2.6629355133716164 0.6849999999999999 5.404999999999999
    endloop
  endfacet
  facet normal 0.9495281805930367 0.3136817403988917 -1.768400595657261e-19
    outer loop
      vertex 2.589246179253307 0.9264470968286052 -0.3
      vertex 2.6315859232635743 0.7982828624497714 5.404999999999999
      vertex 2.6315859232635743 0.7982828624497714 -0.3
    endloop
  endfacet
  facet normal 0.9142097557035308 0.40524131400498936 0
    outer loop
      vertex 2.5406687144060385 1.0523794390039969 -0.3
      vertex 2.485970556089469 1.1757765069332757 -0.3
      vertex 2.5406687144060385 1.0523794390039969 5.404999999999999
    endloop
  endfacet
  facet normal 0.8932243011955161 0.44961132965460504 3.0682033098684176e-19
    outer loop
      vertex 2.4252834769579765 1.2963410262714936 -0.3
      vertex 2.485970556089469 1.1757765069332757 5.404999999999999
      vertex 2.485970556089469 1.1757765069332757 -0.3
    endloop
  endfacet
  facet normal 0.8700869911087104 0.492898192229786 0
    outer loop
      vertex 2.4252834769579765 1.2963410262714936 -0.3
      vertex 2.358753677500748 1.4137825465313598 -0.3
      vertex 2.4252834769579765 1.2963410262714936 5.404999999999999
    endloop
  endfacet
  facet normal 0.844853565249707 0.5349976198870973 -4.658893456851306e-19
    outer loop
      vertex 2.2865414338319994 1.527818140803906 -0.3
      vertex 2.358753677500748 1.4137825465313598 5.404999999999999
      vertex 2.358753677500748 1.4137825465313598 -0.3
    endloop
  endfacet
  facet normal 0.7883464276266059 0.6152315905806274 -4.397106166118348e-19
    outer loop
      vertex 2.125778746747527 1.744581531450025 -0.3
      vertex 2.2088207115717737 1.6381730873541918 5.404999999999999
      vertex 2.2088207115717737 1.6381730873541918 -0.3
    endloop
  endfacet
  facet normal 0.7572088465064839 0.6531728429537773 7.160988608422316e-19
    outer loop
      vertex 2.0376155947261374 1.8467871258293007 -0.3
      vertex 2.125778746747527 1.744581531450025 5.404999999999999
      vertex 2.125778746747527 1.744581531450025 -0.3
    endloop
  endfacet
  facet normal 0.817584813151585 0.5758081914178433 0
    outer loop
      vertex 2.2865414338319994 1.527818140803906 -0.3
      vertex 2.2088207115717737 1.6381730873541918 -0.3
      vertex 2.2865414338319994 1.527818140803906 5.404999999999999
    endloop
  endfacet
  facet normal 0.7572088465064839 0.6531728429537773 0
    outer loop
      vertex 2.0376155947261374 1.8467871258293007 -0.3
      vertex 2.0376155947261374 1.8467871258293007 5.404999999999999
      vertex 2.125778746747527 1.744581531450025 5.404999999999999
    endloop
  endfacet
  facet normal 0.6895405447370658 0.7242470829514681 0
    outer loop
      vertex 1.8467871258293007 2.0376155947261374 -0.3
      vertex 1.8467871258293007 2.0376155947261374 5.404999999999999
      vertex 1.9445436482630059 1.9445436482630059 5.404999999999999
    endloop
  endfacet
  facet normal 0.7242470829514681 0.6895405447370658 0
    outer loop
      vertex 1.9445436482630059 1.9445436482630059 -0.3
      vertex 1.9445436482630059 1.9445436482630059 5.404999999999999
      vertex 2.0376155947261374 1.8467871258293007 5.404999999999999
    endloop
  endfacet
  facet normal 0.024541228522910803 0.9996988186962044 0
    outer loop
      vertex 0 2.75 -0.3
      vertex 0 2.75 5.404999999999999
      vertex 0.13493610440039955 2.7466875045642243 5.404999999999999
    endloop
  endfacet
  facet normal 0.07356456359966845 0.9972904566786902 0
    outer loop
      vertex 0.13493610440039955 2.7466875045642243 -0.3
      vertex 0.13493610440039955 2.7466875045642243 5.404999999999999
      vertex 0.26954713590629165 2.7367579983485415 5.404999999999999
    endloop
  endfacet
  facet normal 0.12241067519921521 0.9924795345987102 0
    outer loop
      vertex 0.26954713590629165 2.7367579983485415 -0.3
      vertex 0.26954713590629165 2.7367579983485415 5.404999999999999
      vertex 0.4035088047522448 2.720235402403148 5.404999999999999
    endloop
  endfacet
  facet normal 0.17096188876030302 0.9852776423889409 0
    outer loop
      vertex 0.4035088047522448 2.720235402403148 -0.3
      vertex 0.4035088047522448 2.720235402403148 5.404999999999999
      vertex 0.5364983855443527 2.6971595211088837 5.404999999999999
    endloop
  endfacet
  facet normal 0.35989503653498806 0.932992798834739 0
    outer loop
      vertex 0.9264470968286052 2.589246179253307 -0.3
      vertex 0.9264470968286052 2.589246179253307 5.404999999999999
      vertex 1.0523794390039969 2.5406687144060385 5.404999999999999
    endloop
  endfacet
  facet normal 0.2191012401568692 0.9757021300385286 0
    outer loop
      vertex 0.5364983855443527 2.6971595211088837 -0.3
      vertex 0.5364983855443527 2.6971595211088837 5.404999999999999
      vertex 0.6681954947339757 2.667585946284996 5.404999999999999
    endloop
  endfacet
  facet normal 0.2667127574748991 0.9637760657954396 0
    outer loop
      vertex 0.6681954947339757 2.667585946284996 -0.3
      vertex 0.6681954947339757 2.667585946284996 5.404999999999999
      vertex 0.7982828624497714 2.6315859232635743 5.404999999999999
    endloop
  endfacet
  facet normal 0.3136817403988917 0.9495281805930367 0
    outer loop
      vertex 0.7982828624497714 2.6315859232635743 -0.3
      vertex 0.7982828624497714 2.6315859232635743 5.404999999999999
      vertex 0.9264470968286052 2.589246179253307 5.404999999999999
    endloop
  endfacet
  facet normal 0.40524131400498936 0.9142097557035308 0
    outer loop
      vertex 1.0523794390039969 2.5406687144060385 -0.3
      vertex 1.0523794390039969 2.5406687144060385 5.404999999999999
      vertex 1.1757765069332757 2.485970556089469 5.404999999999999
    endloop
  endfacet
  facet normal 0.44961132965460504 0.8932243011955161 0
    outer loop
      vertex 1.1757765069332757 2.485970556089469 -0.3
      vertex 1.1757765069332757 2.485970556089469 5.404999999999999
      vertex 1.2963410262714936 2.4252834769579765 5.404999999999999
    endloop
  endfacet
  facet normal 0.492898192229786 0.8700869911087104 0
    outer loop
      vertex 1.2963410262714936 2.4252834769579765 -0.3
      vertex 1.2963410262714936 2.4252834769579765 5.404999999999999
      vertex 1.4137825465313598 2.358753677500748 5.404999999999999
    endloop
  endfacet
  facet normal 0.5349976198870973 0.844853565249707 0
    outer loop
      vertex 1.4137825465313598 2.358753677500748 -0.3
      vertex 1.4137825465313598 2.358753677500748 5.404999999999999
      vertex 1.527818140803906 2.2865414338319994 5.404999999999999
    endloop
  endfacet
  facet normal 0.6152315905806274 0.7883464276266059 0
    outer loop
      vertex 1.6381730873541918 2.2088207115717737 -0.3
      vertex 1.6381730873541918 2.2088207115717737 5.404999999999999
      vertex 1.744581531450025 2.125778746747527 5.404999999999999
    endloop
  endfacet
  facet normal 0.5758081914178433 0.817584813151585 0
    outer loop
      vertex 1.527818140803906 2.2865414338319994 -0.3
      vertex 1.527818140803906 2.2865414338319994 5.404999999999999
      vertex 1.6381730873541918 2.2088207115717737 5.404999999999999
    endloop
  endfacet
  facet normal 0.6531728429537773 0.7572088465064839 0
    outer loop
      vertex 1.744581531450025 2.125778746747527 -0.3
      vertex 1.744581531450025 2.125778746747527 5.404999999999999
      vertex 1.8467871258293007 2.0376155947261374 5.404999999999999
    endloop
  endfacet
  facet normal 0.932992798834739 0.35989503653498806 0
    outer loop
      vertex 2.5406687144060385 1.0523794390039969 -0.3
      vertex 2.5406687144060385 1.0523794390039969 5.404999999999999
      vertex 2.589246179253307 0.9264470968286052 5.404999999999999
    endloop
  endfacet
  facet normal 0.9637760657954394 0.26671275747490036 0
    outer loop
      vertex 2.6315859232635743 0.7982828624497714 -0.3
      vertex 2.6315859232635743 0.7982828624497714 5.404999999999999
      vertex 2.6629355133716164 0.6849999999999999 5.404999999999999
    endloop
  endfacet
  facet normal 0.9495281805930367 0.3136817403988917 0
    outer loop
      vertex 2.589246179253307 0.9264470968286052 -0.3
      vertex 2.589246179253307 0.9264470968286052 5.404999999999999
      vertex 2.6315859232635743 0.7982828624497714 5.404999999999999
    endloop
  endfacet
  facet normal 0.844853565249707 0.5349976198870973 0
    outer loop
      vertex 2.2865414338319994 1.527818140803906 -0.3
      vertex 2.2865414338319994 1.527818140803906 5.404999999999999
      vertex 2.358753677500748 1.4137825465313598 5.404999999999999
    endloop
  endfacet
  facet normal 0.8932243011955161 0.44961132965460504 0
    outer loop
      vertex 2.4252834769579765 1.2963410262714936 -0.3
      vertex 2.4252834769579765 1.2963410262714936 5.404999999999999
      vertex 2.485970556089469 1.1757765069332757 5.404999999999999
    endloop
  endfacet
  facet normal 0.9142097557035308 0.40524131400498936 0
    outer loop
      vertex 2.485970556089469 1.1757765069332757 -0.3
      vertex 2.485970556089469 1.1757765069332757 5.404999999999999
      vertex 2.5406687144060385 1.0523794390039969 5.404999999999999
    endloop
  endfacet
  facet normal 0.8700869911087104 0.492898192229786 0
    outer loop
      vertex 2.358753677500748 1.4137825465313598 -0.3
      vertex 2.358753677500748 1.4137825465313598 5.404999999999999
      vertex 2.4252834769579765 1.2963410262714936 5.404999999999999
    endloop
  endfacet
  facet normal 0.7883464276266059 0.6152315905806274 0
    outer loop
      vertex 2.125778746747527 1.744581531450025 -0.3
      vertex 2.125778746747527 1.744581531450025 5.404999999999999
      vertex 2.2088207115717737 1.6381730873541918 5.404999999999999
    endloop
  endfacet
  facet normal 0.817584813151585 0.5758081914178433 0
    outer loop
      vertex 2.2088207115717737 1.6381730873541918 -0.3
      vertex 2.2088207115717737 1.6381730873541918 5.404999999999999
      vertex 2.2865414338319994 1.527818140803906 5.404999999999999
    endloop
  endfacet
  facet normal 1 0 0
    outer loop
      vertex -0.735 -2.05 -0.3
      vertex -0.735 -0.6849999999999999 -0.3
      vertex -0.735 -2.05 5.404999999999999
    endloop
  endfacet
  facet normal 1 0 0
    outer loop
      vertex -0.735 -0.6849999999999999 -0.3
      vertex -0.735 -0.6849999999999999 5.404999999999999
      vertex -0.735 -2.05 5.404999999999999
    endloop
  endfacet
  facet normal 0 1 0
    outer loop
      vertex -0.735 -2.05 -0.3
      vertex -0.735 -2.05 5.404999999999999
      vertex 0.735 -2.05 5.404999999999999
    endloop
  endfacet
  facet normal 1 0 0
    outer loop
      vertex -0.735 0.6849999999999999 -0.3
      vertex -0.735 2.05 -0.3
      vertex -0.735 0.6849999999999999 5.404999999999999
    endloop
  endfacet
  facet normal 0 -1 0
    outer loop
      vertex -0.735 2.05 -0.3
      vertex 0.735 2.05 -0.3
      vertex -0.735 2.05 5.404999999999999
    endloop
  endfacet
  facet normal 1 0 0
    outer loop
      vertex -0.735 2.05 -0.3
      vertex -0.735 2.05 5.404999999999999
      vertex -0.735 0.6849999999999999 5.404999999999999
    endloop
  endfacet
  facet normal 0 1 0
    outer loop
      vertex -0.735 -2.05 -0.3
      vertex 0.735 -2.05 5.404999999999999
      vertex 0.735 -2.05 -0.3
    endloop
  endfacet
  facet normal -1 0 0
    outer loop
      vertex 0.735 -2.05 -0.3
      vertex 0.735 -0.6849999999999999 5.404999999999999
      vertex 0.735 -0.6849999999999999 -0.3
    endloop
  endfacet
  facet normal -1 0 0
    outer loop
      vertex 0.735 -2.05 -0.3
      vertex 0.735 -2.05 5.404999999999999
      vertex 0.735 -0.6849999999999999 5.404999999999999
    endloop
  endfacet
  facet normal -1 0 0
    outer loop
      vertex 0.735 0.6849999999999999 -0.3
      vertex 0.735 2.05 5.404999999999999
      vertex 0.735 2.05 -0.3
    endloop
  endfacet
  facet normal 0 -1 0
    outer loop
      vertex -0.735 2.05 5.404999999999999
      vertex 0.735 2.05 -0.3
      vertex 0.735 2.05 5.404999999999999
    endloop
  endfacet
  facet normal -1 0 0
    outer loop
      vertex 0.735 0.6849999999999999 -0.3
      vertex 0.735 0.6849999999999999 5.404999999999999
      vertex 0.735 2.05 5.404999999999999
    endloop
  endfacet
  facet normal 0 1 0
    outer loop
      vertex -2.6629355133716164 -0.6849999999999999 -0.3
      vertex -0.735 -0.6849999999999999 5.404999999999999
      vertex -0.735 -0.6849999999999999 -0.3
    endloop
  endfacet
  facet normal 0 1 0
    outer loop
      vertex -2.6629355133716164 -0.6849999999999999 -0.3
      vertex -2.6629355133716164 -0.6849999999999999 5.404999999999999
      vertex -0.735 -0.6849999999999999 5.404999999999999
    endloop
  endfacet
  facet normal 0 -1 0
    outer loop
      vertex -2.6629355133716164 0.6849999999999999 -0.3
      vertex -0.735 0.6849999999999999 -0.3
      vertex -2.6629355133716164 0.6849999999999999 5.404999999999999
    endloop
  endfacet
  facet normal 0 -1 0
    outer loop
      vertex -0.735 0.6849999999999999 -0.3
      vertex -0.735 0.6849999999999999 5.404999999999999
      vertex -2.6629355133716164 0.6849999999999999 5.404999999999999
    endloop
  endfacet
  facet normal 0 1 0
    outer loop
      vertex 0.735 -0.6849999999999999 -0.3
      vertex 2.6629355133716164 -0.6849999999999999 5.404999999999999
      vertex 2.6629355133716164 -0.6849999999999999 -0.3
    endloop
  endfacet
  facet normal 0 1 0
    outer loop
      vertex 0.735 -0.6849999999999999 -0.3
      vertex 0.735 -0.6849999999999999 5.404999999999999
      vertex 2.6629355133716164 -0.6849999999999999 5.404999999999999
    endloop
  endfacet
  facet normal 0 -1 0
    outer loop
      vertex 0.735 0.6849999999999999 -0.3
      vertex 2.6629355133716164 0.6849999999999999 -0.3
      vertex 0.735 0.6849999999999999 5.404999999999999
    endloop
  endfacet
  facet normal 0 -1 0
    outer loop
      vertex 2.6629355133716164 0.6849999999999999 -0.3
      vertex 2.6629355133716164 0.6849999999999999 5.404999999999999
      vertex 0.735 0.6849999999999999 5.404999999999999
    endloop
  endfacet
  facet normal 1 0 0
    outer loop
      vertex -0.7614699974656105 7.080431953669589 3.278272185321645
      vertex -0.7614699974656105 7.131747639606085 3.0730094415756612
      vertex -0.7614699974656105 7.509406463135496 3.1674241474580143
    endloop
  endfacet
  facet normal 0 0.970142500145332 0.24253562503633247
    outer loop
      vertex -0.7614699974656105 7.080431953669589 3.278272185321645
      vertex 0.4659299999475479 7.080431953669589 3.278272185321645
      vertex -0.7614699974656105 7.131747639606085 3.0730094415756612
    endloop
  endfacet
  facet normal 0 0.24253562503633352 -0.9701425001453318
    outer loop
      vertex -0.7614699974656105 7.080431953669589 3.278272185321645
      vertex -0.7614699974656105 7.458090777199001 3.372686891203998
      vertex 0.4659299999475479 7.080431953669589 3.278272185321645
    endloop
  endfacet
  facet normal 1 0 0
    outer loop
      vertex -0.7614699974656105 7.080431953669589 3.278272185321645
      vertex -0.7614699974656105 7.509406463135496 3.1674241474580143
      vertex -0.7614699974656105 7.458090777199001 3.372686891203998
    endloop
  endfacet
  facet normal 1.3779915398567226e-16 -0.24253562503633347 0.9701425001453317
    outer loop
      vertex -0.7614699974656105 7.131747639606085 3.0730094415756612
      vertex 0.7602299973368645 7.509406463135497 3.1674241474580143
      vertex -0.7614699974656105 7.509406463135496 3.1674241474580143
    endloop
  endfacet
  facet normal 0.7922538595902853 -0.14799320770667673 0.5919728308267069
    outer loop
      vertex -0.6977299973368645 6.713994578370807 4.744021686516774
      vertex 0.4659299999475479 7.080431953669589 3.278272185321645
      vertex -0.6977299973368645 7.091653401900219 4.838436392399127
    endloop
  endfacet
  facet normal 1.9162586398158644e-17 0.9701425001453318 0.2425356250363332
    outer loop
      vertex -0.6977299973368645 6.713994578370807 4.744021686516774
      vertex -0.4034299999475479 6.719587450231673 4.721650199073309
      vertex 0.4659299999475479 7.080431953669589 3.278272185321645
    endloop
  endfacet
  facet normal -0.7911920648648401 0.14832696722303398 -0.5933078688921359
    outer loop
      vertex -0.4034299999475479 6.719587450231673 4.721650199073309
      vertex -0.4034299999475479 7.097246273761085 4.816064904955662
      vertex 0.7602299973368645 7.0847102807906985 3.261158876837209
    endloop
  endfacet
  facet normal -1.7736318920228596e-16 0.9701425001453325 0.24253562503633075
    outer loop
      vertex -0.6977299973368645 6.713994578370807 4.744021686516774
      vertex -0.6977299973368645 6.668271762488146 4.926912950047418
      vertex -0.4034299999475479 6.719587450231673 4.721650199073309
    endloop
  endfacet
  facet normal 1 0 0
    outer loop
      vertex -0.6977299973368645 6.713994578370807 4.744021686516774
      vertex -0.6977299973368645 7.091653401900219 4.838436392399127
      vertex -0.6977299973368645 6.668271762488146 4.926912950047418
    endloop
  endfacet
  facet normal 1 0 0
    outer loop
      vertex -0.6977299973368645 6.668271762488146 4.926912950047418
      vertex -0.6977299973368645 7.091653401900219 4.838436392399127
      vertex -0.6977299973368645 7.045930586017557 5.021327655929771
    endloop
  endfacet
  facet normal 0 0.9701425001453324 0.24253562503633097
    outer loop
      vertex -0.6977299973368645 6.668271762488146 4.926912950047418
      vertex 0.6612299978733063 6.668271762488146 4.926912950047418
      vertex -0.4034299999475479 6.719587450231673 4.721650199073309
    endloop
  endfacet
  facet normal -3.953708405216856e-18 -0.24253562503633297 0.9701425001453319
    outer loop
      vertex -0.4034299999475479 6.719587450231673 4.721650199073309
      vertex 0.6612299978733063 7.097246273761085 4.816064904955662
      vertex -0.4034299999475479 7.097246273761085 4.816064904955662
    endloop
  endfacet
  facet normal 0 0.24253562503633352 -0.9701425001453318
    outer loop
      vertex -0.6977299973368645 6.668271762488146 4.926912950047418
      vertex -0.6977299973368645 7.045930586017557 5.021327655929771
      vertex 0.6612299978733063 6.668271762488146 4.926912950047418
    endloop
  endfacet
  facet normal 0 0.970142500145332 0.24253562503633247
    outer loop
      vertex -0.7614699974656105 7.131747639606085 3.0730094415756612
      vertex 0.4659299999475479 7.080431953669589 3.278272185321645
      vertex 0.7602299973368645 7.131747639606085 3.0730094415756612
    endloop
  endfacet
  facet normal 0 -0.24253562503633297 0.9701425001453319
    outer loop
      vertex -0.7614699974656105 7.131747639606085 3.0730094415756612
      vertex 0.7602299973368645 7.131747639606085 3.0730094415756612
      vertex 0.7602299973368645 7.509406463135497 3.1674241474580143
    endloop
  endfacet
  facet normal -4.325716930533578e-16 0.9701425001453322 0.24253562503633191
    outer loop
      vertex 0.4659299999475479 7.080431953669589 3.278272185321645
      vertex 0.7602299973368645 7.0847102807906985 3.261158876837209
      vertex 0.7602299973368645 7.131747639606085 3.0730094415756612
    endloop
  endfacet
  facet normal -1 0 0
    outer loop
      vertex 0.7602299973368645 7.131747639606085 3.0730094415756612
      vertex 0.7602299973368645 7.0847102807906985 3.261158876837209
      vertex 0.7602299973368645 7.46236910432011 3.355573582719562
    endloop
  endfacet
  facet normal -4.1526113338415354e-16 0.9701425001453319 0.24253562503633297
    outer loop
      vertex -0.4034299999475479 6.719587450231673 4.721650199073309
      vertex 0.7602299973368645 7.0847102807906985 3.261158876837209
      vertex 0.4659299999475479 7.080431953669589 3.278272185321645
    endloop
  endfacet
  facet normal 0.7922538595902852 -0.14799320770667707 0.5919728308267069
    outer loop
      vertex 0.4659299999475479 7.080431953669589 3.278272185321645
      vertex 0.4659299999475479 7.458090777199001 3.372686891203998
      vertex -0.6977299973368645 7.091653401900219 4.838436392399127
    endloop
  endfacet
  facet normal -0.7911920648648398 0.1483269672230343 -0.5933078688921358
    outer loop
      vertex 0.7602299973368645 7.0847102807906985 3.261158876837209
      vertex -0.4034299999475479 7.097246273761085 4.816064904955662
      vertex 0.7602299973368645 7.46236910432011 3.355573582719562
    endloop
  endfacet
  facet normal -4.665093917254142e-18 0.24253562503633352 -0.9701425001453318
    outer loop
      vertex 0.4659299999475479 7.080431953669589 3.278272185321645
      vertex -0.7614699974656105 7.458090777199001 3.372686891203998
      vertex 0.4659299999475479 7.458090777199001 3.372686891203998
    endloop
  endfacet
  facet normal -1 0 0
    outer loop
      vertex 0.7602299973368645 7.131747639606085 3.0730094415756612
      vertex 0.7602299973368645 7.46236910432011 3.355573582719562
      vertex 0.7602299973368645 7.509406463135497 3.1674241474580143
    endloop
  endfacet
  facet normal 0 0.9701425001453324 0.242535625036331
    outer loop
      vertex -0.4034299999475479 6.719587450231673 4.721650199073309
      vertex 0.6612299978733063 6.668271762488146 4.926912950047418
      vertex 0.6612299978733063 6.719587450231673 4.721650199073309
    endloop
  endfacet
  facet normal 0 -0.24253562503633297 0.9701425001453319
    outer loop
      vertex -0.4034299999475479 6.719587450231673 4.721650199073309
      vertex 0.6612299978733063 6.719587450231673 4.721650199073309
      vertex 0.6612299978733063 7.097246273761085 4.816064904955662
    endloop
  endfacet
  facet normal -4.213469331070579e-18 0.24253562503633352 -0.9701425001453318
    outer loop
      vertex 0.6612299978733063 6.668271762488146 4.926912950047418
      vertex -0.6977299973368645 7.045930586017557 5.021327655929771
      vertex 0.6612299978733063 7.045930586017557 5.021327655929771
    endloop
  endfacet
  facet normal -1 0 0
    outer loop
      vertex 0.6612299978733063 6.719587450231673 4.721650199073309
      vertex 0.6612299978733063 7.045930586017557 5.021327655929771
      vertex 0.6612299978733063 7.097246273761085 4.816064904955662
    endloop
  endfacet
  facet normal -1 0 0
    outer loop
      vertex 0.6612299978733063 6.719587450231673 4.721650199073309
      vertex 0.6612299978733063 6.668271762488146 4.926912950047418
      vertex 0.6612299978733063 7.045930586017557 5.021327655929771
    endloop
  endfacet
  facet normal 0.046040238469365224 0.13936579098343874 0.9891700929290395
    outer loop
      vertex -6.243011082861526 -4.122342042614836 8.1874774920034
      vertex -6.232859989913048 -4.184485764911086 8.195760546991584
      vertex -6.349622371721489 -1.3835057049784985 7.806560513114043
    endloop
  endfacet
  facet normal 0.04604023846914875 0.1393657909834318 0.9891700929290506
    outer loop
      vertex -6.243011082861526 -4.122342042614836 8.1874774920034
      vertex -6.349622371721489 -1.3835057049784985 7.806560513114043
      vertex -6.255267664612675 -4.012714648001325 8.172602383341799
    endloop
  endfacet
  facet normal 0.04604023846926156 0.1393657909834351 0.9891700929290448
    outer loop
      vertex -6.255267664612675 -4.012714648001325 8.172602383341799
      vertex -6.349622371721489 -1.3835057049784985 7.806560513114043
      vertex -6.261893766778997 -3.903156277964996 8.15747493288401
    endloop
  endfacet
  facet normal 0.03914642574128621 0.1414570062118623 0.9891700929290469
    outer loop
      vertex -4.974752067978741 -0.037059767128212684 7.552865156180616
      vertex -6.09774376070396 -4.661331746602314 8.258605034512373
      vertex -6.052339040844897 -4.765496101106585 8.271704242970577
    endloop
  endfacet
  facet normal 0.039146425741307875 0.14145700621185747 0.9891700929290467
    outer loop
      vertex -4.974752067978741 -0.037059767128212684 7.552865156180616
      vertex -5.7490603432704015 -5.253653084339252 8.329511235726155
      vertex -5.67414400730359 -5.342981332147682 8.339320872907626
    endloop
  endfacet
  facet normal 0.03914642574131791 0.14145700621185603 0.9891700929290465
    outer loop
      vertex -4.974752067978741 -0.037059767128212684 7.552865156180616
      vertex -5.819434562613994 -5.161229269220757 8.319079160280822
      vertex -5.7490603432704015 -5.253653084339252 8.329511235726155
    endloop
  endfacet
  facet normal 0.03914642574129286 0.14145700621186025 0.9891700929290468
    outer loop
      vertex -4.974752067978741 -0.037059767128212684 7.552865156180616
      vertex -5.885098042264482 -5.0659511077393615 8.308052469291633
      vertex -5.819434562613994 -5.161229269220757 8.319079160280822
    endloop
  endfacet
  facet normal 0.03914642574132392 0.14145700621185453 0.9891700929290465
    outer loop
      vertex -4.974752067978741 -0.037059767128212684 7.552865156180616
      vertex -5.945895442557469 -4.968066355749365 8.2964604456989
      vertex -5.885098042264482 -5.0659511077393615 8.308052469291633
    endloop
  endfacet
  facet normal 0.039146425741299624 0.14145700621185925 0.9891700929290469
    outer loop
      vertex -4.974752067978741 -0.037059767128212684 7.552865156180616
      vertex -6.00168504546801 -4.867828525741678 8.284333734751678
      vertex -5.945895442557469 -4.968066355749365 8.2964604456989
    endloop
  endfacet
  facet normal 0.03914642574130785 0.14145700621185753 0.9891700929290466
    outer loop
      vertex -4.974752067978741 -0.037059767128212684 7.552865156180616
      vertex -6.052339040844897 -4.765496101106585 8.271704242970577
      vertex -6.00168504546801 -4.867828525741678 8.284333734751678
    endloop
  endfacet
  facet normal 0.03914642574129123 0.14145700621186202 0.9891700929290467
    outer loop
      vertex -4.974752067978741 -0.037059767128212684 7.552865156180616
      vertex -6.201541201842694 -4.340519912879455 8.216834884940068
      vertex -6.172422458241353 -4.448574078534332 8.231134876568712
    endloop
  endfacet
  facet normal 0.039146425741299944 0.14145700621185908 0.9891700929290467
    outer loop
      vertex -4.974752067978741 -0.037059767128212684 7.552865156180616
      vertex -6.225100316877607 -4.231710562711068 8.202206875178282
      vertex -6.201541201842694 -4.340519912879455 8.216834884940068
    endloop
  endfacet
  facet normal 0.0391464257413287 0.14145700621185192 0.9891700929290467
    outer loop
      vertex -4.974752067978741 -0.037059767128212684 7.552865156180616
      vertex -6.1377998619554095 -4.555601518598472 8.245070225461738
      vertex -6.09774376070396 -4.661331746602314 8.258605034512373
    endloop
  endfacet
  facet normal 0.039146425741301484 0.1414570062118591 0.9891700929290468
    outer loop
      vertex -4.974752067978741 -0.037059767128212684 7.552865156180616
      vertex -6.172422458241353 -4.448574078534332 8.231134876568712
      vertex -6.1377998619554095 -4.555601518598472 8.245070225461738
    endloop
  endfacet
  facet normal 0.03914642574130806 0.1414570062118564 0.9891700929290468
    outer loop
      vertex -4.974752067978741 -0.037059767128212684 7.552865156180616
      vertex -6.232859989913048 -4.184485764911086 8.195760546991584
      vertex -6.225100316877607 -4.231710562711068 8.202206875178282
    endloop
  endfacet
  facet normal 0.03914642574130206 0.14145700621185878 0.9891700929290467
    outer loop
      vertex -4.164071503477977 -0.26140529350404407 7.552865156180616
      vertex -5.67414400730359 -5.342981332147682 8.339320872907626
      vertex -5.594867071225665 -5.428980093661755 8.348481803586093
    endloop
  endfacet
  facet normal 0.039146425741301595 0.141457006211859 0.9891700929290466
    outer loop
      vertex -4.164071503477977 -0.26140529350404407 7.552865156180616
      vertex -5.594867071225665 -5.428980093661755 8.348481803586093
      vertex -5.511423503906989 -5.511423503906989 8.35696940409441
    endloop
  endfacet
  facet normal 0.039146425741321815 0.14145700621185445 0.9891700929290465
    outer loop
      vertex -4.164071503477977 -0.26140529350404407 7.552865156180616
      vertex -5.511423503906989 -5.511423503906989 8.35696940409441
      vertex -5.485073454493025 -5.535140700753002 8.359318295782018
    endloop
  endfacet
  facet normal 0.03215830584495266 0.14320743912214745 0.9891700929290467
    outer loop
      vertex -4.164071503477977 -0.26140529350404407 7.552865156180616
      vertex -5.485073454493025 -5.535140700753002 8.359318295782018
      vertex -5.423866171506515 -5.58994723033933 8.36526305721895
    endloop
  endfacet
  facet normal 0.03215830584495573 0.14320743912214684 0.9891700929290467
    outer loop
      vertex -4.164071503477977 -0.26140529350404407 7.552865156180616
      vertex -5.423866171506515 -5.58994723033933 8.36526305721895
      vertex -5.332485921147254 -5.664428419912345 8.373075289349218
    endloop
  endfacet
  facet normal 0.03215830584494818 0.14320743912214867 0.9891700929290467
    outer loop
      vertex -4.164071503477977 -0.26140529350404407 7.552865156180616
      vertex -5.237575367522585 -5.734734586382394 8.380168309542055
      vertex -5.139372678612478 -5.800679251303363 8.386522863250528
    endloop
  endfacet
  facet normal 0.0321583058449662 0.1432074391221455 0.9891700929290466
    outer loop
      vertex -4.164071503477977 -0.26140529350404407 7.552865156180616
      vertex -5.139372678612478 -5.800679251303363 8.386522863250528
      vertex -5.0381256469160745 -5.862087305888254 8.392121654870873
    endloop
  endfacet
  facet normal 0.03215830584494947 0.1432074391221481 0.9891700929290468
    outer loop
      vertex -4.164071503477977 -0.26140529350404407 7.552865156180616
      vertex -5.0381256469160745 -5.862087305888254 8.392121654870873
      vertex -4.934090982267041 -5.918795599840291 8.396949409999879
    endloop
  endfacet
  facet normal 0.03215830584494451 0.14320743912214925 0.9891700929290468
    outer loop
      vertex -4.164071503477977 -0.26140529350404407 7.552865156180616
      vertex -5.332485921147254 -5.664428419912345 8.373075289349218
      vertex -5.237575367522585 -5.734734586382394 8.380168309542055
    endloop
  endfacet
  facet normal 0.03215830584495516 0.14320743912214723 0.9891700929290467
    outer loop
      vertex -4.164071503477977 -0.26140529350404407 7.552865156180616
      vertex -4.934090982267041 -5.918795599840291 8.396949409999879
      vertex -4.827533566301393 -5.970653491144909 8.400992930793652
    endloop
  endfacet
  facet normal 0.03215830584495208 0.14320743912214767 0.9891700929290468
    outer loop
      vertex -4.164071503477977 -0.26140529350404407 7.552865156180616
      vertex -4.827533566301393 -5.970653491144909 8.400992930793652
      vertex -4.718725671681332 -6.017523353754363 8.404241144084509
    endloop
  endfacet
  facet normal 0.03215830584496277 0.1432074391221465 0.9891700929290465
    outer loop
      vertex -4.164071503477977 -0.26140529350404407 7.552865156180616
      vertex -4.718725671681332 -6.017523353754363 8.404241144084509
      vertex -4.607946149449167 -6.059281040325368 8.40668514195452
    endloop
  endfacet
  facet normal 0.0460402384692232 0.1393657909834338 0.9891700929290466
    outer loop
      vertex -4.974752067978741 -0.037059767128212684 7.552865156180616
      vertex -6.349622371721489 -1.3835057049784985 7.806560513114043
      vertex -6.232859989913048 -4.184485764911086 8.195760546991584
    endloop
  endfacet
  facet normal 0.05282313623002139 0.13693883135752846 0.9891700929290469
    outer loop
      vertex -5.773448019010926 0.2267937351584166 7.552865156180616
      vertex -6.413046210954846 0.4735139831012337 7.552865156180616
      vertex -6.349622371721489 -1.3835057049784985 7.806560513114043
    endloop
  endfacet
  facet normal 0.04604023846922372 0.13936579098343332 0.9891700929290468
    outer loop
      vertex -5.773448019010926 0.2267937351584166 7.552865156180616
      vertex -6.349622371721489 -1.3835057049784985 7.806560513114043
      vertex -4.974752067978741 -0.037059767128212684 7.552865156180616
    endloop
  endfacet
  facet normal 0.03914642574130514 0.1414570062118578 0.9891700929290468
    outer loop
      vertex -4.974752067978741 -0.037059767128212684 7.552865156180616
      vertex -5.67414400730359 -5.342981332147682 8.339320872907626
      vertex -4.164071503477977 -0.26140529350404407 7.552865156180616
    endloop
  endfacet
  facet normal 0.032158305844972666 0.14320743912214406 0.9891700929290467
    outer loop
      vertex -3.343359325995748 -0.4457023759456895 7.552865156180616
      vertex -4.4954795881307765 -6.095816297426678 8.408318214509473
      vertex -4.468697390065704 -6.103158867437025 8.408510537884936
    endloop
  endfacet
  facet normal 0.032158305844943 0.14320743912214964 0.9891700929290468
    outer loop
      vertex -3.343359325995748 -0.4457023759456895 7.552865156180616
      vertex -4.607946149449167 -6.059281040325368 8.40668514195452
      vertex -4.4954795881307765 -6.095816297426678 8.408318214509473
    endloop
  endfacet
  facet normal 0.025092713773086056 0.14461287276810145 0.9891700929290468
    outer loop
      vertex -3.343359325995748 -0.4457023759456895 7.552865156180616
      vertex -4.468697390065704 -6.103158867437025 8.408510537884936
      vertex -4.381379738713869 -6.126873350089025 8.409762478919808
    endloop
  endfacet
  facet normal 0.025092713773079884 0.1446128727681026 0.9891700929290468
    outer loop
      vertex -3.343359325995748 -0.4457023759456895 7.552865156180616
      vertex -4.381379738713869 -6.126873350089025 8.409762478919808
      vertex -4.266091613991432 -6.152483935822562 8.41058208362369
    endloop
  endfacet
  facet normal 0.025092713773102005 0.14461287276809903 0.9891700929290466
    outer loop
      vertex -3.343359325995748 -0.4457023759456895 7.552865156180616
      vertex -4.266091613991432 -6.152483935822562 8.41058208362369
      vertex -4.149983391392136 -6.17263062360089 8.410582083623689
    endloop
  endfacet
  facet normal 0.025092713773079964 0.14461287276810225 0.9891700929290468
    outer loop
      vertex -3.343359325995748 -0.4457023759456895 7.552865156180616
      vertex -4.149983391392136 -6.17263062360089 8.410582083623689
      vertex -4.033354587858957 -6.187261442304313 8.409762478919808
    endloop
  endfacet
  facet normal 0.025092713773087517 0.1446128727681013 0.9891700929290467
    outer loop
      vertex -3.343359325995748 -0.4457023759456895 7.552865156180616
      vertex -4.033354587858957 -6.187261442304313 8.409762478919808
      vertex -3.9165061018445213 -6.196339596656799 8.40812552320753
    endloop
  endfacet
  facet normal 0.025092713773094688 0.14461287276810053 0.9891700929290466
    outer loop
      vertex -3.343359325995748 -0.4457023759456895 7.552865156180616
      vertex -3.9165061018445213 -6.196339596656799 8.40812552320753
      vertex -3.799739285198831 -6.199843571119299 8.405675715522806
    endloop
  endfacet
  facet normal 0.02509271377308478 0.14461287276810167 0.9891700929290467
    outer loop
      vertex -2.5145927030535047 -0.5895070266390334 7.552865156180616
      vertex -3.799739285198831 -6.199843571119299 8.405675715522806
      vertex -3.3472182029349593 -6.202612205624722 8.394601177501118
    endloop
  endfacet
  facet normal 0.017966671155879292 0.14566992133696513 0.9891700929290467
    outer loop
      vertex -1.6797682060372974 -0.6924728075847533 7.552865156180616
      vertex -3.3472182029349593 -6.202612205624722 8.394601177501118
      vertex -2.222954522979733 -6.207536035719011 8.374905857123958
    endloop
  endfacet
  facet normal 0.010797345254161697 0.1463760383061501 0.9891700929290467
    outer loop
      vertex -0.8408970002824281 -0.754351665197813 7.552865156180616
      vertex -2.222954522979733 -6.207536035719011 8.374905857123958
      vertex -1.1089387886018682 -6.210467609477847 8.363179562088613
    endloop
  endfacet
  facet normal 0.0036020076019904978 0.14672952257802901 0.9891700929290467
    outer loop
      vertex 0 -0.774994527890275 7.552865156180616
      vertex -1.1089387886018682 -6.210467609477847 8.363179562088613
      vertex 0 -6.211441045242147 8.359285819031415
    endloop
  endfacet
  facet normal 0.032158305844953515 0.14320743912214728 0.9891700929290468
    outer loop
      vertex -4.164071503477977 -0.26140529350404407 7.552865156180616
      vertex -4.607946149449167 -6.059281040325368 8.40668514195452
      vertex -3.343359325995748 -0.4457023759456895 7.552865156180616
    endloop
  endfacet
  facet normal 0.025092713773087166 0.14461287276810114 0.9891700929290468
    outer loop
      vertex -3.343359325995748 -0.4457023759456895 7.552865156180616
      vertex -3.799739285198831 -6.199843571119299 8.405675715522806
      vertex -2.5145927030535047 -0.5895070266390334 7.552865156180616
    endloop
  endfacet
  facet normal 0.017966671155878904 0.14566992133696524 0.9891700929290467
    outer loop
      vertex -2.5145927030535047 -0.5895070266390334 7.552865156180616
      vertex -3.3472182029349593 -6.202612205624722 8.394601177501118
      vertex -1.6797682060372974 -0.6924728075847533 7.552865156180616
    endloop
  endfacet
  facet normal 0.010797345254161473 0.14637603830615017 0.9891700929290467
    outer loop
      vertex -1.6797682060372974 -0.6924728075847533 7.552865156180616
      vertex -2.222954522979733 -6.207536035719011 8.374905857123958
      vertex -0.8408970002824281 -0.754351665197813 7.552865156180616
    endloop
  endfacet
  facet normal 0.003602007601991017 0.1467295225780289 0.9891700929290467
    outer loop
      vertex -0.8408970002824281 -0.754351665197813 7.552865156180616
      vertex -1.1089387886018682 -6.210467609477847 8.363179562088613
      vertex 0 -0.774994527890275 7.552865156180616
    endloop
  endfacet
  facet normal 0.039732446426925645 0.08963496288785558 0.9951818457593689
    outer loop
      vertex -4.417398540188997 6.570439124113397 6.923293503546408
      vertex -6.4628267029615225 2.6980010089660786 7.35374318815391
      vertex -6.421823309809863 0.8588470702933455 7.517756760760549
    endloop
  endfacet
  facet normal 0.035286407787797076 0.09147657239101736 0.995181845759369
    outer loop
      vertex -5.773448019010926 0.2267937351584166 7.552865156180616
      vertex -4.054469377509447 6.574145040590288 6.908469837638849
      vertex -6.413046210954846 0.4735139831012337 7.552865156180616
    endloop
  endfacet
  facet normal 0.03528640778779597 0.09147657239101778 0.9951818457593689
    outer loop
      vertex -6.413046210954846 0.4735139831012337 7.552865156180616
      vertex -4.054469377509447 6.574145040590288 6.908469837638849
      vertex -6.421823309809863 0.8588470702933455 7.517756760760549
    endloop
  endfacet
  facet normal 0.030755361101583598 0.0930978068188878 0.9951818457593689
    outer loop
      vertex -5.773448019010926 0.2267937351584166 7.552865156180616
      vertex -4.974752067978741 -0.037059767128212684 7.552865156180616
      vertex -3.2151504376210287 6.581428483754159 6.879336064983363
    endloop
  endfacet
  facet normal 0.04832688657323074 0.08530888526474974 0.9951818457593685
    outer loop
      vertex -6.491820892943676 4.5194917192083945 7.195422927597272
      vertex -6.49729800113657 4.407863981935728 7.205257843155118
      vertex -5.828310079983318 5.9790418658754945 7.038086850311071
    endloop
  endfacet
  facet normal 0.04832688657320126 0.0853088852647632 0.995181845759369
    outer loop
      vertex -6.4811396057993385 4.6305191991505135 7.1853867478352935
      vertex -6.491820892943676 4.5194917192083945 7.195422927597272
      vertex -5.828310079983318 5.9790418658754945 7.038086850311071
    endloop
  endfacet
  facet normal 0.04832688657318561 0.08530888526477029 0.9951818457593691
    outer loop
      vertex -6.4443294371529225 4.849693017667846 7.164811216771193
      vertex -6.465292197692552 4.740675476849752 7.17517437791235
      vertex -5.973036426764077 5.822067734177152 7.058571008078301
    endloop
  endfacet
  facet normal 0.048326886573214184 0.08530888526475669 0.995181845759369
    outer loop
      vertex -6.4443294371529225 4.849693017667846 7.164811216771193
      vertex -6.039776230394683 5.737961100411556 7.069021731364911
      vertex -6.418314557197081 4.957308357734176 7.154322919686831
    endloop
  endfacet
  facet normal 0.048326886573224564 0.08530888526475232 0.9951818457593689
    outer loop
      vertex -6.4811396057993385 4.6305191991505135 7.1853867478352935
      vertex -5.902488804061888 5.902488804061888 7.048251307384637
      vertex -6.465292197692552 4.740675476849752 7.17517437791235
    endloop
  endfacet
  facet normal 0.04832688657316681 0.08530888526477604 0.9951818457593695
    outer loop
      vertex -6.387322978583432 5.063262741536342 7.143735330172048
      vertex -6.418314557197081 4.957308357734176 7.154322919686831
      vertex -6.161166793004701 5.559468537745712 7.090217284307591
    endloop
  endfacet
  facet normal 0.048326886573268904 0.08530888526472945 0.9951818457593686
    outer loop
      vertex -6.387322978583432 5.063262741536342 7.143735330172048
      vertex -6.161166793004701 5.559468537745712 7.090217284307591
      vertex -6.351442004275519 5.167302735157476 7.133074412572421
    endloop
  endfacet
  facet normal 0.04832688657314862 0.08530888526478846 0.9951818457593694
    outer loop
      vertex -6.351442004275519 5.167302735157476 7.133074412572421
      vertex -6.215506817857046 5.465494011999454 7.100911758184373
      vertex -6.310770487061875 5.269180813897477 7.1223661855536315
    endloop
  endfacet
  facet normal 0.04832688657336273 0.08530888526468436 0.9951818457593677
    outer loop
      vertex -6.310770487061875 5.269180813897477 7.1223661855536315
      vertex -6.215506817857046 5.465494011999454 7.100911758184373
      vertex -6.265418472311243 5.368655923201228 7.111636656669526
    endloop
  endfacet
  facet normal 0.048326886573129564 0.08530888526479714 0.9951818457593695
    outer loop
      vertex -6.351442004275519 5.167302735157476 7.133074412572421
      vertex -6.161166793004701 5.559468537745712 7.090217284307591
      vertex -6.215506817857046 5.465494011999454 7.100911758184373
    endloop
  endfacet
  facet normal 0.04832688657323639 0.08530888526474627 0.9951818457593687
    outer loop
      vertex -6.102539658640747 5.650360942604718 7.079578829983702
      vertex -6.161166793004701 5.559468537745712 7.090217284307591
      vertex -6.418314557197081 4.957308357734176 7.154322919686831
    endloop
  endfacet
  facet normal 0.044082766122459906 0.08757741490800136 0.9951818457593689
    outer loop
      vertex -4.727360551866897 6.543312760596317 6.938475754431841
      vertex -6.495723738096392 4.209855646684959 7.222155047614433
      vertex -6.4628267029615225 2.6980010089660786 7.35374318815391
    endloop
  endfacet
  facet normal 0.04832688657322147 0.0853088852647538 0.9951818457593689
    outer loop
      vertex -6.497545796456011 4.295909660760017 7.214866814175959
      vertex -6.495723738096392 4.209855646684959 7.222155047614433
      vertex -5.66980408086456 6.119864113040995 7.0183181111097035
    endloop
  endfacet
  facet normal 0.048326886573196184 0.08530888526476528 0.9951818457593691
    outer loop
      vertex -6.497545796456011 4.295909660760017 7.214866814175959
      vertex -5.66980408086456 6.119864113040995 7.0183181111097035
      vertex -6.49729800113657 4.407863981935728 7.205257843155118
    endloop
  endfacet
  facet normal 0.048326886573223926 0.08530888526475197 0.995181845759369
    outer loop
      vertex -6.102539658640747 5.650360942604718 7.079578829983702
      vertex -6.418314557197081 4.957308357734176 7.154322919686831
      vertex -6.039776230394683 5.737961100411556 7.069021731364911
    endloop
  endfacet
  facet normal 0.048326886573205614 0.08530888526476064 0.9951818457593689
    outer loop
      vertex -6.4443294371529225 4.849693017667846 7.164811216771193
      vertex -5.973036426764077 5.822067734177152 7.058571008078301
      vertex -6.039776230394683 5.737961100411556 7.069021731364911
    endloop
  endfacet
  facet normal 0.048326886573217834 0.08530888526475558 0.9951818457593689
    outer loop
      vertex -5.973036426764077 5.822067734177152 7.058571008078301
      vertex -6.465292197692552 4.740675476849752 7.17517437791235
      vertex -5.902488804061888 5.902488804061888 7.048251307384637
    endloop
  endfacet
  facet normal 0.048326886573209875 0.08530888526475888 0.995181845759369
    outer loop
      vertex -6.4811396057993385 4.6305191991505135 7.1853867478352935
      vertex -5.828310079983318 5.9790418658754945 7.038086850311071
      vertex -5.902488804061888 5.902488804061888 7.048251307384637
    endloop
  endfacet
  facet normal 0.04832688657321076 0.08530888526475831 0.9951818457593689
    outer loop
      vertex -5.750684647519161 6.051554400286792 7.028101379825866
      vertex -5.828310079983318 5.9790418658754945 7.038086850311071
      vertex -6.49729800113657 4.407863981935728 7.205257843155118
    endloop
  endfacet
  facet normal 0.04832688657320849 0.08530888526475934 0.9951818457593691
    outer loop
      vertex -5.750684647519161 6.051554400286792 7.028101379825866
      vertex -6.49729800113657 4.407863981935728 7.205257843155118
      vertex -5.66980408086456 6.119864113040995 7.0183181111097035
    endloop
  endfacet
  facet normal 0.048326886573211554 0.08530888526475806 0.9951818457593689
    outer loop
      vertex -5.585866634887788 6.183819206584722 7.00875968396524
      vertex -5.66980408086456 6.119864113040995 7.0183181111097035
      vertex -6.495723738096392 4.209855646684959 7.222155047614433
    endloop
  endfacet
  facet normal 0.048326886573218104 0.08530888526475504 0.9951818457593687
    outer loop
      vertex -5.499076739634251 6.2432786235894495 6.999448117394496
      vertex -5.585866634887788 6.183819206584722 7.00875968396524
      vertex -6.495723738096392 4.209855646684959 7.222155047614433
    endloop
  endfacet
  facet normal 0.04832688657322152 0.08530888526475337 0.9951818457593689
    outer loop
      vertex -5.499076739634251 6.2432786235894495 6.999448117394496
      vertex -6.495723738096392 4.209855646684959 7.222155047614433
      vertex -5.409644491247539 6.298112262942722 6.990404766362361
    endloop
  endfacet
  facet normal 0.04832688657320367 0.08530888526476266 0.9951818457593687
    outer loop
      vertex -5.409644491247539 6.298112262942722 6.990404766362361
      vertex -6.495723738096392 4.209855646684959 7.222155047614433
      vertex -5.367138698567554 6.321289747157542 6.986353830364748
    endloop
  endfacet
  facet normal 0.04408276612245682 0.08757741490800336 0.9951818457593689
    outer loop
      vertex -5.317733208331237 6.348161175284819 6.981800631468652
      vertex -5.367138698567554 6.321289747157542 6.986353830364748
      vertex -6.495723738096392 4.209855646684959 7.222155047614433
    endloop
  endfacet
  facet normal 0.04408276612245555 0.08757741490800411 0.9951818457593689
    outer loop
      vertex -5.127391139521862 6.433525564516269 6.965857015229781
      vertex -6.495723738096392 4.209855646684959 7.222155047614433
      vertex -5.029455221250798 6.46869521657433 6.958423847691495
    endloop
  endfacet
  facet normal 0.04408276612245976 0.08757741490800174 0.9951818457593689
    outer loop
      vertex -5.223559588097884 6.3933193402918915 6.973655116090229
      vertex -5.317733208331237 6.348161175284819 6.981800631468652
      vertex -6.495723738096392 4.209855646684959 7.222155047614433
    endloop
  endfacet
  facet normal 0.04408276612245331 0.08757741490800551 0.9951818457593687
    outer loop
      vertex -5.223559588097884 6.3933193402918915 6.973655116090229
      vertex -6.495723738096392 4.209855646684959 7.222155047614433
      vertex -5.127391139521862 6.433525564516269 6.965857015229781
    endloop
  endfacet
  facet normal 0.04408276612246308 0.08757741490799996 0.9951818457593689
    outer loop
      vertex -4.638212301560056 6.555824031754427 6.93342581679968
      vertex -4.727360551866897 6.543312760596317 6.938475754431841
      vertex -6.4628267029615225 2.6980010089660786 7.35374318815391
    endloop
  endfacet
  facet normal 0.03973244642690786 0.0896349628878638 0.9951818457593687
    outer loop
      vertex -4.624661684482058 6.557708694516448 6.932715061426833
      vertex -4.638212301560056 6.555824031754427 6.93342581679968
      vertex -6.4628267029615225 2.6980010089660786 7.35374318815391
    endloop
  endfacet
  facet normal 0.039732446426923564 0.08963496288785636 0.995181845759369
    outer loop
      vertex -4.624661684482058 6.557708694516448 6.932715061426833
      vertex -6.4628267029615225 2.6980010089660786 7.35374318815391
      vertex -4.521213481697217 6.566724962581587 6.927772825945475
    endloop
  endfacet
  facet normal 0.04408276612246617 0.08757741490799723 0.995181845759369
    outer loop
      vertex -4.929982346824142 6.498755261515352 6.951372251526697
      vertex -5.029455221250798 6.46869521657433 6.958423847691495
      vertex -6.495723738096392 4.209855646684959 7.222155047614433
    endloop
  endfacet
  facet normal 0.044082766122461335 0.08757741490800054 0.9951818457593689
    outer loop
      vertex -4.929982346824142 6.498755261515352 6.951372251526697
      vertex -6.495723738096392 4.209855646684959 7.222155047614433
      vertex -4.829205683127843 6.523644329141043 6.9447179558050935
    endloop
  endfacet
  facet normal 0.044082766122455264 0.0875774149080049 0.9951818457593689
    outer loop
      vertex -4.727360551866897 6.543312760596317 6.938475754431841
      vertex -4.829205683127843 6.523644329141043 6.9447179558050935
      vertex -6.495723738096392 4.209855646684959 7.222155047614433
    endloop
  endfacet
  facet normal 0.039732446426923175 0.08963496288785647 0.9951818457593689
    outer loop
      vertex -4.417398540188997 6.570439124113397 6.923293503546408
      vertex -6.421823309809863 0.8588470702933455 7.517756760760549
      vertex -4.054469377509447 6.574145040590288 6.908469837638849
    endloop
  endfacet
  facet normal 0.03528640778779751 0.09147657239101727 0.995181845759369
    outer loop
      vertex -5.773448019010926 0.2267937351584166 7.552865156180616
      vertex -3.5005311565627526 6.579170813137552 6.888366747449792
      vertex -4.054469377509447 6.574145040590288 6.908469837638849
    endloop
  endfacet
  facet normal 0.03075536110158377 0.09309780681888774 0.9951818457593687
    outer loop
      vertex -5.773448019010926 0.2267937351584166 7.552865156180616
      vertex -3.2151504376210287 6.581428483754159 6.879336064983363
      vertex -3.5005311565627526 6.579170813137552 6.888366747449792
    endloop
  endfacet
  facet normal 0.03973244642693682 0.08963496288784971 0.995181845759369
    outer loop
      vertex -4.417398540188997 6.570439124113397 6.923293503546408
      vertex -4.521213481697217 6.566724962581587 6.927772825945475
      vertex -6.4628267029615225 2.6980010089660786 7.35374318815391
    endloop
  endfacet
  facet normal 0.02615022205662491 0.09449476047572668 0.9951818457593689
    outer loop
      vertex -4.974752067978741 -0.037059767128212684 7.552865156180616
      vertex -4.164071503477977 -0.26140529350404407 7.552865156180616
      vertex -2.9896531842652756 6.506934253531709 6.879336064983363
    endloop
  endfacet
  facet normal 0.021482084836242726 0.0956640679778161 0.9951818457593689
    outer loop
      vertex -4.164071503477977 -0.26140529350404407 7.552865156180616
      vertex -3.343359325995748 -0.4457023759456895 7.552865156180616
      vertex -2.5024623257133203 6.372110385298676 6.879336064983363
    endloop
  endfacet
  facet normal 0.0167621953918821 0.09660291236096415 0.9951818457593689
    outer loop
      vertex -3.343359325995748 -0.4457023759456895 7.552865156180616
      vertex -2.5145927030535047 -0.5895070266390334 7.552865156180616
      vertex -2.009242816228909 6.261354240702241 6.879336064983363
    endloop
  endfacet
  facet normal 0.02148208483624275 0.09566406797781608 0.9951818457593689
    outer loop
      vertex -3.343359325995748 -0.4457023759456895 7.552865156180616
      vertex -2.009242816228909 6.261354240702241 6.879336064983363
      vertex -2.5024623257133203 6.372110385298676 6.879336064983363
    endloop
  endfacet
  facet normal 0.012001924350627228 0.0973090318668189 0.9951818457593689
    outer loop
      vertex -2.5145927030535047 -0.5895070266390334 7.552865156180616
      vertex -1.6797682060372974 -0.6924728075847533 7.552865156180616
      vertex -1.511182864811317 6.174932640995827 6.879336064983363
    endloop
  endfacet
  facet normal 0.007212739622367217 0.09778072539164191 0.9951818457593689
    outer loop
      vertex -1.6797682060372974 -0.6924728075847533 7.552865156180616
      vertex -0.8408970002824281 -0.754351665197813 7.552865156180616
      vertex -1.0094823415084082 6.113053783382767 6.879336064983363
    endloop
  endfacet
  facet normal 0.00240617877259554 0.09801685658441643 0.9951818457593689
    outer loop
      vertex -0.8408970002824281 -0.754351665197813 7.552865156180616
      vertex 0 -0.774994527890275 7.552865156180616
      vertex -0.5053498868245956 6.0758667394509995 6.879336064983363
    endloop
  endfacet
  facet normal 0.01676219539188223 0.09660291236096412 0.9951818457593689
    outer loop
      vertex -2.5145927030535047 -0.5895070266390334 7.552865156180616
      vertex -1.511182864811317 6.174932640995827 6.879336064983363
      vertex -2.009242816228909 6.261354240702241 6.879336064983363
    endloop
  endfacet
  facet normal 0.012001924350627174 0.0973090318668189 0.9951818457593689
    outer loop
      vertex -1.6797682060372974 -0.6924728075847533 7.552865156180616
      vertex -1.0094823415084082 6.113053783382767 6.879336064983363
      vertex -1.511182864811317 6.174932640995827 6.879336064983363
    endloop
  endfacet
  facet normal 0.00721273962236708 0.09778072539164191 0.9951818457593689
    outer loop
      vertex -0.8408970002824281 -0.754351665197813 7.552865156180616
      vertex -0.5053498868245956 6.0758667394509995 6.879336064983363
      vertex -1.0094823415084082 6.113053783382767 6.879336064983363
    endloop
  endfacet
  facet normal 0.0024061787725956304 0.09801685658441643 0.9951818457593689
    outer loop
      vertex -0.5053498868245956 6.0758667394509995 6.879336064983363
      vertex 0 -0.774994527890275 7.552865156180616
      vertex 0 6.063461096046554 6.879336064983363
    endloop
  endfacet
  facet normal 0.03075536110158373 0.09309780681888788 0.9951818457593689
    outer loop
      vertex -4.974752067978741 -0.037059767128212684 7.552865156180616
      vertex -2.9896531842652756 6.506934253531709 6.879336064983363
      vertex -3.2151504376210287 6.581428483754159 6.879336064983363
    endloop
  endfacet
  facet normal 0.026150222056625004 0.09449476047572669 0.9951818457593689
    outer loop
      vertex -4.164071503477977 -0.26140529350404407 7.552865156180616
      vertex -2.5024623257133203 6.372110385298676 6.879336064983363
      vertex -2.9896531842652756 6.506934253531709 6.879336064983363
    endloop
  endfacet
  facet normal 0.015396259379775436 0.046605142327463135 0.9987947316169362
    outer loop
      vertex -2.9896531842652756 6.506934253531709 6.879336064983363
      vertex -2.9667618105517377 6.582396999460946 6.875462002156217
      vertex -3.2151504376210287 6.581428483754159 6.879336064983363
    endloop
  endfacet
  facet normal 0.013090907965369089 0.04730446303357281 0.9987947316169361
    outer loop
      vertex -2.9896531842652756 6.506934253531709 6.879336064983363
      vertex -2.5024623257133203 6.372110385298676 6.879336064983363
      vertex -2.9667618105517377 6.582396999460946 6.875462002156217
    endloop
  endfacet
  facet normal 0.013090907965371094 0.04730446303357722 0.9987947316169358
    outer loop
      vertex -2.5024623257133203 6.372110385298676 6.879336064983363
      vertex -2.449358516151815 6.584112676838914 6.8685992926443475
      vertex -2.9667618105517377 6.582396999460946 6.875462002156217
    endloop
  endfacet
  facet normal 0.010754019407046957 0.04788982314485768 0.9987947316169359
    outer loop
      vertex -2.5024623257133203 6.372110385298676 6.879336064983363
      vertex -2.009242816228909 6.261354240702241 6.879336064983363
      vertex -2.449358516151815 6.584112676838914 6.8685992926443475
    endloop
  endfacet
  facet normal 0.0107540194070477 0.04788982314485869 0.998794731616936
    outer loop
      vertex -2.009242816228909 6.261354240702241 6.879336064983363
      vertex -1.9447687252583006 6.585487384457695 6.863100462169226
      vertex -2.449358516151815 6.584112676838914 6.8685992926443475
    endloop
  endfacet
  facet normal 0.0083912234740316 0.04835981247752995 0.9987947316169359
    outer loop
      vertex -2.009242816228909 6.261354240702241 6.879336064983363
      vertex -1.511182864811317 6.174932640995827 6.879336064983363
      vertex -1.9447687252583006 6.585487384457695 6.863100462169226
    endloop
  endfacet
  facet normal 0.008391223474032055 0.04835981247753043 0.9987947316169359
    outer loop
      vertex -1.511182864811317 6.174932640995827 6.879336064983363
      vertex -1.450126824771659 6.586539028986294 6.858893884054824
      vertex -1.9447687252583006 6.585487384457695 6.863100462169226
    endloop
  endfacet
  facet normal 0.006008212348682493 0.04871329878612402 0.9987947316169358
    outer loop
      vertex -1.511182864811317 6.174932640995827 6.879336064983363
      vertex -1.0094823415084082 6.113053783382767 6.879336064983363
      vertex -1.450126824771659 6.586539028986294 6.858893884054824
    endloop
  endfacet
  facet normal 0.006008212348682453 0.04871329878612398 0.9987947316169359
    outer loop
      vertex -1.0094823415084082 6.113053783382767 6.879336064983363
      vertex -0.9627750386835296 6.587280987309404 6.855926050762383
      vertex -1.450126824771659 6.586539028986294 6.858893884054824
    endloop
  endfacet
  facet normal 0.003610726913528065 0.04894943049116069 0.9987947316169359
    outer loop
      vertex -1.0094823415084082 6.113053783382767 6.879336064983363
      vertex -0.5053498868245956 6.0758667394509995 6.879336064983363
      vertex -0.9627750386835296 6.587280987309404 6.855926050762383
    endloop
  endfacet
  facet normal 0.0036107269135273565 0.048949430491160066 0.9987947316169359
    outer loop
      vertex -0.5053498868245956 6.0758667394509995 6.879336064983363
      vertex -0.4802040242568326 6.587722530851476 6.854159876594099
      vertex -0.9627750386835296 6.587280987309404 6.855926050762383
    endloop
  endfacet
  facet normal 0.0012045429209773444 0.04906763873067976 0.9987947316169359
    outer loop
      vertex -0.5053498868245956 6.0758667394509995 6.879336064983363
      vertex 0 6.587869112211165 6.85357355115534
      vertex -0.4802040242568326 6.587722530851476 6.854159876594099
    endloop
  endfacet
  facet normal 0.001204542920976771 0.04906763873068034 0.998794731616936
    outer loop
      vertex -0.5053498868245956 6.0758667394509995 6.879336064983363
      vertex 0 6.063461096046554 6.879336064983363
      vertex 0 6.587869112211165 6.85357355115534
    endloop
  endfacet
  facet normal -0.003602007601992189 0.14672952257802918 0.9891700929290467
    outer loop
      vertex 0.8408970002824281 -0.754351665197813 7.552865156180616
      vertex 0 -6.211441045242147 8.359285819031415
      vertex 1.1089387886018682 -6.210467609477846 8.363179562088614
    endloop
  endfacet
  facet normal -0.010797345254159983 0.1463760383061503 0.9891700929290466
    outer loop
      vertex 1.6797682060372974 -0.6924728075847533 7.552865156180616
      vertex 1.1089387886018682 -6.210467609477846 8.363179562088614
      vertex 2.222954522979733 -6.207536035719011 8.374905857123958
    endloop
  endfacet
  facet normal -0.017966671155879407 0.1456699213369652 0.9891700929290467
    outer loop
      vertex 2.5145927030535047 -0.5895070266390334 7.552865156180616
      vertex 2.222954522979733 -6.207536035719011 8.374905857123958
      vertex 3.3472182029349593 -6.202612205624721 8.394601177501118
    endloop
  endfacet
  facet normal -0.0250927137730844 0.14461287276810134 0.9891700929290467
    outer loop
      vertex 3.343359325995748 -0.4457023759456895 7.552865156180616
      vertex 3.3472182029349593 -6.202612205624721 8.394601177501118
      vertex 3.799739285198831 -6.199843571119299 8.405675715522806
    endloop
  endfacet
  facet normal -0.02509271377309444 0.14461287276810053 0.9891700929290467
    outer loop
      vertex 3.343359325995748 -0.4457023759456895 7.552865156180616
      vertex 3.799739285198831 -6.199843571119299 8.405675715522806
      vertex 3.9165061018445213 -6.196339596656799 8.40812552320753
    endloop
  endfacet
  facet normal -0.025092713773087652 0.14461287276810122 0.9891700929290467
    outer loop
      vertex 3.343359325995748 -0.4457023759456895 7.552865156180616
      vertex 3.9165061018445213 -6.196339596656799 8.40812552320753
      vertex 4.033354587858957 -6.187261442304313 8.409762478919808
    endloop
  endfacet
  facet normal -0.025092713773079985 0.14461287276810225 0.9891700929290468
    outer loop
      vertex 3.343359325995748 -0.4457023759456895 7.552865156180616
      vertex 4.033354587858957 -6.187261442304313 8.409762478919808
      vertex 4.149983391392136 -6.17263062360089 8.410582083623689
    endloop
  endfacet
  facet normal -0.025092713773101367 0.14461287276809912 0.9891700929290467
    outer loop
      vertex 3.343359325995748 -0.4457023759456895 7.552865156180616
      vertex 4.149983391392136 -6.17263062360089 8.410582083623689
      vertex 4.266091613991432 -6.152483935822562 8.41058208362369
    endloop
  endfacet
  facet normal -0.025092713773079724 0.14461287276810264 0.9891700929290468
    outer loop
      vertex 3.343359325995748 -0.4457023759456895 7.552865156180616
      vertex 4.266091613991432 -6.152483935822562 8.41058208362369
      vertex 4.381379738713869 -6.126873350089025 8.409762478919808
    endloop
  endfacet
  facet normal -0.025092713773086046 0.14461287276810142 0.9891700929290468
    outer loop
      vertex 3.343359325995748 -0.4457023759456895 7.552865156180616
      vertex 4.381379738713869 -6.126873350089025 8.409762478919808
      vertex 4.468697390065704 -6.103158867437025 8.408510537884936
    endloop
  endfacet
  facet normal -0.03215830584497232 0.1432074391221439 0.9891700929290467
    outer loop
      vertex 3.343359325995748 -0.4457023759456895 7.552865156180616
      vertex 4.468697390065704 -6.103158867437025 8.408510537884936
      vertex 4.4954795881307765 -6.095816297426678 8.408318214509473
    endloop
  endfacet
  facet normal -0.003602007601991018 0.146729522578029 0.9891700929290467
    outer loop
      vertex 0 -0.774994527890275 7.552865156180616
      vertex 0 -6.211441045242147 8.359285819031415
      vertex 0.8408970002824281 -0.754351665197813 7.552865156180616
    endloop
  endfacet
  facet normal -0.010797345254161492 0.14637603830615045 0.9891700929290467
    outer loop
      vertex 0.8408970002824281 -0.754351665197813 7.552865156180616
      vertex 1.1089387886018682 -6.210467609477846 8.363179562088614
      vertex 1.6797682060372974 -0.6924728075847533 7.552865156180616
    endloop
  endfacet
  facet normal -0.01796667115587889 0.14566992133696516 0.9891700929290467
    outer loop
      vertex 1.6797682060372974 -0.6924728075847533 7.552865156180616
      vertex 2.222954522979733 -6.207536035719011 8.374905857123958
      vertex 2.5145927030535047 -0.5895070266390334 7.552865156180616
    endloop
  endfacet
  facet normal -0.025092713773087198 0.1446128727681013 0.9891700929290467
    outer loop
      vertex 2.5145927030535047 -0.5895070266390334 7.552865156180616
      vertex 3.3472182029349593 -6.202612205624721 8.394601177501118
      vertex 3.343359325995748 -0.4457023759456895 7.552865156180616
    endloop
  endfacet
  facet normal -0.03215830584495355 0.14320743912214742 0.9891700929290466
    outer loop
      vertex 3.343359325995748 -0.4457023759456895 7.552865156180616
      vertex 4.4954795881307765 -6.095816297426678 8.408318214509473
      vertex 4.164071503477977 -0.26140529350404407 7.552865156180616
    endloop
  endfacet
  facet normal -0.03215830584494306 0.1432074391221481 0.9891700929290469
    outer loop
      vertex 4.164071503477977 -0.26140529350404407 7.552865156180616
      vertex 4.4954795881307765 -6.095816297426678 8.408318214509473
      vertex 4.607946149449167 -6.059281040325368 8.40668514195452
    endloop
  endfacet
  facet normal -0.03215830584496308 0.1432074391221465 0.9891700929290465
    outer loop
      vertex 4.164071503477977 -0.26140529350404407 7.552865156180616
      vertex 4.607946149449167 -6.059281040325368 8.40668514195452
      vertex 4.718725671681332 -6.017523353754363 8.404241144084509
    endloop
  endfacet
  facet normal -0.032158305844951246 0.1432074391221476 0.9891700929290468
    outer loop
      vertex 4.164071503477977 -0.26140529350404407 7.552865156180616
      vertex 4.718725671681332 -6.017523353754363 8.404241144084509
      vertex 4.827533566301393 -5.970653491144909 8.400992930793652
    endloop
  endfacet
  facet normal -0.032158305844955014 0.1432074391221473 0.9891700929290467
    outer loop
      vertex 4.164071503477977 -0.26140529350404407 7.552865156180616
      vertex 4.827533566301393 -5.970653491144909 8.400992930793652
      vertex 4.934090982267041 -5.918795599840291 8.396949409999879
    endloop
  endfacet
  facet normal -0.03215830584494932 0.14320743912214798 0.9891700929290468
    outer loop
      vertex 4.164071503477977 -0.26140529350404407 7.552865156180616
      vertex 4.934090982267041 -5.918795599840291 8.396949409999879
      vertex 5.0381256469160745 -5.862087305888254 8.392121654870873
    endloop
  endfacet
  facet normal -0.03215830584496554 0.14320743912214526 0.9891700929290466
    outer loop
      vertex 4.164071503477977 -0.26140529350404407 7.552865156180616
      vertex 5.0381256469160745 -5.862087305888254 8.392121654870873
      vertex 5.139372678612478 -5.800679251303363 8.386522863250528
    endloop
  endfacet
  facet normal -0.03215830584494732 0.14320743912214862 0.9891700929290467
    outer loop
      vertex 4.164071503477977 -0.26140529350404407 7.552865156180616
      vertex 5.139372678612478 -5.800679251303363 8.386522863250528
      vertex 5.237575367522585 -5.734734586382394 8.380168309542055
    endloop
  endfacet
  facet normal -0.032158305844943946 0.14320743912214937 0.9891700929290468
    outer loop
      vertex 4.164071503477977 -0.26140529350404407 7.552865156180616
      vertex 5.237575367522585 -5.734734586382394 8.380168309542055
      vertex 5.332485921147254 -5.664428419912345 8.373075289349218
    endloop
  endfacet
  facet normal -0.03215830584495627 0.14320743912214665 0.9891700929290467
    outer loop
      vertex 4.164071503477977 -0.26140529350404407 7.552865156180616
      vertex 5.332485921147254 -5.664428419912345 8.373075289349218
      vertex 5.423866171506515 -5.58994723033933 8.36526305721895
    endloop
  endfacet
  facet normal -0.0321583058449535 0.14320743912214745 0.9891700929290467
    outer loop
      vertex 4.164071503477977 -0.26140529350404407 7.552865156180616
      vertex 5.423866171506515 -5.58994723033933 8.36526305721895
      vertex 5.485073454493025 -5.535140700753002 8.359318295782018
    endloop
  endfacet
  facet normal -0.039146425741317804 0.1414570062118542 0.9891700929290467
    outer loop
      vertex 4.164071503477977 -0.26140529350404407 7.552865156180616
      vertex 5.485073454493025 -5.535140700753002 8.359318295782018
      vertex 5.511423503906989 -5.511423503906989 8.35696940409441
    endloop
  endfacet
  facet normal -0.03914642574130207 0.14145700621185867 0.9891700929290468
    outer loop
      vertex 4.164071503477977 -0.26140529350404407 7.552865156180616
      vertex 5.511423503906989 -5.511423503906989 8.35696940409441
      vertex 5.594867071225665 -5.428980093661755 8.348481803586093
    endloop
  endfacet
  facet normal -0.03914642574130194 0.1414570062118583 0.9891700929290468
    outer loop
      vertex 4.974752067978741 -0.037059767128212684 7.552865156180616
      vertex 5.594867071225665 -5.428980093661755 8.348481803586093
      vertex 5.67414400730359 -5.342981332147682 8.339320872907626
    endloop
  endfacet
  facet normal -0.03914642574130758 0.14145700621185742 0.9891700929290468
    outer loop
      vertex 4.974752067978741 -0.037059767128212684 7.552865156180616
      vertex 5.67414400730359 -5.342981332147682 8.339320872907626
      vertex 5.7490603432704015 -5.253653084339252 8.329511235726155
    endloop
  endfacet
  facet normal -0.039146425741317256 0.14145700621185572 0.9891700929290465
    outer loop
      vertex 4.974752067978741 -0.037059767128212684 7.552865156180616
      vertex 5.7490603432704015 -5.253653084339252 8.329511235726155
      vertex 5.819434562613994 -5.161229269220757 8.319079160280822
    endloop
  endfacet
  facet normal -0.039146425741292935 0.1414570062118601 0.9891700929290468
    outer loop
      vertex 4.974752067978741 -0.037059767128212684 7.552865156180616
      vertex 5.819434562613994 -5.161229269220757 8.319079160280822
      vertex 5.885098042264482 -5.0659511077393615 8.308052469291633
    endloop
  endfacet
  facet normal -0.0391464257413236 0.1414570062118545 0.9891700929290466
    outer loop
      vertex 4.974752067978741 -0.037059767128212684 7.552865156180616
      vertex 5.885098042264482 -5.0659511077393615 8.308052469291633
      vertex 5.945895442557469 -4.968066355749365 8.2964604456989
    endloop
  endfacet
  facet normal -0.03914642574129908 0.14145700621185922 0.9891700929290467
    outer loop
      vertex 4.974752067978741 -0.037059767128212684 7.552865156180616
      vertex 5.945895442557469 -4.968066355749365 8.2964604456989
      vertex 6.00168504546801 -4.867828525741678 8.284333734751678
    endloop
  endfacet
  facet normal -0.03914642574130834 0.1414570062118574 0.9891700929290466
    outer loop
      vertex 4.974752067978741 -0.037059767128212684 7.552865156180616
      vertex 6.00168504546801 -4.867828525741678 8.284333734751678
      vertex 6.052339040844897 -4.765496101106585 8.271704242970577
    endloop
  endfacet
  facet normal -0.03914642574128687 0.1414570062118625 0.9891700929290467
    outer loop
      vertex 4.974752067978741 -0.037059767128212684 7.552865156180616
      vertex 6.052339040844897 -4.765496101106585 8.271704242970577
      vertex 6.09774376070396 -4.661331746602314 8.258605034512373
    endloop
  endfacet
  facet normal -0.039146425741290306 0.1414570062118623 0.9891700929290467
    outer loop
      vertex 4.974752067978741 -0.037059767128212684 7.552865156180616
      vertex 6.172422458241353 -4.448574078534332 8.231134876568712
      vertex 6.201541201842694 -4.340519912879455 8.216834884940068
    endloop
  endfacet
  facet normal -0.03914642574130098 0.14145700621185944 0.9891700929290467
    outer loop
      vertex 4.974752067978741 -0.037059767128212684 7.552865156180616
      vertex 6.201541201842694 -4.340519912879455 8.216834884940068
      vertex 6.225100316877607 -4.231710562711068 8.202206875178282
    endloop
  endfacet
  facet normal -0.03914642574132951 0.14145700621185225 0.9891700929290466
    outer loop
      vertex 4.974752067978741 -0.037059767128212684 7.552865156180616
      vertex 6.09774376070396 -4.661331746602314 8.258605034512373
      vertex 6.1377998619554095 -4.555601518598472 8.245070225461738
    endloop
  endfacet
  facet normal -0.039146425741301526 0.14145700621185947 0.9891700929290466
    outer loop
      vertex 4.974752067978741 -0.037059767128212684 7.552865156180616
      vertex 6.1377998619554095 -4.555601518598472 8.245070225461738
      vertex 6.172422458241353 -4.448574078534332 8.231134876568712
    endloop
  endfacet
  facet normal -0.03914642574130659 0.14145700621185675 0.9891700929290468
    outer loop
      vertex 4.974752067978741 -0.037059767128212684 7.552865156180616
      vertex 6.225100316877607 -4.231710562711068 8.202206875178282
      vertex 6.232859989913048 -4.184485764911086 8.195760546991584
    endloop
  endfacet
  facet normal -0.04604023846922815 0.13936579098343224 0.9891700929290467
    outer loop
      vertex 4.974752067978741 -0.037059767128212684 7.552865156180616
      vertex 6.232859989913048 -4.184485764911086 8.195760546991584
      vertex 6.261893766778997 -3.903156277964996 8.15747493288401
    endloop
  endfacet
  facet normal -0.039146425741305155 0.14145700621185786 0.9891700929290467
    outer loop
      vertex 4.164071503477977 -0.26140529350404407 7.552865156180616
      vertex 5.594867071225665 -5.428980093661755 8.348481803586093
      vertex 4.974752067978741 -0.037059767128212684 7.552865156180616
    endloop
  endfacet
  facet normal -0.04604023846922385 0.13936579098343374 0.9891700929290467
    outer loop
      vertex 4.974752067978741 -0.037059767128212684 7.552865156180616
      vertex 6.261893766778997 -3.903156277964996 8.15747493288401
      vertex 5.773448019010926 0.2267937351584166 7.552865156180616
    endloop
  endfacet
  facet normal -0.04604023846922189 0.139365790983434 0.9891700929290468
    outer loop
      vertex 5.773448019010926 0.2267937351584166 7.552865156180616
      vertex 6.261893766778997 -3.903156277964996 8.15747493288401
      vertex 6.349622371721489 -1.3835057049784985 7.806560513114043
    endloop
  endfacet
  facet normal -0.05282313623002139 0.13693883135752846 0.9891700929290469
    outer loop
      vertex 5.773448019010926 0.2267937351584166 7.552865156180616
      vertex 6.349622371721489 -1.3835057049784985 7.806560513114043
      vertex 6.413046210954846 0.4735139831012337 7.552865156180616
    endloop
  endfacet
  facet normal -0.046040238469479515 0.13936579098345633 0.9891700929290317
    outer loop
      vertex 6.243011082861526 -4.122342042614836 8.1874774920034
      vertex 6.261893766778997 -3.903156277964996 8.15747493288401
      vertex 6.232859989913048 -4.184485764911086 8.195760546991584
    endloop
  endfacet
  facet normal -0.046040238469094275 0.1393657909834262 0.9891700929290538
    outer loop
      vertex 6.243011082861526 -4.122342042614836 8.1874774920034
      vertex 6.255267664612675 -4.012714648001325 8.172602383341799
      vertex 6.261893766778997 -3.903156277964996 8.15747493288401
    endloop
  endfacet
  facet normal -0.00240617877259554 0.09801685658441643 0.9951818457593689
    outer loop
      vertex 0 -0.774994527890275 7.552865156180616
      vertex 0.8408970002824281 -0.754351665197813 7.552865156180616
      vertex 0.5053498868245956 6.0758667394509995 6.879336064983363
    endloop
  endfacet
  facet normal -0.007212739622367217 0.09778072539164191 0.9951818457593689
    outer loop
      vertex 0.8408970002824281 -0.754351665197813 7.552865156180616
      vertex 1.6797682060372974 -0.6924728075847533 7.552865156180616
      vertex 1.0094823415084082 6.113053783382767 6.879336064983363
    endloop
  endfacet
  facet normal -0.012001924350627228 0.0973090318668189 0.9951818457593689
    outer loop
      vertex 1.6797682060372974 -0.6924728075847533 7.552865156180616
      vertex 2.5145927030535047 -0.5895070266390334 7.552865156180616
      vertex 1.511182864811317 6.174932640995827 6.879336064983363
    endloop
  endfacet
  facet normal -0.0024061787725957384 0.09801685658441643 0.9951818457593689
    outer loop
      vertex 0 -0.774994527890275 7.552865156180616
      vertex 0.5053498868245956 6.0758667394509995 6.879336064983363
      vertex 0 6.063461096046554 6.879336064983363
    endloop
  endfacet
  facet normal -0.007212739622367025 0.0977807253916419 0.9951818457593689
    outer loop
      vertex 0.8408970002824281 -0.754351665197813 7.552865156180616
      vertex 1.0094823415084082 6.113053783382767 6.879336064983363
      vertex 0.5053498868245956 6.0758667394509995 6.879336064983363
    endloop
  endfacet
  facet normal -0.012001924350627191 0.0973090318668189 0.9951818457593689
    outer loop
      vertex 1.6797682060372974 -0.6924728075847533 7.552865156180616
      vertex 1.511182864811317 6.174932640995827 6.879336064983363
      vertex 1.0094823415084082 6.113053783382767 6.879336064983363
    endloop
  endfacet
  facet normal -0.016762195391882256 0.09660291236096412 0.9951818457593689
    outer loop
      vertex 2.5145927030535047 -0.5895070266390334 7.552865156180616
      vertex 2.009242816228909 6.261354240702241 6.879336064983363
      vertex 1.511182864811317 6.174932640995827 6.879336064983363
    endloop
  endfacet
  facet normal -0.0167621953918821 0.09660291236096415 0.9951818457593689
    outer loop
      vertex 2.5145927030535047 -0.5895070266390334 7.552865156180616
      vertex 3.343359325995748 -0.4457023759456895 7.552865156180616
      vertex 2.009242816228909 6.261354240702241 6.879336064983363
    endloop
  endfacet
  facet normal -0.021482084836242726 0.0956640679778161 0.9951818457593689
    outer loop
      vertex 3.343359325995748 -0.4457023759456895 7.552865156180616
      vertex 4.164071503477977 -0.26140529350404407 7.552865156180616
      vertex 2.5024623257133203 6.372110385298676 6.879336064983363
    endloop
  endfacet
  facet normal -0.02615022205662491 0.09449476047572668 0.9951818457593689
    outer loop
      vertex 4.164071503477977 -0.26140529350404407 7.552865156180616
      vertex 4.974752067978741 -0.037059767128212684 7.552865156180616
      vertex 2.9896531842652756 6.506934253531709 6.879336064983363
    endloop
  endfacet
  facet normal -0.02148208483624279 0.09566406797781611 0.9951818457593689
    outer loop
      vertex 3.343359325995748 -0.4457023759456895 7.552865156180616
      vertex 2.5024623257133203 6.372110385298676 6.879336064983363
      vertex 2.009242816228909 6.261354240702241 6.879336064983363
    endloop
  endfacet
  facet normal -0.001204542920977253 0.04906763873068033 0.9987947316169359
    outer loop
      vertex 0 6.063461096046554 6.879336064983363
      vertex 0.4802040242568326 6.587722530851475 6.854159876594099
      vertex 0 6.587869112211165 6.85357355115534
    endloop
  endfacet
  facet normal -0.0012045429209767598 0.049067638730679874 0.9987947316169358
    outer loop
      vertex 0 6.063461096046554 6.879336064983363
      vertex 0.5053498868245956 6.0758667394509995 6.879336064983363
      vertex 0.4802040242568326 6.587722530851475 6.854159876594099
    endloop
  endfacet
  facet normal -0.003610726913527537 0.04894943049116014 0.9987947316169359
    outer loop
      vertex 0.5053498868245956 6.0758667394509995 6.879336064983363
      vertex 0.9627750386835296 6.587280987309405 6.855926050762383
      vertex 0.4802040242568326 6.587722530851475 6.854159876594099
    endloop
  endfacet
  facet normal -0.003610726913528058 0.0489494304911606 0.9987947316169359
    outer loop
      vertex 0.5053498868245956 6.0758667394509995 6.879336064983363
      vertex 1.0094823415084082 6.113053783382767 6.879336064983363
      vertex 0.9627750386835296 6.587280987309405 6.855926050762383
    endloop
  endfacet
  facet normal -0.006008212348682368 0.0487132987861239 0.9987947316169359
    outer loop
      vertex 1.0094823415084082 6.113053783382767 6.879336064983363
      vertex 1.4501268247716588 6.586539028986294 6.858893884054824
      vertex 0.9627750386835296 6.587280987309405 6.855926050762383
    endloop
  endfacet
  facet normal -0.006008212348682492 0.048713298786124015 0.9987947316169358
    outer loop
      vertex 1.0094823415084082 6.113053783382767 6.879336064983363
      vertex 1.511182864811317 6.174932640995827 6.879336064983363
      vertex 1.4501268247716588 6.586539028986294 6.858893884054824
    endloop
  endfacet
  facet normal -0.00839122347403196 0.04835981247753044 0.9987947316169359
    outer loop
      vertex 1.511182864811317 6.174932640995827 6.879336064983363
      vertex 1.9447687252583008 6.585487384457694 6.863100462169226
      vertex 1.4501268247716588 6.586539028986294 6.858893884054824
    endloop
  endfacet
  facet normal -0.008391223474031623 0.04835981247753008 0.9987947316169359
    outer loop
      vertex 1.511182864811317 6.174932640995827 6.879336064983363
      vertex 2.009242816228909 6.261354240702241 6.879336064983363
      vertex 1.9447687252583008 6.585487384457694 6.863100462169226
    endloop
  endfacet
  facet normal -0.026150222056624938 0.09449476047572665 0.9951818457593689
    outer loop
      vertex 4.164071503477977 -0.26140529350404407 7.552865156180616
      vertex 2.9896531842652756 6.506934253531709 6.879336064983363
      vertex 2.5024623257133203 6.372110385298676 6.879336064983363
    endloop
  endfacet
  facet normal -0.030755361101583414 0.09309780681888784 0.9951818457593689
    outer loop
      vertex 2.9896531842652756 6.506934253531709 6.879336064983363
      vertex 4.974752067978741 -0.037059767128212684 7.552865156180616
      vertex 3.500531156562753 6.5791708131375515 6.888366747449792
    endloop
  endfacet
  facet normal -0.010754019407047701 0.047889823144858824 0.998794731616936
    outer loop
      vertex 2.009242816228909 6.261354240702241 6.879336064983363
      vertex 2.449358516151815 6.584112676838913 6.8685992926443475
      vertex 1.9447687252583008 6.585487384457694 6.863100462169226
    endloop
  endfacet
  facet normal -0.010754019407047 0.04788982314485787 0.998794731616936
    outer loop
      vertex 2.009242816228909 6.261354240702241 6.879336064983363
      vertex 2.5024623257133203 6.372110385298676 6.879336064983363
      vertex 2.449358516151815 6.584112676838913 6.8685992926443475
    endloop
  endfacet
  facet normal -0.013090907965369448 0.04730446303357784 0.998794731616936
    outer loop
      vertex 2.5024623257133203 6.372110385298676 6.879336064983363
      vertex 2.966761810551738 6.582396999460946 6.875462002156216
      vertex 2.449358516151815 6.584112676838913 6.8685992926443475
    endloop
  endfacet
  facet normal -0.013090907965372104 0.04730446303358369 0.9987947316169357
    outer loop
      vertex 2.5024623257133203 6.372110385298676 6.879336064983363
      vertex 2.9896531842652756 6.506934253531709 6.879336064983363
      vertex 2.966761810551738 6.582396999460946 6.875462002156216
    endloop
  endfacet
  facet normal -0.01539625937977901 0.04660514232747387 0.9987947316169357
    outer loop
      vertex 2.9896531842652756 6.506934253531709 6.879336064983363
      vertex 3.2151504376210283 6.581428483754159 6.879336064983363
      vertex 2.966761810551738 6.582396999460946 6.875462002156216
    endloop
  endfacet
  facet normal -0.030755361101583285 0.09309780681888695 0.9951818457593689
    outer loop
      vertex 2.9896531842652756 6.506934253531709 6.879336064983363
      vertex 3.500531156562753 6.5791708131375515 6.888366747449792
      vertex 3.2151504376210283 6.581428483754159 6.879336064983363
    endloop
  endfacet
  facet normal -0.03973244642692512 0.08963496288785561 0.9951818457593689
    outer loop
      vertex 6.421823309809863 0.8588470702933455 7.517756760760549
      vertex 6.4628267029615225 2.6980010089660786 7.35374318815391
      vertex 4.624661684482058 6.557708694516448 6.932715061426833
    endloop
  endfacet
  facet normal -0.030755361101583598 0.09309780681888777 0.9951818457593689
    outer loop
      vertex 4.974752067978741 -0.037059767128212684 7.552865156180616
      vertex 5.773448019010926 0.2267937351584166 7.552865156180616
      vertex 3.500531156562753 6.5791708131375515 6.888366747449792
    endloop
  endfacet
  facet normal -0.035286407787797076 0.09147657239101736 0.995181845759369
    outer loop
      vertex 5.773448019010926 0.2267937351584166 7.552865156180616
      vertex 6.413046210954846 0.4735139831012337 7.552865156180616
      vertex 4.054469377509447 6.574145040590288 6.908469837638849
    endloop
  endfacet
  facet normal -0.035286407787795945 0.09147657239101778 0.9951818457593689
    outer loop
      vertex 6.413046210954846 0.4735139831012337 7.552865156180616
      vertex 6.421823309809863 0.8588470702933455 7.517756760760549
      vertex 4.054469377509447 6.574145040590288 6.908469837638849
    endloop
  endfacet
  facet normal -0.03528640778779756 0.09147657239101724 0.995181845759369
    outer loop
      vertex 5.773448019010926 0.2267937351584166 7.552865156180616
      vertex 4.054469377509447 6.574145040590288 6.908469837638849
      vertex 3.500531156562753 6.5791708131375515 6.888366747449792
    endloop
  endfacet
  facet normal -0.03973244642692316 0.08963496288785647 0.9951818457593689
    outer loop
      vertex 4.417398540188997 6.570439124113397 6.923293503546408
      vertex 4.054469377509447 6.574145040590288 6.908469837638849
      vertex 6.421823309809863 0.8588470702933455 7.517756760760549
    endloop
  endfacet
  facet normal -0.03973244642693674 0.08963496288785171 0.9951818457593689
    outer loop
      vertex 4.521213481697217 6.566724962581587 6.927772825945475
      vertex 4.417398540188997 6.570439124113397 6.923293503546408
      vertex 6.421823309809863 0.8588470702933455 7.517756760760549
    endloop
  endfacet
  facet normal -0.039732446426923584 0.08963496288785608 0.9951818457593689
    outer loop
      vertex 4.521213481697217 6.566724962581587 6.927772825945475
      vertex 6.421823309809863 0.8588470702933455 7.517756760760549
      vertex 4.624661684482058 6.557708694516448 6.932715061426833
    endloop
  endfacet
  facet normal -0.04408276612245416 0.08757741490800348 0.9951818457593689
    outer loop
      vertex 5.127391139521862 6.433525564516269 6.965857015229781
      vertex 6.4628267029615225 2.6980010089660786 7.35374318815391
      vertex 5.223559588097884 6.3933193402918915 6.973655116090229
    endloop
  endfacet
  facet normal -0.04408276612246035 0.0875774149080014 0.995181845759369
    outer loop
      vertex 6.4628267029615225 2.6980010089660786 7.35374318815391
      vertex 6.495723738096392 4.209855646684959 7.222155047614433
      vertex 5.223559588097884 6.3933193402918915 6.973655116090229
    endloop
  endfacet
  facet normal -0.0483268865732215 0.08530888526475379 0.9951818457593689
    outer loop
      vertex 6.497545796456011 4.295909660760017 7.214866814175959
      vertex 5.66980408086456 6.119864113040995 7.0183181111097035
      vertex 6.495723738096392 4.209855646684959 7.222155047614433
    endloop
  endfacet
  facet normal -0.03973244642690786 0.0896349628878638 0.9951818457593687
    outer loop
      vertex 4.624661684482058 6.557708694516448 6.932715061426833
      vertex 6.4628267029615225 2.6980010089660786 7.35374318815391
      vertex 4.638212301560056 6.555824031754427 6.93342581679968
    endloop
  endfacet
  facet normal -0.044082766122463084 0.08757741490799996 0.9951818457593689
    outer loop
      vertex 4.727360551866897 6.543312760596317 6.938475754431841
      vertex 4.638212301560056 6.555824031754427 6.93342581679968
      vertex 6.4628267029615225 2.6980010089660786 7.35374318815391
    endloop
  endfacet
  facet normal -0.04408276612245557 0.08757741490800333 0.9951818457593689
    outer loop
      vertex 4.727360551866897 6.543312760596317 6.938475754431841
      vertex 6.4628267029615225 2.6980010089660786 7.35374318815391
      vertex 4.829205683127843 6.523644329141043 6.9447179558050935
    endloop
  endfacet
  facet normal -0.044082766122461224 0.08757741490800092 0.9951818457593689
    outer loop
      vertex 4.929982346824142 6.498755261515352 6.951372251526697
      vertex 4.829205683127843 6.523644329141043 6.9447179558050935
      vertex 6.4628267029615225 2.6980010089660786 7.35374318815391
    endloop
  endfacet
  facet normal -0.044082766122465575 0.08757741490799917 0.9951818457593687
    outer loop
      vertex 4.929982346824142 6.498755261515352 6.951372251526697
      vertex 6.4628267029615225 2.6980010089660786 7.35374318815391
      vertex 5.029455221250798 6.46869521657433 6.958423847691495
    endloop
  endfacet
  facet normal -0.04408276612245602 0.08757741490800282 0.995181845759369
    outer loop
      vertex 5.127391139521862 6.433525564516269 6.965857015229781
      vertex 5.029455221250798 6.46869521657433 6.958423847691495
      vertex 6.4628267029615225 2.6980010089660786 7.35374318815391
    endloop
  endfacet
  facet normal -0.044082766122459746 0.08757741490800172 0.9951818457593689
    outer loop
      vertex 5.223559588097884 6.3933193402918915 6.973655116090229
      vertex 6.495723738096392 4.209855646684959 7.222155047614433
      vertex 5.317733208331237 6.348161175284819 6.981800631468652
    endloop
  endfacet
  facet normal -0.04408276612245682 0.08757741490800336 0.9951818457593689
    outer loop
      vertex 5.317733208331237 6.348161175284819 6.981800631468652
      vertex 6.495723738096392 4.209855646684959 7.222155047614433
      vertex 5.367138698567554 6.321289747157542 6.986353830364748
    endloop
  endfacet
  facet normal -0.04832688657320366 0.08530888526476266 0.9951818457593687
    outer loop
      vertex 5.409644491247539 6.298112262942722 6.990404766362361
      vertex 5.367138698567554 6.321289747157542 6.986353830364748
      vertex 6.495723738096392 4.209855646684959 7.222155047614433
    endloop
  endfacet
  facet normal -0.04832688657322153 0.0853088852647534 0.9951818457593689
    outer loop
      vertex 5.409644491247539 6.298112262942722 6.990404766362361
      vertex 6.495723738096392 4.209855646684959 7.222155047614433
      vertex 5.499076739634251 6.2432786235894495 6.999448117394496
    endloop
  endfacet
  facet normal -0.04832688657321809 0.08530888526475505 0.9951818457593687
    outer loop
      vertex 5.585866634887788 6.183819206584722 7.00875968396524
      vertex 5.499076739634251 6.2432786235894495 6.999448117394496
      vertex 6.495723738096392 4.209855646684959 7.222155047614433
    endloop
  endfacet
  facet normal -0.048326886573211575 0.08530888526475809 0.9951818457593689
    outer loop
      vertex 5.585866634887788 6.183819206584722 7.00875968396524
      vertex 6.495723738096392 4.209855646684959 7.222155047614433
      vertex 5.66980408086456 6.119864113040995 7.0183181111097035
    endloop
  endfacet
  facet normal -0.04832688657321069 0.08530888526475834 0.995181845759369
    outer loop
      vertex 5.828310079983318 5.9790418658754945 7.038086850311071
      vertex 6.49729800113657 4.407863981935728 7.205257843155118
      vertex 5.902488804061888 5.902488804061888 7.048251307384637
    endloop
  endfacet
  facet normal -0.0483268865732038 0.08530888526476198 0.995181845759369
    outer loop
      vertex 5.973036426764077 5.822067734177152 7.058571008078301
      vertex 6.465292197692552 4.740675476849752 7.17517437791235
      vertex 6.039776230394683 5.737961100411556 7.069021731364911
    endloop
  endfacet
  facet normal -0.048326886573218895 0.08530888526475551 0.9951818457593689
    outer loop
      vertex 6.102539658640747 5.650360942604718 7.079578829983702
      vertex 6.039776230394683 5.737961100411556 7.069021731364911
      vertex 6.465292197692552 4.740675476849752 7.17517437791235
    endloop
  endfacet
  facet normal -0.04832688657320799 0.08530888526475994 0.995181845759369
    outer loop
      vertex 5.750684647519161 6.051554400286792 7.028101379825866
      vertex 5.66980408086456 6.119864113040995 7.0183181111097035
      vertex 6.497545796456011 4.295909660760017 7.214866814175959
    endloop
  endfacet
  facet normal -0.04832688657321077 0.08530888526475826 0.9951818457593689
    outer loop
      vertex 6.49729800113657 4.407863981935728 7.205257843155118
      vertex 5.828310079983318 5.9790418658754945 7.038086850311071
      vertex 5.750684647519161 6.051554400286792 7.028101379825866
    endloop
  endfacet
  facet normal -0.04832688657321857 0.0853088852647551 0.9951818457593689
    outer loop
      vertex 6.4811396057993385 4.6305191991505135 7.1853867478352935
      vertex 5.973036426764077 5.822067734177152 7.058571008078301
      vertex 5.902488804061888 5.902488804061888 7.048251307384637
    endloop
  endfacet
  facet normal -0.04832688657319541 0.08530888526476528 0.995181845759369
    outer loop
      vertex 6.49729800113657 4.407863981935728 7.205257843155118
      vertex 5.750684647519161 6.051554400286792 7.028101379825866
      vertex 6.497545796456011 4.295909660760017 7.214866814175959
    endloop
  endfacet
  facet normal -0.04832688657323233 0.08530888526474967 0.9951818457593686
    outer loop
      vertex 6.491820892943676 4.5194917192083945 7.195422927597272
      vertex 5.902488804061888 5.902488804061888 7.048251307384637
      vertex 6.49729800113657 4.407863981935728 7.205257843155118
    endloop
  endfacet
  facet normal -0.04832688657320054 0.08530888526476327 0.9951818457593691
    outer loop
      vertex 6.4811396057993385 4.6305191991505135 7.1853867478352935
      vertex 5.902488804061888 5.902488804061888 7.048251307384637
      vertex 6.491820892943676 4.5194917192083945 7.195422927597272
    endloop
  endfacet
  facet normal -0.0483268865732252 0.08530888526475222 0.9951818457593686
    outer loop
      vertex 6.4811396057993385 4.6305191991505135 7.1853867478352935
      vertex 6.465292197692552 4.740675476849752 7.17517437791235
      vertex 5.973036426764077 5.822067734177152 7.058571008078301
    endloop
  endfacet
  facet normal -0.04832688657317859 0.08530888526477166 0.9951818457593693
    outer loop
      vertex 6.4443294371529225 4.849693017667846 7.164811216771193
      vertex 6.102539658640747 5.650360942604718 7.079578829983702
      vertex 6.465292197692552 4.740675476849752 7.17517437791235
    endloop
  endfacet
  facet normal -0.048326886573212845 0.08530888526475701 0.995181845759369
    outer loop
      vertex 6.4443294371529225 4.849693017667846 7.164811216771193
      vertex 6.418314557197081 4.957308357734176 7.154322919686831
      vertex 6.102539658640747 5.650360942604718 7.079578829983702
    endloop
  endfacet
  facet normal -0.048326886573167575 0.0853088852647758 0.9951818457593695
    outer loop
      vertex 6.387322978583432 5.063262741536342 7.143735330172048
      vertex 6.215506817857046 5.465494011999454 7.100911758184373
      vertex 6.418314557197081 4.957308357734176 7.154322919686831
    endloop
  endfacet
  facet normal -0.048326886573305694 0.08530888526471667 0.9951818457593679
    outer loop
      vertex 6.351442004275519 5.167302735157476 7.133074412572421
      vertex 6.215506817857046 5.465494011999454 7.100911758184373
      vertex 6.387322978583432 5.063262741536342 7.143735330172048
    endloop
  endfacet
  facet normal -0.04832688657303764 0.08530888526483284 0.9951818457593709
    outer loop
      vertex 6.310770487061875 5.269180813897477 7.1223661855536315
      vertex 6.265418472311243 5.368655923201228 7.111636656669526
      vertex 6.351442004275519 5.167302735157476 7.133074412572421
    endloop
  endfacet
  facet normal -0.04832688657316368 0.08530888526477738 0.9951818457593695
    outer loop
      vertex 6.161166793004701 5.559468537745712 7.090217284307591
      vertex 6.418314557197081 4.957308357734176 7.154322919686831
      vertex 6.215506817857046 5.465494011999454 7.100911758184373
    endloop
  endfacet
  facet normal -0.048326886573257004 0.08530888526473886 0.9951818457593683
    outer loop
      vertex 6.215506817857046 5.465494011999454 7.100911758184373
      vertex 6.351442004275519 5.167302735157476 7.133074412572421
      vertex 6.265418472311243 5.368655923201228 7.111636656669526
    endloop
  endfacet
  facet normal -0.04832688657323639 0.08530888526474623 0.9951818457593687
    outer loop
      vertex 6.102539658640747 5.650360942604718 7.079578829983702
      vertex 6.418314557197081 4.957308357734176 7.154322919686831
      vertex 6.161166793004701 5.559468537745712 7.090217284307591
    endloop
  endfacet
endsolid OpenSCAD_Model
